date,username,content,brand,source
2026-04-02 22:55:40,Ribka els,"makin kesini gojek susah banget dapet driver nya, sekalinya dpt malah jauh. mencari-cari driver padahal dititik terdekat banyak, TPI gak ada driver yg mau ambil. jadi males",gojek,google_play
2026-04-02 22:54:17,Mochamad Randi,kse download ngni p aplikasi di t cewe ka ta bongkar ngni p kantor,gojek,google_play
2026-04-02 22:49:22,Pandu Dwi krisnanto,"aplikasi lelet,lemot,gofood Berjam jam ga dapet driver. driver juga lambat, kebanyakan ngeluh",gojek,google_play
2026-04-02 22:49:17,Siti Dahlia,"makin kesini makin susah dapet driverrr ngeselin banget, udah gitu guaa beli pake saldo gopay klo dibatalin saldo gua ilang ,udah beberapa kali saldo ga balik grgr ga dapet driverr, kocakkkk",gojek,google_play
2026-04-02 22:46:52,Irna Wati,"saya mau minta dari pihak mitra ,agar pelayanan mencari driver di perbaiki lagi .kasih peringatan keras kalau perlu di pecat ajh untuk driver yg tidak mau mengantarkan makanan ke cosumen.saya sudah menunggu lama .terima kasih .",gojek,google_play
2026-04-02 22:41:31,Mang Jay,nice,gojek,google_play
2026-04-02 22:40:15,Wahyu Ginting,sangat membantu disaat keadaan darurat..,gojek,google_play
2026-04-02 22:34:24,dimaz hs,gojek parah kalau udah malah ngak ada driver yang mau ngabil orderan sekitar jm 10 an. padahal driver banyak.,gojek,google_play
2026-04-02 22:31:19,Yubye,"ini gw kasih bintang 5 karena banyak promonya, tapi pas kena nya gada promo kikir bet sialan, itu ojol lu kebelet naik haji kah, bgst beli nasgor 30k ongkir nya 45, lu kira gw anak konglomerat hah?. nasgor pinggir jalan 100k anjg",gojek,google_play
2026-04-02 22:27:43,Supriatna,ok,gojek,google_play
2026-04-02 22:15:37,TheBoys Rafly,lelet parah,gojek,google_play
2026-04-02 22:14:37,Dicky Reksa,lama dapet driver,gojek,google_play
2026-04-02 22:10:37,titi titi,kalau pelanggan kasih rating ke driver bintang 1 itu kalian tangani tidak sih? kok masih banyak driver yang tidak punya sopan santun dan seenaknya? kalian tindak lanjuti tidak saya ingin tau,gojek,google_play
2026-04-02 22:07:03,hayden wu,cepat sampai,gojek,google_play
2026-04-02 22:05:25,prima sanwani,"maaf saya kasih bintang 1. sempat baca di ulasan lain ada yg susah nyari driver bbrp minggu ini. benar bgt, skrg hal yg lebih mudah dan efisien jadi menyulitkan dlu sring pke apk ini krna byk diskon dan harga terjangkau skrg apk nya jd lelet. mesen gofood 2 jam lebih ga dpt2 driver antar nya mesen gojek nunggu 10 menit lebih pun gaada sama sekali pdhl trlihat jls driver byk di 1 titik itu. tolong di tindak lanjuti untuk apk gojek.",gojek,google_play
2026-04-02 22:04:24,Subhan Ari wibowo,yaaa oke laahhh,gojek,google_play
2026-04-02 22:04:20,Alrida Tyas,semangat driver!,gojek,google_play
2026-04-02 22:01:02,Aldyth BJ,"Flash Sale gajelas, udh mesen dari jam 20.00 udah dapet driver, makanan juga statusnya ""sedang di sajikan"" bahkan sampai ada estimasi waktu pengantaran 21.30. Tau tau di cancel jam 22.00. 2 jam nunggu angin doang kocak",gojek,google_play
2026-04-02 21:59:54,Sukasno,no good,gojek,google_play
2026-04-02 21:59:39,fannisa,"kenapa saya kasih bintang 2? karna saya lebih sering kecewanya dengan apk ini. saya tuh selalu mau gofood ya, tapi knp selalu susah banget cari driver? paling susah kalo di kondisi hujan sama malam, padahal rumah saya tuh bukan pelosok masih terbilang pun banyak ojol disekitar sini.. tp kenapa susah bangeett! nyebelinnya tuh udah nunggu nya lama bgt ujung2nya gagal pesenannya karena gak nemu driver. bayangin udah laper posisi gabisa keluar butuh order makan bangeet udah ngu nih 50mnt, eh gagal.",gojek,google_play
2026-04-02 21:54:59,Ani Julianti,sangat membantu,gojek,google_play
2026-04-02 21:54:40,Imam Hanafi,bagus,gojek,google_play
2026-04-02 21:53:46,suci lestari21,"sakit hati banget. mesen gojek dari jam 9 malam sampai jam 10 ada 3 kali di cancel. dari yang ride hemat ke go ride biasa juga sama. kalau emang menurut driver harganya kemurahan kan bukan kita yang menentukan toh kita juga ga bakal kasih segitu, pasti kasih tip juga. 1 jam nunggu sia sia!",gojek,google_play
2026-04-02 21:53:06,Rahmat Hidayat,"tolong dibantu cari driver, masak saya ber kali2 pesen gofood sulit mendapatkan driver..",gojek,google_play
2026-04-02 21:50:48,Pengguna Google,semakin baik,gojek,google_play
2026-04-02 21:50:35,Gabe Batara,yeay,gojek,google_play
2026-04-02 21:47:48,Ahmed Faesal,"udah seminggu susah bgt dpet driver , heran pdhl apk sbleh cpet bgt dpet ny..",gojek,google_play
2026-04-02 21:47:25,Ratuhpurnama Sari,"sekarang driver diaplikasi ini susah bnget buat dapet, risih jadi nya",gojek,google_play
2026-04-02 21:46:57,F A,"Pesen makanan lama bener ga dapat driver, batal otomatis. 👎",gojek,google_play
2026-04-02 21:46:00,Alim Min,oke,gojek,google_play
2026-04-02 21:43:47,Muhammad Rizky Bima Sakti,apk anjg,gojek,google_play
2026-04-02 21:36:35,wulandari sw,"saya gomart, gosend buat beli obat, tpi gada mulu driver nya, lama bngt, pdhal ga ujan ga apa",gojek,google_play
2026-04-02 21:26:44,Zainal Arifin,aplikasi semakin menyulitkan dengan sulit mendapatkan driver dari stasiun cikarang dan semakin tidak ada bedanya dengan ojek pengkolan dengan harga yg tidak masuk akal,gojek,google_play
2026-04-02 21:25:46,Eko Kalomurtono,Ok Banget,gojek,google_play
2026-04-02 21:25:22,Mifta Hudin,keren sangat membantu,gojek,google_play
2026-04-02 21:21:37,Waris Aulia,"agak kecewa sih akhir ""ini gojek klo mau pesen makan dimalam hari susah banget nemu driver nya,, sampe harus nunggu 1/2 jam tetap masih gk dapat driver nya.",gojek,google_play
2026-04-02 21:17:57,Anjas Guntur Virgiantoro,ok,gojek,google_play
2026-04-02 21:16:01,Grace Oktavia,"Kualitas Pelayanan sangat buruk Kalau harga mahal baru dapat driver,itupun lama",gojek,google_play
2026-04-02 21:12:37,Lords Again,parah.....kalau rekrut driver yang benar dan yang kompeten jangan yang sukanya main cancel.....,gojek,google_play
2026-04-02 21:09:26,Raudatul Jannah,sesusah itu dapet driver,gojek,google_play
2026-04-02 21:06:11,U ser,susah banget dapet driver,gojek,google_play
2026-04-02 21:02:37,ExoTerra (Exo),"lambat banget kalo mesan malam, udah lapar malah ga ada yg antar padahal banyak tuh ojol yang masih diluar nganterin pesanan lain",gojek,google_play
2026-04-02 20:56:39,khaidar abdillah,woi puqi apk lu gajelas bet padahal driver banyak tpi gaada yg masuk satupun kntol,gojek,google_play
2026-04-02 20:55:01,Utara Kuru,semakin kesini ko semakin kesana aplikasinya gak kya dulu cepat sekarang leletnya minta ampun.. gara gara ada apa si ini. tolol banget sumpah njing,gojek,google_play
2026-04-02 20:54:47,Dino Savriano,saya dulu punya hutang dengan findaya 100k bagaimana cara saya melunasinya?,gojek,google_play
2026-04-02 20:49:31,ASEP KOMARUDIN,mahal dikota bogor gojek.dan gocarnyq,gojek,google_play
2026-04-02 20:46:13,Rafi Fabian,woyy kasih tambahan buat developer untuk kasih pembayaran via dana atau qris aja menurut ku kurang lengkap kalok cuman itu2 aja wkwkwk thanks semoga di notice,gojek,google_play
2026-04-02 20:44:07,afkanihbos boyss,oke,gojek,google_play
2026-04-02 20:41:07,Budi Setiawan,sangat membantu untuk kebutuhan transportasi,gojek,google_play
2026-04-02 20:41:06,Mekel Azizi,wah!!,gojek,google_play
2026-04-02 20:41:01,iqbal abdurrahman,"banyak error, aplikasi yg dibutuhin banyak org loh. bangkrut aja dah",gojek,google_play
2026-04-02 20:33:46,Viola Gustiraa,susah dapet driver udah ga butuh penumpang lagi kali ya jual mahal semua sekalinya dapet ga gerak tu driver,gojek,google_play
2026-04-02 20:33:10,Key Cu'ong,"mentang"" argo kecil dicancelin mulu sama drivernya kocak",gojek,google_play
2026-04-02 20:29:37,GABRIEL BERNHARDT,kenapa harus nunggu lama banget buat cancel order dah gitu driver juga susah banget nyarinya,gojek,google_play
2026-04-02 20:29:19,Yohan_4rt,"aplikasi gaguna, tiap dapet driver di cancel terus, lama ga gerak2, berjam jam nungguin gadapet2 padahal banyak yang deket, bener2 *1 lah, driver2 juga udah diambil bukannya dikerjain malah cancel",gojek,google_play
2026-04-02 20:27:24,Muhammad Ardyramadhan,"gofood parah awalnya di bilang tepat waktu, trus telat, dan ujungnya malah di cancel dari pihak gofoodnya karena tidak dapet driver, sudah menunggu 98menit lebih malah di batalin karena tidak dpt driver dan kalo mau mesen, malah harus pesen ulang. bagaimana ini?",gojek,google_play
2026-04-02 20:26:32,kimi rika,parah gosend udh nunggu 10 menit eh pas dapat malah dibatalin sm driver. parah aplikasinya ga ngebantu,gojek,google_play
2026-04-02 20:20:00,Oman Husen,memudahkan perjalanan,gojek,google_play
2026-04-02 20:16:13,serupa kita,buat apa pakai gojek udah bayar mahal tapi aplikasi dam sistem bukan mempermudah pelanggan mahal di permainkan aplikasi dan sistem yg makin hancur dan bobrok.,gojek,google_play
2026-04-02 20:11:47,Deni Kamaludin Jamil,Ini kalau sistemnya gak susah dapat driver pas hujan/sibuk bintang 5,gojek,google_play
2026-04-02 20:03:50,Didit Chrisbiantoro,membantu sekali,gojek,google_play
2026-04-02 19:55:26,Anastasia Damita,"kalo ujan pasti driver gaada yg mau ambil, padahal pake mobil, udahlah harganya naik jauh nunggu ga dapet dapet pula, saya udah nunggu 1 jam👎",gojek,google_play
2026-04-02 19:50:22,Faiq Akma,oke,gojek,google_play
2026-04-02 19:50:21,Dicky Hermiansyah Putra,susah banget dapat driver kondisikan dong mitranya sampe 5x lebih ganti driver nih,gojek,google_play
2026-04-02 19:46:58,Nur Khaliq,Tagihan masih ada padahal sudah dilunasin. diminta bayar denda lagi,gojek,google_play
2026-04-02 19:45:21,Almartin Tasilipet,"sangat buruk driver lama ketemu ampe sejm gak ketemu, dan mahal bagusan maxim",gojek,google_play
2026-04-02 19:39:07,Von Manstein,"dapet driver yang jauh, payah",gojek,google_play
2026-04-02 19:33:41,Nadia Nur Sausan,"maaf aku kurangi bintangnya, apk bagus sebenernya tapi driver gojek akhir"" ini pada nyebelin semua gtw kenapa, apa karna sistem pembayaran ke mereka atau gmn idk. waktu pesan goride abangnya salah titik jemput dan pas aku tegur malah balik ke pangkalan gk balik"" lagi trus didiemin doang tlp gk diangkat smp akhirnya setelah 20 mnt aku cancel dan gabisa rating abangnya juga. trus gosend instan 3 jam juga gatau kenapa banyak yg gamau keep dari jam 3 sore sampe jam 7 malem padahal lagi butuh bgt :((",gojek,google_play
2026-04-02 19:32:30,R siti Maryam,"alhamdulillh terbantu dengan adanya gojek ,, terimakasih",gojek,google_play
2026-04-02 19:26:52,Maxwell Mitchell,sip baik sekali semoga berkembang sampai masa depan,gojek,google_play
2026-04-02 19:25:45,Merselino Adimas Widiantoro,"belakangan ini susah banget dapet driver, sekalinya dapet selalu di batalin. tolong di improve",gojek,google_play
2026-04-02 19:25:04,Hantu galau,"serius ini aplikasi makin hari makin gila? ngasih drivernya selalu yang paling jauh, sampai berkali-kali kena cancel padahal udah nunggu. sekedar cerita juga, tadinya diaplikasi tarifnya 19.000, mungkin karena cuaca buruk (meskipun gk hujan), tapi di driver cuma masuk 12.000, jadi lu ngambil keuntungan sekitar 7000 gitu buat biaya admin? lu manfaatin cuaca buruk yang dihadapi driver di lapangan buat naikin keuntungan berkali-kali lipat? iblis aja keknya gak sejahat itu loh. gila emang",gojek,google_play
2026-04-02 19:20:19,Endangsetiawati endangsetiawati,hari ini saya byk kecewa Krn susah utk mendapatkan gojek mobil maupun motor,gojek,google_play
2026-04-02 19:15:10,Elita Betsi,sejauh ini masih bagus pelayananya,gojek,google_play
2026-04-02 19:09:42,any kusumaeni,love..,gojek,google_play
2026-04-02 19:08:39,Ela Lala,"mau nutup akun karna gojek jadi mahal bgt aja susah bgt,saldo harus nol mau gw ikhlasin aja repot bgt..ada fitur chat cs tp ga ada papan ketiknya cm bisa kirim pesan instan yg udah mereka siapin,lah gimana bisa nolong kl begitu..uninstal aja jawaban terbaik",gojek,google_play
2026-04-02 19:06:18,Herli Marcelina,"sumpahhhh kesal bgt, kurir GO-SEND ada masalh apa si susah bgt dapet 🙃",gojek,google_play
2026-04-02 19:05:50,Khair Faramulya,Mantab,gojek,google_play
2026-04-02 19:05:35,Dea Lestari,"LEMOT BANGET UDAH TAU BURU BURU MAU MASUK KERETA MALAH LOADINGNYA MINTA AMPUN, PADAHAL JARINGAN BAGUS BAGUS AJA",gojek,google_play
2026-04-02 19:05:34,ansyrulla fabela,apaan susah banget cari driver ud dapt malah di cancel driver,gojek,google_play
2026-04-02 19:02:06,rizki cahya,cari kendaraan lama amat,gojek,google_play
2026-04-02 18:53:19,Muhammad Farras Athar,mantap,gojek,google_play
2026-04-02 18:50:27,Rayhan Mahendra,respon cepat,gojek,google_play
2026-04-02 18:50:03,Atala Raffi,sumpah akhr2 ini susah bgt dpt goride maupun gocar masak nyari driver smpk 2jam gak dpt2 pdhl sekitar banyak tp kok.gak ada satupun yg nyantol..... tolonglah di perbaiki,gojek,google_play
2026-04-02 18:48:01,Satwika Darmanto,"Gak suka pesanan udah masuk tapi belum dapet driver jadi makanan belum disiapin, dan baru bisa cancel pesanan setelah satu jam gak ada driver. kecewa, mending bisa langsung di cancel kalo gak ada driver, biar saya mesen yg lain. Sama aja ini gak menghargai waktu saya sebagai customer dan pihak resto. Buang-buang waktu!!",gojek,google_play
2026-04-02 18:38:31,ERWIN DWI SENDY ANDIKA,susah dpt drivver akhir akhir ini meskipun pakai yang pencarian cepat,gojek,google_play
2026-04-02 18:35:29,Afrizal eka Saputra,lama gak sesuai waktu,gojek,google_play
2026-04-02 18:20:41,Roy Rianto,good,gojek,google_play
2026-04-02 18:15:48,Riswan Paja,lama nunggu nya skrg,gojek,google_play
2026-04-02 18:15:17,Yenni Agustus,puas,gojek,google_play
2026-04-02 18:14:42,Dave Dove,"jangan ambil ongkir yg lebih mahal di gojek dgn embel2 pelayanan lebih cepat, bayar lebih tetap saja proses 2 kali lebih lama...makanan yg harusnya ready untuk buka puasa dan sy order 1 jam sebelum buka puasa dimana estimasi sampai dalam 20 menit, tapi setengah jam setelah buka puasa selesai baru sampai...driver yg jadi kambing hitam... awas hati2 gojek kuras kantong anda dgn cara penambahan biaya2",gojek,google_play
2026-04-02 18:09:08,kita ayo,ok,gojek,google_play
2026-04-02 18:07:28,M.D.C.M,"Tolong dong diperbaiki bagian pembayaran emas kok jadi ribet, dan gagal mulu pasti tolong cepat diperbaiki",gojek,google_play
2026-04-02 18:05:52,Maya Selviana,"susah banget dpt driver nya, dari kemarin coba gofood ga dpt PT driver... gajelas bgt sih asli",gojek,google_play
2026-04-02 18:04:27,Kafedanloundry Minions,cepat jng lambat,gojek,google_play
2026-04-02 17:59:36,Kristy Tambunan,Gojek👍👍 Cepat menemukan driver sesuai harapan👍👍🤩😍,gojek,google_play
2026-04-02 17:58:27,Arfiah Nurhayati,siip,gojek,google_play
2026-04-02 17:57:13,Neylaa,Keluar keluar sndiri stres,gojek,google_play
2026-04-02 17:48:26,Danny Kurniawan Gandih,driver sering gantung penumpang. trakhir ini digantung sejam dan tidak dijemput. chat dan telp tidak dibalas,gojek,google_play
2026-04-02 17:47:04,Ririn Natalia,ok,gojek,google_play
2026-04-02 17:41:37,Christoper Sinurat,nungguin 1 jam kaga ada 1 pun yang mau.,gojek,google_play
2026-04-02 17:40:26,Vendy,"AKU BENCI BANGET APLIKASI INI, KARENA GAK BISA DI BATAL KAN, AKU MAU SURUH GOJEK INI TAMBAHIN YANG BISA DI BATAL, BENAR-BENAR TUH YA, ADEK KU TUH PENCET APLIKASI GOFOOD DAN PESAN MAKANAN BANYAK² DAN GAK BISA DI BATAL KAN, GARA² ITU AKU JADI DI TAMPAR SAMA MAMAK KU, INI APLIKASI TERBURUK SEPANJANG MASA, AKU BENAR-BENAR MARAH!!!",gojek,google_play
2026-04-02 17:39:32,Annisa sri236,driver nya pada belagu parah order slalu di batalin ga jelas lama2,gojek,google_play
2026-04-02 17:35:44,Pew Pepew,bagus,gojek,google_play
2026-04-02 17:35:21,Lela Sinaga,keren.di perbaiki lagi kinerja Google maps nya ya,gojek,google_play
2026-04-02 17:35:14,IKA FATMASARI19,oke,gojek,google_play
2026-04-02 17:31:13,Nurul Kamala,"aplikasinya membantu tapi entah kenapa sekarang kalau mau pesen go ride selalu susah dapet driver, sekali dapet lokasi driver sama tempat jemput jauh dan juga udh nunggu lama"" malah di cancel, giliran Dateng malah ngomel"", kalao emang seperti itu sistemnya yg di benerin",gojek,google_play
2026-04-02 17:27:50,Ega Prayoga,"lebok hujan wae, titah saha suspend aya dei, padahal bae sina ngajak driver mah da begu jeng alusna ges resiko driver, jadi eweh nu marawa orderan dan suspend waktu wae. tolol sistem teh",gojek,google_play
2026-04-02 17:25:33,pran pranoto,aplikasi lemot,gojek,google_play
2026-04-02 17:23:37,Windi Purnamasari,Gerimis doang juga susah bgt dpt driver,gojek,google_play
2026-04-02 17:23:24,Nurna Ningsih,sudah lama jd custamer gojek...aman cepat dan terbaik,gojek,google_play
2026-04-02 17:21:13,M. Ma'ruf Akafi,"Padahal banyak driver yg dekat, tapi susah bet dapat driver. Begitu dapat jauh bet",gojek,google_play
2026-04-02 17:20:29,GN,"Ga beres, pesan go car lama'nya ga karuan, di cancel pula oleh pihak drivernya 👎👎👎👎👎👎👎👎👎",gojek,google_play
2026-04-02 17:18:17,pandjie hermawan,sekarang area Semarang kl hujan gofood jarang ada driver yang on udh gt suruh tunggu batas waktu baru bs di cancel haiyah kok jd kaya gini sih gojek,gojek,google_play
2026-04-02 17:17:36,Wahyu Nugroho,"aplikasi gopay semakin di update semakin gakk jelas.. game gopay pet jg gaak bs di buka serta game"" lain penghasil koin gopay.. gojek pun jg gt, susah dlm hal penggunaan aplikasi.. sepertinya pihak gojek sdh malas buat terobosan baru karena pemikiran nya cabang 2 antara grab dan gojek..",gojek,google_play
2026-04-02 17:11:14,Elga Putri,"sekarang Order Gofood susah dapat Driver , sekali dapat nunggu Lama terus di Cancel 🥲",gojek,google_play
2026-04-02 17:05:47,Rineka Kumara,"keren,cocok untuk yang mager keluar rumah pengiriman cepat makanannya enak mantap",gojek,google_play
2026-04-02 17:01:41,01_ Anastasia Putri Dian,apk jelek skrng driver pilih pilih. mentang mentang dia yg merasa dibutuhkan. jarak dkt nominal besar pd gmau ambil. dan klau ada yg ambil dia diem aja tanpa komunikasi ke kita,gojek,google_play
2026-04-02 16:57:18,3 ELANG,mudah komunikasi,gojek,google_play
2026-04-02 16:55:59,Etin Hoerotin,pokonya the best lah,gojek,google_play
2026-04-02 16:53:14,Bonyel Il,oke,gojek,google_play
2026-04-02 16:50:18,Stoe ann,"gak bisa liat rating customer, sedangkan driver bisa liat rating kita",gojek,google_play
2026-04-02 16:49:50,Yoga Eko Pradana,Sangat Puas,gojek,google_play
2026-04-02 16:49:21,agustina silvyana,gila saya mau ibadah di suruh menunggu . sementara waktunya driver sampai di rumah ga ketauan jam berapa. udh menunggu hampir 1 jam loh. ckckckckck,gojek,google_play
2026-04-02 16:47:54,G Dyah lestari Wahyuningtyas,paket sampai dengan cepat,gojek,google_play
2026-04-02 16:40:08,Ananda Putra Dhefa,membantu,gojek,google_play
2026-04-02 16:34:38,Salsabila Hamidah,"sejauh ini aplikasi yang menguntung untuk kita dan orang lain adalah gojek ya,kalo kita dapet masalah juga gojek sebisa mungkin ngebantu,makasii banyak love you gojek",gojek,google_play
2026-04-02 16:32:47,Wan Gaming1,diWA udah yampe tapi pas didatengin gak ada udah muter 3x tetep gak ada hehhhhh 🥲😡,gojek,google_play
2026-04-02 16:31:34,mirah nursiana,good,gojek,google_play
2026-04-02 16:30:08,mrasya1 fabian,mantapppp,gojek,google_play
2026-04-02 16:24:48,Mbenk Ezkha,"PHP DOANG PAYLATERNYA. SEMUA TAGUHAN SUDAH DI BAYAR, MALAH LIMIT TETEP GA NAIK DAN TAK BISA DIGUNAKAN...APA MAKSUDNYA...????",gojek,google_play
2026-04-02 16:22:59,Info Wisata Bandung,mantap,gojek,google_play
2026-04-02 16:18:43,Andre Dwi Putra Kamta,"TOLONG DI-UPDATE, saya sering terkendala Notifikasi sehingga merugikan pihak driver ataupun saya.",gojek,google_play
2026-04-02 16:18:04,Yudha,"Customer Service nya kagak jelas, lama, jaminan voucher ga jelas",gojek,google_play
2026-04-02 16:14:53,FADHIIL ISLAMY Pasha,pelit drivernya ga rekomen buat mode hemat,gojek,google_play
2026-04-02 16:14:47,assaychuna ali,sangat membantu dalam beraktifitas,gojek,google_play
2026-04-02 16:09:07,adam firman,"Aplikasi laknat penjajah Driver, tidak ada kebijakan yang baik untuk DRIVER, Padahal semua yg modal aset itu adlh driver, mulai dri motor, mobil, serta perawatan gojek tidak ikut andil.. tp peraturan mu ke driver seperti zionis!!!! APLIKATOR LAKNATULLAH JAHANAM!!!!!",gojek,google_play
2026-04-02 16:07:41,Agbi Awan,keren,gojek,google_play
2026-04-02 16:07:19,Yasin Raihan Yassar,buruk!! lambat dalam mencari driver dan driver cancel seenaknya.,gojek,google_play
2026-04-02 16:03:04,Nur Laeli,sangat membantu,gojek,google_play
2026-04-02 16:01:33,senja sundji,"akhir-akhir ini kalau pesen go-food selalu susah dapet drivernya, akhirnya selalu aja dibatalin. padahal drivernya banyak",gojek,google_play
2026-04-02 16:01:27,Satoru Tamaba,mungkin kalau bisa pakai merchant dana atau qris lebih mantap,gojek,google_play
2026-04-02 16:00:12,Antonelli Kimi,"alamat saya error cuman di gojek doang, gajelas ni aplikasinya",gojek,google_play
2026-04-02 15:59:16,tri yanto,"gila kali mau pesen gofood ongkir awal Rp 100 kembali ke menu utama aplikasi ongkir jadi Rp 8.000 kembali lagi ke menu utama aplikasi dan mau checkout ongkir jadi Rp 13.000, itu yang error aplikasinya atau bukan, ongkir kok berubah-ubah makin mahal pula, kocak parah. Ongkir makin mahal alhasil mengurungkan tidak jadi pesan makanan, gilanya",gojek,google_play
2026-04-02 15:58:46,Lidi Gent,ini jelek banget .. dapat drivernya lama .. auto uninstall,gojek,google_play
2026-04-02 15:58:30,Siti Mulyani,sangat membantu,gojek,google_play
2026-04-02 15:57:25,Meisya Nur Alifah,"CS GOJEK SAMPAHH, HARUS KETIPU DULU KARENA SUSAH NYARI CS GOJEK PELAYANAN BURUK",gojek,google_play
2026-04-02 15:54:14,Muhamad Sofiyuddin (Sofi),"sering di cancel, sulit dapat driver",gojek,google_play
2026-04-02 15:50:46,Sativa af,"kenapa sekarang susahhhh buanget dapet driver, padahal banyak driver di sekitar lokasi tapi dapet nya yg jauh dari lokasi",gojek,google_play
2026-04-02 15:48:56,Jessiana Leticia Azka,"kenapa setelah update jadi lemot ya min,ga bisa hubungi driver",gojek,google_play
2026-04-02 15:45:27,Akek Pandeklang,sangat puas,gojek,google_play
2026-04-02 15:43:48,Nurrohim Suryo,Alhamdulillah sangat membantu,gojek,google_play
2026-04-02 15:33:25,Tya Hapsari,mantap,gojek,google_play
2026-04-02 15:31:04,MILAH AMALIYAH KASIM PEI,gojek itu membantu bgt ketika lgi ga ada kendaraan untuk membeli sesuatu,gojek,google_play
2026-04-02 15:31:04,Maritza Aulia putri,"jelek kurir nya gajelas ,",gojek,google_play
2026-04-02 15:22:56,Yongki Susanto,"pick up instant lama, dan drivernya banyak yang idiot",gojek,google_play
2026-04-02 15:08:54,Gita Dewi,sangat bagus 👍👍👍,gojek,google_play
2026-04-02 14:46:33,Hari ono,mantap..tepat..cepat.sopan kendaraan bersih,gojek,google_play
2026-04-02 14:44:10,Novi Darmawan,cepat gak perlu nunggu lama,gojek,google_play
2026-04-02 14:25:39,Ulil ilmi,"Selalu dicancel, lelet, dan tidak ramah driver nya.",gojek,google_play
2026-04-02 14:24:04,salma rahmawati,"gojek udah nemenin aku dari jaman aku masi sekolah SMK sampai kerja dan selalu pakai gojek, sukses selalu gojek 🩷",gojek,google_play
2026-04-02 14:15:32,Stars Fiki,menyenangkan menggunakan gojek,gojek,google_play
2026-04-02 13:57:11,Abangfinnan Akbar,"susah dapet driver pas gopud,tapi oke",gojek,google_play
2026-04-02 13:54:49,Aldino Novebian,mantap,gojek,google_play
2026-04-02 13:51:08,Muhamad Agil Siroj,"thx gojeg, udh jadi partner dikehidupan sehari2",gojek,google_play
2026-04-02 13:39:42,zul fikar,Puas dgn pelayanan Gojek,gojek,google_play
2026-04-02 13:33:32,LSM-GMAS DPD GRESIK,"Fitur makin lengkap, proteksi dan Privasi makin terjamin",gojek,google_play
2026-04-02 13:32:19,NVS,nice,gojek,google_play
2026-04-02 13:12:08,Yose Rizal Manurung,"Sebenarnya secara overall oke oke saja, namun belakangan hari seringkali driver tidak provide helm. Pernah kemarin saya pesan malam 3 kali berturut² dapat driver yang ga ada helm, jadi saya cancel. Safety is important loo. Mohon untuk lebih diperhatikan kembali.",gojek,google_play
2026-04-02 13:07:58,ukkas muh,okkkkk,gojek,google_play
2026-04-02 12:51:24,R. Bagus Adhirasa,"Alhamdulillah lancar, terima kasih",gojek,google_play
2026-04-02 12:50:36,sutopo sutopo,cepat dan mudah,gojek,google_play
2026-04-02 12:44:00,nlionel richie,aplikasi transportasi terbaik di 2026,gojek,google_play
2026-04-02 12:41:11,Salsabila Ramadhanty,"jujur, kecewa sama gojek skrg. makin kesini makin dzolim sama driver dan customer. biaya admin dll ditambah tp dapet driver susah ketika mau pesan makan dan kendaraan. uang yang diterima driver juga ga sebanding. dzolim bgt👎🏻",gojek,google_play
2026-04-02 12:38:52,Andi H,makin kesini aplikasi gojek kok rasa²nya ga nyaman dipake ya,gojek,google_play
2026-04-02 12:21:13,tirta,mewakilkan,gojek,google_play
2026-04-02 12:19:58,Suci Mega,"pengalaman saya terburuk ketika ingin makan tetapi sulit mendapatkan driver, lalu pihak ini menyampaikan menunggu dan berulang kali saya menyampaikan minta dibatalkan itu mengecewakan juga bukan secepatnya mengatasi masalah itu sangat mengecewakan tolong jangan memaksa customer menunggu dengan alasan apapun",gojek,google_play
2026-04-02 12:15:23,Wira Hardi,bagus,gojek,google_play
2026-04-02 12:10:38,Maria Sahara,gojek titik alamatnya pas ...... banyak discount,gojek,google_play
2026-04-02 11:51:15,Pak rizki Pak rizki,OK,gojek,google_play
2026-04-02 11:47:10,AndryH0706,✅️,gojek,google_play
2026-04-02 11:41:26,Gus priyadi,drivernya baik& sopan,gojek,google_play
2026-04-02 11:35:04,Novie Queen,sangat membantu,gojek,google_play
2026-04-02 11:32:06,Dina Zakia,aplikasi yg sangat membantu,gojek,google_play
2026-04-02 11:28:48,Ais,"OJK tolong awasi gopay pinjam dari Gojek kalau perlu hapuskan saja, MEREKA MENYEBAR DATA YANG GAK² MENEROR PADAHAL BELUM JATUH TEMPO, NEROR KANTOR, DC DATANG SEBELUM JATUH TEMPO, TEROR BAHASA BINATANG, BAHKAN MEMASUKAN DATA UNTUK BERHUTANG ! banyak pelanggaran dari mereka padahal katanya LEGAL tapi oknum di gopay pinjam semua ILEGAL",gojek,google_play
2026-04-02 11:18:00,Febriana Sari,sat seet,gojek,google_play
2026-04-02 11:11:04,Rio Jeremy,bagus sangat membantu bwt orang kantoran,gojek,google_play
2026-04-02 11:00:55,Bunga Setya,pelayanan baik recomend,gojek,google_play
2026-04-02 10:54:15,vania massage,aplikasi ok,gojek,google_play
2026-04-02 10:47:47,Arifin johan Hutagaol,mantab,gojek,google_play
2026-04-02 10:44:34,Petiwi Mesin,ok,gojek,google_play
2026-04-02 10:36:45,Aji putra pelangi glass,Sangat bagus,gojek,google_play
2026-04-02 10:26:38,Dicky Angga,"download bukti tidak bisa, sudah lapor cs malah suruh ngikutin step2 orang udah keluhannya di bilang tidak bisa download bukti, aplikasi nya ngebug malah di suruh ikutin step2 download emang dikira ga bisa make aplikaisnya",gojek,google_play
2026-04-02 10:22:53,Baby More,sangat membantu sekali👍👍👍👍👍👍👍,gojek,google_play
2026-04-02 10:16:10,Rian Rahmadi,"nyoba pakai gopay later, lupa bayar lewat sehari, nominal 40rb denda 50rb 😊 lintah darat online",gojek,google_play
2026-04-02 10:12:03,Sri edi,GOJEK TERLALU MAHAL TURUNIN HARGANYA !.,gojek,google_play
2026-04-02 10:04:10,Sri Nur Senjani,"bagus lah pokoknya, dari dulu gak pernah mengecewakan",gojek,google_play
2026-04-02 09:55:15,Ridho Nathakumara,wow,gojek,google_play
2026-04-02 09:46:59,achmad raihan,gud,gojek,google_play
2026-04-02 09:44:56,Riska Oktorina,"drivernya baik, ramah, on time",gojek,google_play
2026-04-02 09:44:16,Dyah Psya01,gud,gojek,google_play
2026-04-02 09:43:11,Meilinda Syanet,mau ngajuin pinjeman tp di tolak.. padahal bayar selalu tepat waktu!! Najis bgt Gopinjem!!!,gojek,google_play
2026-04-02 09:42:03,Osissjshshhehdkdmdbdb tuwhwbnwksidndbd,"aneh, tiba tiba bet ga bisa bayar pake ni aplikasi",gojek,google_play
2026-04-02 09:30:28,khanzaki,"apknya bgus, gergep, banyak promo, drivernya juga ramah ramah, semoga tarif drivernya nambah ya soalnya emg sebaik dan seramah ituuu drivernya",gojek,google_play
2026-04-02 09:29:16,Juna Andre,mantab,gojek,google_play
2026-04-02 09:04:22,Purwanto Wanto,terimakasih,gojek,google_play
2026-04-02 08:57:47,Darus Boy,sangat puas n driver nya ramah,gojek,google_play
2026-04-02 08:41:34,zainullahzen zen,puas,gojek,google_play
2026-04-02 08:40:25,Azyindra Anderson,"pesen gocar tapi driver g mau cancel pdhal dia yg blng ga mau jemput dgn plat BE1816JH Agung apa gitu, kalau g mau knpa di ambil ordernya? driver yg sebelumnya juga bermasalah, ambil ordernya tapi ga jalan² juga tuh diliat di maps nunggu sampe 40menitan padhal di orderan nunggunya cuma 5menit tolong yaa ditindak lanjuti nihh untuk oknum² yg seperti ini kita sama² butuh padahal",gojek,google_play
2026-04-02 08:40:24,KANG HFZ,ok mantap,gojek,google_play
2026-04-02 08:30:28,Dwi Kristiono,"Bagus pelayanannya,driver santun",gojek,google_play
2026-04-02 08:28:19,asd mana,untung ya lu kntoll telat sehari potongan 50k utang cuman 50k jadi 100k gilaa aplikasi bodoh yg gak mau rugii. kalo gue gajian mundul ke tgl 2 auto keenakan nih aplikasi potongan terus 50k. tllol,gojek,google_play
2026-04-02 08:24:15,Asmani Asmadi,mantul pokoknya selalu tepat saat dibutuhkan,gojek,google_play
2026-04-02 08:21:01,Diana Kalandra,mantap,gojek,google_play
2026-04-02 08:15:02,Ayoe Salman,"ini si lebih dari rentenir Lintah darah, masa pakai gopay latter cuma 23rb.. Karena lupa bayar denda dua hari 50rb, jadi 73rb.. edan... lintah darat berkdedok legal di bawah pengawasan OJK.. sya lupa wooiii....",gojek,google_play
2026-04-02 08:09:34,15. Muhammad Faizien,bagus,gojek,google_play
2026-04-02 08:04:24,Memed Syahid,ok,gojek,google_play
2026-04-02 08:00:19,Talitha Zayya Salsabila,sejak 1 april aku gabisa pake voucher untuk gofood. heran deh ni aplikasi on ol... udh langganan plus lama malah kek gni wkwk 🤣,gojek,google_play
2026-04-02 07:49:55,Ad Hadi,oke,gojek,google_play
2026-04-02 07:42:25,Deddy Purwanto,"Saya senang dengan aplikasi gojek, bisa pergi kemana saja yg kita mau, saya pakai aplikasi ini sejak tahun 2018.😁",gojek,google_play
2026-04-02 07:26:16,Rokhatun Atun,ramah dan nyaman,gojek,google_play
2026-04-02 07:16:58,HENRI JULIAN,"Saya belom pernah daftar gopay plus Kenapa pas daftar gagal karena ID ktp saya sudah terdaftar,",gojek,google_play
2026-04-02 07:13:45,Dhimas Alfi,Sangat bangga bisa minggunakan aplikasi lokal pada awalnya. tapi dengan respon laporan terkait ketidaksesuaian produk yang saya Terima saat menggunakan aplikasi gofood 1 april 2026 lalu sangat mengecewakan. tidak solutif. Alhasil uninstall aplikasi ini jauh lebih baik,gojek,google_play
2026-04-02 07:09:56,Natasya Yulianti,okee baguss,gojek,google_play
2026-04-02 07:04:41,Harun Sunarso,mantaaaap,gojek,google_play
2026-04-02 06:59:55,Indah Wenda,foto wajah gak terbaca mulu,gojek,google_play
2026-04-02 06:54:14,Sutho Wijaya,"driver minta pembayaran lebih di luar aplikasi dengan alasan aplikasi lagi error,sudah di laporkan dan saldo sudah di kembalikan",gojek,google_play
2026-04-02 06:49:28,Bima Wahyudi,oke,gojek,google_play
2026-04-02 06:48:24,J&T Express Batam Cepat,bagus,gojek,google_play
2026-04-02 06:46:54,Dinda Zainuri,Kalo ngasih driver jgn yg jauh dari titik jemput. Terus drivernya suruh fast respon.,gojek,google_play
2026-04-02 06:39:50,Nelis Rosdianie,"Sangat terbantu banget dengan aplikasi ini, sering banget lupa bawa sesuatu yang penting ke sekolah, nah dengan apikasi ini selamat dech tugas ataupun sesuatu yang lupa bisa dengan cepat sampe ke sekolah.",gojek,google_play
2026-04-02 06:38:33,Rice renata,ok sip 👍🏻 mantap,gojek,google_play
2026-04-02 06:17:53,Cahyo Nugi31,murah bgt harganya gak kayak yg warna kuning,gojek,google_play
2026-04-02 06:16:45,Yongki Elektronik,gojek telat,gojek,google_play
2026-04-02 06:10:08,Valley Brons,mantap,gojek,google_play
2026-04-02 05:18:31,0nedha,for now okay,gojek,google_play
2026-04-02 05:14:08,Hanik Kholifatul ulla,aplikasinya bagus banget dan harga gojeknya pas di kantong,gojek,google_play
2026-04-02 05:12:20,Ginanjar Prayuda,aneh,gojek,google_play
2026-04-02 05:06:36,Jihan,selalu oke,gojek,google_play
2026-04-02 05:01:09,Rahmat Andri,"perasaan dari sekarang susah sekali cari drivernya , bahkan cari yang level comfort aja susah, agak kecewa",gojek,google_play
2026-04-02 04:48:04,Hardi Pae,Baik,gojek,google_play
2026-04-02 04:31:58,Ady Dangers,oke,gojek,google_play
2026-04-02 03:38:59,Junaidi Aja,sangat membantu,gojek,google_play
2026-04-02 03:28:23,Stephanus Triyana (Mastri),kerjasama dengan Tokopedia,gojek,google_play
2026-04-02 03:27:57,Amir Hamka,saya pengguna apk gojek dan gopay bahkan dari limit masih 500rb menjadi belasan juta sekarang tidak pernah mengalami telat bayar..saya kecewa karena telat beberapa jam dikarenakan jaringan dan tidak ada notifikasi saya dikenakan denda sebesar 50rb saya sangat kecewa seharusnya ada notifikasi atau himbauan atau dikenakan sangsi telat perdana saya sangat kecewa padahal sudah menggunakan apk ini lebih dari 3 tahun,gojek,google_play
2026-04-02 03:22:02,KING COC WAR,lelet,gojek,google_play
2026-04-02 03:21:51,Ridwan Pulungan,bagus dan mantap,gojek,google_play
2026-04-02 02:45:54,Sinyo John,ini habis upgrade kok gak bisa main ya gamenya didalam cuma muter tok sampai 3 jam saya nunggu yang bener kalau upgrade bos bisa kerja gak sih setiap hari minta pembaruan tambah lama tambah gak jelas u tau udah jelek u sekarang cuk asu,gojek,google_play
2026-04-02 02:31:25,boy Supandri,kenapa setiap pesan gofood selalu kesusahan cari driver padahal driver pada susah cari order. memang babi gojek,gojek,google_play
2026-04-02 01:05:19,ibnu sapari,sulit dapat driver,gojek,google_play
2026-04-02 00:57:05,Wildan Cw,Drivernya suka batalin order,gojek,google_play
2026-04-02 00:43:56,Jeck,"saya selalu driver pihak aplikasi harus open sering ke driver apa yang harus di benahin pihak aplikasi biar saling menguntungkan, agar tidak ada lagi krisis ojol.",gojek,google_play
2026-04-02 00:43:15,Queen Nara,good,gojek,google_play
2026-04-02 00:33:33,bot gaming,semakin kesni aplikasi ini semakin aneh drver bnyak susah bnr ambil orderan padahal ga pernah gw pake orderan fiktiv kalo sudah g mampu dan g ada driver ttp aja aplikasi nya.. dan ini terakhir saya pake gojek mulai skrng ganti aplikasi lain,gojek,google_play
2026-04-02 00:26:19,Risa Yaliasari10,"sangat mudah untuk mencari kendaraan ataupun makanan, banyak promo juga terimakasih saya sangat suka dngn aplikasi ini",gojek,google_play
2026-04-02 00:19:59,Putri Harisa29,👍🏻👍🏻👍🏻👍🏻👍🏻👍🏻,gojek,google_play
2026-04-01 23:59:54,Syafa Nur,oke,gojek,google_play
2026-04-01 23:56:36,Sinta Spa,Is the best,gojek,google_play
2026-04-01 23:56:02,Madinah Lovelia Shaqile,Lumayan Bagus,gojek,google_play
2026-04-01 23:49:29,Yosua Edy saputra,ini skarang ongkir nya mahal bgt yah,gojek,google_play
2026-04-01 23:29:23,Wilson Wijaya,bagus,gojek,google_play
2026-04-01 23:24:52,Wili Kandar,sangat bagus,gojek,google_play
2026-04-01 23:23:47,Seftia Rahma,mahal sekali untuk gofood nya promo nya gaada,gojek,google_play
2026-04-01 23:10:57,Nadia Rahmah shopee,"SUSAH DAPAT DRIVER DI Kalsel Banjarbaru -Banjarmasin Jika dapat Driver lokasinya snagat jauh, tidak worit terlalu lama menunggu",gojek,google_play
2026-04-01 23:07:43,Burhan Kelana,"Terkhusus di BANJARMASIN, sangat di sayangkan saya dapat Driver terlalu jauh jaraknya, dan itu tidak terjadi hnaya sekali, TOLONG PERBANYAK DRIVER GOCAR, agar mendapatkan Driver yang dekat hanya berjarak 1 KM-2KM jangan sampai 5 KM, terlalu lama menunggu. Beda dengan aplikasi sebelah si kuning, sangat dekat Drivernya karna banyak ada dimana2. Semoga masukan saya dapat di Evaluasi lagi. Agar penggunaan Gocar tidak berpaling. Terima kasih",gojek,google_play
2026-04-01 23:01:00,aulia wdyat cahyaa,ngebantu banget buat kaum mageran,gojek,google_play
2026-04-01 22:55:57,Ema Maesaroh,...gratistis,gojek,google_play
2026-04-01 22:54:20,Basir Syahfutra,saya sangat kecewa sama Go-Jek tadi pagi saya TF dari Go-Jek ke akun dana dan seratus nya berhasil namun jumlah yang saya TF tidak masuk ke akun dana padahal bukti TF nya ada namun saya buat pengaduan tidak di respon . memang jumlahnya sedikit tapi sangat berarti buat saya .,gojek,google_play
2026-04-01 22:52:37,Supri Yanto,Sangat bermanfaat dan amanah,gojek,google_play
2026-04-01 22:47:24,bara alkautsar,top,gojek,google_play
2026-04-01 22:44:45,Sri Pretty,bagus,gojek,google_play
2026-04-01 22:43:42,Nita afandi,kenapa kalau habis hujan banyak driver ngak.mau anter penumpang ataupun makanan padahal ngk hujan.lagi kenapa nolak.rezeki saat hujan,gojek,google_play
2026-04-01 22:36:14,Sri Hartutik Tutik,"senang sekali, sangat membantu setiap saat",gojek,google_play
2026-04-01 22:29:42,Denis Purwayana,pengiriman cepat tepat waktu,gojek,google_play
2026-04-01 22:27:52,Dewi Damanik,Banyak banyak berbenah deh. Gak rekomen bgt ini aplikasi,gojek,google_play
2026-04-01 22:23:03,ratna eka,lama bgtt dapet drivernya posisi beli makanan,gojek,google_play
2026-04-01 22:22:47,Dika Setia kim,"sangat mengecewakan! go food tidak bisa chat penjual maupun driver, hanya menunggu yang tidak pasti, menunggu 1 jam alhasil penjual tidak respon!",gojek,google_play
2026-04-01 22:13:41,Piola azr,"BENCI GILA SUMPAH JANGAN INSTAL APK INI DEH, MAKANAN BERAPA KALI OESAN SELALU TELAT HAMPIR 2 JAM AN YANG AKHIRNYA GA JADI DIANTAR BERHIR SIA SIA NUNGGU, MANA GA BISA DIBATALIN PESANAN YG TELAT DIPIKIR ORANG YG PESAN MAKAN ITU GA LAPAR APA",gojek,google_play
2026-04-01 22:00:52,Marsya Fajrina Haya,"susah banget dapat driver, bukan susah lagi malah ga dapet samsek. drivernya juga bermasalah abis, dia nerima order gocar, tapi tiba"" chat lokasinya kejauhan dari lokasi dia. loh klo kek gitu kenapa dia terima??? alhasil harus saya yang cancel, klo gitu kan rating saya yang buruk ya?? dan kesel banget sama per ratingan costumer ini, kita klo driver nya salah tetap kasih bintang 5, ehh kita ada kendala sedikit entah berapa itu di kasih nya. selama ini saya pakai gojek ga pernah pas pasan bayarnya",gojek,google_play
2026-04-01 21:55:08,Arik Zaregan,makin lama makin menyebalkan...susah sekali dapat driver trs apalagi kalau pesan makanan..dah pasti kacau ..entah waktu dan rumah makan yang terlalu lama gak dapat driver...semoga aplikasi ini bangkrut,gojek,google_play
2026-04-01 21:47:31,Ellis Mhei,d butuhkan di waktu yg tepat,gojek,google_play
2026-04-01 21:45:33,Luqman Hakim,good,gojek,google_play
2026-04-01 21:40:20,Humas Polsek Jatiasih,Sangat membantu,gojek,google_play
2026-04-01 21:32:19,Amel Mina,mantaaaap👍👍👍👍,gojek,google_play
2026-04-01 21:31:32,Grey 05,"nyari driver lelet, udah kejadian gonta ganti resto karena harus nunggu sejam. orderan makanan saya baru di proses waktu ketemu driver sedangkan nyari driver aja bisa sejam bahkan lebih",gojek,google_play
2026-04-01 21:16:30,Sasuke 123,bagus,gojek,google_play
2026-04-01 21:15:16,Rozaq Arifudin,dear operasional minta tolong di tanggapi keluhan pelanggan terimakasih,gojek,google_play
2026-04-01 21:13:45,Sabrina Wardani,"jangan membebani driver dengan ambil untung banyak dong, kasian mereka udah panas panasan, hujan hujanan.. tapi untungnya cuma sedikit..",gojek,google_play
2026-04-01 21:08:50,gilang Ramdani,ok,gojek,google_play
2026-04-01 21:01:24,chealse alicia,susah dpt driver,gojek,google_play
2026-04-01 20:59:40,Augustnad,makin lama makin aneh nyari makan aja kudu mikirin nasib driver,gojek,google_play
2026-04-01 20:53:49,Azizah Khoirotun,bapuk makin susah aja dapet driver,gojek,google_play
2026-04-01 20:53:36,Denny Agus cahya,lama dapat driver,gojek,google_play
2026-04-01 20:52:18,RUMAHKU JOGJA1,bagus,gojek,google_play
2026-04-01 20:47:10,Viarae Natalia,"makin kesini apk gojek ngk jelas masa iyaa cari driver susah amat. dan juga nunggu nyaa berjam-jam, sempat kelaparan nunggu nyaaa",gojek,google_play
2026-04-01 20:38:26,Denys Cahya,"biar bintang yg bicara. susah dapet driver, nunggu lama, sekalinya dapet minta cancel alesan jauh lah itu lah. tinggal nunggu waktu collapse aja lu.",gojek,google_play
2026-04-01 20:37:58,Huzaefah,mNtap,gojek,google_play
2026-04-01 20:37:16,T H,ok bgus,gojek,google_play
2026-04-01 20:32:45,abdullah perkasa alam daulay,😘😘,gojek,google_play
2026-04-01 20:31:06,Desinta Nurulazmi,"nunggu 30 menitt ga dapet"" sekalinua dapet jaraknya jauhh nunggu 5 menit drivernya tbtb dicancel seenak jidat 😡😡😡😡",gojek,google_play
2026-04-01 20:29:46,Achmad,good,gojek,google_play
2026-04-01 20:29:37,sysca sysca,baik,gojek,google_play
2026-04-01 20:26:02,nasgorvillain,kebanyakan cancel,gojek,google_play
2026-04-01 20:20:21,Astuti Damanik,ga lagi deh pake apk ini. bad!!,gojek,google_play
2026-04-01 20:20:19,agus rahayu,top,gojek,google_play
2026-04-01 20:17:55,Ribi Maulidya,aplikasi penipuan saldo ilang semua,gojek,google_play
2026-04-01 20:11:27,Rio Kuswanto,mantafff,gojek,google_play
2026-04-01 20:11:21,Niel Sidauruk,hapus aja paket hemat nya kalau driver ga mau bawa penumpang. terkhusus daerah Medan..,gojek,google_play
2026-04-01 19:59:58,Deno Suharti,"selama memakai aplikasi gojek,alhamdulillah puas.kalau mobil,biasanya bpk/ibu sopirnya bersih,mobilnya harum...",gojek,google_play
2026-04-01 19:55:28,Elayna pipiripuu,susah banget buat dpt driver akhir akhir ini,gojek,google_play
2026-04-01 19:46:30,Habib Rani,gampang banget kalo buat beli apa apa,gojek,google_play
2026-04-01 19:44:57,Anita GW CHANNEL,susah dpt driver,gojek,google_play
2026-04-01 19:38:06,Nana Una,sekarang.. kadang maps nya gak akurat. apalagi kalo gofood,gojek,google_play
2026-04-01 19:31:00,Zevanya Angelica detris,"sekarang kok susah banget ya nyari driver,padahal di peta nya ada gambar driver di sekelilingnya banyak,dan kalau dpt juga jauh.buang buang waktu aja",gojek,google_play
2026-04-01 19:30:53,Ruth anggreni Siagian,apk jelel,gojek,google_play
2026-04-01 19:22:59,ann _1876,sangat mengurangin kegiatan diluar dan membantu..,gojek,google_play
2026-04-01 19:19:20,Slamet bj,gojek sangat membantu yh saling menguntungkan,gojek,google_play
2026-04-01 19:15:31,Naufal Hilmi,tidak bisa ganti metode pembayaran,gojek,google_play
2026-04-01 19:13:26,rajab Lubis,baik,gojek,google_play
2026-04-01 19:12:48,Mukh Tarom,utk kebutuhan tranfortasi gercep,gojek,google_play
2026-04-01 19:10:51,Muhammad Noor,Sangat cocok untuk Kebutuhan sehari-hari,gojek,google_play
2026-04-01 19:05:56,Mohammad Usman Asegaf,"Kebiasaan gofood beda waktu dikit langsung tambah mahal, gak tentu lagi! memang gak bakal ketawan sama saya! yang langganan plus aja diginiin, gojek+ , tokped+ udah dari lama. salah program atau apa barusan juga di test lagi ubah opsi opsi malah jadi tambah mahal lagi, masa tiap ganti opsi si ongkir tambah 1800perak au ah gak jadi.",gojek,google_play
2026-04-01 18:58:34,Iyan Adipraja,mantap,gojek,google_play
2026-04-01 18:52:49,Edi Wahyudi,payah lama proses food nya oderan segala dable..makin ksni makin payah pelayanan gojek..food masa 2jm.mw cepet kudu bayar mahal..pinter bener nyari duit nya,gojek,google_play
2026-04-01 18:48:46,Dewi Rosita,senang dpt pemgendara yang baik hati,gojek,google_play
2026-04-01 18:48:40,eddy wiratmoko,😒,gojek,google_play
2026-04-01 18:48:07,Syahrini Ahmad,bagus banget aplikasinya,gojek,google_play
2026-04-01 18:43:10,Infi Nik,aplikasi sangat membantu,gojek,google_play
2026-04-01 18:37:50,Ijonk Ska15,"apk anjg,,lelet lemot",gojek,google_play
2026-04-01 18:36:12,Eli Sebastian,tdk jelas,gojek,google_play
2026-04-01 18:35:13,Arvi Aziza L. Y.,cari driver sejam sendiri,gojek,google_play
2026-04-01 18:34:37,Huk Bakery,aman nyaman tepat,gojek,google_play
2026-04-01 18:23:57,LUTHFI KHIYARI,pke lah,gojek,google_play
2026-04-01 18:15:00,Lis ta,like,gojek,google_play
2026-04-01 18:10:26,Cindy Febriantika,gila apa ini aplikasi gojek. barang gosend saya hilang. tolong lah taggungjawabnya. jangan pakai ini kalau gosend kurang amanah. mending SPX KALAU kirim barang. gk amanah. percuma klian sruh bantuan. gk ada hasil anyingggg. gila APK.serius dua kli brangku ilang. gk ada kompensasi. brang ilang uang ilang,gojek,google_play
2026-04-01 18:00:21,Yohanessaka Saka,sangat berguna,gojek,google_play
2026-04-01 17:55:25,RCB skincare id,Good banyak bonus,gojek,google_play
2026-04-01 17:46:26,Sultan Fachri septiana,bgus,gojek,google_play
2026-04-01 17:45:57,WildanfajaR Maulid,lamaa banget ngambil nya kaya apa banget sumpah lambat,gojek,google_play
2026-04-01 17:45:32,Nabilah Nasri,GA BANGET,gojek,google_play
2026-04-01 17:43:11,Yana Kucing,kmn2 lbh mudah pkai gojek,gojek,google_play
2026-04-01 17:37:51,Devy Herdiman,mantap,gojek,google_play
2026-04-01 17:36:55,Suhidi Hh,aplikasinya sangat memuaskan pembeli pengrimanya cepat barang aman,gojek,google_play
2026-04-01 17:36:05,Pejuang Keluarga,membantu sekali,gojek,google_play
2026-04-01 17:32:39,Zein Tech,"tolong dong itu driver carnya ,kalo ga niat narik kaga usah nyalahin aplikasi, kita udah nungguin sejaman, pada nolak gara gara macet, masalahnya di chat ga direspon sengaja biar kita cancel, kita costumer mau cancel kaga enak takut udah jlan, tapi malah drivernya sengaja ,buang buang waktu orng, tegasin lagi tuh driver driver begitu masih banyak yg butuh costumer",gojek,google_play
2026-04-01 17:29:19,Aris Cilik,baik,gojek,google_play
2026-04-01 17:28:52,cassa picture,mantap,gojek,google_play
2026-04-01 17:23:50,Saifulloh fitriansyah Fitriansyah,sangat memuaskan,gojek,google_play
2026-04-01 17:03:26,Ahmad Untoro,"bagus, nyaman...",gojek,google_play
2026-04-01 16:47:22,Syahquitta Axelia,muqch,gojek,google_play
2026-04-01 16:46:55,Chris Harry,sangat praktis,gojek,google_play
2026-04-01 16:46:33,rangga lawe,bermanfaat,gojek,google_play
2026-04-01 16:43:02,Mahmud Razaq,Alhamdulillah cepat... aman,gojek,google_play
2026-04-01 16:42:05,Agus Rosyid,Gojek memang tiada lawan dah yang lainnya maaf saya selalu setia dengan Gojek 🥰,gojek,google_play
2026-04-01 16:39:27,fatah tab,top markotop,gojek,google_play
2026-04-01 16:37:24,Diandra,"Ada apa dengan GO-JEK, aku dari tadi pesan GO-MART gagal terus ga dapet driver, sekalinya dapet malah di tolak. Padahal selama menggunakan GO-JEK ga pernah ada kendala sama sekali, baru kali ini dapet kendala saat mesan GO-MART, biasanya juga ga kenapa-napa, tolong di tingkatkan lagi.",gojek,google_play
2026-04-01 16:26:15,Achmad Ropi,baik pelayan sopir nya,gojek,google_play
2026-04-01 16:20:39,ELDE LIANDARI,pertahankan kualitasmu..bila perlu perluas pelayanan dan kualitas Gojek.. Semangat..Semangat..!!💪💪🔥🔥🔥👍👍,gojek,google_play
2026-04-01 16:20:33,Ashila Putri,ok,gojek,google_play
2026-04-01 16:15:37,ATRIATINI_KE11_363,good,gojek,google_play
2026-04-01 16:11:50,Reza Tty,gatau,gojek,google_play
2026-04-01 16:09:51,Rizka Bputri,bagus dan mudah,gojek,google_play
2026-04-01 16:08:45,risa Alayubi,saya uninstall aplikator terlalu serakah tidak memperdulikan driver,gojek,google_play
2026-04-01 16:05:23,Banten 98,gojek bisa anter jarak jauh gak sih iyaa?,gojek,google_play
2026-04-01 15:53:29,Ahmad Syahril Rizky,apk aneh cotumer komplen bukan nya di tanggalin,gojek,google_play
2026-04-01 15:50:37,Vino Norman,kereen,gojek,google_play
2026-04-01 15:43:57,Nafi Fakhrizal,makin lama makin ngaco aja pesen makanan 2 hari berturut2 g pernah dapet driver aplikasi ngawur,gojek,google_play
2026-04-01 15:43:26,siti humairoh,sip bagus,gojek,google_play
2026-04-01 15:39:23,intan edelweis,"sekarang gojek payah banyak driver yg kurang menyenangkan terutama driver gocar . sudah order , sudah nunggu lama malah gk bergerak posisi driver nya di chat gk di balas , di tlp gk diangkat .. sampai berjam2 gk dateng2 dn ttep gk bergerak . sampai gnti 6x driver sama saja ternyata banyak driver yang mengeluh ongkos gak sebanding sm jarak klo emang gak mau kenapa gk di batalin ajah biar kita gk nunggu berjam2 mreka pngennya kita yg cancel agar bintang mreka gk jelek kecewa banget sm gojek",gojek,google_play
2026-04-01 15:38:51,Neny Septiani,pelayanan bagus,gojek,google_play
2026-04-01 15:33:38,Hazimah Khayyirah,"jelek, sekarang dapet driver jadi lama tidak konsisten, ada driver yang posisinya dekat tapi malah dikasih yang paling jauh, jam ramai masih banyak driver kosong tapi tidak dikasih APLIKASI TERJELEK SEDUNIA. edit: masalahnya kak, bahkan aplikasinya sendiri juga sering tbtb loading dan gak bisa dibuka padahal kuota aku ada dan buka aplikasi lain aman, tapi pas buka gojek malah gabisa?? katanya ada kendala teknis??",gojek,google_play
2026-04-01 15:28:14,Christina Dewi,is the best,gojek,google_play
2026-04-01 15:24:46,CBU,ok,gojek,google_play
2026-04-01 15:23:43,Huda Modly,aplikasinya setiap buka selalu nge lag jarak motor masih jauh tiba² udh sampai aja tolong perbaiki lagi jaringan server nya jangan bikin lag,gojek,google_play
2026-04-01 15:23:20,Manta Tera,pokonya mantap,gojek,google_play
2026-04-01 15:06:14,Aderas Smaseh,memudahkan perjalanan,gojek,google_play
2026-04-01 15:04:53,7. AVEL,solusi buat gak ada yang bisa nganter,gojek,google_play
2026-04-01 15:00:59,Adisand Mates,terimakasih cepat dan yepat pelayanannya.,gojek,google_play
2026-04-01 14:58:54,Muhamad naufal fadhil,mantap,gojek,google_play
2026-04-01 14:50:56,Andri Suhedi,"saya sudah 3 tahun setia pakai gojek,dan baru kali ini saya sangat kecewa karena tidak ada layanan hemat lagi, dan saya sanagat butuh untuk transportasi berangkat maupun pulang sekolah, dan saya pindah ke grab karena hematnya ada terus",gojek,google_play
2026-04-01 14:48:00,Asep Yudiana,ok,gojek,google_play
2026-04-01 14:47:40,umi maliq,goodluck,gojek,google_play
2026-04-01 14:40:16,Indah Pesonab9,"masaitu itu telah berlalu, masa sekarang realita, masa akan datang selamat datang",gojek,google_play
2026-04-01 14:38:47,Satriani ani,aplikasi yg sngat membantu,gojek,google_play
2026-04-01 14:34:47,Pabrik Fiberglass Royalfibertech,bagus,gojek,google_play
2026-04-01 14:27:41,Wahyu Firmansyah,sangat membantu,gojek,google_play
2026-04-01 14:25:13,Nadhira Carolina,ok,gojek,google_play
2026-04-01 14:24:11,Keisya Divania,"perasaan dulu ga sesusah ini nyari driver, apalagi kalo pagi, beuhh ga dapet2 dah tuh sampe siang",gojek,google_play
2026-04-01 14:13:30,Uciez Pa,Good,gojek,google_play
2026-04-01 14:07:10,andri firmansyah,mantap pelayanan di aplikasi ini,gojek,google_play
2026-04-01 14:02:05,edi Junaedi,murah taripnya,gojek,google_play
2026-04-01 13:54:51,Ronan Arvinando,Best aplikasi transport online 😍😍,gojek,google_play
2026-04-01 13:45:36,Nieh Eni,ok,gojek,google_play
2026-04-01 13:40:19,Genk Solo,TOP,gojek,google_play
2026-04-01 13:40:15,Tinto Bagaskara,mantap,gojek,google_play
2026-04-01 13:15:47,Abu Hamzah,sangat terbantu cuman kasian bapak ojol banyak kena potongn,gojek,google_play
2026-04-01 13:04:51,Ak Sara,ok,gojek,google_play
2026-04-01 13:02:41,Yerlin waruwu,bagus,gojek,google_play
2026-04-01 13:01:08,Ibrar zikry,saya suka saya suka,gojek,google_play
2026-04-01 12:55:24,roberta pungki,"mantab, gigih mas drivernya cari alamat",gojek,google_play
2026-04-01 12:49:11,Gale Gul,sangat bermanfaat,gojek,google_play
2026-04-01 12:34:35,"P, By one",bagus,gojek,google_play
2026-04-01 12:33:20,martha rosmala,"Ga ada perubahan, pesen gofood ga dapet driver 1 jam lebih, sekalinya dapet di cancel dan mesti nunggu, akhirnya resto minta batalin karna ga dapet2 driver HARUSNYA BIKIN KETENTUAN DRIVER GA BISA CANCEL ORDERAN MASUK,, CUSTUMER UDH ISI GOPAY, PESEN MAKAN DAN UJUNG2 NYA DIBATALIN ITU NGERUGIIN BANGETTT",gojek,google_play
2026-04-01 12:29:38,Ananda Derra,ok,gojek,google_play
2026-04-01 12:26:46,awrel kayla,gblk aplikasi gaje drivernya pd ga niat kerja,gojek,google_play
2026-04-01 12:20:37,Arvino Tristan,baik baik ojolnya,gojek,google_play
2026-04-01 12:19:33,Allen Sulistio,bagus,gojek,google_play
2026-04-01 12:18:23,Reiz,Saya tidak akan berlangganan lagi. Sudah berkali-kali order diterima tapi tiba-tiba kena cancel padahal posisi driver sudah sangat dekat. Saya kena peringatan padahal bukan saya yang cancel,gojek,google_play
2026-04-01 12:08:18,Hikari Akira,i uX u hh,gojek,google_play
2026-04-01 12:03:37,kurniadwi,"selalu dapet diskon yang dar der dor, syukakkkk",gojek,google_play
2026-04-01 12:02:49,Yohanes Hendra,cepat sampai,gojek,google_play
2026-04-01 12:01:53,Yuningsih Yunie,puas.,gojek,google_play
2026-04-01 12:01:25,Pudi Hantoro,the best,gojek,google_play
2026-04-01 11:58:24,Aston Saja,"PROMO PINJAMAN, UNDIAN MOBIL, MOTOR, DST. AKAN DIUNDI 31 MARET 2026 SAMPAI SEKARANG TIDAK ADA PENGUMUMAN BOHONG BGT NIH APLIKASI SUDAH BUNGA TINGGI, TENOR PINJAM PUN, HANYA 2 BULAN TOK.",gojek,google_play
2026-04-01 11:53:25,Arizal Caesar Romadhon,"Aplikasi Gojek Lelet sekali, pantesan saja mahal! Kasih bintang 1 biar tau rasa!",gojek,google_play
2026-04-01 11:36:45,Desi Arisandi,amanah,gojek,google_play
2026-04-01 11:35:22,Paymin Paymin,bagus,gojek,google_play
2026-04-01 11:34:30,Sulthan Luqman,ok,gojek,google_play
2026-04-01 11:33:30,cahya cayyaa,"susah bgt cari driver untuk gofood, udah 2× dibatalin gara"" ga dpt driver",gojek,google_play
2026-04-01 11:30:21,Ibnu Persodo,ok,gojek,google_play
2026-04-01 11:17:14,Novi Novia,bagus,gojek,google_play
2026-04-01 11:16:59,Ruswiko Haris,okelah,gojek,google_play
2026-04-01 11:11:53,Ahsan Nur Khafii,ok,gojek,google_play
2026-04-01 11:09:12,dedik arsavin,ok,gojek,google_play
2026-04-01 11:08:40,Herman Sawiran,good,gojek,google_play
2026-04-01 11:06:37,Afrdynii,sangat membantu,gojek,google_play
2026-04-01 11:05:21,Nurjamal M32,mantab,gojek,google_play
2026-04-01 11:00:39,Azka Aufar,goood,gojek,google_play
2026-04-01 10:56:40,Arya Fahrulrozi,memuaskan terimakasih,gojek,google_play
2026-04-01 10:53:01,Sari Umiyatin,good,gojek,google_play
2026-04-01 10:47:37,iik khot,sangat membantu,gojek,google_play
2026-04-01 10:46:39,ahmad kahfi,good,gojek,google_play
2026-04-01 10:41:01,Abdul Habidi,on time,gojek,google_play
2026-04-01 10:31:24,Gustavo Gutta',rekomendasi,gojek,google_play
2026-04-01 10:20:20,Dandy Congo,mantappp,gojek,google_play
2026-04-01 10:10:47,I Ketut Gordeyase Mas,"gocar sangat baik pelayanan nya, khususnya dapat sopir yg baik² semua",gojek,google_play
2026-04-01 10:07:09,Alia Genial,enggak pernah kecewa sama apk inii love sekali semoga semakin sukses dan pertahanan kebaikan apknya walau sering eror aku ttap pengguna setia gojek apapun jenis layanannya...,gojek,google_play
2026-04-01 10:03:10,Ika Kartika,nyaman driver rapi,gojek,google_play
2026-04-01 09:56:08,Yatni Permana,good driver,gojek,google_play
2026-04-01 09:49:14,Herlina Herlina,"mantap,mempermudah sy utk bepergian n memesan makanan cepat........................",gojek,google_play
2026-04-01 09:39:49,Iin Elika,"akun tiba2 terblokir, katanya ada penyalahgunaan promosi, tapi gak dijelaskan situasinya. pengaduan ke aplikasi dan telp ke cs juga gak ada penjelasan, padahal sudah bertahun tahun pake gojek dan melakukan aktivitas seperti biasanya",gojek,google_play
2026-04-01 09:23:43,Farid Rudisyehlendra,gojek enak sekalii pollllll,gojek,google_play
2026-04-01 09:12:30,Yoyok Yuliyanto,Semoga selalu memuaskan pelanggan,gojek,google_play
2026-04-01 08:59:53,Dodi Suandi,mantap,gojek,google_play
2026-04-01 08:58:35,Naufal Maulana Y,sangat puas dan menyenangkan,gojek,google_play
2026-04-01 08:58:16,Gerald Awesome,mantab,gojek,google_play
2026-04-01 08:44:50,jem jem,good,gojek,google_play
2026-04-01 08:43:57,aulia amaliah,oke dah,gojek,google_play
2026-04-01 08:32:53,Fina Larawatti,"susah bgt dapet driver, ternyata dikasih rating rendahh,pdhl sering ngasih tip dan bintang 5 sama driver.. please perbaiki sistemnya biar costumernya bisa liat siapa driver yg suka ngasih rating rendah sama costumer.. dendam bgtt lagi jm lapar.. kalau udh nanti bintang lima",gojek,google_play
2026-04-01 08:32:04,D Bagas Dmwn,"sistem sampah gabisa hubungi resto itu sistem terjelek, ga bisa cancel makanan karna udah keambil resto. gw salah alamat, biasa app langsung ganti alamat pengantaran ini engga. sialan 50k ilang gitu aja.",gojek,google_play
2026-04-01 08:31:04,Eren Yeagers,"harga ongkir gofood sangat mahal, bahkan lebih mahal daripada harga satu porsi makanan yang akan dibeli",gojek,google_play
2026-04-01 08:25:16,patar mgurns,mantap,gojek,google_play
2026-04-01 08:25:15,WDI,"payah bayar gopay pinjam lancar sampai lunas ga telat2, mau ngajuin lagi di tolak.",gojek,google_play
2026-04-01 08:21:17,Arjuna Shifan,gojek apk bobrok nyari driver lama banget mending hapus saja bikin telat asu dancu,gojek,google_play
2026-04-01 08:18:37,Diana Novita,sangat membantu,gojek,google_play
2026-04-01 08:18:16,Imam Nurhadi,senang,gojek,google_play
2026-04-01 08:09:22,Asep bpm,smkin d tingkatkan kinerja nya,gojek,google_play
2026-04-01 08:06:28,Anissa 89,pokoknya sangat... dan sangat membantu😊👍👍👍,gojek,google_play
2026-04-01 08:02:13,rini kusuma,ok lah drpd ACI,gojek,google_play
2026-04-01 07:53:45,Haulillah Zaini,bagus gampang,gojek,google_play
2026-04-01 07:42:13,Nur Fya,"selaku pelanggan lama gojek agak kecewa ...krn sekarang sepeda listrik masuk k goride comfort, jujur gak nyaman tempat dudukan nya...bikin pinggang sakit..apalagi klo ada jln raya nya gak mulus sakit semua setelah naik goride comfort sepesa listrik...mohon d ubah donk gojek...please",gojek,google_play
2026-04-01 07:37:49,Pengguna Google,Pelayanan dan promo sudah baik,gojek,google_play
2026-04-01 07:35:28,Hollyono Toto,....aman dan bertanggung jawab👍,gojek,google_play
2026-04-01 07:26:26,Santa Tiara,pelayanan driver nya bagus,gojek,google_play
2026-04-01 07:24:38,Yatno Darwes,ok,gojek,google_play
2026-04-01 07:20:20,Agus Sunandar,mantap,gojek,google_play
2026-04-01 07:17:21,Andika Agustian,bagus,gojek,google_play
2026-04-01 07:04:15,Kharina Tri Cahyani,Terkadang gojek ini tidak pake baju gojek pakek baju biasahh kann risihhh kalo di gonceng,gojek,google_play
2026-04-01 07:03:35,Renseo Gabut,"lambat, aplikasi GK jelas ada driver di samping malah di kasih yang 1,9km gila gila. dah malah telat lagi bujg",gojek,google_play
2026-04-01 07:01:58,Frans Manurung,asik supirnya sama2 pernah di palembang,gojek,google_play
2026-04-01 07:01:24,Ria Maya,ni aplikasi kalau di gunakan pagi hari suka aja buat org telat!!!,gojek,google_play
2026-04-01 06:54:51,Miuna Louna,Suka banget 👍,gojek,google_play
2026-04-01 06:53:27,Danang Adi,kadang lama dapet driver nya,gojek,google_play
2026-04-01 06:52:15,Rakanero Valderiz,"driver lu pada manja manja, seenak jidat ngelayanin cust",gojek,google_play
2026-04-01 06:46:48,Hatta Saputra,aplikasi lambat,gojek,google_play
2026-04-01 06:45:17,Damas akbar Maulana,tumben gak ada promo hemat nih min hehhehehrhehhe biasanya ada kembali ke harga normal ya?,gojek,google_play
2026-04-01 06:40:18,Muhammad Budi Syahyamun,"mau pesen mobil susah banget udah pake mode pencairan cepat juga sama aja kalau misal ngak ada mobil,tulis aja ngak ada jadi kagak nunggu berjam² nyari kagak muncul²",gojek,google_play
2026-04-01 06:39:06,Alvi Maulidda oktavia,alah ga berguna lu jadi aplikasi dasar tolol maaf maaf ga nyaman tolol lu makin kesini servernya makin jelek ga bermutu bikin telat gua brgkt kerja monyet lu,gojek,google_play
2026-04-01 06:36:06,Priyatna Computer,parah driver sekarang pilih2 customer sama tarif tujuan ke sekolah pasti pelajar di cancel terus....kacau,gojek,google_play
2026-04-01 06:34:11,Aisy Rahman,"kecewa banget sama gojek, driver nya gaada yg mau terima program hemat, mending gausah di adain aja sekalian, aku mau sekolah jadi telat dan kena marah, padahal udah 30 menit nunggu gaada yg mau ambil, dahlah uninstall aja",gojek,google_play
2026-04-01 06:29:46,Indra Pratama,aplikasi paling lelet setiap pagi susah mencari driver sekali dapet langsung di cancel,gojek,google_play
2026-04-01 06:20:08,Andri Saputro,"Tukang Ojeknya sekarang banyak yang ga mau narik , mending pecat pecatin aja biar pada nganggur lagi",gojek,google_play
2026-04-01 06:20:07,Anaphalis Perdana,👍🏻👍🏻👍🏻👍🏻👍🏻,gojek,google_play
2026-04-01 06:04:55,Rafa Antoni,"lelet,mahal,jarak cuma 1km semahal itu",gojek,google_play
2026-04-01 06:01:16,Rizma Aulia,keren,gojek,google_play
2026-04-01 06:00:11,Rifqi Juani akbar,"aplikasi jelek, cuman buat telat aja, ga bisa diandelin, banyak driver yang lebih dekat tapi disambungin sama driver yang paling jauh",gojek,google_play
2026-04-01 05:40:33,Youknow Me,"layanan semakin buruk, baik dari layanan aplikasi yang semakin mahal dan banyak tarif lainnya serta pengemudi sekarang yg kurang loyal. saya pikir ini terjadi karena kebijakan dari gojek sendiri",gojek,google_play
2026-04-01 05:17:55,Annisa Dewi,kecintaan makhluk magerr,gojek,google_play
2026-04-01 04:32:50,Hardi Saputra,"login awal susah sekalinya gagal langsung nunggu 60 menit , kecewa 😑😑",gojek,google_play
2026-04-01 04:13:07,Arie Wibowo Nugroho,Sangat bermanfaat,gojek,google_play
2026-04-01 03:51:27,Sulistyo,"tolong untuk para driver nya di cek lagi, banyak sekali yang di luar ekspektasi, dateng pakai sendal lah, celana pendek, spion kiri gak ada, gak pake jaket go jek, sambil ngerokok, kalau perlu yang rate di bawah 4, langsung di Shut down akun nya",gojek,google_play
2026-04-01 03:50:02,Tirta Wardhana,"Smoga sukses n Sistem tolong di Rubah untuk Promo & Voucher khusus Coustumer or Pengguna Aplikasi Go-Jek Pelanggan,untuk Pemesanan or Orderan jngn terlalu Kelamaan untuk Mendapatkan Driver or pun untuk Pengantaran dri Driver. Spaya Mempermudah & Melancarkan untuk Pemesanan dri Aplikasi Go-jek. Trimakasih...",gojek,google_play
2026-04-01 02:25:06,Erwinsya Putra,"driver nya parah , g ada yg mau ambil padahal saya sdh minta tolong tapi g Da yg mau",gojek,google_play
2026-04-01 02:20:02,Amy Priswanti,"Saya bayar, sebelum bayar udah dipastikan voucher nempel. Pas udah bayar, malah voucher gak dihitung nempel & gak dpt cashback. Aplikasi Penipu!! 👎👎👎👎👎 sekarang ditambah lelet banget aplikasinya. 👎👎👎👎👎",gojek,google_play
2026-04-01 01:41:47,Wiyono Wiyono,22o,gojek,google_play
2026-04-01 01:29:10,Parluhutan Gultom,ok,gojek,google_play
2026-04-01 01:23:36,Raisya Mahira,makin keerrreen aplikasi nya,gojek,google_play
2026-04-01 01:20:51,Rendi Dovala,"TOLONG DONG UNTUK DEVELOPER / IT SUPPORT / SEARCH ENGINE APLIKASI GO JEK, ini loh banyak sekali dari oknum driver kalian yang masih tidak tau aturan lalu lintas ( lampu lalu lintas, Marka jalan, symbol plang di pinggir jalan, dll ) tolong untuk lebih di ketatkan lagi dan apalagi banyak oknum yg provok. Dan tolong juga nih di perhatiin untuk costum drivernya kalau bisa di berikan gratis/berbayar dalam jangka waktu 1-3 tahun sekali,karna banyak driver kalian yg costumnya udh rusak/sobek/dll.makasi",gojek,google_play
2026-04-01 01:04:52,Annisa Puspita .S,ga ada perubahan. klo complain ke cs pun ga akan ngasih solusi yg terbaik buat cust. mendung dikit aja pasti susah dpt driver. jarang bgt juga dapet driver yg ramah & sopan. intinya kureng makanya ku pindah ke sebelah,gojek,google_play
2026-04-01 00:53:47,Muhamad Andry,diskon nya tidak ada dan gratis ongkir nya sangat sedikit,gojek,google_play
2026-04-01 00:29:52,Misran,sesuai kemauan konsumen👍👍,gojek,google_play
2026-04-01 00:22:03,Muhammad Furqan,nicee,gojek,google_play
2026-04-01 00:06:43,Sulistyo Ning,apk goblok di nteni suene neni malah raono tukang ngeterno ne picek tuwas ngenteni kaliren,gojek,google_play
2026-04-01 00:03:02,Bilqisthi Khuril Wazni,anehh padahal ga pake ongkir hemat pun dapet drivernya susah bgttt bisa sampe 2 jam 😭,gojek,google_play
2026-04-01 00:00:37,Rahmad Eko Prabowo,"3 jam nunggu driver ga ada driver mulu, error ni apk",gojek,google_play
2026-03-31 23:57:17,Echa Karundeng,selalu pajak Gocar,gojek,google_play
2026-03-31 23:36:16,Eko Hs,Bagus,gojek,google_play
2026-03-31 23:22:08,Angga Rama Putra,jelek banget malam dikit susah dapat driver norak,gojek,google_play
2026-03-31 23:21:52,Mita Permatasari,Entah sistemnya yang bobrok atau gimana ya sampai driver goride dll pada gamau ambil orderan.. kadang tuh klo urgent kita jadi bingung.. udah males pake gojek kalau nunggu goride aja bisa sampe 10 menitan gada yang mau angkut padahal harganya udh naik banget.. alhasil ku pilih ijo yg disebelah bayar pake cash yang penting cepet dapet drivernya.. sangat mengecewakan gojek sekarang.. jangan kebanyakan korup makanya.. 🙏,gojek,google_play
2026-03-31 23:06:26,Krisyanto Wahyudi Wijaya,"Armada buat di bandara diperbanyak lah, gila aja list antriannya sampe 30",gojek,google_play
2026-03-31 23:01:51,Akmal Kdy jfg kgh htg gdg,"udah di apdet pula, apdet mulu anying, nunggu 1 jam gila', februari 31 maret 2026, gak tawu gak mood gua lapar dan gua udah pesen makanan dari resto lain, disuruh nunggu driver sebelum makanannya di kemas, padahal mah resto lain s.o.p nya kagak gitu, inisial geprek bassmallah, + juga kagak bisa di pencet untuk chat resto gila' kontlolodon apatis kelen, yaelah kesalahan sistem anying harus out dulu dari gojek, karena warungnya lupa matiin kontlolodon",gojek,google_play
2026-03-31 22:51:48,CemonX 88,LauMayanLah' dariPada LauManyunLah..,gojek,google_play
2026-03-31 22:43:18,Gihan Pratama Yoga,"sangat membantu dalam banyak aktifitas, pergi pesen makan atau minum dan progam program lain nya.",gojek,google_play
2026-03-31 22:41:58,Khalisa Aiza Nurfakhira,mantap 👍,gojek,google_play
2026-03-31 22:30:54,Eri Hermawan,Tolong kesejahteraan driver di perhatikan ya. bisnis memang cari untung sebanyak. tapi jangan lupa jasa driver yang jadi ladang penghasilan gojek. terimakasih.,gojek,google_play
2026-03-31 22:17:00,Miftah Fauzi,cepat,gojek,google_play
2026-03-31 22:12:47,Dede Risdianty,"Gatau kenapa udah hampir semingguan ini susah dapat driver, kata nya karena ada kebijakan sistem (dari komen driver di tik tok) yang membuat driver cuman dapat sedikit dari hasil.",gojek,google_play
2026-03-31 22:04:11,Neneng,"Lama susah cari driver ketika di butuhin, kadang sampe sejam",gojek,google_play
2026-03-31 22:00:40,Shugenk Riyadi,mending pake ijo sebelah lebih manfaat . ini aplikator korup.,gojek,google_play
2026-03-31 21:57:49,nano Elektronik,oke,gojek,google_play
2026-03-31 21:34:45,Chntyxnkdr,GOJEK BIKIN FITUR BUAT PEMBATALAN GOFOOD DONG! SUSAH BANGET KALO SALAH PESANAN MAU NGEBATALINNYA KUDU NUNGGU 1 JAM ORANG UDAH MATI KELAPARAN. KALO TERLALU JAUH TUH DRIVER GAADA YANG MAU AMBIL PESANAN! KITA KONSUMEN JUGA KALO UDAH KELAPARAN SUKA GA BACA ALAMAT WARUNG NYA,gojek,google_play
2026-03-31 21:31:40,Gatot Kenzie,sipo,gojek,google_play
2026-03-31 21:30:04,Sarimah Fitriani,bagus pelayanan nya,gojek,google_play
2026-03-31 21:14:14,Dwi Novita,ramah,gojek,google_play
2026-03-31 21:12:19,Nana Kripkrip,ok,gojek,google_play
2026-03-31 21:03:38,Afiqa Putri,wah,gojek,google_play
2026-03-31 21:01:09,Rizki Putra Pratama,sangat membantu dalam kegiatan sehari hari,gojek,google_play
2026-03-31 21:00:54,Marjono Thimothi,ok,gojek,google_play
2026-03-31 20:58:25,Fenny Permata,"kalo buat pesen gofood selalu lama banget nganternya dan dapet drivernya juga suka lama bahkan sampe gak dapet driver dan kalo pesen buat nganter orang juga lama dan selalu dapet driver yang jaraknya jauh-jauh, sama kalo pembayaran menggunakan cash driver selalu bilang gak ada kembalian terus sebel jadinya😡😡😡😡",gojek,google_play
2026-03-31 20:57:25,Ishar Qualva,Good... 👍,gojek,google_play
2026-03-31 20:46:16,juandi rosandi,"sekarang susah cari driver, dapat kadang posisi jauh2",gojek,google_play
2026-03-31 20:43:19,azkadina putri,"hem, bagus",gojek,google_play
2026-03-31 20:36:12,Naufal I.F,"lumayan kecewa gw ama sistem aplikasi, utk cari go ride susah sekali dan selalu dapat yang jauh-jauh. belum lagi tiba tiba drivernya cancel walaupun deket. kecewa gw anjg ama sistem apk ini",gojek,google_play
2026-03-31 20:22:13,Arma Rh,kenapa ya gofood sekarang susah banget untuk dapat driver?,gojek,google_play
2026-03-31 20:20:54,Hans weltry,memuaskan,gojek,google_play
2026-03-31 20:14:02,perdian dreiano,"susah bgt dapat driver food, mana gk bsa cancel lagi hrus nunggu 1 jam lebih baru bisa di cancel. tolong ubah dong sistemnya bisa di cancel 15 menit paling lama. ini gmna sih kecewa bgt. dlu aman2 aja skrng knpa bisa gini.",gojek,google_play
2026-03-31 19:51:45,Guno Trisetio,"pelayanan cepat, tidak ada bug, gacor",gojek,google_play
2026-03-31 19:34:13,Pengguna Google,kalau pagi sulit buat dapat gojek & sering di minta cancel oleh driver,gojek,google_play
2026-03-31 19:34:12,Muhammad Bilal ramadhan,"mohon untuk di atasi untuk penjemputan yang lama,di karenakan memakan waktu dan tidak worth it dengan harga yang di berikan kepada customer, di mohon untuk pihak Go-Jek melakukan pembenahan agar customer tidak harus menunggu lama dan jenuh, jika menunggu 5 menit untuk mendapatkan driver baik baik saja, tapi ini lebih dari 30 menit, bahkan sampai 1 jam lebih menunggu driver yang tidak kunjung datang, jadi mohon di dengar untuk keluhan user/pengguna",gojek,google_play
2026-03-31 19:25:04,Ahmad Adifa,lama kalo cari driver nya,gojek,google_play
2026-03-31 19:22:42,Novi rahma utami,ini kenapa sih aplikasi nya di download ga jalan jalan padahal internet lancar,gojek,google_play
2026-03-31 19:20:43,22bersenyum manis,sayang nya mahal ongkir makan,gojek,google_play
2026-03-31 19:17:16,Afni Wirda,emang oke gojeknya tepat waktu ramah baik,gojek,google_play
2026-03-31 19:00:08,Beriel Musthofa,Aplikasi susah sinyal,gojek,google_play
2026-03-31 18:55:33,Wirdiata Jnanayaka,mantap,gojek,google_play
2026-03-31 18:53:17,Nasution Renovasi Bagunan,bagus,gojek,google_play
2026-03-31 18:46:15,Raffa Febrian,dapet driver lama banget sumpah bikin telat aja,gojek,google_play
2026-03-31 18:36:49,azzatrulala,"baguss bangett, banyak promo, ga nyesel download gojek selama ini. ter the best💗✨",gojek,google_play
2026-03-31 18:34:46,Donatz Corleone,"susah mendapatkan driver, saya kesulittan untuk berangkat atau pepergian, karna tidak ada driver yang mengambil orderan",gojek,google_play
2026-03-31 18:34:33,Rini Swandana,menyenangkan,gojek,google_play
2026-03-31 18:33:44,Rezaa Fazry,dr 2017 SMP skarang 2026 best dll pkai apk gojekkk,gojek,google_play
2026-03-31 18:31:54,Yehezkiel Margiyanto,cepat sampai tujuan,gojek,google_play
2026-03-31 18:29:20,Maureen Jansen C,knp selalu menyediakan promo & fitur goride hemat padahal pengemudi jarang yg mau ambil. Klo fitur hemat driver sering nolak. Buang2 waktu apalagi udah ditunggu ujung2 nya cancel sepihak!!,gojek,google_play
2026-03-31 18:13:17,Zaki Hidayat,nyaman,gojek,google_play
2026-03-31 18:01:14,Azzqb,"Aplikasi nya bagus, tapi tolong masa karena sistem nya error gara gara pesan makanan lewat go food",gojek,google_play
2026-03-31 17:53:18,Rahma Jibril,akhirnya aplikasi nya kembali normal lagi,gojek,google_play
2026-03-31 17:47:44,MOIRA KORESH,kewrennn,gojek,google_play
2026-03-31 17:40:25,Mer,Make everything easier.,gojek,google_play
2026-03-31 17:34:29,Madi Rahmadi,aplikasi ini sangat baik untuk di gunakan,gojek,google_play
2026-03-31 17:23:14,Dava Syarifudin,"Udah ke sekian kalinya saya memesan makanan udah nunggu beberapa menit tapi driver gak di temukan ini gimana !, pada kemana coba padahal perkota kan banyak",gojek,google_play
2026-03-31 17:19:47,Sukho,Good job bro,gojek,google_play
2026-03-31 17:07:16,Bahru din,ok lah,gojek,google_play
2026-03-31 17:06:13,Moch Fazril,"hadeu sangat susah dapat driver padahal lokasi para driver nya dekat, tolong d perbaiki lagi",gojek,google_play
2026-03-31 16:58:17,Latisha Haira,bagus bisa beli yang kita mau,gojek,google_play
2026-03-31 16:49:27,Ari Sugiyarto,TOP,gojek,google_play
2026-03-31 16:44:11,zaydan hails,pokoknya bagus,gojek,google_play
2026-03-31 16:43:55,So Na,pokok nya baguss,gojek,google_play
2026-03-31 16:36:36,Jery Borland,nyaman,gojek,google_play
2026-03-31 16:33:23,Najmi Khaira,baik,gojek,google_play
2026-03-31 16:33:09,Eko Setia,semoga semakin sukses di dalam melayani dan semakin baik,gojek,google_play
2026-03-31 16:20:04,Veronica 0401,gojek bnyk penipuannya y skrng,gojek,google_play
2026-03-31 16:17:49,Giyanti Masage,aplikasinya sekarang ndak sip,gojek,google_play
2026-03-31 16:10:05,Nanda AlRamadhan,entahlah kalo mulai mendung para driver pilih2 penumpang,gojek,google_play
2026-03-31 16:08:45,Indra Mardhani,"kesan pertama mengecewakan, dikasih promo tapi dapet driver yang aneh, pertama abangnya gak jalan2 dan kedua juga sama, tunggu lama gak jalan juga dan baru driver ke 3 tanpa promo drivernya baru reapon cepet dan langaung jalan",gojek,google_play
2026-03-31 15:56:29,Fatimah Happyshopping,bagus nganterin saya 🙋kapan saja,gojek,google_play
2026-03-31 15:53:28,poltak hasudungan,mana no customer service gojek driver nya?,gojek,google_play
2026-03-31 15:43:37,Daniel Aryawan,pelayanan bagus👍🏻🙂,gojek,google_play
2026-03-31 15:38:35,key,"banyak promo, mantapppp🔥",gojek,google_play
2026-03-31 15:35:19,Mustika Farma,drivernya Ndak sopan karna motornya hampir nyeruduk pintu kaca apotek.,gojek,google_play
2026-03-31 15:28:38,Ickhar Jili pratama,gajelas driver pilih pilih banget aplikasi gj hapus dri playstore aj,gojek,google_play
2026-03-31 15:07:31,zacky wow raditya,"good aplikasi, rekomendasi untuk yang mau berpergian",gojek,google_play
2026-03-31 15:07:22,Andriana Rahman,good,gojek,google_play
2026-03-31 15:04:22,Nofri Yanti,suka dg aplikasi ini sangat membantu,gojek,google_play
2026-03-31 14:54:38,Ani Lestari,terimakasih Sampai tepat waktu,gojek,google_play
2026-03-31 14:49:03,Mauana Hidayat,ok mantap,gojek,google_play
2026-03-31 14:45:22,Ron Imron,pelayan aman sopan,gojek,google_play
2026-03-31 14:43:02,Ikhsan Setyo,Bagus dan cepat saat memesan gojek dan prosesnya tidak lama,gojek,google_play
2026-03-31 14:35:46,Watiyem Mm,"kenaoa aplukasunya dibuka lelet banget serink blank putih,padahal saya sering banget pakai gojek",gojek,google_play
2026-03-31 14:33:10,Amrullah,sangat membantu disaat saat yg mendedak,gojek,google_play
2026-03-31 14:30:07,Fauzan Ramadhan,bagus,gojek,google_play
2026-03-31 14:28:44,FAHRUL PATTIKUPANG,good,gojek,google_play
2026-03-31 14:26:22,Ham Mdc278,aplikasi terbaik dan terbagus,gojek,google_play
2026-03-31 14:10:58,Kristina Tina,terima kasih,gojek,google_play
2026-03-31 14:10:52,Sakhuri,memuaskan,gojek,google_play
2026-03-31 14:01:18,Kartika Fitrazari,"driver gojeknya kurang ajar, numpang berteduh di depan rmh orang tp motornya di naikin sampe hampir nyeruduk pintu rmh, di kasi tau baik2 malah nyolot. gimana sih ini gojek milih driver tp TDK sopan.",gojek,google_play
2026-03-31 13:59:19,Muh Ridwan,Mantap...,gojek,google_play
2026-03-31 13:55:54,Hary Anto,keren,gojek,google_play
2026-03-31 13:53:32,MyCha Dwi,"ini aplikasi gocar saya ko gk bisa dipakai kenapa saldo saya masih banyak,, pengen ngamuk saya kalau gini, semakin error aja ini",gojek,google_play
2026-03-31 13:46:15,Safia Maulida,sangat membantu,gojek,google_play
2026-03-31 13:45:56,unay bastiansyah,memuaskan,gojek,google_play
2026-03-31 13:45:25,kriss boy channel,"Murah,cocok buat berangkat kerja",gojek,google_play
2026-03-31 13:38:17,Salsabhila Nazhifa Amelia,bagus,gojek,google_play
2026-03-31 13:34:16,Muzie Taher,"Solusi terbaik,untuk menghemat waktu",gojek,google_play
2026-03-31 13:32:22,kareen draka,bagus aplikasinya lancar buat transportasi luar maupun dalam kota.,gojek,google_play
2026-03-31 13:24:54,Zaky Kiya,Bagus banget cepat,gojek,google_play
2026-03-31 13:24:09,Farah Dwi destaviani,BESSSSSTTTTT,gojek,google_play
2026-03-31 13:18:12,Marno Marno,ya gitu deh,gojek,google_play
2026-03-31 13:11:19,pemi mjp,baguss,gojek,google_play
2026-03-31 12:56:45,Nizar Zaidi Hasfi,cakep,gojek,google_play
2026-03-31 12:56:32,Ilham Musidiq,good,gojek,google_play
2026-03-31 12:51:23,Mery Andriana,"kebiasaan ngasih driver yang jauh, orang butuh cepat jadinya telat terus walaupun udah pesan 30menit sebelumnya",gojek,google_play
2026-03-31 12:46:10,Ferri Nita Kumalasari,bagus,gojek,google_play
2026-03-31 12:46:02,Maulana Maulana,sagat bagus dan membantu,gojek,google_play
2026-03-31 12:43:33,shrantingjetisjogja,ok,gojek,google_play
2026-03-31 12:42:00,Agung Kurnia,"order driver lama,kalo sekalinya dapet,jaraknya jauh,sama drivernya juga suka nge cancle,karna dari aplikasinya.",gojek,google_play
2026-03-31 12:36:30,Samsung Galaxys23fe,terbantu sangat 1.untuk perantauan seperti saya terkadang jalan yang saya ga tau jadi tau 2. merasa aman ga takut kesasar 3. terbantu untuk transportasi umum bila butuh cepat dan tepat waktu,gojek,google_play
2026-03-31 12:30:34,Eko Saryanto,mantappp,gojek,google_play
2026-03-31 12:27:32,Fernando Panjaitan,grab lebih bagus ada fitur cod kadal Ama biawak,gojek,google_play
2026-03-31 12:21:42,MuhammadUjang Ujang,mudah di dapat drivernya begitu juga metode pembayaran nya bisa tunai dan gopay,gojek,google_play
2026-03-31 12:17:52,Ari Ando,update terbaru iya.. tp disc voucher digofood jadi hilang.. pesen makanan jadi mahal.. mohon perbaiki lagi,gojek,google_play
2026-03-31 12:10:52,Diah Iswoyo,orangnya ramah enak diajak komunikasih😍😍,gojek,google_play
2026-03-31 12:10:06,ERLINA YULIANI,dapet driver jauh terus deh.,gojek,google_play
2026-03-31 12:07:09,Siti Patimah,sangat baik,gojek,google_play
2026-03-31 12:00:55,Aqwam Thariq,"Memudahkan kebutuhan kita sehari-hari, baik transportasi maupun pesan makan online",gojek,google_play
2026-03-31 11:59:53,Juliantara XD323,"saya beli kuota, malah nga masuk, aneh bgt, padahal saya pakai kerja lo, klo mau korup jangan sama rakyat kecil,",gojek,google_play
2026-03-31 11:59:36,Roeihsadzi,"Sangat memudahkan klo naik gojek atw gocar,cm klo anak saya mau brgkt sklh pg,knp GK ada yg mau order ya,apa ongkos nya murah.saran saya klo anak sklh pergi pg,tlg dong di respon,jd anak saya GK bolos lg.",gojek,google_play
2026-03-31 11:50:17,endang lestari,oke,gojek,google_play
2026-03-31 11:42:01,Ipoer 1604,Pelayan & respon mantaps,gojek,google_play
2026-03-31 11:41:06,muhammad malik SF,"driver pada males, pilih² orderan. kalo trip deket ga ada yang mau ambil",gojek,google_play
2026-03-31 11:35:43,Agen 188,OK,gojek,google_play
2026-03-31 11:31:36,XXX TENTACION,"login akun dan memetakan lokasi lama untuk penguna baru. bisa 10menit+. alasan jaringan ngak ada, padahal bagus lancar",gojek,google_play
2026-03-31 11:06:34,Wilman Pratama,"tengah malem laper susah nyari driver, sampe tokona tutup-_-",gojek,google_play
2026-03-31 11:06:23,Rico Ronaldo,Nice aplication easy for Journey,gojek,google_play
2026-03-31 10:54:20,NAUFAL,banyakin promo,gojek,google_play
2026-03-31 10:35:28,Wendra Munib,mantap,gojek,google_play
2026-03-31 10:35:26,Rp 750,app status Mitra rasa karyawan kebijakannya sangat jelek,gojek,google_play
2026-03-31 10:33:31,Otak Atik,"payah susah dapet driver giliran dapet di cancel lagi mau ngirim barang susah bener bayar pake gopay gak bisa knp jadi banyak amat masalahnya akhir"" ini",gojek,google_play
2026-03-31 10:27:34,Ipa SS,good,gojek,google_play
2026-03-31 09:55:59,Nurhiyanto Wahyu,sangat suport nyaman dan aman,gojek,google_play
2026-03-31 09:53:14,Eris Suryadi,muantap,gojek,google_play
2026-03-31 09:45:06,Asrori Yahya,layanan cepat dan mudah,gojek,google_play
2026-03-31 09:35:58,jae_054,baik,gojek,google_play
2026-03-31 09:24:58,Rahmad Efendi,ok,gojek,google_play
2026-03-31 09:19:45,Edi Suryanto,aplikasi masa kini yang sangat membantu,gojek,google_play
2026-03-31 09:17:24,Arif Alhabsi,mantap pokoknya,gojek,google_play
2026-03-31 09:17:04,AL,byk GOCAR SERING MENYETUJUI tp tdk merespon chat dan tdk datang,gojek,google_play
2026-03-31 08:43:55,luh Putu,ok,gojek,google_play
2026-03-31 08:40:46,Ardy Anggriawan,👍,gojek,google_play
2026-03-31 08:13:56,Richard Nbbn,Pokonya bagi saya pengguna Apknya bagus deh....,gojek,google_play
2026-03-31 08:05:52,Edho M Rosyid,Rating bagus tapi jadi yang paling sering dirugikan gojek.,gojek,google_play
2026-03-31 08:04:03,A. Andini Dinda Adisqa,"sy pesan makanan dekat rumah tp malah drivernya ambil pesanan saya trus terima orderan lain dan itu lokasinya di Pallangga jauh dari lokasi saya di sungguminasa. mana drivernya gabisa dihubungi, anak saya sampe udah kambuh maagnya nungguin muntah-muntah dia, dan pesanan jg gabisa dibatalin terpaksa pesan dua kali tp bayarnya dua juga",gojek,google_play
2026-03-31 07:40:28,Dimas Kris,Mantaap,gojek,google_play
2026-03-31 07:36:22,Ajat Sudrajat (Adjedoang),Mantap,gojek,google_play
2026-03-31 07:17:14,Chandra Pradipta,Aplikasi penagih hutang,gojek,google_play
2026-03-31 07:14:58,IDN AINUN,👍👍👍,gojek,google_play
2026-03-31 07:14:27,Nuryadi Yadi,Baik.,gojek,google_play
2026-03-31 07:13:37,andi shevchenko,"enak, murah, bisa paylater juga😍👍🏻",gojek,google_play
2026-03-31 07:09:19,Eriska Widianti,bisa diandalin saat keburu-buru,gojek,google_play
2026-03-31 07:06:50,Indratno Amd,"untuk anter sekolah anak driver jemput perjalanan 9 menit,sesek ngak tu... mau cancel kasihan nunggu kelamaan. apa ngak ada driver terdekat wooii...gojek",gojek,google_play
2026-03-31 07:06:42,Dip Yuw,siiip,gojek,google_play
2026-03-31 06:57:09,Arya Harmadika,sngat membantu,gojek,google_play
2026-03-31 06:55:46,ellaa,"ngga ngerti lagi sama ini apk lelet bgt, udh pake harga yg paling mahal tapi ga dapet driver🥰🥰",gojek,google_play
2026-03-31 06:54:47,Ika Invansona,ok,gojek,google_play
2026-03-31 06:51:39,Fitria Nova,kenapa sekarang pesen Go Ride itu lama banget gak ada yg ngambil pesenan yah... bayar dah normal kadang ngasih tip juga,gojek,google_play
2026-03-31 06:45:54,Fahri Joe,SEMAKIN MAHAL dan TIDAK REKOMEN 🥵,gojek,google_play
2026-03-31 06:41:40,Dikha,lama dapet driver telat mulu anjjggg,gojek,google_play
2026-03-31 06:41:36,Hendra Saputra,"pesanan lama, pas dapet driver posisi jauh , gojek udah bodoh",gojek,google_play
2026-03-31 06:39:43,Ardany Arlita,makin sulit cari driver perbaikin dong sistem nya kasian user yang jadi korban,gojek,google_play
2026-03-31 06:34:48,Satu Enam,"lelet banget bikin sya telat sekolah,udh di booking dr awal waktu aja masi gada yg bsa d dapet",gojek,google_play
2026-03-31 06:28:14,Ubil Ubil,susah dapet gojeknya,gojek,google_play
2026-03-31 06:25:32,Pponyo Picolo,"sekarang nyari driver susah, pada ga MW ambil",gojek,google_play
2026-03-31 06:23:38,FAIRUZTRANS,tolong banget nih kak goride hemat tolong cepetin pencarian driver nya mak,gojek,google_play
2026-03-31 06:21:36,SEPTIA PUTRA,suka susah dapat driver gak rekomend bat payah,gojek,google_play
2026-03-31 06:20:56,Gilang Goper,puas,gojek,google_play
2026-03-31 06:17:42,Fadhlurrahman NF,ok,gojek,google_play
2026-03-31 06:16:08,Arsyilla Syilla,mempercepat perjalanan apabila dibutuhkan,gojek,google_play
2026-03-31 06:08:03,Firman Syah,"selalu susah dan tidak dapat driver kalo pagi pagi order, padahal pagi itu jam jam rawan anak mau berangkat sekolah... sekelas gojek ga ada yang bersedia",gojek,google_play
2026-03-31 06:05:35,Hagai gabriel L.T,tolong lah gojek jangan rakus akhir akhir ini driver jadi makin jauh dapet lokasi saya tau maksud fitur yang baru yang tambah 3000 untuk cari driver lokasi dekat tapi bukan begini,gojek,google_play
2026-03-31 05:53:00,Nur Halim Alma'mury,menyenangkan....,gojek,google_play
2026-03-31 05:52:28,Putri Kholifa,"susah sekali dpt gojek, sudah pakai yg paling mahal pun ditolak, 30 menit nungguinnya.",gojek,google_play
2026-03-31 05:39:14,Yuma,ini kenapa ya saldo kepotong 72.000 padahal order gocar gak dapat??? sudah yang kedua kalinya nihhh kacauuuu!!,gojek,google_play
2026-03-31 05:27:19,Disney Family,"hati2 para pelanggan, saya memakai app ini sdh sgt lama dan hr ini sy sgt kecewa krn 3 hari lalu sy memesan makanan tp 2 item oleh resto di bilang abis, bgtu makanan tiba sy byr driver lgsg tancap gas tanpa memberi sy uang kembalian dan lngsung di end chat. sy buat laporan hingga 3 hr bertele2 di minta foto berulang kali n di blg gk bs lapor sth 24 jam pdhl sy lapor saat itu jg tp pihak gojek yg sengaja meresponnya keesokan hari. Hati2 aja para pengguna app gojek jika beli makanan.",gojek,google_play
2026-03-31 05:18:56,Syafiq Mochammad,👍,gojek,google_play
2026-03-31 04:59:47,Vemby Aditya Herman,"APK OJEK MAKIN GOBLOKKKKKK, GADA BAGUSNYA KNTL",gojek,google_play
2026-03-31 04:52:13,Putra Kurnia,driver nya pilih pilih,gojek,google_play
2026-03-31 04:49:04,cor chon chanel,"bnyak driver nakal,, diapliksi tulisnya 12rbu glirn byar mintanya 30rbu.hati"" klo plat beda dgn nmor yg trcntum diaplksi jgn mau.hnya modus.",gojek,google_play
2026-03-31 04:32:59,Muhammad Sukron,tolong drivernya yang kompeten saya sudah nunggu lama udah sampai di cancel,gojek,google_play
2026-03-31 02:59:51,Devi Firdaus,great app,gojek,google_play
2026-03-31 02:14:52,Rendi Prtma,mantp,gojek,google_play
2026-03-31 02:02:12,Veri Kurniawan,cs layanan nya jelek ga member solusi,gojek,google_play
2026-03-31 01:53:58,Elseria Naibaho,DRIVER TERSEBUT (DALAM GAMBAR SCREENSHOT TERLAMPIR) MELAKUKAN PELANGGARAN DALAM MEMBERIKAN PELAYANAN KEPADA SAYA SELAKU PELANGGAN !,gojek,google_play
2026-03-31 00:35:42,gagan sugandiatmawijaya,Bagus,gojek,google_play
2026-03-31 00:19:06,rre,Bagus banget aplikasinya🥺,gojek,google_play
2026-03-31 00:01:01,yatno back,Mulai bosok 🤣,gojek,google_play
2026-03-30 23:38:29,fikri manda,terimakasih,gojek,google_play
2026-03-30 23:32:37,Sumardi Laga,segala sesuatu menjadi lebih mudah,gojek,google_play
2026-03-30 23:28:27,Kartika Islamiya,"bagus applikasi nya cuman buat gofood banyakin voucher gratis ongkir, untuk transaksi under 20 ribu dong 🙏🏻",gojek,google_play
2026-03-30 23:12:01,andy 689,mantaaaap,gojek,google_play
2026-03-30 22:58:52,Okta Piani,"yaoooooo berguna banget buat aku yang suka mageran ini, pelayanan nya juga oke2",gojek,google_play
2026-03-30 22:55:24,Slamet Sugiyanto,jos,gojek,google_play
2026-03-30 22:43:20,dhini yulianita,"Selama 10 Tahun Pake Gojek, Baru Sebulan ini merasa SANGAT KECEWA. 1. Argo Selangit tapi buat dapet Driver Lamanya minta ampun; sekalinya dapet Jauh, nunggu lagi; 2. Order Gofood juga susah buat dapet driver, harus nunggu 30-45 menit baru bisa cancel.. Itupun belum tentu dapet driver. Sekalinya dapet, mesti nunggu lagi makanan untuk dibuat; 3. Dari dulu kalo Hujan Lelet. Gojek Gak Menghargai Customer kalo begini caranya!!",gojek,google_play
2026-03-30 22:34:32,ARIF RAHMANSYAH,MANTAAAAAP 👍,gojek,google_play
2026-03-30 22:29:38,Chiechie Salon,tolong di perbaiki LG susah dapat driver Skali nya dapat lama jadi kesel,gojek,google_play
2026-03-30 22:27:36,MONKEY MAGIC22,mantul,gojek,google_play
2026-03-30 22:07:36,Ardi Susanto,Putar-putar cari driver pembayaran tunai,gojek,google_play
2026-03-30 22:06:37,Nur Hanifah,"u've to download it😙 update 30 Maret 2026, skrg pesan gofood mencari driver LAMAAA BANGET. itu tuh kenapa??? saya di fnb jg gitu, pesanan lama di pick up dan berujung cancel. toko rugi, buang waktu customer nunggu makanan.",gojek,google_play
2026-03-30 22:06:23,yogi suryono,"lemot cari driver keburu asam lambung ,aplikasi nya yg lemot",gojek,google_play
2026-03-30 21:50:01,Nur Nonaa,smua baguss,gojek,google_play
2026-03-30 21:49:13,Berbard Bir,"tolong bilangin gojek daerah Dawuan Karawang, ga usah blagu kalo dpt order 10k, nnti anyep koar2.",gojek,google_play
2026-03-30 21:46:27,Windia Ajah,susah bgt dapet driver pdhl lokasinya driver nya pada deket bgt tapi susah bgt,gojek,google_play
2026-03-30 21:45:28,RATNA NINGSIH,"pesan gofood sdh hampir 1jam tiba² restonya membatalkan pesanan,supeer² kecewa berat sama restonya knpa GK dari awal kasih info,bagusnya kasih bintang 1 resto macam itu",gojek,google_play
2026-03-30 21:41:03,Aconk Cong,Satu aja dulu klw bagus kasih bintang 7 puyer Go-Jek lemot perbaikin LG,gojek,google_play
2026-03-30 21:39:04,Putra akhir,tolong perbaiki lagi aplikasinya sama supir nya mobil ga bergerak-gerak terus,gojek,google_play
2026-03-30 21:29:23,Bobby Saputra,"makin hari makin susah dapat driver, mana markup harga tinggi",gojek,google_play
2026-03-30 21:28:27,Zul Kifli,Mantap,gojek,google_play
2026-03-30 21:26:12,Su Hendi,resto nya banyak.yang bermasalah dalam konfirmasi dan penutupan makanan habis ..di tambah lagi driver nya sulit dapat ..kalau argo murah ...ini menyulitkan konsumen yang sedang butuh ..kalau begini bukan serba gapang tapi serba susah..jika begini terus kedepan nya saya rasak bakal rusak pelayanan gojek ini,gojek,google_play
2026-03-30 21:25:09,Rohmadi Prasetyo,memudahkan dlm transportasi darat,gojek,google_play
2026-03-30 21:21:51,Rizki Rahmat,cocok,gojek,google_play
2026-03-30 21:21:18,Arifa Mutiara Ramadhani,"driver nya pilih pilih, g mau kalau pesen dari aplikasi maunya langsung Carter dn harga ny lebih mahal dari harga apk",gojek,google_play
2026-03-30 21:19:53,Desi Purnamasari,bagusss terima kasih,gojek,google_play
2026-03-30 21:15:46,Bayu 99,bagus dan yama,gojek,google_play
2026-03-30 21:01:16,Evan Febrian,"nih baru aja gofood pake reguler, padahal lagi ngga rame pasti di notifikasinya selalu telat. gila emang kita diminta bayar lebih untuk pake ongkir yg lebih mahal (padahal yg mahal sama aja telat juga)",gojek,google_play
2026-03-30 21:01:01,Mas Karebet,Sangat membantu aktivitas perjalanan saya,gojek,google_play
2026-03-30 20:50:35,Ridho bagass2806,"jadwal selalu nd sesuai aplikasi,kadang di aplikasi jam 20:10 bakal dianterin eh malah nunggu sejam an,kadang disuru cencel sm apk ny",gojek,google_play
2026-03-30 20:46:07,Sabekti Udoyo,Bagus,gojek,google_play
2026-03-30 20:44:45,Dewi aryani Satria,"titik pengantaran tidak sesuai padahal gps saya aktif, jadinya saya berantem sama abg gojeknya, saya pesan dari rumah malah d antarnya ketempat lain",gojek,google_play
2026-03-30 20:35:17,MUA AMAR,"saya pesen gofood,tapi malah kaga dapet driver pengantarnya dan disuruh nunggu keterlambatan lamaa bgtt😡",gojek,google_play
2026-03-30 20:33:00,Priyo Setiawan Driver,bersih sopan cepat,gojek,google_play
2026-03-30 20:27:58,stroberi,selalu dapet driver yg gasopan,gojek,google_play
2026-03-30 20:22:05,Asih Sukaesih,lelet lelet lelet lelet lelet lelet selalu kaya gitu,gojek,google_play
2026-03-30 20:15:46,Ruby,mantap,gojek,google_play
2026-03-30 20:11:47,NELSYA AVIFA DEWI,"penyelesaian masalah kaalian sampah, tanggapan CS kalian lebih sampah",gojek,google_play
2026-03-30 20:08:41,Jay Fals,memudahkan segalanya,gojek,google_play
2026-03-30 20:06:19,Muhammad Iqbal,nyaman aja sama gojek,gojek,google_play
2026-03-30 19:59:35,MASRUR WA,Puasssssss,gojek,google_play
2026-03-30 19:58:20,Muhammad Rafli,udh lama pake gojek dan gopay bahkan transaksi bulanan bisa sampe 12juta tapi kalo nyari driver harus nunggu sampe 1jam lebih dan banyak vitur yang ga bisa di akses kaya gopay pinjam dan gopayletter juga gabisa huh,gojek,google_play
2026-03-30 19:58:04,Snowee,kasih bintang 5 biar si baca..makin kesini tarif ongkir gofood makin ngsak ngotak.. cuma beberapa km aja ongkirnya bisa SE mahal itu..di jarak yg tinggal nyebrang doang..misalnya antar lounge 78 ke kantor pajak..bisa 43 ribu..,gojek,google_play
2026-03-30 19:54:56,Zaskia Amanda,oke,gojek,google_play
2026-03-30 19:52:00,Ervin Tan,sangat mengecewakan aplikasi hanya bisa chat balik saat pesanan diterima tidak lengkap driver tidak dapat di telepon kembali,gojek,google_play
2026-03-30 19:46:17,Gilang Farhanudin,susah banget dapet driver,gojek,google_play
2026-03-30 19:42:16,Sahirul Haidar,"langganan gojek plus udah kebayar dan kepotong 2x malah tapi tetep gabisa dan error, aneh",gojek,google_play
2026-03-30 19:41:25,Abrisamdanish Arifin,keren,gojek,google_play
2026-03-30 19:38:54,Lay Sajalah,bagus,gojek,google_play
2026-03-30 19:35:29,Jihan,asik banget semenjak dowload gojek,gojek,google_play
2026-03-30 19:35:16,Fikri Syaiful,kecewa kalo musim hujan driver susah apa lg argo murahbanyk drama driver nya,gojek,google_play
2026-03-30 19:35:07,Zulfa Fakhirah,"ole sih, tapi skrng knp jadi mahal bgt mana lama lg",gojek,google_play
2026-03-30 19:31:58,Purmadi Purmadi,kenapa ya kalau cuaca mendung cari driver susah nya setengah mati apalagi pas pesen makanan nunggu sampai 2 jam tu tolong aplikasi gojek nya di pebarui atau kekmana supaya pelanggan puas,gojek,google_play
2026-03-30 19:29:27,nub carrot,"sekarang makin susah nyari driver, jelek pemcariannyq padahal disekitar lokasi banyak, diperbaiki lah",gojek,google_play
2026-03-30 19:28:44,Ricky Elloy,sangat membantu di saat membutuhkan,gojek,google_play
2026-03-30 19:24:49,Jawhed rendy,ok,gojek,google_play
2026-03-30 19:19:36,Zakky Gufron,"Makin kesini makin busuk, goride gocar dapat driver nya lama meskipun sudah prioritas sama gofood pun juga lama",gojek,google_play
2026-03-30 19:18:58,aluna estian,"sering kelamaan buat dapat driver untuk gofood,jelek gak ky dulu gercep.",gojek,google_play
2026-03-30 19:15:59,najwan sidik,lama banget dapet drivernya,gojek,google_play
2026-03-30 19:15:43,The Author,teruji lah,gojek,google_play
2026-03-30 19:14:57,Revi Arnan,aplikator kikir tolong di perbaiki sistem nya saya dapet driver susah karena aplikator nya kikir,gojek,google_play
2026-03-30 18:59:21,Inakaa Syafa,gjls bgt g bisa login,gojek,google_play
2026-03-30 18:57:39,putri jung,"lama banget cari drivernya padahal rating ku juga bagus, trs kalo pesen gofood cari drivernya juga lama banget, udah dapet drivernya ehh sama yg punya resto tiba tiba dibatalin gitu aja harusnya kasih masukan buat para resto kalo tiba"" cancel"" aja gaada konfirmasi dikenakan sangsi biar kita para customer gak harus buang waktu",gojek,google_play
2026-03-30 18:52:31,Akbar Ramadhan,gojek nipaling oke,gojek,google_play
2026-03-30 18:51:38,Nisa Fajriyah,top,gojek,google_play
2026-03-30 18:48:18,19_Muhammad Dafa Resputra_XI MIPA 1,deket cuman 1km pasang tarif 30k pindah ke grab aja deh udah muak sama gojek,gojek,google_play
2026-03-30 18:48:07,Wahyu 12,driver susah,gojek,google_play
2026-03-30 18:45:42,Rijal Zuhdi,ok,gojek,google_play
2026-03-30 18:38:06,Brian Ramadhan Iverson,"sudah pesan GoFood, disuruh nunggu 30 menit, smpe 3 jam nggk kekirim"", penipu..",gojek,google_play
2026-03-30 18:36:53,Irma Sari,"mau ambil barang pake go send, pesen Uda 1 jam tapi ga dapet2,,paraaaaaaah",gojek,google_play
2026-03-30 18:35:31,Vicky Firnanda,Sekarang tidak bisa tracking drivernya,gojek,google_play
2026-03-30 18:35:15,Aniz Ermawati,membantu 👍,gojek,google_play
2026-03-30 18:32:31,Johan Joe,sejauh ini ok,gojek,google_play
2026-03-30 18:26:51,Fatika Tri Ningsih,bagus,gojek,google_play
2026-03-30 18:26:20,saskia fariska,pelayanan lama,gojek,google_play
2026-03-30 18:24:26,Nadaa Fauziyya,"drivernya sering mogok kerja ga mau ambil orderan, cari driver susah bgt pdhl genting gada transportasi",gojek,google_play
2026-03-30 18:18:58,Neni Nuraeni,memuas kan,gojek,google_play
2026-03-30 18:18:04,Nur Lathifah,susah dapat driver skrng,gojek,google_play
2026-03-30 18:15:25,chaca,seringgg susah dapet driver & kenapaa goride hematnyaa dihilangkan,gojek,google_play
2026-03-30 18:10:42,Rohim aminnulloh,"LAMAAA BGTTTT LELEETTTT, YAAMPUN GUA GOPUD NUNGGU HAMPIR 2 JAM",gojek,google_play
2026-03-30 18:08:01,Kaka,susah nyari driver padahal masi sore,gojek,google_play
2026-03-30 18:06:43,Indarti Arti,Pelayanan aman dan ramah,gojek,google_play
2026-03-30 18:04:44,Syahriwal Putra,oke,gojek,google_play
2026-03-30 18:02:59,best dj 996,keren,gojek,google_play
2026-03-30 18:02:48,Tazkiyyah azzahro,tarifnya tambah mahal,gojek,google_play
2026-03-30 18:02:46,Ijang Fajar,gojek apk pembohong masa iya jarak dekat cuman muter2 gax jelas,gojek,google_play
2026-03-30 18:01:46,Eksa Fatorina,makin lemot. berkali kali order berkali kali pula GK dapat kendaraan.,gojek,google_play
2026-03-30 17:59:40,Diana Andayani,mantap,gojek,google_play
2026-03-30 17:46:19,Ratna Sari,sangat membantu apa lagi kalau lagi buru - buru .,gojek,google_play
2026-03-30 17:45:18,Widiyanti Utami,"gojek kenapa dah sekarang lelet banget, gofood bisa lama banget berasa pake yang hemat padahal pake express dengan alasan antri dll. nyatanya sampe rumah makanan dah dingin 😭",gojek,google_play
2026-03-30 17:43:42,Dimas Ferian,"Ribet nyari driver pake ada ""pencarian prioritas"" harus bayar lebih, kalau gak pake ini gak dapat-dapat driver.",gojek,google_play
2026-03-30 17:43:04,Ida Hindayah Sihombing,"Thank youuuu Gojek, dimana ada saya disitu ada gojek selalu standby Sukses selamanya.",gojek,google_play
2026-03-30 17:42:45,Ivana Christinasari,"entah kenapa akhir2 ini susah dapat driver, go ride go food gak dapat driver males banget",gojek,google_play
2026-03-30 17:41:58,Adinda Haysa,saya percaya gojek,gojek,google_play
2026-03-30 17:39:18,Kharisma Afrilia Nabilla,ok,gojek,google_play
2026-03-30 17:31:07,ARBOW,"tidak membantu, tidak membuat lebih cepat jg, sistem gojek emang sangat sangat buruk, terburuk !!",gojek,google_play
2026-03-30 17:28:52,denmas angkara,manfaat,gojek,google_play
2026-03-30 17:27:10,Wisnu Z,"gak jelas, sinyal msih full tp pas mau pesen eror mulu tulisannya gak ada sinyal², padahal kuota masih banyak bisa buat sosmed lancar",gojek,google_play
2026-03-30 17:21:16,elmira rahma,mantap belum pernah kecewa pake app ojek online ini,gojek,google_play
2026-03-30 17:15:55,Rahma Ulia,"lelet, mahall di aplikasi pdahal udah tertera harganya sekian tapi ngeyel minta tambah mana minta tambah e GK kira"" lagi KLO engga kepaksa mana mau saya pesen di gojek ini",gojek,google_play
2026-03-30 17:13:01,Akun ff sg reaper,"gw bingung kasih bintangnya. setiap hujan pada pemalas, kalau misal hujan 2 harian full berarti libur dadakan ya ojeknya? nolak rezeki banget ya?",gojek,google_play
2026-03-30 17:11:44,Eva Eva,ok,gojek,google_play
2026-03-30 17:05:57,Ardiansya Solechan,layan go green sm saya tidak muncul kenapa?,gojek,google_play
2026-03-30 17:05:44,cmlnsyh,tolong kecepatan untuk memperoleh driver diperluas karena saya sering kesulitan order goofood tapi kelamaan nunggu dapat driver dan akhirnya saya cancel percuma driver banyak tapi stay di 1 tempat yang rame saja outlet lain kesulitan dapat driver,gojek,google_play
2026-03-30 17:04:56,ian rafay,membantu,gojek,google_play
2026-03-30 16:56:39,Nining Yuniarti,semoga semakin jaya dan drivernya baik tidak boong in orang,gojek,google_play
2026-03-30 16:54:31,rahayu prabandari,lebih praktis kalau ada gojek,gojek,google_play
2026-03-30 16:53:01,Reva Skena,ini aku gak tau ya permasalahannya dari mana entah dari drivernya apa app nya ini drivernya dari tadi cuma stay di tempat gk ada pergerakan sama sekali tolong dong ditegaskan lagi ini nunggu drivernya sudah cukup lama ya driver dari tadi gk gerak sama sekali!!!,gojek,google_play
2026-03-30 16:50:58,19 - Frishella aulia Joren,"jujur sebenarnya aplikasinya bagus, tapi kalo lagi hujan atau sehabis hujan ituh susah banget buat cari driver saya ga paham antara emang ga mau atau mereka matikan aplikasi namun sebanyak driver gojek yang ada tidak ada satu pun yang ambil, saya sudah mau rela keluarin uang yang aga cukup besar untuk pulang dengan jarak yang aga emang jauh sih, cuman biasanya saya akan kasih lebih untuk drive nya, sama saya sering kali dapat perlakuan yang tidak enak, dan gunakan kenalpot yang sni",gojek,google_play
2026-03-30 16:47:56,Danang Sigit,Pelayanan oke..,gojek,google_play
2026-03-30 16:43:37,Deni Agung,jos,gojek,google_play
2026-03-30 16:37:19,MUH AZIZ,mantap,gojek,google_play
2026-03-30 16:30:04,Suguru,"drivernya sombong bgt main cancel cancel mlu, udh lama nunggu eh di cancel jembot",gojek,google_play
2026-03-30 16:29:19,Ivan Agustiar,Puas,gojek,google_play
2026-03-30 16:28:46,Rafael,"susah banget cari driver pas lagi hujan, dan mahal banget ongkos nya udah kayak berkali kali lipat",gojek,google_play
2026-03-30 16:28:09,Muhammad Gian Aditantra _Peserta,gajelas sekarang nyari driver lama dateng juga lama,gojek,google_play
2026-03-30 16:19:30,Dian Eka Safitri,seneng banget bisa membantu ketika sedang mencari apa yang di butuhkan ada semua,gojek,google_play
2026-03-30 16:06:42,Keysa Ramadani,seneng banget semenjak punya aplikasi ini aku nggak pernah bingung kalau ke mana mana,gojek,google_play
2026-03-30 16:05:58,eddy purwanto,good job,gojek,google_play
2026-03-30 16:05:51,Samuel Tadeus,Bagus banget,gojek,google_play
2026-03-30 16:05:47,eby hasto,ok,gojek,google_play
2026-03-30 16:00:56,Su Niah,sangat baik,gojek,google_play
2026-03-30 15:58:14,Fransiska Nanggo,bapak sopir nya baik sekali dan sopan sekali,gojek,google_play
2026-03-30 15:54:09,Irfan Afandi,sangat puas dalam aplikasi gojek ini,gojek,google_play
2026-03-30 15:53:54,Evi Novianti,Sangat membantu dalam segala hal 🥰,gojek,google_play
2026-03-30 15:52:44,Nu Rohman,bagus,gojek,google_play
2026-03-30 15:45:49,Anggun Sptynii,"lama, nyari driver juga susah",gojek,google_play
2026-03-30 15:43:49,Hendra Marwan,bagus,gojek,google_play
2026-03-30 15:40:28,sabrina nur ulya,gojek sangat berguna dan membantu saat membutuhkan anter jemput baju hijau green flag 💚,gojek,google_play
2026-03-30 15:29:30,Fajar Muchammad Rifqi,bagaimana cara untuk melaporkan perihal penagihan dari pihak gopay nih? ngelebihin dari aplikasi pinjol beneran.,gojek,google_play
2026-03-30 15:26:32,Sezsha Aurellia Ramadhan,"tlong ya drivernya klo gmw ambil orderan tu ya bilang, saya sering dianggurin driver selama sejam lebih krna mereka gamau ambil orderan lantaran mereka gamau ratingnya turun",gojek,google_play
2026-03-30 15:26:17,Rita semarang,"order pake gofood minta cocacola dikirimnya fanta. order 2 burger, ayam dan kentang large cuma dikasih 3 sachet sambal, padahal sdh saya kasih note minta tambahan sambal. jangan pelit2 ke customer. apalagi hanya sambal sacetan. hal sepele tapi bikin kapok.",gojek,google_play
2026-03-30 15:25:23,Husnul Khotimah,"percuma ada ojol, kalo hujan susah dapet driver ntah goride atau gofood, bahkan gocar juga susah, di apk ojol lain ketika hujan pun cepat dapatnya",gojek,google_play
2026-03-30 15:21:31,s elo,saat hujan lalu sudah teduh dan memesan makanan gak ada satu pun driver untuk mengantarkannya sangat membuang buang waktu untuk men cancel nya.,gojek,google_play
2026-03-30 15:21:29,Bambang hari waluyo. AMD Bambang,pengambilan barang tepat waktu,gojek,google_play
2026-03-30 15:19:03,Theonie Magdhaulina sihaloho,lebih mudah,gojek,google_play
2026-03-30 15:16:41,Ewe Testimoni,"GO-RIDE hemat jemput nya jauh jauh, it bego",gojek,google_play
2026-03-30 15:14:07,Yoko Suyoko,"penjemputan terlalu jauh bayar mahal driver dapatnya dikit, pelayanan jadi buruk, tak seindah dulu",gojek,google_play
2026-03-30 15:06:27,Agung Zainal,"saran, coba dibikin fitur goride/gocar yg dimana drivernya ini perempuan. Fitur nanti dikhususkan kepada pengguna atau customer yang perempuan juga. Pakai verifikasi driver, dan verifikasi pengguna juga🙏",gojek,google_play
2026-03-30 15:03:59,Nuvy Lives,bagus,gojek,google_play
2026-03-30 15:03:28,Halimah Wikinara,ok banget 🧡,gojek,google_play
2026-03-30 14:57:31,angela margareta,ongkirnya ga ngotak jirr,gojek,google_play
2026-03-30 14:52:21,Hidayat Jamalul I,nyiksa Mitra nyiksa konsumen juga,gojek,google_play
2026-03-30 14:39:33,Maher Muhammad,sangat berguna untuk orang orang yang ga ada yang bisa nganterin,gojek,google_play
2026-03-30 14:38:18,Epin Joupiter,sekarang makai gojek cuman buat bayar qris aja untuk pesanan antar orang atau barang udah susah. kebanyakan drivernya beralasan,gojek,google_play
2026-03-30 14:34:51,Riska ja,membantu sekali,gojek,google_play
2026-03-30 14:21:54,Ayhu Anggi Anggraini,aplikasinya sudah bagus. lumayan sering dapat voucher promo. kalo boleh saran adain juga metode pembayaran QRIS,gojek,google_play
2026-03-30 14:21:08,Alexander Z,"Susah amat nyari driver Gocar udah berapa kali kejadian dapet driver gocar ga becus diterima tapi kagak mau jalan, ngabisin waktu gw doang, ini aja gw bukannya nunggu driver malah nyari driver, gajelas",gojek,google_play
2026-03-30 14:09:04,latif hadi,gacor,gojek,google_play
2026-03-30 14:07:37,misna Wati,Bagus,gojek,google_play
2026-03-30 14:03:48,diary mama farah,bagus,gojek,google_play
2026-03-30 13:55:59,Neyra Putri,SANGAT BERGUNA,gojek,google_play
2026-03-30 13:49:41,Endang,"padahal ambil barang sesuai titik maps, masa muter-muter nyariin padahal terpampang jelas toko keliatan, alasan klasik biar nambah uang, udah sering GO-SEND ini di pinta lagi, saya tau masuk ruko bayar parkir 3rb tapi kalau blm lewat 5 menit free, saya pantau di maps pergerakannya dia kaga muter-muter ruko, kalau sekiranya harga ga cocok chat biar saya cancel jangan pas ambil minta duit lagi biasa oknum ni",gojek,google_play
2026-03-30 13:48:29,Haryanto Inggit Csn,"gojek sekarang beda dgn yg dulu, gojek sekarang cari driver susah, karena para hak driver gx sejahtera, saya dari beberapa kali order gocar gx dapat driver, sampai 3 x order, akhirnya ke aplikasi sebelah, order makanan hampir 2 jam, jd tak selera makan,",gojek,google_play
2026-03-30 13:48:21,feilanna wijoyo,lama cari drivernya,gojek,google_play
2026-03-30 13:35:41,Maudy Kurnia,sering nggak pernah dapet driver padahal posisi udah laper bgt,gojek,google_play
2026-03-30 13:34:57,Ratri Puji Wijayanti,👍👍,gojek,google_play
2026-03-30 13:24:50,Danang Restu Pradana Pradana,"bagus,mudah & simpel",gojek,google_play
2026-03-30 13:24:39,Thalia faza calista,sangat membantu,gojek,google_play
2026-03-30 13:20:49,Andri Irawan,nice,gojek,google_play
2026-03-30 13:19:48,Siti Chotimah,"aplikasi GO-JEK hemat, ada 2 driver hr ini yg tdk mau. dan yg ke 2. menghina konsumen dg chat wkwkwkwk hemat gitu doang trus di cancel sendiri",gojek,google_play
2026-03-30 13:17:33,Arseno Isnarwoto,Good knowledge Good service Good innovation,gojek,google_play
2026-03-30 13:17:28,Deva Dwi,kalau bisa titik nya di sesuaikan lagi kak saya punya resto setiap gosend walaupun alamat sudah bener tapi kata gojeknya titik tidak sesuai dan akhirnya minta tambah ongkos padahal saya cek di maps titiknya bener di situ malah driver e yang salah jalan bisa di perbaiki lagi kalau kayak gini saya rugi,gojek,google_play
2026-03-30 13:09:33,Roby Hidayat,"jangan ada yang ambil program nabung BRI yang terdapat pada aplikasi gojek driver. karna, terdapat ke-tidak dinkronan data antara saldo Brimo dengan saldo yang dipotong melalui aplikasi. kita ajukan komplen punsusah",gojek,google_play
2026-03-30 12:52:31,Danish Arung,mantap,gojek,google_play
2026-03-30 12:49:22,Zulfakar Baharudin,bagus disponsor dgn GOpay,gojek,google_play
2026-03-30 12:48:35,Agung Febriansyah,kecewa dengan gojek skrg dpet driver aja lama ssekali.. trs sering di cancel kalo pesen gofood. kayanya harus pindah aplikasi sebelah.,gojek,google_play
2026-03-30 12:45:57,chomari ri,"map & titik mohon akurat lagi,trim",gojek,google_play
2026-03-30 12:42:56,sari ardiani,mantap,gojek,google_play
2026-03-30 12:41:54,Siti Aisyah,bagus,gojek,google_play
2026-03-30 12:40:36,Veri Hidayat,sangat membantu,gojek,google_play
2026-03-30 12:39:17,Eda Refni Arsyad,aman dan cepat,gojek,google_play
2026-03-30 12:30:11,Fany Rina,bagus,gojek,google_play
2026-03-30 12:26:26,Ela Wati,bisa membantu,gojek,google_play
2026-03-30 12:12:44,Yogi Hariadi,drivernya ramah,gojek,google_play
2026-03-30 12:04:10,Nurul Anisa,keren,gojek,google_play
2026-03-30 12:03:55,Marifah Ifah,Sangat bagus dan pelayananya sangat cepat,gojek,google_play
2026-03-30 12:03:54,papaleong channel,bagus,gojek,google_play
2026-03-30 11:51:15,Dina Purnama Sari,sejak ramadhan sulit dpt driver gojek,gojek,google_play
2026-03-30 11:45:38,zaenal arifin,bagus...,gojek,google_play
2026-03-30 11:42:55,Handaru 312,sangat bagus,gojek,google_play
2026-03-30 11:36:36,Ajeng Kartini,nice😊,gojek,google_play
2026-03-30 11:36:36,Syarah Fitriani,lama dapat driver.,gojek,google_play
2026-03-30 11:25:58,Nanank Priya,ok dah,gojek,google_play
2026-03-30 11:23:54,Marwati Wati,sangatlah membantu dalam berpergian kesana saja,gojek,google_play
2026-03-30 11:19:57,Nindiaaa,okelah,gojek,google_play
2026-03-30 11:09:51,novita sari,driver byaa ok2,gojek,google_play
2026-03-30 10:51:23,Farid Aqil Pradipa,"Saran aja, mohon kondisi jaringan nya di benerin ya, saya mau mesen goride susah banget harus pakai wifi, jadi tolong sekali dibenerin ya",gojek,google_play
2026-03-30 10:41:25,SAHRUL RAMDANI,buang buang waktu. nyaut driver lebih jauh ke titik Penjemputan daripada ke tujuan,gojek,google_play
2026-03-30 10:37:50,Johan Syah,ko gg bisa,gojek,google_play
2026-03-30 10:37:45,Zal Eri,sangat terbantu..👍🏼🫰🏼☺️,gojek,google_play
2026-03-30 10:29:54,Dwi Setyo Nugroho,"turun deh jadi bintang 2, apaan tarif promo di batalin sama driver mulu.",gojek,google_play
2026-03-30 10:24:50,Diki Priyana,aman berkendara,gojek,google_play
2026-03-30 10:23:21,Guspri2,good,gojek,google_play
2026-03-30 10:23:19,ajeng husnani,"jaringan susah ketika hujan, bnyk driver yg ada dekat, tapi yg dapat malah jauh""",gojek,google_play
2026-03-30 10:22:07,Faizal Lutfi,sangat membantu sekali,gojek,google_play
2026-03-30 10:01:12,Muhammad Zakaria Aldi,sangat memuaskan,gojek,google_play
2026-03-30 09:59:30,ayuu setiffanii,bagus sangat membantu,gojek,google_play
2026-03-30 09:58:26,Rasyad Praditya,oke mantap,gojek,google_play
2026-03-30 09:52:25,kusuka kusuka,oke,gojek,google_play
2026-03-30 09:52:06,ken gemala,best banget,gojek,google_play
2026-03-30 09:46:47,katya ananda03,baik,gojek,google_play
2026-03-30 09:24:45,cakto Ayambakar,tepat waktu,gojek,google_play
2026-03-30 09:22:18,Mega Cahya,"cinta bangettt, gojek nemenin aku kemana-mana 💕💕",gojek,google_play
2026-03-30 09:15:13,Ahmad Solihin,bagus,gojek,google_play
2026-03-30 09:12:58,narendra wardana,sangat membantu,gojek,google_play
2026-03-30 09:07:27,Lia Ambar56,lemot banget herann. mana nanti notifnya wifi mati dll. padahal sinyal lancar jaya. buat buka apk lain pun lancar. emang cuma gojek aja nih yg agak agak kurasa,gojek,google_play
2026-03-30 09:06:36,mohfranky andry,ok,gojek,google_play
2026-03-30 08:56:28,G Ali Wirian,semoga gojek Indonesia selalu memberikan pelayanan yang bagus dan memberikan keuntungan untuk penumpang dan driver.,gojek,google_play
2026-03-30 08:56:11,BESTA SIMANJUNTAK,cuma kalau hujan sulit dapat bah,gojek,google_play
2026-03-30 08:53:09,cicak mati,cari drivernya lama padahal sudah pakek prioritas tetep masih lama pilih ongkir paling mahal pun tetap lama cari driver di si apk warna kuning lebih cepat,gojek,google_play
2026-03-30 08:51:28,Juli Kartini,kren,gojek,google_play
2026-03-30 08:37:33,Asik belajar bersama,bagus tapi aplikasinya berberat banget,gojek,google_play
2026-03-30 08:33:32,Azis Suherlan,sangat membantu,gojek,google_play
2026-03-30 08:19:08,Damar Saputra Adji,"Saya lebih suka tampilan Gojek daripada Gopay dan Gojek Memiliki lebih banyak fitur seperti gofood, gojek, dll. tolong dong pihak Gojek Adain Fitur ngeliat total pengeluaran kita perbulan seperti di Gopay, buat install 2 aplikasi sekaligus gitu rasanya memakan banyak storage",gojek,google_play
2026-03-30 08:16:56,Indra Ciwijaya,Mantaps,gojek,google_play
2026-03-30 08:05:10,Rivan Rachmayanto,Aplikasi yang membantu kebutuhan saya,gojek,google_play
2026-03-30 08:01:27,Budi Man,keren,gojek,google_play
2026-03-30 08:00:28,Yerra Puja Asyari,"bagus, hanya penentuan lokasi pick up konsumen bisa lebih baik lagi ya",gojek,google_play
2026-03-30 07:39:08,Lasma Nadeak,bapak supirnya mau diajak ngobrol sama anakku yng berkebutuhan khusus,gojek,google_play
2026-03-30 07:35:31,Shusmitha Ayu,"disaat butuh segera, lama banget dapet drivernya .. udah beberapa kali kayak gini.. padahal ada icon driver nya disekitar titik jemput, tapi gak nyangkut..",gojek,google_play
2026-03-30 07:24:37,Mattoing Mattoingmat,oke,gojek,google_play
2026-03-30 07:04:23,Aqilaa Kilaxx,sangat ramah,gojek,google_play
2026-03-30 07:03:50,resti puspitasari,"jujur aja ya saya tuh aga kecewa kadang sama driver nya. apalgi pagi ini bener' bikin saya emosi bgt sama sikap drivernya. saya anak sekolah dan saya pasti punya jadwal masuk dan ditutup nya gerbang, padahal saya udah bilang ke abangnya kalo mau beli bensin beli aja dulu. dia gamau ngertiin. waktu saya abis cuman buat nungguin dia isi bensin. dan akhirnya saya mutusin buat muter balik aja ga sekolah karna gerbang keburu di tutup dan saya bt.",gojek,google_play
2026-03-30 07:01:32,noname collector111,"susah sekali akhir akhir ini untuk mendapatkan driver, baik dari goride maupun gocar",gojek,google_play
2026-03-30 07:00:33,Dhabith Arkan,"aplikasi ojek online tapi ojeknya ga dapet"" wkwk",gojek,google_play
2026-03-30 06:52:04,Anisa Pratiwi,susah cari pengemudi,gojek,google_play
2026-03-30 06:49:00,Vinsensius Yudhi,sulit sekarang saat urgent booking sudah setengah jam ga dapat2,gojek,google_play
2026-03-30 06:44:19,Ariari Bodong,driver ramah,gojek,google_play
2026-03-30 06:38:19,Jericho Elshaday,"dulu cepet kalo dapet driver, masuk 2026 tambah susah cari driver tolong ya kita yg sekolah juga butuh nihh",gojek,google_play
2026-03-30 06:37:00,Enji Lita,"lama dapet driver, sudah telat 4 kali gara² gojek",gojek,google_play
2026-03-30 06:36:30,zahra sholihah,lama cari gojeknya..,gojek,google_play
2026-03-30 06:31:13,marissa nurfadzillah hermana,harga mahal ttp lama,gojek,google_play
2026-03-30 06:30:18,Kristiawan,driver nya banyak tapi di apk lagi nyari lama banget gw mau sekolah telat,gojek,google_play
2026-03-30 06:29:15,dafiya ms,"DRIVER LELET SEMUA, KAGA ADA YANG MAU NGANTER SEMUA. PADAHAL DI DEKAT LOKASI ADA BANYAK DRIVER TAPI GAMAU AMBIL-AMBIL, KESEL BANGET GILAA! UDAH BEBERAPA KALI KEK GANTI SAMPE TEMPAT TUJUAN SELALU TELAT.",gojek,google_play
2026-03-30 06:24:43,akhtar Rauf,lelet dapet driver,gojek,google_play
2026-03-30 06:22:53,Nur Alamsah,sangaat bangus sekali,gojek,google_play
2026-03-30 06:22:07,Dian Cute,ko skrg gojek jd mahal bgt jarak dkt aj smp 20rb ihhh.. ud jrang bgt dpt vocher.. parah sihh,gojek,google_play
2026-03-30 06:20:58,Lingzt 123,"driver lelet, seenaknya sendiri, lalu sistem bintang di costumer suka di main mainin driver biar drivernya itu itu terus karena tip",gojek,google_play
2026-03-30 06:19:13,Anggi Yanto,"harus nya pembukaan driver di perbnyak, maka nya susah cari driver. karena driver yg lama2 merasa dia pling berkuasa. maka nya seenak nya menolak orderan",gojek,google_play
2026-03-30 06:10:34,Shabira Hayoto,"Jujur sebenarnya apk nya bagus bgtt, tapi entah kenapa akhir-akhir ini kalau mau mesen goride tuh bener bener lama bgt, walaupun harga nya udah di naikin juga tetep ga ada yg mau ngambil padahal situasi nya bukan hujan, semoga bisa lebih di kembangkan ya",gojek,google_play
2026-03-30 05:48:58,Putra Mawanda,"Susah cari drivernya mau itu gofood, gocar, gojek. Padahal di sekitar driver banyak. Kemudian driver sekarang pilih2 orderan",gojek,google_play
2026-03-30 05:35:17,Ujang Rian,semoga sekarang aman mohon pengawalan dgn ketat oleh pihak gojek biar tidak ada yang di rugikan oleh pihak ke 3,gojek,google_play
2026-03-30 05:33:42,Polca San,"tolng dong perbaiki sistemnya, masa jauh-jauh dpt drivernya. Mau hemat waktu malah jdi ga efisien gra-gara sistem kalian.",gojek,google_play
2026-03-30 04:58:49,Aris Kaligis,gojek makin tidak jelas dan .makan uang drver nya,gojek,google_play
2026-03-30 04:06:55,Semar Wanahay,"mantapp, utk harga ny tolong di turunin dikit hehee",gojek,google_play
2026-03-30 03:16:44,Mardhatu Harrisa,"drivernya apa2 kena cas,hujan dikit kena cas,bawa barang bawaan dikit kena cas,kek aji mumpung segala dibikin kena cas",gojek,google_play
2026-03-30 02:28:06,Bhany Juventus,ok 💪,gojek,google_play
2026-03-30 02:11:19,cholilurrochman,saya nyari makanan tengah malem ngetik nasi goreng keluarnya malah lalapan agak laen nih mohon diperbaiki ya,gojek,google_play
2026-03-30 01:49:37,Jacoob Last,good good all good thank y,gojek,google_play
2026-03-30 01:33:43,M Ridwan,aplikasi aneh banget dapet goco tapi ga masuk goconya dari daily mistery box terus buka daily mistery box .malah di suruh gacha lagi alhasil coba lagi wkwkwk separah ini kah padahal tdi ada tulisannya goco di distribusi dan ternyata scam,gojek,google_play
2026-03-30 01:19:02,Fajar Hidayatullah,suka gak dapet driver kalo pesen makanan,gojek,google_play
2026-03-30 00:54:48,Muhammad Yusuf Harahap S.E.,"Aplikasi gojek, go food nya skrg benar2 kacau dan mengecewakan. Saya sering mesan sampai nunggu Berjam jam dan yang ada malah dibatalkan. Untuk gofood kali ini saya sebagai konsumen sangat kecewa. Sudah nunggu lama driver tak kunjung dapat.",gojek,google_play
2026-03-30 00:39:25,Sragen Natalia,Sangat Puas,gojek,google_play
2026-03-30 00:35:05,Fahru Roji,oke,gojek,google_play
2026-03-30 00:33:07,dwi andika,"susah nyari driver,klo udah di batalin mau pesen lagi harus nunggu lama lagi",gojek,google_play
2026-03-30 00:23:55,Novia Barkah,"ramah , dan cepat sampai nya.. makasih pak",gojek,google_play
2026-03-30 00:18:33,Alyssa Inara putriana,pesen gofood susah driver,gojek,google_play
2026-03-30 00:16:32,Ika Purwanti,"ga mau pakai gojek atau gofood/gosend lagi, kurir/driver nya kasar kasar, amit amit",gojek,google_play
2026-03-30 00:13:06,Ervaranzap Putra,apk aneh mesen makanan uda nunggu lama masa driver belum dateng dateng,gojek,google_play
2026-03-30 00:08:25,Hahwujwbwb,lama dapat driver udah 2kali dapat langsung diskip bintang 1,gojek,google_play
2026-03-30 00:02:23,Yunik Rezky,ok bgt pokoknya,gojek,google_play
2026-03-30 00:02:12,Gi0NO 58,3 dulu... 1 hari ..aku order 4x di tolak mereka... apakah mereka mendapat teguran..atau sangsi.... ini merugikan....jam 21..malam aku menunggu ..😪... tolong dong...profesional.... kalau menolak...lebih baik tidur saja....jgn online. terima kasih 🙏,gojek,google_play
2026-03-29 23:51:35,Chandra Wahyudi 04,gila susah bener nyari driver sekarang di wilayah Palembang,gojek,google_play
2026-03-29 23:50:52,Ruri Anesia,"makin hari makin gjls go food nya. saya pesen go food Uda 2 jam nunggu, driver susah bgt dapet nya. padahal pake yg ekspres. Uda ganti resto sampe 2 kali. kecewa bgt sama gojek. parah sih",gojek,google_play
2026-03-29 23:38:48,Edi Purwito,Mantaaap...,gojek,google_play
2026-03-29 23:35:20,fajri amariskullah,ga masuk akal nih apk. apa2 di jadiin duit sm nih apk. mana lelet lagi. kasian mitranya. membebani mitra n cs nya.. ga membantu. kurang ajar nih apk. udh hampir 2jam nunggu mkn. ehh ga bisa order. cancel ga bisa.,gojek,google_play
2026-03-29 23:31:23,Fauzan Tahir,bisa membantu saya ketika lg laper tengah malem,gojek,google_play
2026-03-29 23:30:34,Rizky Fadillah,lama cok,gojek,google_play
2026-03-29 23:27:49,Damar Wangsa Ghofarana,"pelayanan drivernya okei, kecepatan mendapatkan drivernya juga sangat oke, dan pengantarannya yang sangat cepat dan mantapp",gojek,google_play
2026-03-29 23:26:40,Amira Pramesti,"knpa skrng jd lebih lama ya anter makanannya, pdhal jaraknya ga terlalu jauh tapi bisa sampe 30 - 50 menit. sedangkan di aplikasi lain bisa lebih cepet. tolong di perbaiki ya, terimakasih.",gojek,google_play
2026-03-29 23:13:20,Fachrizal Ramadhan,"Kelamaan cari drivernya. Pesen makanan nunggu 1jam cuman buat cari driver, ga dapet terus.",gojek,google_play
2026-03-29 23:13:01,agus the family,"lama dapat driver, pernah gosend di cancel drivernya",gojek,google_play
2026-03-29 23:10:09,RYAN KRNWN,"overall stabil,ada beberapa bug nyebelin kaya switch payment dri tunai ke saldo gopay kadang suka gabisa. Kalo bisa sih tambahin payment qris kaya grab,sangat memudahkan genZ",gojek,google_play
2026-03-29 23:04:42,wespin Simanungkalit,"aplikasi gak jelas, udah 3 kali saya pesan makanan tapi gak dapat driver,emg aplikasi gak jelas",gojek,google_play
2026-03-29 23:02:22,Andy Nugroho,pelayanan mengecewakan auto uninstal. bye,gojek,google_play
2026-03-29 22:55:58,Nurlissiana (Yana),good,gojek,google_play
2026-03-29 22:55:29,Bayu X CooL,OK mantaff,gojek,google_play
2026-03-29 22:54:08,Arka Permana,"woy lah minggu minggu ini driver ga mau ngambil pesenan apa, lapar ini lapar astaghfirullah...",gojek,google_play
2026-03-29 22:51:26,Alfriadi,"apk ga jelas. sekarang merugikan kedua belah pihak, pihak driver dan customer. dari driver selalu aja ga pernah komunikasi ke customer terkait narik atau tidaknya",gojek,google_play
2026-03-29 22:46:00,Ima Sitif,trs bedanya pesen gofood express sama reguler apa min? beda harga nya aja kah? herman sayaaa,gojek,google_play
2026-03-29 22:38:57,Dinar Ringga,cepat dan mudah,gojek,google_play
2026-03-29 22:38:30,Rismawanto Dwi Utomo,"aplikasi lelet,cs gak guna",gojek,google_play
2026-03-29 22:37:15,Yulia Dewi,"dapet drivernya lama,dan dari kemarin pun sama,mentang-mentang ongkirnya murah jadinya GK ada yang nganterin (untuk wilayah bandar Lampung) untuk wilayah lain aman-aman aja",gojek,google_play
2026-03-29 22:35:11,alicia house of pomerian,aplikasi yang makin hari makin bobrok,gojek,google_play
2026-03-29 22:27:01,Rusdi Rusman Pwk C,ga ngebantu,gojek,google_play
2026-03-29 22:12:24,AMALIYATI SHOLIHAH,"DRIVER KOSONG PAS UJAN, NUNGGU GOFOOD SATU JAM LEBIH TAUNYA SURUH BATALIN DARI APK. GAJELAS",gojek,google_play
2026-03-29 22:07:34,Singo Koponk,"pesan gofood lama bgt dapat driver nya, mana ngak bisa di cancel, nunggu hampir 1jam ngak ada kepastiaan, perut keburu lapar",gojek,google_play
2026-03-29 22:06:44,Amat Arifin,ok,gojek,google_play
2026-03-29 22:05:55,Fakhri Fauzan,lama nya bener² kebangetan kalo mesen go food driver nya ga ketemu²,gojek,google_play
2026-03-29 22:03:29,DnnG GanZ,"ga dapet"" driver",gojek,google_play
2026-03-29 21:59:53,Kim리나,"Gofoodnya pula udah 2x nunggu hampir sejam gak nyangkut2 drivernyaaa RUGIII WAKTU WOYYY kalo mendung dikit aja dapetnya jau bgt giliran dapet astaga gak ada beda sama tarif yg murahhh , waktu tunggu lamaa bangett , orang mah buru2 jadi nunggu set jam anjir",gojek,google_play
2026-03-29 21:57:34,jihan,membantu transportasi saya,gojek,google_play
2026-03-29 21:48:21,rahma utami,"kacau udah nunggu lama, gak dapet"" driver ternyata dibatalkan. estimasi nyari drivernya lama banget, udh gtu gak dapet pula payah bgt",gojek,google_play
2026-03-29 21:48:17,Tatan Zz,semakin ke sini mencari gocar semakin sulit ntah kenapa padahal saya selalu ngasih tip kakau drivernya baik selalu nunggu di depan kalau driver udh dekat. kecewa sih,gojek,google_play
2026-03-29 21:40:12,Khoirul Hidayatulloh,susah dapet driver kalo pesen makan keburu mati nunggu driver,gojek,google_play
2026-03-29 21:38:57,M.Rizal Saefudin,"lelet, ada fitur hemat tpi driver gak mau ambil gblok",gojek,google_play
2026-03-29 21:32:57,Bakso mbledosh,keren,gojek,google_play
2026-03-29 21:31:45,Kenz Andre,aplikasi tolol,gojek,google_play
2026-03-29 21:30:23,Ibnu Hakim,Makin lama makin bobrok aplikatornya. Tiap hujan driver selalu diam tanpa kejelasan.,gojek,google_play
2026-03-29 21:28:10,Alvito Arkananta,"lelet, mahal, mending apk sebelah",gojek,google_play
2026-03-29 21:25:03,sabrina athina,"lupa sudah berapa tahun pakai gojek, tapi ini satu-satunya aplikasi ramah pengguna‐menurut saya. semoga kualitas terus ditingkatkan!",gojek,google_play
2026-03-29 21:22:39,Danang Murdianto,susah nyari driver untuk gofood. sebab kebijakan dari gojek yang membuat driver gamau ambil. dan akhirnya membuat konsumen tidak nyaman. kecewa saya sebagai pelanggan yang sering pesan gofood sebelumnya.,gojek,google_play
2026-03-29 21:20:12,mazel gaming,"sepi driver, 2 jam gk dapet dapet, sekali nya dapet langsung di cancel",gojek,google_play
2026-03-29 21:18:32,Ayu Chris,mantap,gojek,google_play
2026-03-29 21:17:29,Noni rahayu,Gojek cepat aman dan terpercaya,gojek,google_play
2026-03-29 21:10:01,Anwar Bastian,kenapa ya sekarang pesan gofood susah dapet driver padahal bukan pesan di jam yg sibuk sampe harus nunggu 30 menit itupun blm dpt driver juga.!!,gojek,google_play
2026-03-29 21:09:49,Septian Rizky Fernandito,dibatalkan terus ga pernah dapat driver,gojek,google_play
2026-03-29 21:08:06,Dida Herdiawan,akhir2 ini driver nya pada ga mau Terima orderan sombong amat,gojek,google_play
2026-03-29 20:57:03,Akun Saya,makin lama makin susah nyari driver apk apaan ini mesen makanan 2jam nunggu driver mulu. dicancel gak bisa gak tau apa orang udah laper. GAK BISA DICANCEL NGETI GAK BAHASA GAK BISA DICANCEL,gojek,google_play
2026-03-29 20:52:34,Tamara Park,Banyakin promo ya,gojek,google_play
2026-03-29 20:47:24,Kalista,"kendala yng sering saya dapatkan,, sering kali cari driver lama, sampai kadang di batalkan pembelian karna lamanya atau gak dapet drivernya",gojek,google_play
2026-03-29 20:47:17,Rachmad Saputra,kenapa selalu susah dapat driver buat gofood ya?,gojek,google_play
2026-03-29 20:43:52,Salman Alfarizi,udah mahal malah ada bug pesen sendiri mana gabisa di batalin,gojek,google_play
2026-03-29 20:43:08,Prastiyo Dwi Syaputro,"TOLONG TINDAK TEGAS SEMUA MITRA DRIVER, MASAK PESAN MAKANAN 1 JAM RESTO GA DAPET DRIVER. UDA ONGKIR MAHAL DRIVER KAYAK ORANG GA BUTUH DUIT AJA. KITA ONGKIR YA BAYAR BUKAN GRATISAN.",gojek,google_play
2026-03-29 20:43:06,Arkaan Ramazhan,"kenapa akhir2 ini susah bgt driver nya?? yg goride, yg gosend, yg gofood.. ini udh sejam gosend gak ada yg nyangkut driver nya",gojek,google_play
2026-03-29 20:42:31,early iftinah,"kalo pesen gofood jarang ada yg nerima padahal resto lagi ga rame, dan gabisa dibatalin setelah 30 menit gadapet driver, kadang udah 1 jam ga dapet driver tetep gabisa dibatalin padahal pengiriman prioritas",gojek,google_play
2026-03-29 20:40:27,Hilwana Falennaya,jarang dpt diver,gojek,google_play
2026-03-29 20:40:15,Dzaky Ramadhan,game nya seru!,gojek,google_play
2026-03-29 20:39:30,midadur rahman,mantap dan membantu sekali,gojek,google_play
2026-03-29 20:38:34,Septy Lia,sangat bagus saya telah memakai apl ini selama 6 tahun pokoknya cepat,gojek,google_play
2026-03-29 20:34:40,Wahyu Falah,"bgs sh aplikasi gojek ni tp syng ongkosnya msh naik turun, klw mlm susah bnr dpt drivernya pdhl di aplikasi bnyk drivernya.",gojek,google_play
2026-03-29 20:26:58,Muhammad Desta,min gimana si driver gocar nyaa pada narik penumpang lain tapi terima orderan kita juga giliran udah nungguin pas udah selesai malah ga lama di tolak kan ga enak banget sampe 10 orderan tapi malah di tolak semua capek saya udah nungguin sampe 3-4 jam an capek banget akhirnya saya cari transportasi harusnya gojek memudahkan aplikasi malah mempersulit tolong di perbaiki dulu yak maaf KLO rada kasar soalnya saya juga kebawa emosi minal aidzin fal faizin.,gojek,google_play
2026-03-29 20:25:17,Syarida Ida,nunggu driver harus nunggu sampe satu jam dulu baru pesanan bisa dibatalkan,gojek,google_play
2026-03-29 20:25:06,aldi haitami,"bubar aja ni aplikasi. go food wilayah serang banten, mandul. pindah ke sebelah ah",gojek,google_play
2026-03-29 20:22:16,Agung Daradjat,mantap,gojek,google_play
2026-03-29 20:18:23,Tita Teria Terista,👍,gojek,google_play
2026-03-29 20:15:45,kurniawan ramadhanSMD,"tidak disaran kan untuk pilih metode pembayaran cash, sampe gajah bertelur pun gak akan ada yang ambil orderan.Begitu pakai gopay, belum juga 2 menit sudah ada ambil orderannya. Saya sangat puas sekali. Terimakasih",gojek,google_play
2026-03-29 20:10:13,Deny Saja,apk sakit,gojek,google_play
2026-03-29 20:10:12,Gatot Asia,enak,gojek,google_play
2026-03-29 20:09:38,silviera febrianti H,susah bgt dpt driver!!!!,gojek,google_play
2026-03-29 20:09:21,Davi Al muzaki,nyari driver susah padahal banyak yang bolak balik depan rumah,gojek,google_play
2026-03-29 20:08:41,Ipul Hardianto,bagus,gojek,google_play
2026-03-29 20:07:21,Pengguna Google,kyk disengaja order didiemin sama driver pdhl di map ada bbrp mobil disekitaran lokasi. tapi begitu beralih ke prioritas yg harganya 55rb pdhl jaraknya dekat langsung deh dapet driver. parahhh,gojek,google_play
2026-03-29 20:06:11,hestiani sandi,susah banget dapat driver gofood. nunggu waktu pembatalan otomatis sangat lama.,gojek,google_play
2026-03-29 20:05:52,Gamers Channel,"rese Banget ngegofood hampir sejam gak dapat driver, mana lagi lapar mana gak bisa dibatalin😡",gojek,google_play
2026-03-29 20:05:38,Luluk Eko Setyono,pilihan terbaik utk transportasi berbasis online. pertahankan dan tingkatkan mutu layanan.,gojek,google_play
2026-03-29 20:05:00,hii jau,sukaa,gojek,google_play
2026-03-29 20:03:49,harun putra cirebon,Kenapa ya kalau saya ingin memesan makanan itu dapat drivernya susah banget tolong dong diperbaiki lagi saya tunggu responnya,gojek,google_play
2026-03-29 20:03:20,Qirom,pembohong dan menindas rakyat kecil,gojek,google_play
2026-03-29 19:58:59,Bang Sony,best,gojek,google_play
2026-03-29 19:52:25,Desi Sulistia,"Apa ya baru kali ini, gomart di cancel driver sampe 2 kali, sesibuk itu atau emang gamau ambil orderan yang tarifnya rendah. Sombong banget. gue nungguin udah 30mnt lebih padahal lagi sakit dan gada yang bisa gua suruh, tapi malah kaya gini pelayanannya kacau.",gojek,google_play
2026-03-29 19:48:22,Nawaf Fahad,driver pada lama² banget dapetnya mau gojek atau pun gofood,gojek,google_play
2026-03-29 19:46:40,Raden Dika Permatadiraja,Beberapa kali order gofood dan sudah di proses atau menunggu lama tapi tiba2 dibatalkan sistem,gojek,google_play
2026-03-29 19:44:16,Rohit Sinaga,"Penanganan masalah lambat ,tidak ada kepedulian, baik terhadap customer dan driver yang terkena musibah",gojek,google_play
2026-03-29 19:42:08,Muhamad Ikbal,luar biasa,gojek,google_play
2026-03-29 19:41:27,Farra Rekha putri,"gatau kenapa skrng, lama bangt buat dpet deivernya udah 4x bgini susah dapet driver",gojek,google_play
2026-03-29 19:37:40,Bob Bendot Bendot,good,gojek,google_play
2026-03-29 19:37:14,muhammad kipli,khusus tanah bumbu (batulicin) driver nya stay di gacoan jdi outlet lain susah dapat driver!!!,gojek,google_play
2026-03-29 19:29:51,cahya bening,"PESEN GOFOOD LAMA BGT DAPET DRIVER NYA, SAYA CANCEL KARENA HAMPIR 2 JAM GADAPET DRIVER!!!!",gojek,google_play
2026-03-29 19:26:27,Fiqih,susah bgt order gosend,gojek,google_play
2026-03-29 19:22:55,_ lay,"pesan makanan udah 1 jam ga dikirim, gabisa dibatalin kocak bener",gojek,google_play
2026-03-29 19:11:22,Andika,CACAT,gojek,google_play
2026-03-29 19:06:18,Hanna,"Nambah lama nambah aneh. pesen goride yg udh mode comfort sekalipun susah bgt dapat driver, driver banyak yg dekat tp ga ada yang respon, sekalinya dapat juga driver yg jauh kali dari titik ku. Sama halnya dengen pesan gofood, udahlah lama, sekalinya dapet tinggal anter makan eh malah di cancel driver. Pesan makanan doang sampe 4jam lebih tnp hasil.",gojek,google_play
2026-03-29 19:02:03,Dino Junior,lama dapet ojolnya parah dan sering d cancel dari ojol,gojek,google_play
2026-03-29 19:00:18,benny widuriyanto,susah baget dapat driver klo pesan food. padahal kita perlu kepastian. keburu lapar mau di cancel harus nunggu lama. drivernya sedikit atau gimana ni.,gojek,google_play
2026-03-29 18:58:56,Michio Kawai,"harganya gilaaaa , mending pake indriver",gojek,google_play
2026-03-29 18:58:56,marwan aifa,aplikasi ini sangat membantu dalam proses perjalanan saya,gojek,google_play
2026-03-29 18:58:26,Lutfi Aryasatya,josss,gojek,google_play
2026-03-29 18:54:13,Muhammad Syaddad Jalali,Sudah 2 hari saya memesan GoFood tidak mendapatkan driver di daerah malang kota. Tolong di jelaskan kenapa bisa terjadi demikian.,gojek,google_play
2026-03-29 18:47:23,Mia Sihotang,ga layak digunakan,gojek,google_play
2026-03-29 18:43:42,Ignatia Vania,"susah banget dapat driver, mau ride atau food, jangan alasan tarif murah, mau bayar tarif yg mahal pun pada ga mau ambil, padahal di map nya banyak. alasannya jarak juga masih masuk akal, orang kotanya ga sebesar jakarta. beralih sebelah app aja",gojek,google_play
2026-03-29 18:43:34,Ziii,keren,gojek,google_play
2026-03-29 18:40:24,Rudi Nurdin,"parah banget pesen makanan , gak dapet dapet driver , baru kali ini kecewa sama gojek ,",gojek,google_play
2026-03-29 18:39:19,awesomething,sekarang susah dapat Driver,gojek,google_play
2026-03-29 18:38:51,Heri Wiyono,bagus,gojek,google_play
2026-03-29 18:37:23,Syifa Fauziah,"susah cari driver, sekalinya dapet minta cancel dengan alasan terlalu jauh, sedangkan liat di aplikasi banyak yg Deket, mengecewakan.",gojek,google_play
2026-03-29 18:34:35,MuhammadFadliAlparizi278,aplikasi nya kadang lelet status pesanan tidak berubah entah dari pihak resto nya atau gimana dan sangat sulit dapat driver padahal banyak driver yg berkeliaran tolong pihak gojek perbaiki lagi dan juga dibeberapa restoran itu kalau kita pesan gofood status nya pesanan disiapin segera begitu dapat driver ini adalah hal yg paling saya tidak suka di gojek mending pake grab,gojek,google_play
2026-03-29 18:32:35,burahol tv,Ga dapet driver buat ambil gofood. Mau batalin tapi harus nunggu satu jam 👎🏻,gojek,google_play
2026-03-29 18:32:04,Afifah Irma,aplikasi baguss cuman ongkirnya mahal hehe🤭🤭,gojek,google_play
2026-03-29 18:28:44,Rayan Fisabillilah,cepet sih,gojek,google_play
2026-03-29 18:28:41,masduki,sangat membantu,gojek,google_play
2026-03-29 18:27:35,no name,"gimana sih, pesen gofood selalu lama dapet drivernya, giliran udah nunggu hampir sejam, ga dapet driver akhirnya di cancel. mending beli makan keluar aja daripada nunggu lama. udah 2 kali begini, kirain udah dibenahi ternyata sama aja.",gojek,google_play
2026-03-29 18:27:13,Mirah Zahirah,ştreş bngt,gojek,google_play
2026-03-29 18:24:48,Datardo Rajaipul Sinaga,aplikasi sampah. driver gofod kalau mereka cancel nunggu driver berikutnya 30-40 menit. gojek sial,gojek,google_play
2026-03-29 18:24:26,siti mutmainah,orang nya baik ramah dan sopan,gojek,google_play
2026-03-29 18:14:41,hadi nugraha,bagus,gojek,google_play
2026-03-29 18:12:25,Yoga Hdyt,"yang benar aja nunggu cari driver gofood sampe sejam,udah lapar nunggu sejam gak bisa di cancel harus sejam dulu aplikasi gblkk perbanyaklah driver",gojek,google_play
2026-03-29 18:07:21,Giunniviera Sapulette,Lama banget nyari Gojeknya,gojek,google_play
2026-03-29 18:06:27,Nuriah Enung,baik sekali,gojek,google_play
2026-03-29 18:05:31,salsabila s,"tolong di perbaiki agar notifnya masuk. kasihan Abang gojeknya ternyata sudah tlp saya berkali kali, tp tdk ada notif masuk sama sekali, harus buka chat gojek dulu. tolong demi kenyamanan bersama. terima kasih",gojek,google_play
2026-03-29 18:04:46,Ce Meysha,bgus bnget,gojek,google_play
2026-03-29 18:04:17,rifa maulida,driver nya skrng banyak yg jelek,gojek,google_play
2026-03-29 17:52:43,Galaxy Sonic,"udah lama nunggu ternyata dicancel,...",gojek,google_play
2026-03-29 17:52:11,ZALFA Zahra,susah dapet driver plss pdhl lg ungent bgt,gojek,google_play
2026-03-29 17:39:39,Yuni Arti,"burukk,lama banget bookingnya",gojek,google_play
2026-03-29 17:30:54,Putu Gita Hermawan,"mohon dibantu ditampilan beranda saya klik go food selalu muncul , Belum ada isinya nih padahal lokasi sudah di set up benar",gojek,google_play
2026-03-29 17:20:52,Wil Wil,"wey susah dapet driver, prioritaspun gak dapet dapet. gimana ini gojek kenapa, driver pada ga mau ambil orderan",gojek,google_play
2026-03-29 17:08:25,Dhiki Hapiz,bagus,gojek,google_play
2026-03-29 17:08:19,Master AssassiN,"sekarang susah banget order gojek, driver seringnya tidak komunikatif tidak menjawab mau jemput gak, sudah ditunggu lama lama ternyata tidak dijemput, pengelola app tambahin review bintang difase order dong, jadi kalau ada driver yg gk komunikatif biar bisa kita nilai, karna yg gak kasih info seringkali menghabiskan waktu kita... mending kalau info gak bisa jemput sekalian malah enak kita bisa order yg lain... tapi yg terjadi pembiaran.",gojek,google_play
2026-03-29 16:56:27,Anta Nira,"kembalikan view driver versi mapnya biar bisa pantau drivernya di titik mana, malah di update cuma driver jalan gambar doang",gojek,google_play
2026-03-29 16:55:22,rachmad wahyudi,bagus,gojek,google_play
2026-03-29 16:55:07,Mamang Au,bayar drivernya yang bagus dan dengan jasanya lah... margin tipis yang penting semua sejahtera,gojek,google_play
2026-03-29 16:46:48,Maulida Fahra,"gojek lagi kenapa si kalo aku setiap mesen ga ada yang ambil mulu najis,padahal ada gojeknya pada deket tapi pada ga mau ambil. udah batalin booking lagi masi tetep aja apa rating ku di driver jelek ya,padahal suka kasi tip,jadi males banget sekarang kemana² pesen gojek.",gojek,google_play
2026-03-29 16:45:41,Dragon Tjia,Lama tidak buka aplikasi nya bisa log out sendiri. Mau masuk aplikasinya susah.,gojek,google_play
2026-03-29 16:44:51,Nurtjahya Cahya,driver nya ok,gojek,google_play
2026-03-29 16:36:44,Ela Dahlia,harganya sesuai,gojek,google_play
2026-03-29 16:27:43,dwi pasipers,bagus pelayanan dan on time,gojek,google_play
2026-03-29 16:23:28,Riska Anindya,sangat membantu konsumen,gojek,google_play
2026-03-29 16:19:30,Elyana Diyan Syafitri,kadang lama banget dapet drivernya🥲,gojek,google_play
2026-03-29 16:14:13,Ewa “Erfan” Nawi,"Login susah,, saya customer padahal",gojek,google_play
2026-03-29 16:13:15,Yuli Sofiyana,"mls bgt jig. susah bgt nyari driver nya, jd sering telat kalo pake gojek, trus kalo pesen makan juga nyari driver nya lama bgt keburu ga laper lg",gojek,google_play
2026-03-29 16:07:03,Kiera_mainyuks,"udah beberapa hari ini cari driver lama, bahkan bisa sampai nunggu 2 jam, itupun masih ga dapet. padahal tertera masih banyak driver yang terdeteksi dan dekat. email dan pusat bantuan ga membantu sama sekali.",gojek,google_play
2026-03-29 16:00:43,Ahmad Santana,mantap,gojek,google_play
2026-03-29 15:56:43,Asrisangadji 08,seru,gojek,google_play
2026-03-29 15:50:07,Vheny Jully,"sering susah dapet driver, dg alasan lokasi penjemputan terlalu jauh dan minta di cancel ,kadang diterima tp menghilang dan stuck tidak bergerak tolong diperbaiki lg untuk driver yg seperti ini",gojek,google_play
2026-03-29 15:39:50,Dragon Goblok,"driver kebanyakan ga gerak ditunggu beberapa menit juga gaada balasan, tolong diberi kebijakan masalah ini.",gojek,google_play
2026-03-29 15:33:35,Solihin Saddam,Gila loh orderan naik prioritas aja tetap susah dpt driver,gojek,google_play
2026-03-29 15:24:55,Ququ Alaydrus,sejauh ini mantap pelayanan nya goodjob,gojek,google_play
2026-03-29 15:24:05,Naftalie Putri Jamas Frans Matacco,kalo nyari driver jangan yang jaraknya jauh. tolong banget nungguin driver kelamaan makan waktu banget jadinya,gojek,google_play
2026-03-29 15:18:13,widya indahlestari14,"terlalu lama mendapatkan driver,",gojek,google_play
2026-03-29 15:15:33,Dian Kasa,mantap memudahkan apa saja,gojek,google_play
2026-03-29 15:00:34,Sugandha Dharma,Setiap kali pesan selalu telat/tdk ada drivernya padahal sudah menunggu lebih dari 3 jam masih belum dapat,gojek,google_play
2026-03-29 14:58:22,jati prasetyo,drivernya terlalu milih milih,gojek,google_play
2026-03-29 14:56:23,ReihanA,"Gojek, driver yang sengaja tidak bergerak, beralasan macet (padahal lengang lancar jalannya, ngecek dari CCTV kota), beralasan titik tidak bisa dijangkau, sengaja tidak cancel order biar penumpang yg cancel dan dia dapat 3k, mohon di evaluasi.",gojek,google_play
2026-03-29 14:47:41,Susi Newemail,bagussss,gojek,google_play
2026-03-29 14:45:30,Siti nur Yulaikah,ini kenapa ya kok tiba2 gak bisa masuk blass gak bisa di gunakan sama sekalee..ada apa ini tolong jelaskan,gojek,google_play
2026-03-29 14:45:10,IBANG,"booking tidak jelas, harga berubah ubah tiba tiba, tidak dapat driver sampe 1 jam lebih",gojek,google_play
2026-03-29 14:43:52,Hemasandi Ramadlani,kebanyakkan update mana mesti wajib update jd gabisa pesan kalau lg buru2 ngenttttt,gojek,google_play
2026-03-29 14:38:04,Tahan Tawa,WOI KALO MAU PESAN HEMAT YA DAPAT DRIVE JAUH MAKANYA PAKAI REGULER BIAR DAPAT DRIVER DEKAT :)),gojek,google_play
2026-03-29 14:32:04,spartan99 rise,ok,gojek,google_play
2026-03-29 14:25:40,Chairul Basari,keren,gojek,google_play
2026-03-29 14:25:37,simpanan 1,"systemnya di perbaiki lagi. masa sudah nunggu hampir 1 jam pesan gofood.. resto sudah nerima, udah dapet driver. tiba2 resto tutup. Udah laper pula.",gojek,google_play
2026-03-29 14:24:17,KzzHung giu,pengantar nya cepat,gojek,google_play
2026-03-29 14:14:45,Yunita Rindawaty,aman nyaman,gojek,google_play
2026-03-29 14:10:01,Anaa Maulida,"biaya sering naik lebih mahal, driver jauh dan bertingkah, akses melaporkan susah",gojek,google_play
2026-03-29 14:04:37,Yanto Cv20,jos,gojek,google_play
2026-03-29 13:53:58,agnes apriliani,jelek bgt pelayanan gofood nya masa pesen sadi jam 12 sianh smpe jam 2 siang g dapet 2 driver malah suruh munggu langi sampe jam 14.45 gila apa mana ga bisa d cancel pula ... perbaiki lagi dong sistem nya udh nunggu lama,gojek,google_play
2026-03-29 13:52:39,Robi Maulana32,"lama lama aplikasi ga ngotak harga untuk customer makin gila mahal banget dibanding grab gila gila,padahal saya sering banget gunain apk ini bahkan saya suka kasih tips buat gojek/gocar kecewa sih.. rating saya aja sebagai custumer lebih tinggi dibanding apk ini kecewa banget pokonya",gojek,google_play
2026-03-29 13:49:32,Roby Jackers,makin Gak Ada Otak Driver Nya Semua,gojek,google_play
2026-03-29 13:42:15,RASYID RIDHA,"mending apk ini di tutup saja, setiap cari drive pasti ga ada ya masuk dan percuma nunggu lama lama",gojek,google_play
2026-03-29 13:39:36,Miftahuzni,"susah dapet driver,pesenan susah di batalin . driver sampe ganti 3x .. hadeuh gojek ini pelayanan nya astaga bgt",gojek,google_play
2026-03-29 13:35:53,kenzo algevaro,"pesen makanan doang lama banget 65-75? udh ditunggu eh dibatalin, nyesel gua percaya gojek, MENDING PAKE GRAB KALO GA SHOPPE AJA BUAT MAKAN. GOJEK GA REKOMENDASI",gojek,google_play
2026-03-29 13:32:29,Lorenzo Gress,susah dapet driver,gojek,google_play
2026-03-29 13:31:46,Hana Anis,di mamuju sulawesi. kalau pesan makanan lama banget sejam .. pdhal dekat rumah,gojek,google_play
2026-03-29 13:14:45,lemonade,"ngaco banget sistemnya, dapet driver jauh 1km lebih, bukan apa apa tapi kasihan ke drivenya kocak, driver kalo lama dateng di cancel otomatis dari aplikasi, padahal salah sistem kenapa nyari gojek selalu yang jauh terus, mana kadang suka nyuruh cancel alasannya lagi makan, minum, eek, berak, modol",gojek,google_play
2026-03-29 13:11:44,Ilmaniar Kamahara,"gojek sekarang bikin kecewa, akhir2 ini susahh bangett dapat driver entah dari goride, gocar atau gofood juga",gojek,google_play
2026-03-29 13:11:31,Edrus Himawan,mantaf,gojek,google_play
2026-03-29 13:01:40,doel baba,ok,gojek,google_play
2026-03-29 12:56:42,Devi Anggraeni,makin lama makin gajelas,gojek,google_play
2026-03-29 12:47:24,BLURR I ANK,GOOD....!,gojek,google_play
2026-03-29 12:40:53,Juliadi Boy,okey,gojek,google_play
2026-03-29 12:36:41,Steven Hartono,bagus,gojek,google_play
2026-03-29 12:29:27,Sugiono Rahmat,sangat membantu,gojek,google_play
2026-03-29 12:25:46,Nazriel Ismail,"pelayanan terburuk di dunia, driver susah di dapat",gojek,google_play
2026-03-29 12:20:43,Irfan Badzim,senng,gojek,google_play
2026-03-29 12:17:54,Nur Atikah,"cri driver aja lama bgt, pdhl udh di prioritasin",gojek,google_play
2026-03-29 12:12:59,Zull Zull,mantap gojek Gorontalo,gojek,google_play
2026-03-29 12:12:03,supriadi alfiatnah,"saya pesan makanan sudah saya transfer ke gopay drivernya dan pesanan saya di cancel ,gimana ini gojek kurang amanah driver penipu di loloskan gabung di gojek nama account nya Muhammad Iqbal Saputra DD4106XBM",gojek,google_play
2026-03-29 12:11:08,Rahmawaty Yusuf Official,👍👍👍👍👍,gojek,google_play
2026-03-29 12:03:09,Nisrina Nasywa,"so sory, apk ini awalnya bagus bgt bisa ngebantu banyak hal. but makin kesini makin GAJELAS SISTEMNYA. kasian customer susah bgt dapet drivernya, pdhal di sisi lain para driver juga pada ga dapet orderan. DIPERBAIKI!!! jangan sampe gara² udh punya nama, jadi asal asalan pelayanannya",gojek,google_play
2026-03-29 11:57:03,Winarko HS,"Terimakasih sudah diantar tepat waktu, komunikasi drivernya baik, ramah, perjalanan aman dan lancar... 🙏",gojek,google_play
2026-03-29 11:50:37,Danang Dwi Kustianto,"banyak driver gak mau ambil jemputan, pelayanannya gimana",gojek,google_play
2026-03-29 11:41:30,Mustika Kania,ramah,gojek,google_play
2026-03-29 11:21:37,Ikhwan Pribadi,good,gojek,google_play
2026-03-29 11:00:14,Deko Handoko,bisa pesan makanan,gojek,google_play
2026-03-29 10:55:06,Wirda Hayati,terima kasih bang. .. terpercaya dan tepat waktu,gojek,google_play
2026-03-29 10:54:29,Faizan Nafis,"lelet, sudah pesan gofood ga ada drivernya. dapat driver 9 kali malah di cancel semua, aplikasi apaan ini sistem gofoodnya begitu",gojek,google_play
2026-03-29 10:49:35,kombel cakrawisdom,senang memnggunakan aplikasi gojek semuanya bisa cukup dr rumah sdh bisa dilakukan,gojek,google_play
2026-03-29 10:46:24,Syahril Ramadhan,terlalu lama ini mendapatkan kurir lawak,gojek,google_play
2026-03-29 10:44:55,Tarmin Raenanda,Sangat membantu sekali,gojek,google_play
2026-03-29 10:37:13,Arveni Tulangow,Mantap,gojek,google_play
2026-03-29 10:32:50,Callista 08,sangat senang dan sangat membantu sekali pake aplikasi gocar,gojek,google_play
2026-03-29 10:22:11,Veno Oktobrian,"semakin kesini semakin buruk aplikasinya sering banget eror gajelas, masukan aja mending sistem aplikasinya dibenerin biar ga lemot karena nyusahin kalau buat yang terburu buru",gojek,google_play
2026-03-29 10:21:41,Ruddy Ruslie,Membantu. ok.,gojek,google_play
2026-03-29 10:21:24,Uing Tea,kita coba babak baru.....,gojek,google_play
2026-03-29 10:18:53,Fino Ardian,"lama lama gojek kurang ajar masa ongkir mahal bgt, padahal Deket saya pemakai gofood 3 tahun belakangan setiap hari sya pesen gofood bahkan sehari bisa 3x saya pesen gofood masa skrg lama lama kayak gak ngotak udah ongkos mahal, waktu nunggu bisa 1 Jam juga niat apa gak bikin fitur gofood apa nyontek ke shoppefood yang waktu anternya lama",gojek,google_play
2026-03-29 09:59:48,Arie Citra rengganis,"plis buat gojek coba pertimbangkan buat ngasih lokasi driver itu jangan jauh jauh kasian kadang terpaksa di batalin karena jauh padahal saya pengguna setia gojek Loh, karena titik nya suka presisi ga loncat tapi akhir akhir ini dapet driver lama dan jauh, akhirnya mempertimbangkan memakai jasa sebelah ya sayang sih harus nya bisa lebih baik ya",gojek,google_play
2026-03-29 09:49:59,Ratna A,PELAYANAN KONSUMER BURUK..ROBOT SEMUA ISINYA,gojek,google_play
2026-03-29 09:43:35,Liana Sebong,nice,gojek,google_play
2026-03-29 09:40:36,muhammad naufalasshofa,"apk bodoh dan menyusahkan, main ngerubah harga sendiri, susah mendapatkan driver. MENYUSAHKAN",gojek,google_play
2026-03-29 09:38:58,Suat Hong Lie,kebanyakan anterrin mkn gk pernah pakai baju seragam,gojek,google_play
2026-03-29 09:35:37,Elisabeth Ivantry,pesan makan sekarang lama sekali,gojek,google_play
2026-03-29 09:23:52,Ste Fanny,skrng cari driver susah banget udh gitu pada lama² lagi,gojek,google_play
2026-03-29 09:08:32,Muhammad al qays,okay,gojek,google_play
2026-03-29 09:02:01,yanny dwi,"order gofood tp nasi gak ada, komplen minta nasinya malah refund.. emang mau makan saldo????",gojek,google_play
2026-03-29 08:57:57,Gilang Andre,"masalah jaringan,padahal kuota banyak tapi di apk masalah internet",gojek,google_play
2026-03-29 08:56:55,Bang Aeri,gojek mantap,gojek,google_play
2026-03-29 08:54:48,Queen Lion,"driver di daerah saya sedikit jadi lama sekali ketika akan pesan, saran tambahkan lagi drivernya di titik titik tertentu",gojek,google_play
2026-03-29 08:53:31,Dede “Fitrah” Khaerul,"Aplikasi gak guna. pesan go food, waktu persiapan 70 menit. udah nunggu lama, malah gak dapat driver. disuruh batalin pula. akhirnya pesen di aplikasi oren, ternyata lebih cepat dari estimasi. tegur dong para drivernya.",gojek,google_play
2026-03-29 08:29:39,Hendrik Setiawan,"Overall udah mantap, cuman ada beberapa bug kayak notif chat ga muncul, tolong diperbaiki lagi",gojek,google_play
2026-03-29 08:26:13,Akhmad Iqbal Afghifari,"cari driver makin susah, kalau Nemu sengaja dibikin lama trus malah minta cancel, setiap driver yang minta cancel customer dpt biaya tambahan buat cari trip selanjutnya",gojek,google_play
2026-03-29 08:22:47,Dodo Zipo,Sangat membantu Terimakasih,gojek,google_play
2026-03-29 08:20:54,Endro Priyadi,"baru aja mau naik go car yang prioritas malah di batalin nih nomer plat mobil nya B1620ERM dan nama nya R. RINALDI AFRIYANTO Toyota Calya silver metalik, tolong di usahakan jangan begini lagi",gojek,google_play
2026-03-29 08:16:49,Nina Fitriani,nyaman . terima kasih,gojek,google_play
2026-03-29 08:01:12,Beautyvia De Millie Yang,"Gopay saya di tarik sama orang tidak di kenal di tanggal 12 MARET, tapi dari gojek tidak membantu mengembalikan uang tersebut. malahan tutup kasus nya. di coba lagi untuk buka kasusnya tapi tidak bisa. tolong di bantu yaa ini aplikasi gak aman banget. udah beberapa kali saldo aku hilang",gojek,google_play
2026-03-29 07:40:44,Keyla Aurani,membantu dalam perjalanan 👍🏻👍🏻👍🏻,gojek,google_play
2026-03-29 07:35:25,Garnet,Saya mengharapkan agar Gojek Sejahtera lagi.🙏,gojek,google_play
2026-03-29 07:25:12,khumaedi yahya,mantap,gojek,google_play
2026-03-29 07:23:04,Ning Dwi Elvy Sukesi,"Driver baik ramah,datang tepat waktu dan juga mobil bersih 👍🏻👍🏻",gojek,google_play
2026-03-29 07:13:02,Rangga Anggara,go food so fasting,gojek,google_play
2026-03-29 07:04:36,Adam Syam,the best,gojek,google_play
2026-03-29 06:59:30,anindhita prasasya,"aplikasi mempermudah hidup. dsaat repot ini itu, klik lalu nunggu dan makan :)",gojek,google_play
2026-03-29 06:56:09,farizadhdhahiri XTPm1,mempermudah keseharian 👍,gojek,google_play
2026-03-29 06:52:19,Inni Sadrika,"setiap pesen gocar, selalu dicancel",gojek,google_play
2026-03-29 06:42:53,Rizkullah Shafa,nice,gojek,google_play
2026-03-29 06:29:09,Rihana Putri,gak dapat driver smpe 1jam? yg bener aja ni gojek??,gojek,google_play
2026-03-29 06:27:54,Kam Nadhoya Zhay,Bagus,gojek,google_play
2026-03-29 06:23:39,Janiar Rampalino,"cepat pelayanan,sangat terbantu",gojek,google_play
2026-03-29 06:21:31,Telur Gulung,goride hemat Rp.21.500 gocar hemat RP.20.500 goride biasa Rp.21.500 goride comfort Rp.21.500 😑 bingung mikir nya ini biaya nya ga jelas...,gojek,google_play
2026-03-29 04:32:46,Zeidan Taufik,layanan bagus,gojek,google_play
2026-03-29 04:19:35,Muhex Munadi,kenapa gopaylater gk di acc padahal saya pengguna lama,gojek,google_play
2026-03-29 02:26:52,Muhammad arif pujaya kesuma,Good,gojek,google_play
2026-03-29 02:13:00,Isra Miraja,sangat baik,gojek,google_play
2026-03-29 02:12:15,Nanda Juliana,"Jujur ya, saya bener-bener kecewa dan emosi banget sama layanan GoFood kali ini! Masa aplikasi sebesar Gojek nggak punya fitur pembatalan yang jelas, padahal driver-nya lama banget nggak jalan-jalan dan bikin waktu saya terbuang percuma? Saya nungguin makanan sampai kelaparan, tapi pas mau batalin malah dipersulit seolah-olah konsumen nggak punya hak buat memilih, padahal ini murni kesalahan sistem atau driver yang nggak responsif. Tolong dong diperbaiki sistemnya, jangan cuma mau untungnya aja",gojek,google_play
2026-03-29 01:24:37,Emil13 Emil,bagus,gojek,google_play
2026-03-29 01:18:12,djunaedy jagger,Mencret!!!,gojek,google_play
2026-03-29 01:10:08,Sugi Hartono,mantap,gojek,google_play
2026-03-29 00:59:13,Mahdumdamas Hsb,nyaman,gojek,google_play
2026-03-29 00:51:00,Reese Cherry,"min tolong perbaiki akun saya segera, tidak bisa claim gopay coin",gojek,google_play
2026-03-29 00:50:20,Geovani YS,"semoga ga pailit gulung tikar ini aplikasi, gofood udah nunggu lama malah gaada driver.",gojek,google_play
2026-03-29 00:34:58,diva raisa,LAMA DAPAT DRIVER,gojek,google_play
2026-03-29 00:31:04,Janto Gunawan,adakan promo krn skrg bnyk pesaing,gojek,google_play
2026-03-29 00:25:38,Satrio Nugroho,terkadang susah dapat driver saat mesan gofood🙏,gojek,google_play
2026-03-29 00:25:20,Slameto Duwi,mantap,gojek,google_play
2026-03-29 00:19:48,Rido,"kita beneran pesen di sangka nipu, padahal gk pernah nipu sama sekali, parah banget drivernya",gojek,google_play
2026-03-29 00:08:27,Fernando Layasina Kacaribu,ga niat lu pada,gojek,google_play
2026-03-28 23:53:09,Made Sutomo,cepet respon,gojek,google_play
2026-03-28 23:33:08,Fitry Cornelia,"kesel bngt, klw misal pas ngegofood ternyata toko nya nggk nyangupin atau driver nya nggk ada yg mau ngambil orderan, malah di suruh nunggu beberapa menit. kan jd nya bingung ke kita nya, mau cancel takut udah di bikin pesanan nya, nggak di cancel malah ngegantung status nya. klw bisa to the point aja lah, batalin dr driver klw nggk mau nganter, jd tinggal lempar ke driver lain, atau toko nya nggk sanggup tinggal langsung cancel aja. jngn nungguin dr sistem gojek nya. maaf aja ya bintang 3",gojek,google_play
2026-03-28 23:32:08,Sri Hasriyanti,dabest,gojek,google_play
2026-03-28 23:31:45,bang muaz,aku kasih bintang 5 biar puas kalian. aku heran sama driver foodnya. kalau yg pesan cewek cepat sampe pagi pun dilayanin tapi kalo yg pesan nya cowok lama nya minta ampun.. terkhusus daerah semarang dan sekitarnya.,gojek,google_play
2026-03-28 23:30:08,34 Muh Rheza AP,sangat wort it,gojek,google_play
2026-03-28 23:27:36,Zulpan Elnura,"katanya ngelayanin 24 jam, gue mesen kagak ada yang mau anterin. hoax",gojek,google_play
2026-03-28 23:17:19,Agus Mulyana,mantappp jaya,gojek,google_play
2026-03-28 22:57:11,alya fatmah,"kenapa ya sekarang gojek jadi jelek banget, masa order go food udah terlambat setengah jam lebih masih ga dapet dapet driver, padahal jarak tempat makan ke tempat saya ga begitu jauh, tolong perbaiki ya, order gocar juga sudah menunggu 20 menit lebih ngga ada yang nyantol, aneh banget.",gojek,google_play
2026-03-28 22:54:57,Zatnika Ns,akhir akhir ini sulit dapet driver untuk gofood. saran kalau 30 mnt blm dpt driver pilihan batalkan munculkan saja biar gak usah nunggu lama. karna molor waktunya bisa sampe sejam setengah,gojek,google_play
2026-03-28 22:53:22,Riesky Rahmadany,"setiap order sy slalu hati hati klo kasi bintang tp driver seenaknya ngasi bintang rendah ke akun sy pdhl sy klo order suka diem gpernh aneh aneh, alhasil klo order lg gd yg mau nyangkut krna bintang akun sy rendah hhhh malesan bgt driver nya tolong di evaluasi y mks.",gojek,google_play
2026-03-28 22:53:13,GAGA YOGA,susah dapat driver kalau hujan,gojek,google_play
2026-03-28 22:50:22,Aorban Legak,sering ganti sendiri alamat pengiriman khusunya di gofood padahal gak pernah diganti alamat nya ternyata ganti ganti sendiri,gojek,google_play
2026-03-28 22:48:18,Pandu Pratama,"saya pesen makanan, kata drivernya restonya tutup, saya di suruh cancel aja, pas mau di cancel gak bisa",gojek,google_play
2026-03-28 22:47:29,kang hyerra,cari driver lama,gojek,google_play
2026-03-28 22:42:39,Sofy,lama lelet dalam mencari driver,gojek,google_play
2026-03-28 22:27:34,Eka sulis styawati,bagus,gojek,google_play
2026-03-28 22:23:43,andy barito,apk termahal,gojek,google_play
2026-03-28 22:22:58,febynurrahaman,susah dapet rider.,gojek,google_play
2026-03-28 22:15:25,Erdimas Subyakto,tarif murah driver minta cancel. aplikasi busuq.,gojek,google_play
2026-03-28 22:12:12,Ilham Satya Permana,good service,gojek,google_play
2026-03-28 22:10:33,Yosefina Irwan,"saya pelanggan setia gocar, saya juga pelanggan aplikasi sebelah, semoga gocar bisa ditingkatkan lagi pencarian driver yang terdekat, karena seringkali masih dapat driver yang terlalu jauh, aplikasi sebelah masih lebih presisi dalam hal ini.",gojek,google_play
2026-03-28 22:10:14,Dhe Tchayanjani,GK jls GK bisa d bukaapk ny,gojek,google_play
2026-03-28 22:08:02,NazZ,"Awal awal pake oke banget, driver dan lain lain nya. cuma entah kenapa hari ini aku mau pesen hampir 4x di resto yang berbeda itu gaada driver nya. padahal resto udh konfirmasi pesanan ku, tapi ga Nemu driver. sampe nunggu 1 jam lebih!!! coba lah lebih ditegaskan gitu lho. nunggu 1 jam lebih cuma buat nyari driver, sampe mau cancel pun harus nungguin timer di apk nya yang statusnya lagi nyari driver. ANEH ANEH!!!!!",gojek,google_play
2026-03-28 22:04:50,Amin Sinshe,tidak puas dengan kinerja driver nya,gojek,google_play
2026-03-28 22:02:15,Mitha Tanggang,gojeknya ramah,gojek,google_play
2026-03-28 21:51:00,wahyusaputra wahyusaputra,dapet driver-nya lama padahal udah harga mahal dapat driver lama,gojek,google_play
2026-03-28 21:48:50,Pita Palupi,"kenapa akhir2 ini susah dapet driver yaa? sekalinya dapet lokasinya jauh bgt dri titik jemput, gfd juga gaada driver, padahal udah nunggu satu jam tetep ga dapet, gojek kenapa sih?",gojek,google_play
2026-03-28 21:45:59,Aya Anggini,"makin kesini makin gak jelas susah dapet driver makanan, udah nunggu berjam jam gak jelas. tolong diperbaiki",gojek,google_play
2026-03-28 21:43:38,yunita anggraeni,mantap,gojek,google_play
2026-03-28 21:41:20,Si jek,mantul,gojek,google_play
2026-03-28 21:36:09,Nuzuli Rizki,payaahhhh susaaahhhhh sekali dapet driver,gojek,google_play
2026-03-28 21:35:59,sarwanto wawan,proses lambat order makan malam buat anak2 2 jam baru datang. akhirnya dah pada tidur jadi ng makan.,gojek,google_play
2026-03-28 21:30:30,budi Waskito,baru 11 hari minta di update apa apaan nih,gojek,google_play
2026-03-28 21:29:29,Andhika Rizki Hidayat,"update rutin, tapi performa aplikasi masih macet-macetan. gak optimal di HP entry level nih, animasinya bikin berat. Masa mau ubah data payment aja loading lama?",gojek,google_play
2026-03-28 21:28:35,page Bamgyuu,"sudah bagus, tapi saat pesan makanan saat resto atau driver ngechat itu gaada notifnya. tolong diperbaiki ya gojekk",gojek,google_play
2026-03-28 21:23:23,inayah putri,INI GOJEK KENAPA YA AKHIR2 INI LELET BGT PDHL SINYAL ADA,gojek,google_play
2026-03-28 21:21:28,Nizar Zulmi,bagus,gojek,google_play
2026-03-28 21:21:23,Alya azzahra,"drivernya tolong di evaluasi lagi dong, masa pesenan saya sudah 3x di cancel tiba tiba tanpa alesan yang jelas. pdhl saya bayar loh",gojek,google_play
2026-03-28 21:20:57,Budi Purnomo,Gojek CS josss..,gojek,google_play
2026-03-28 21:19:29,Rafid ahmad,banyak driver yg gk terima padahal banyak tapi kualitas drivernya pada bagus,gojek,google_play
2026-03-28 21:11:11,Pangeran Robotaku,terbaik,gojek,google_play
2026-03-28 21:08:52,Chorinna Militaris,susah cari driver area sidoarjo,gojek,google_play
2026-03-28 21:07:51,Achmad Cnvs,"Estimasi Tambah lama , Tambah lama, memangnya udah pada malaskah para driver bila area dekat",gojek,google_play
2026-03-28 21:06:31,Erna Anggraini,kenapa akhir2 ini susah bgt cari driver mana batalinya hampir 1 jam sndiri,gojek,google_play
2026-03-28 21:05:32,Muhammad Khoirudin,mntapp mendukung,gojek,google_play
2026-03-28 21:04:13,Akhmad Dillah,"2x pesan makanan tapi tidak dapat driver sedangkan untuk mau cancel harus nunggu sejam, seharusnya 20 menit bisa cancel",gojek,google_play
2026-03-28 21:01:44,Via Ryan21,SUSAH BANGET DPT DRIVER LOL SEKALI ADA DI TOLAK TOLAK PADA GAMAU DUIT KALIII ARGO SAMPE DI NAIKIN TTP PADA GAMAU !!,gojek,google_play
2026-03-28 21:00:57,Muji Tuwekal,Aplikasi yang sangat membantu,gojek,google_play
2026-03-28 20:59:31,Doni Anshari,TERLALU LAMA DALAM MENCARI DRIVER!!!!,gojek,google_play
2026-03-28 20:47:50,Jason Orlando,"leng celeng, hujan2 pesen gocar gaada yang mau ambil tuh gimana? mobil loh, bukan motor, padahal banyak yang terlihat lalu lalang di map pencariannya tapi gaada yang acc",gojek,google_play
2026-03-28 20:45:39,Heri A,pesen gofood lemot bgt pencairan driver nya gak dapet2,gojek,google_play
2026-03-28 20:44:00,Atalla Juni,gojek ga jelas makin kesini makin buruk sering banget bug ga jelas,gojek,google_play
2026-03-28 20:40:49,Yosafat Gusni Ryan P,"SUSAH BANGET DAPAT DRIVER SEKARANG, TOLONG DIPERBAIKI",gojek,google_play
2026-03-28 20:39:53,Firly Amelia,"aplikasi gojek skrg slalu gagal mulu, mau nautin e wallet susah, ongkir mahal poll hadeh",gojek,google_play
2026-03-28 20:39:51,Zulfikar Fatoni,"kalian WAJIB introspeksi kenapa driver Mitra kalian tidak mau ambil orderan, sudah semingguan ini SANGAT SUSAH pesan gofood, fitur ekspress GAK GUNA",gojek,google_play
2026-03-28 20:36:02,Pida Rifi,apk pelit voucher,gojek,google_play
2026-03-28 20:35:00,#Dodytailor tailor,peses nya sangat salama ahirnya gakdapat juga ojek nya,gojek,google_play
2026-03-28 20:33:23,Lily Sugiati,"berulang kali order baik pakai akun baru ini atau akun lama sering tidak dapat driver berujung batal beli gofood. gocar prioritas pun mobilnya asap rokok bau banget, goodbye Go-Jek, cari yg pasti dapat aja di Oren 😂😂😂",gojek,google_play
2026-03-28 20:33:23,Alvin Alfa Yohanes Serhalawan,"Promonya pelit banget..kalo gak pelit promo, saya kasih bintang 5",gojek,google_play
2026-03-28 20:28:40,FAHRUL ALFARIZI,"benci sama gojek ... 2x pesan makan malam buat makan selalu ga pernah tepat waktu ... yang pertama bubur ayam Anjasmoro malam ini nasi Padang Anjasmoro lama bangett, SOP nya gimana nih gak profesional",gojek,google_play
2026-03-28 20:28:04,Eko Supriyanto,jos,gojek,google_play
2026-03-28 20:22:38,Wahyu Rizky,pesen makan ga dapet dapet driver hampir 2 jam nunggu tolong buat para drivernya kalo emang ga bisa ya ga bisa,gojek,google_play
2026-03-28 20:22:06,Yuni Ekis,ga jelas gw nunggu driver udah kayak mau pingsan,gojek,google_play
2026-03-28 20:21:29,ILham Stark,ribet update skrg mh mending dulu pilih co konfirm tunggu driver g nympe (5mnt) skrg driver doang Ampe 10mnt lbh,gojek,google_play
2026-03-28 20:21:28,Zetton More,akhir akhir ini susah dapat driver untuk gofood,gojek,google_play
2026-03-28 20:18:52,Sciel Dezhka,"jelek banget sumpah, selalu ga dapat driver kalo pesan gofood padahal belum malam, terus beberapa kali pesan gocar driver minta tarif lebih dari yg ditentukan di aplikasi, masalah gofood masa harus nunggu 1 jam biar bisa cancel mending kalo ada driver nya ini ga ada, orang udah lapar disuruh nunggu sama yg gak pasti, tolong deh adain fitur dimana kita bisa liat di sekitar ada driver apa gak, jadi kita gak berharap, lama lama nunggu eh ga ada driver mati kelaparan deh orang",gojek,google_play
2026-03-28 20:18:40,Andi Amalyana,"3x order drivernya eror semua yg pertama kejauhan minta d batal, kedua jalannya semakin menjauh dari yg awalnya sudah dekat yg ketiga minta batal lagi alasan ban bocor akhirnya tidak terasa sudah hampir sejam nunggu driver tidak ada yg sanggup jemput",gojek,google_play
2026-03-28 20:13:24,Eva Andarwati,semoga lebih bsnyak diskon,gojek,google_play
2026-03-28 20:10:57,Alda Aprila,"lamaaaa, ga dapet2 driver untuk gofood!! gimana sih?",gojek,google_play
2026-03-28 20:10:56,Dino Sibagariang,untuk pesan go food lama gk jelas bngtlah,gojek,google_play
2026-03-28 20:10:11,Rizky Kurniati,suka syekali,gojek,google_play
2026-03-28 20:07:11,ananda praswanta,"PARAH pesen gofood ,udh ditungguin ,udh lapar, 1jam ditungguin kagak di respon parah lu cuma nunggu doang selama 1 jam,",gojek,google_play
2026-03-28 20:01:26,Fadil Decor,enak untuk pesan makanan,gojek,google_play
2026-03-28 20:01:17,Lukman H Ardian,"aplikasinya sudah bagus, sayang drivernya seenaknya sendiri, order gocar 3x, 2 kalo keblablasan dan g mau tanggung jawab, yang 1 ada penumpang lain.",gojek,google_play
2026-03-28 19:59:50,ARDIAN IAN,ROWR AKU SUKA GOJEEEEEK YEY GOJEK SEMOGA SEHAT SEHAT YA🗿.,gojek,google_play
2026-03-28 19:57:48,Hapis Ganteng,sisah bgt nyari driver padahal udah nunggu 1 jam 30 menit,gojek,google_play
2026-03-28 19:57:16,Uut Maulina,susah cari driver gofood,gojek,google_play
2026-03-28 19:51:13,Aulia Syafira,"NAJISSSSSSSSSSSSSSS nyari driver 2 jam gak dapet2, sekalinya dapet di cancel, dapet sekali lagi di tanyain "" ongkos di aplikasi berapa "" belum sempat di jawab dah di cancel lagiii. luuu ngapainn gojekkk sampe driver luuu pada malesss semuaaa gituuu herannn",gojek,google_play
2026-03-28 19:50:25,Eriasasongko,layanan Parah lama take orderannya parah banget mesen gojek muter muter ngk dapat driver pada ngk ada kah ???lama bangett,gojek,google_play
2026-03-28 19:46:45,Mira Niodika,"pencarian driver lama bgt, mana nunggu durasi untuk pembatalan juga lama",gojek,google_play
2026-03-28 19:42:33,CHANNEL SUPER SMASH,"sampah bgt mistery box nya.. dah 2 mgg sampah semua dapetnya... hilangin yg coba lagi, minimal kasih aja 10 perak biar org enak mainnya..",gojek,google_play
2026-03-28 19:42:08,Chairani Azzahra,"driver tidak sopan, sudah diambil tapi disuruh cancel, waktu menunggu lama, evaluasi lagi kemitraannya.",gojek,google_play
2026-03-28 19:35:35,Risa alaida rohmah,"susah dapat driver, saat gofood menunggu lama berujung pembelian gagal dan tidak bisa di batalkan",gojek,google_play
2026-03-28 19:33:14,Vfggg Ggvgv,tarif hemat,gojek,google_play
2026-03-28 19:28:15,Angkut00 Jully00,sangat lambat cari driver kesel nunggu lama,gojek,google_play
2026-03-28 19:27:30,Grace Lin,"susah dapet driver buat gofood... haddeeeeuuuuhhhh...nunggu sejam,.ujungnya di cancel. apaan itu",gojek,google_play
2026-03-28 19:27:13,-,"Ini udah berkali kali, pesan gofood smpe hrus ngebatalin krma habis masa tunggu driver ga ada. bberapa kali juga pesan, driver seenaknya batalin, bahkan dngan sengaja ga bergerak hingha 30 menit memnuat penumpang menungguuu, sementara bila di cancel malah penumpang harus bayar ganti rugi si driver katanya yg udh effort. EFFORT APAAN BERGERAK AJA KAGAK. Plis deh gojek driver lu pada bermasalah semua terutama daerah medan. DISKON HARGA MURAH GA MAU AMBIL. KERJA NYA GA TOTALITAS.",gojek,google_play
2026-03-28 19:26:24,nadia selvianti,good,gojek,google_play
2026-03-28 19:17:54,ACHMAD YACHYA,aku lagi pesen makan dah nunggu lama lama ehh taunya dibatalin ga ada driver...hadehhh beri rating juga gaakan dibales yang bales paling juga bot,gojek,google_play
2026-03-28 19:15:46,Hadi Suyono,jangan banyak2 biaya aplikasi nya,gojek,google_play
2026-03-28 19:15:22,Valencia _,nunggu cari driver makanan lama bgt bisa sejam lebih nunggu restonya siapin juga hampir setengah jam terus sering dicancel dari pihak restonya padahal udah nungguin lama banget,gojek,google_play
2026-03-28 19:06:40,kang jay,"kok ga asik ya sekarang pesan gojek udah mah lama jauh lagi dapet nya, ga seperti dulu nyaman, tolong kembalikan ke jaman dulu mudah cari driver nya yang terdekat nanti di kasih bintang 5",gojek,google_play
2026-03-28 19:04:38,Dodi Poetra,kalau nggak support Shopee instant mending gk usah.. udah 2 jam cari driver nggak nemu.. dicancel... padahal cuaca bagus nggak macet juga.. nggak terlalu jauh juga... kalau emang ongkirnya kurang tambahin di aplikasi nggak pa2.. bikin repot orang...,gojek,google_play
2026-03-28 19:01:21,Devano Diandra,sering gak dapet driver waktu gofood,gojek,google_play
2026-03-28 19:00:11,Salsha Icha Icha,ok,gojek,google_play
2026-03-28 18:59:10,endahprasetya wati03,"niat kerja g si itu driver? pls lah, posisi laper pesan gofood aja 1 jam lebih g dapet driver! ujan dikit ga dapet lah sumpa ya kesel banget!",gojek,google_play
2026-03-28 18:58:25,Ainun Rizza,kenapa ya kok sering muter2?,gojek,google_play
2026-03-28 18:54:24,Klinik mobil kito,payah di musim ujang kita di telantarkan perlu perbaikan sistim akan berdosa kalau ada pelangan IMERGENSI den pemotongan jasa driver sewenang2 sepihak terbaik kadang menjadi tidak bermanfaat bagi pelangan lelet pesan ya ku keluar aja,gojek,google_play
2026-03-28 18:47:59,Morena mochi,susah cari driver,gojek,google_play
2026-03-28 18:47:54,Andy Haryanto,good luck for u ya,gojek,google_play
2026-03-28 18:44:09,Devi Sylvia Herman,kemalan saiki gojekee kemalan peleh2. ndk gelem harga murahhhhh,gojek,google_play
2026-03-28 18:39:54,iki suryadin,"benahin sistem jangan cuma mau untungnya saja, driver jadi pilih pilih orderan tuh,",gojek,google_play
2026-03-28 18:31:07,Sae Koni,banyak promonya,gojek,google_play
2026-03-28 18:25:45,Taofik Hidayat,good,gojek,google_play
2026-03-28 18:25:21,Hanindya Digna,GAK DAPET DRIVER GOFOOD,gojek,google_play
2026-03-28 18:22:03,GIRLY ANGEL PRETTY LAKSMANA,👍🏻,gojek,google_play
2026-03-28 18:18:40,Heri Ariandi,"Kenapa orderan go-food harus nunggu 15 menit buat dapat driver, belum lagi driver jalan ke resto, dari resto ngantar ke pelanggan. Kelamaan estimasi waktunya, bisa pingsan kelaparan kalau begini",gojek,google_play
2026-03-28 17:53:01,Nabila Aulia29,bgus,gojek,google_play
2026-03-28 17:51:53,サスケAlfi,"nunggu driver jemput sama makanan lama, nunggu 1 jam malah di batalin emang jelek",gojek,google_play
2026-03-28 17:50:43,Viclover Gsone,siiipp,gojek,google_play
2026-03-28 17:40:13,Iwan Gunawan,"saya suka sekali aplikasi ini membuat usaha saya berjalan dengan baik,",gojek,google_play
2026-03-28 17:34:52,agna mustika,fast respon,gojek,google_play
2026-03-28 17:30:01,AnoneAnone Crack,"gak lagi2 pake gojek.. , paket di maling driver cs diem aja",gojek,google_play
2026-03-28 17:27:02,Moes Nyan,pelayanan cepat,gojek,google_play
2026-03-28 17:25:21,Nadine Relysa purba,ttg aplikasi sebenernya bagus pelayanan nya g bagus driver pemilih bayangin aja gdk saldo byk milih mode hemat tp kg ada yg ambil parah harus pake mode biasa,gojek,google_play
2026-03-28 17:20:45,Auliah Bilqhiz,ga pernah dapet driver,gojek,google_play
2026-03-28 17:19:32,Erik S.,"aplikasi gajelas, posisi banyak driver Deket disekitar tapi nyari driver lama bangett ga becus bangett buat aplikasi ojek yang dibutuhin buat keadaan darurat atau terburu buru",gojek,google_play
2026-03-28 17:09:25,Andri Qoirul Syaifudin,oke semua,gojek,google_play
2026-03-28 16:50:54,PAPDN 2023,mantab,gojek,google_play
2026-03-28 16:38:20,nwraa,"susah bgt dapet driver sekarang, heran deh.. kenapa ya? padahal kalo diliat banyak tuh driver2 yg deket.. tp ga dapet2.. mesen gofood juga sama, drivernya ga dapet2 sampe aku nunggu 2 jam buat makan udh laper bgt.. ☹️☹️☹️☹️☹️☹️☹️ kasih solusi plis",gojek,google_play
2026-03-28 16:37:28,Berry Darmawan,kadang ngebug,gojek,google_play
2026-03-28 16:26:02,Muhammad Zainuddin,mengesankan,gojek,google_play
2026-03-28 16:23:03,Syifaul Amrodi,Kecewa sama gojek,gojek,google_play
2026-03-28 16:07:20,Dian Hayuli,mau pickup gocar sekarang lama bgt sampenya,gojek,google_play
2026-03-28 15:57:51,Miss Anastasia,Draver nya pada males udh berkali kali cari gocar susah banget,gojek,google_play
2026-03-28 15:50:39,Mardiana D,sering susah dapat driver lama kelamaan harga makin naik !!!!!,gojek,google_play
2026-03-28 15:48:41,Dyah Permata,beli makanan nggak ada driver padahal udah hampir 2 jam nunggu,gojek,google_play
2026-03-28 15:42:35,Arjo Mtf depok jaya,semuanya ok,gojek,google_play
2026-03-28 15:39:28,Prayoga Adi,ok,gojek,google_play
2026-03-28 15:34:02,Arifa Tussoleha,sgt membantu,gojek,google_play
2026-03-28 15:27:33,Ameal Guarda,sangat bagus,gojek,google_play
2026-03-28 15:23:38,Suryani Yani,nyaman cepat,gojek,google_play
2026-03-28 15:20:22,Abusabila 2006,selama ini bagus,gojek,google_play
2026-03-28 15:08:13,Df122 Balimobil89,nice,gojek,google_play
2026-03-28 15:02:03,Widyo Luwes,dari pasar payan mau ke sambong spbu depane,gojek,google_play
2026-03-28 14:55:25,Ade Komalasari23,bagus aplikasi nya saya suka💞💞,gojek,google_play
2026-03-28 14:48:24,Sri Ayu,the best,gojek,google_play
2026-03-28 14:41:09,Dea Febri,"driver tidak profesional, klo belum siap ngambil orderan tidak usah kerja buang buang waktu menunggu driver datang namun di cancel driver itu sendiri suda saya kirim titik lokasi beserta foto namun driver buta",gojek,google_play
2026-03-28 14:33:18,Yusuf Kristian Ompie,"Sengaja mengunci orderan penumpang baru saat sedang orderan penumpang yang sedang berjalan, SANGAT TIDAK NYAMAN! SAYA HARUS MENUNGGU LAMA AKIBAT SIKAP DRIVER YANG MENGUNCI ORDERAN",gojek,google_play
2026-03-28 14:31:45,Sejarah Indonesia,sangat membantu,gojek,google_play
2026-03-28 14:28:23,GGkian Slebeww,mantap,gojek,google_play
2026-03-28 14:23:17,Rafli Kunz,"saya lagi di area sibuk dan cuaca sedang hujan, lalu saya mencoba memesan go-ride memang beberapa kali saya batalkan karena lama sekali tidak mendapatkan ojeknya, namun mengapa tarifnya selalu di naikan setiap kali saya ingin memesan kembali?",gojek,google_play
2026-03-28 14:21:11,Yenti Cen,"untuk driver yang sengaja tidak mau menjemput penumpang tapi tidak mau cancel atau chat, bisa dilaporkan tidak ya? sangat membuang waktu saya, padahal sudah dekat tapi sengaja mutar mutar",gojek,google_play
2026-03-28 14:15:54,Fajar Flava,mantap,gojek,google_play
2026-03-28 14:12:08,Al Apgani,oke,gojek,google_play
2026-03-28 14:02:48,sani kumaseh,ngeganggu sering keluar iklannya di game aku,gojek,google_play
2026-03-28 14:01:31,αяιє нσи,"Susah banget dapetin driver. Mana sekarang tambah mahal lagi. Najis sama sistemnya, keliatan nyari untung doang.",gojek,google_play
2026-03-28 13:59:59,Anton Krida,nice,gojek,google_play
2026-03-28 13:57:53,Nur Hanimah,"gimana sih, setiap pesen di go food dapet drivernya susah mulu. Udah gitu gabisa dibatalin kecuali harus nunggu sampai estimasinya habis. Pernah sampe nungguin satu jam ternyata pada akhirnya dicancel sama pihak gojeknya. Kalo gitu kelaparan yang ada! Tolong diperbaiki dong, kalo kaya gini mah makin males pake aplikasi gojek.",gojek,google_play
2026-03-28 13:50:19,Diana,cepat,gojek,google_play
2026-03-28 13:45:43,Margareta,Semoga tarif untuk customer dan driver benar benar adil ya,gojek,google_play
2026-03-28 13:44:55,Bachri,"gofood, pemaksaan layanan",gojek,google_play
2026-03-28 13:44:51,Nanang Yulianto,"1. map kurang akurat, akibatnya nominal yg harus dibayarkan bisa berubah ubah. 2. relatif mahal,",gojek,google_play
2026-03-28 13:41:01,Yantie Fatmah,plis ya gojek kenpa sih sekarang susah banget buat nemuin drever nya pas lagi sakit pesen makan gini malah nunggu udah 30 menit gk dapet² driver nya keburu pingsan nunggin beginian doang,gojek,google_play
2026-03-28 13:38:11,Benedictus Raditya,terima kasih membantu sekali,gojek,google_play
2026-03-28 13:36:37,Widyartama JN,puas bgt dengan promo gocar nya,gojek,google_play
2026-03-28 13:35:01,Renandacrypto,"aplikasi sampah, order makanan gak dapet2 driver disuruh nunggu lagi 1 jam. sudah nunggu gak dapet drivernya hampir 1 jammalah suruh nunggu lagi 1 jam. terlalu lama blok kompensasi waktu pencarian driver. keburu laper asuuu",gojek,google_play
2026-03-28 13:31:21,R.Ani Mey,"aplikasi yang sangat bermanfaat, wajib dimiliki dan dicoba",gojek,google_play
2026-03-28 13:27:32,Kintan Defi,"min, tolong dong supir drivernya tegorin. yang bener aja. kalau emang gk mau ambil orderan kan bilang dari tadi. gua tungguin 1 jam malah jalan2 tapi muter2 gk jelas. kan buang2 waktu gua, udah tau bapak gua lagi sakit. gk ngotak sumpah",gojek,google_play
2026-03-28 13:27:16,Mahesa Idris,mantap,gojek,google_play
2026-03-28 13:26:46,Amy Auliya,ada beberapa oknum driver yg ambil orderan dan begitu dekat dengan customer tiba2 cancel. padahal sudah malam hari dan situasi sepi serta lama menunggu driver yg mau pick up. tolong di selektif kembali para driver nya,gojek,google_play
2026-03-28 13:26:39,Apin Keren,sangat membantu,gojek,google_play
2026-03-28 13:19:19,B49US Setiadi,good,gojek,google_play
2026-03-28 13:09:26,othab hermawan3,goodjob,gojek,google_play
2026-03-28 13:03:13,Haris Udin,kecewa aja sihhh.,gojek,google_play
2026-03-28 13:03:11,Dian Kumala,setiap ada masalah dengan transaksi gojek selalu gercep dan mengutamakan kenyamanan pelanggan,gojek,google_play
2026-03-28 13:00:09,LemonTea,"sudah ke 3x nya mesen makanan sampai 1 jam lebih tidak dapat driver samapai terpaksa dicancel karena terlalu lama. sangat mengecewakan. lama lama mati kelaparan ini. apalagi dapat driver tiba"" hilang lagi kalau ga niat kerja gausah aktifin tu apk.",gojek,google_play
2026-03-28 12:59:32,Yuki Excel,"Waktu hujan deras, nunggu driver lama. udah dapat driver, malah disuruh ke seberang jalan. udah ke seberang jalan, malah di cancel driver. mobilnya Honda Mobilio plat N....CC",gojek,google_play
2026-03-28 12:58:10,Irfan Efendi (I'fan),transportasi yg baik saat ini,gojek,google_play
2026-03-28 12:45:20,Uchye Kecil,"Skrng Aplikasi Gojek sangat tidak manusiawi, Ada yg dekat, malah kasi mobil yg jauh lokasinya dri tempat Kami...",gojek,google_play
2026-03-28 12:37:11,Kuhaku Tergg,"apk sampah udah pesan 3 jam ngak dapat2, entah gojek pakai limit di atas 100ribu ngak akan dpt. sampah",gojek,google_play
2026-03-28 12:10:17,Aulia Azmi,banyK iklan,gojek,google_play
2026-03-28 12:09:48,Mario Momo,mantap,gojek,google_play
2026-03-28 12:09:35,Upi Harahap,sialan byk amat potongannya,gojek,google_play
2026-03-28 12:04:47,Jasmine Annica,"praktis, hemat, mudah dipakai 💚",gojek,google_play
2026-03-28 12:02:17,LALA ROMLAH,sangat puas dengan pelayanan nya,gojek,google_play
2026-03-28 12:00:27,Wan Sa,makin hari makin susah aja untuk order gofood di perbaikilah system nya,gojek,google_play
2026-03-28 11:58:13,Azhar Margie,diskon sering tiba-tiba ilang jd balik harga normal pas bayar,gojek,google_play
2026-03-28 11:50:12,adit wibawa,aplikasi elek,gojek,google_play
2026-03-28 11:39:32,Han Dayani,"Kalo lagi diskon driver nya pada gak mau datang, banyak alasannya",gojek,google_play
2026-03-28 11:38:04,Imam taufiq Bawen,dapet driver lama terus di benerin itu mitra nya,gojek,google_play
2026-03-28 11:37:32,Heni Kurniawati,"Makin hari ongkos order makanan diluar nalar, bisa seharga makanan yg dipesen. padahal jaraknya deket, bener2 gila",gojek,google_play
2026-03-28 11:31:43,Steina Talahatu,bagus,gojek,google_play
2026-03-28 11:28:12,Pengguna Google,"masih JD pilihan saya, tapi k3napa sekarang sering banget dapat driver yg jauh2",gojek,google_play
2026-03-28 11:18:23,Leo Agung Novem Sigit t.m,lama nyari driver,gojek,google_play
2026-03-28 11:03:23,Satria Adi Nugroho,"aplikasi gajelas, eror pas mepet waktu, ketinggalan kereta jemb",gojek,google_play
2026-03-28 10:54:03,queen tulip,sangat membantu,gojek,google_play
2026-03-28 10:52:02,andra novid,pelayanan drivernya rata-rata memuaskan,gojek,google_play
2026-03-28 10:51:10,AKHWAN MAULANA,MANTAPP,gojek,google_play
2026-03-28 10:46:00,Dian,mantap,gojek,google_play
2026-03-28 10:44:26,Alexius Heatubun,Mantap Gojek.. Sukses selalu,gojek,google_play
2026-03-28 10:41:47,Ahmad Fauzi,memudahkan banget,gojek,google_play
2026-03-28 10:41:02,lency daryanti,"Penjemputan tepat waktu, Sopirnya Ramah dan mobilnya bersih, pokoknya mantap...semangat dan lanjutkan lebih baik lagi.",gojek,google_play
2026-03-28 10:37:43,Muhammad Gadafi,good,gojek,google_play
2026-03-28 10:33:00,kardi yosman,Mantab lah..Jozz,gojek,google_play
2026-03-28 10:16:57,UTIKA TRIJANWARTINA,"cepat tanggap, terima kasih, aplikasi nya ok",gojek,google_play
2026-03-28 10:12:29,Agung Budi K,tolong pemilihan rutenya di perbaiki... saya selalu mendapat rute terjauh ke tujuan saya,gojek,google_play
2026-03-28 10:10:34,Syifaul ssw,"pemesanan sesuai daerah masing2, tapi di Majalengka malam pun jam 11 ada yg nerma pesanan",gojek,google_play
2026-03-28 10:06:09,Erma Linda,kalo nunggu gak terlalu lama ..ramah,gojek,google_play
2026-03-28 10:01:02,Yatimin,enjoy banget lah,gojek,google_play
2026-03-28 09:57:44,Rahmawati,mempermudah perjalanan,gojek,google_play
2026-03-28 09:54:03,big Dreamsman,nice app,gojek,google_play
2026-03-28 09:53:06,Lolita Aptiara,good sangat membantu,gojek,google_play
2026-03-28 09:44:21,Afkar gavin,jos jis,gojek,google_play
2026-03-28 09:43:36,DRAXGSTAR,"Pernah 1x Biasanya kalo saya pesen gojek, terus saya suruh nunggu bentar itu ga masalah, karna ada hal kecil yg harus diselesaikan terlebih dahulu. Namun ada 1 momen saya pesen gojek dan saya minta mas nya menunggu sekitar 3-5 menitan, setelah saya siap saya menghampiri mas gojek tersebut dan bilang ""maaf ya mas agak lama.."" dan mas nya tidak bilang apapun dan langsung ngasih saya helm. Biasanya saya bilang begitu gojek yg lain pasti merespon dengan baik. Saya kasih B1 stelah sy sampai.",gojek,google_play
2026-03-28 09:42:56,zuhratun nufus,mantap,gojek,google_play
2026-03-28 09:37:41,Sarjo Satrio,"driver ramah dan cepat,",gojek,google_play
2026-03-28 09:37:36,Gunawan Browintoro,Selalu menyenangkan pakai Gojek,gojek,google_play
2026-03-28 09:35:18,Nike Sari Oktavia,cukup puas dg Gojek,gojek,google_play
2026-03-28 09:33:13,Hamidah Nur Wahdaniah,tetep stay di bintang 1 karena makin susah dapet driver dan harga makin mahal,gojek,google_play
2026-03-28 09:28:29,Suwardana Suwardana,sangat luar biasa keren saya senang pelayanannya proposional,gojek,google_play
2026-03-28 09:24:17,Aminah Aminah,bagus baik,gojek,google_play
2026-03-28 09:23:01,Mama Zuka,Lokasi kami tdk bs dilewati mobil,gojek,google_play
2026-03-28 09:22:54,Junita Sari,mantap👍👍,gojek,google_play
2026-03-28 09:08:36,Arie Firman,"gojek sekarang makin parah, service nya kacau, nunggu drivernya lama, kami kasih bintang satu ya",gojek,google_play
2026-03-28 08:54:10,Agung Escort13,sangat membantu,gojek,google_play
2026-03-28 08:47:44,Rifai Achmad,good service,gojek,google_play
2026-03-28 08:31:52,Muryani Muryani,Bagus,gojek,google_play
2026-03-28 08:14:45,Imam Setiaji,ujan dikit harga nya mahal anjirr.,gojek,google_play
2026-03-28 08:03:54,Mae Ardiansyah (Mae),"pengembalian dana saldo, tidak di kembalikan pihak goek, kecewa berat!!!!!",gojek,google_play
2026-03-28 08:00:52,Rita Sofia,pelayanan baik,gojek,google_play
2026-03-28 07:27:29,Agus Suhardi,"mudah, dan murah...",gojek,google_play
2026-03-28 07:17:53,Ngadiso Sintang71,sangat membantu,gojek,google_play
2026-03-28 07:03:45,Hendi Suhaendi,membantu transportasi dan harga terjangkau,gojek,google_play
2026-03-28 07:02:00,Windaa Utari,terbaik,gojek,google_play
2026-03-28 06:57:52,Dewa Lawe,bagussss,gojek,google_play
2026-03-28 06:37:00,Daniel Eka,harga ke tujuan jangan naik!,gojek,google_play
2026-03-28 06:30:14,Trisna Hadiwijaya,ok,gojek,google_play
2026-03-28 06:25:28,Tono Nich,mantap,gojek,google_play
2026-03-28 06:22:51,yogi sugiono,"penjemputan dan sampai ditujuan lebih cepat, cuma syng tarifnya naik",gojek,google_play
2026-03-28 06:21:27,Green Tea,wes sip lanjutkan,gojek,google_play
2026-03-28 06:07:03,Fitra Azam,Pokoknya the best banget aplikasi nya 🙏🏻🤩,gojek,google_play
2026-03-28 05:30:43,Inike Hartati,mantap,gojek,google_play
2026-03-28 05:27:07,Ramly Balotely,ok,gojek,google_play
2026-03-28 05:18:03,Bludas 007,"kurang sip,",gojek,google_play
2026-03-28 03:47:32,Mkadapi Dapi,ok,gojek,google_play
2026-03-28 03:46:33,rereboskecil boskecil,tolong dong gojek sya terblokir /terkunci tolong kembali kan dengan normal,gojek,google_play
2026-03-28 03:35:48,ACHAN GAME,lama sekali.. saya juga sering tiba tiba di cancel,gojek,google_play
2026-03-28 02:35:40,rap gemoy,aplikasi ini sangat berguna,gojek,google_play
2026-03-28 02:29:25,Iqbal Qmunk,mantap,gojek,google_play
2026-03-28 02:25:05,agus kimi,sangat membantu,gojek,google_play
2026-03-28 02:23:49,dimas bariq banesa,sangat membantu lapar ditengah malam,gojek,google_play
2026-03-28 02:22:30,Near River,"ekspres apaan, driver gak ada yg mau ambil, lama banget telatnya. gt gak ada kompensasi. mana iklannya muncul terus padahal sudah install",gojek,google_play
2026-03-27 22:41:55,Fariz Abymantara Putra,lelet susah dapat driver,gojek,google_play
2026-03-27 21:34:05,a.ahmad rifai,pesan yg express tapi nunggunya jauh lebih lama..,gojek,google_play
2026-03-27 20:41:42,tak tok,sudah 5 kali pesan goofood selalu tidak dapat driver . payah,gojek,google_play
2026-03-27 20:10:35,hendi kurniawan,okkk mantab ..,gojek,google_play
2026-03-27 19:26:45,Daniel Cahyadi,"coba urus lg win win solution buat driver dan perusahaan. klo banyak trouble yg susah itu customer. lama dpt driver, ga ada yg mau ambil gofud, goride dll. banyak2 dgerin driver ny tuh. itu sumber kalian dpt duit.",gojek,google_play
2026-03-27 19:04:02,Yudi Majale,josss,gojek,google_play
2026-03-27 16:30:28,Uri Tampan,"Setiap keluhan dijawab bot. Fak lah kata gua teh. Sekalinya bales pake email, no-reply. Trus komunikasinya gimana njir.",gojek,google_play
2026-03-27 14:32:25,petot udin,aplikasi paling ok,gojek,google_play
2026-03-27 13:46:09,Frisskkaa_01,lm dpt driver.,gojek,google_play
2026-03-27 12:35:18,Erwin Kurniawan,satset mantab pool,gojek,google_play
2026-03-27 12:32:57,Pengguna Google,Gojek mempermudah transportasi sangat membantu sekali... Lebih cepat lebih murah... Tingkatkan terus pelayanannya... Thanks gojek,gojek,google_play
2026-03-27 11:31:43,Happynes Cristover,"Kenapa pas saya mau isi pulsa untuk ke dua nomor saya selalu di batalkan padahal sudah saya update dan sinyal wifi bagus, tolong di perbaiki",gojek,google_play
2026-03-27 11:26:13,Lusiana,"izin, kenapa ya banyak banget driver yang seenaknya khusus nya driver gocar. kaya udah di terima orderan tapi malah ga jalan, padahal saya urgent banget buat ke rumah sakit. tolong di pinalti dong driver yang kaya gitu saya udah banyak banget mengalami cancel padahal saya mesen juga ga mepet banget karna antisipasi hal kaya begitu, tapi ternyata emang drivernya yang problematik maunya argo gede, padahal juga saya bukan pilih yang gocar hemat kenapa jahat banget sih.",gojek,google_play
2026-03-27 11:10:18,Al Op,download dari 2018 sampai sekarang rutin transaksi gojek tapi kenapa semua fitur blm kebuka ya? terutama gopay pinjam,gojek,google_play
2026-03-27 11:07:26,Novaludin,kebanyakan oknum drivernya,gojek,google_play
2026-03-27 11:03:44,Nafiul Rizki,"pencarian driver sangat lama, trs saya batalin pencarian driver buat pake pencarian cepat, sama aja masih belum dapet driver. saya udah batalin pencarian driver, tapi malah dapat driver tanpa ada pemberitahuan, biasanya kalo dapet driver kan ada info drivernya, ini saya masih ditampilan pilih tipe driver. tiba2 driver udah sampe di lokasi penjemputan tapi saya udah ga di lokasi. bikin cekcok aja ini aplikasi gojek, saya jadi ga enak sama driver nya",gojek,google_play
2026-03-27 10:28:25,Sulis Tiyani,"Lumayan tp d hpku udah gk bisa lagi kebuka perangkatnya, bagaimn cara perangkatnya dapt kembali lg dan dapt d gumnkn lagi terima kasih",gojek,google_play
2026-03-27 10:18:00,Ruddy Cooper,jadi masalah nya begini saya memesan goride ke tempat a tapi maps di drivernya menuju ke tempat b. akhirnya saya diantar oleh driver ke tempat a dan akhirnya saya mengeluarkan uang lagi yg nominalnya lumayan besar untuk jarak yg dekat ( harga tambahan nya 3× lipat dari tempat saya order dari stasiun hingga tempat a ). jadi saya harap hal² seperti ini tidak terulang lagi,gojek,google_play
2026-03-27 10:07:07,Teni 11,good,gojek,google_play
2026-03-27 10:00:40,Ariadi Trianantod,gagguna,gojek,google_play
2026-03-27 09:51:36,Andy Onden,semuanya ok baik!,gojek,google_play
2026-03-27 09:50:09,Sholahuddin Lala,sangat membantu,gojek,google_play
2026-03-27 09:46:59,Arin Arin,SEKARANG BANYAK DRIVER SOMBONG MINTA BATALIN ORDERAN YANG CUMAN 25 RB AN GA MAU DI AMBIL,gojek,google_play
2026-03-27 09:29:39,Muhaimin Muhabibi,mantap sekali,gojek,google_play
2026-03-27 09:24:26,Rizka Lidya,aplikasi yang sangat tidak profesional. saya pesan gomart dan barang yang dikirim kurang namun gojek tidak bisa membantu penyelesaian masalah saya. sangat menyesal saya menggunakan aplikasi gojek.,gojek,google_play
2026-03-27 08:49:37,FanzzSkuyy,BINTANG 5 UNTUK GOJEK!!,gojek,google_play
2026-03-27 08:42:04,Ahmadyani1987 Zack,menyala abmgku,gojek,google_play
2026-03-27 08:38:20,Feri Friaman,mantap,gojek,google_play
2026-03-27 08:35:08,Agung Supriatna,cepat dan aman,gojek,google_play
2026-03-27 08:35:06,Vicky Gilang,"idih idih kapitalisss, ikut2an double order, triple order, padahal customer bayar ongkir, makanan hangat jadi dingin gara2 kerakusan kalian nyari margin gede tapi gada otak, driver juga dirugikan karena harus bentrok dengan kesabaran menghadapi customer dan cuma dapat tarif order yg terdelusi demi gaji 2 digit orang2 kantor kek kalian. Saham GOTO otw gocapppp. Delisting dari bursa efek. Gojek karya anak bangsa otw bangkrut....",gojek,google_play
2026-03-27 08:33:55,Shera Dela,ini kenapa sih setiap mau klaim koin di gopet koin nya ga masuk dan notifikasi ga masuk juga padahal awal nya lancar Lancar aja jaringan juga lancar aneh bnget tolong diperbaiki min,gojek,google_play
2026-03-27 08:29:44,Budi sampurna,aman & sikap driver ramah,gojek,google_play
2026-03-27 08:19:47,Romi Andriansyah Raspati,"Sebelumnya aplikasi ini bisa jalan di hp saya Vivo Y36, tapi setelah pindah ke hp Infinix Note 40 Pro 5G, tidak bisa dibuka dengan keterangan ""silahkan download aplikasi resmi dari playstore"", sekarang sudah bisa, saya revisi ke bintang 5 😊",gojek,google_play
2026-03-27 08:16:30,zulfikar zul,pelayanan oke,gojek,google_play
2026-03-27 08:12:37,atillah tillah,menarik sekali dan sangat nyaman,gojek,google_play
2026-03-27 07:55:17,Husny Satria,Awesome,gojek,google_play
2026-03-27 07:41:15,Ahmad Shodiq,kurang promo untuk pengguna gopay,gojek,google_play
2026-03-27 07:39:11,lucy prameswary,ok,gojek,google_play
2026-03-27 07:35:07,Neni Kustirah,ok,gojek,google_play
2026-03-27 07:17:08,Ary Bna,bagus responnya cepat,gojek,google_play
2026-03-27 07:16:40,Indra Raharjo,mantap,gojek,google_play
2026-03-27 07:01:55,S Parman,sangat membantu sekali,gojek,google_play
2026-03-27 06:46:53,azmi azmi,membantu lebaran,gojek,google_play
2026-03-27 06:01:30,Chandra Dewisutio,Knp tdk bisa kebuka? Jadi tdk bisa digunakan hrs di update terus,gojek,google_play
2026-03-27 05:42:48,Adi sutrisno,nanti aja,gojek,google_play
2026-03-27 05:06:32,Wadiana,mantap gojek selalu di hati.,gojek,google_play
2026-04-02 22:53:42,Fany Arifin,"sangat membantu,dikala keadaan mendesak",grab,google_play
2026-04-02 22:50:03,Sarwono Wae,Driver Ramah.,grab,google_play
2026-04-02 22:32:52,Sulaiman Bakir,sekarang maps nya Ndak akurat,grab,google_play
2026-04-02 22:29:33,Wahyu Wahyu Iskandar,baik,grab,google_play
2026-04-02 22:27:25,Onong Anni,"kesel banget tiap order makanan di malam hari baru jam 8 juga susah banget dapet pengemudi, masa tunggu aja diperpanjang saya pesen makanan tuh karna lapar ini malah di permainkan nunggu berjam jam, kapok banget pertama pakai aplikasi ini alih alih kemakan iklan murah katanya tapi lambat..",grab,google_play
2026-04-02 22:27:00,Dionisius harken Damsari,aplikasinya ngelag parah padahal jaringan bagus,grab,google_play
2026-04-02 22:06:25,Ahmad Hidayat,mudah,grab,google_play
2026-04-02 22:05:19,cari berkah,sangat membantu,grab,google_play
2026-04-02 22:02:40,Iwan Lampunut,pengendara ok. aplikasi nya kurang bagus. selalau gagal kirim resi,grab,google_play
2026-04-02 21:55:53,Diyah Valisa,"Grab, kamu kenapa tiap aku abis order makan terus aku buka apk lain terus mau buka grab lagi tapi ngga bisa? sampai muncul notif aplikasi terhenti jadi harus install ulang.. udah gitu lama bangett.. ini aku harus gimana? jadinya orderanku dicancel driver-nya jadi harus nunggu lama lagii",grab,google_play
2026-04-02 21:51:07,Salsa Billa,Bagus,grab,google_play
2026-04-02 21:47:33,F A,"Pesen makanan lama bener ga dapat driver, batal otomatis. 👎",grab,google_play
2026-04-02 21:40:06,Hartoyo Setiawan,"emang dasarnya kek ampas , nunggu hampir 2 jam pesen grab food masih di resto aja .",grab,google_play
2026-04-02 21:33:18,Rizky Ramadhan,"tolol Driver nya pada kebanyakan milih"" gua pesen makanan sejam lebih pas udh wktu nya gada yg mau ambil,tolol bat",grab,google_play
2026-04-02 21:32:03,Rahma Dani,"pake grabfood lama nyari drivernya, gua nunggu sejam lebih eh ujung ujungnya di cancel",grab,google_play
2026-04-02 21:19:30,Sari Ono,sangat membantu dikala mengerjakan😁😁😁,grab,google_play
2026-04-02 21:14:43,Grace Oktavia,"Akhir2 ini sulit mendapatkan driver Kalau pakai promo,tidak ada driver yg mau jemput.Tapi kalau saya pilih yang harga jauh lebih mahal baru driver mau ambil.Hari ini grab bike harganya 56 rb biasanya hanya 20 rb an,baru drivernya mau ambil. Seperti ada permainan antara driver dan aplikasi.Kalau harga mahal cepat dapat driver,kalau pilih promo ngga dapat2 drivernya.harganya pun tidak masuk akal",grab,google_play
2026-04-02 21:13:30,Azka,iklan,grab,google_play
2026-04-02 20:59:10,Holip Patulloh,ok,grab,google_play
2026-04-02 20:59:03,Yati Yati,tepat waktu.. baik dan ramah..terima kasih,grab,google_play
2026-04-02 20:55:01,Robi'ah Al-Adawiyah _2062,makin ngawur sistemnya,grab,google_play
2026-04-02 20:44:07,Dhesma Yana,nyari driver nya lama,grab,google_play
2026-04-02 20:41:10,Nazril Rohman,"lama dapet diriver, ga jelas tentang waktunya, segala harus pake prioritas dan ga gratis, pilih kasih, ga bisa batalin pesanan yg lama",grab,google_play
2026-04-02 20:29:23,ridwan ridwan,"pesan makan kadang susah dapet pengemudinya malah nunggu 50 mntan gak ada juga ujung""nya d batalin kecewa",grab,google_play
2026-04-02 20:25:51,Andy Saputra,pelayanan cepat. barang sesuai,grab,google_play
2026-04-02 20:25:04,Abu Surbah,oke top,grab,google_play
2026-04-02 20:23:53,Raida Rumaiza,sekarang susah driver,grab,google_play
2026-04-02 20:20:22,Happy Cahya,pesen makanan susah cari drivernya !!!!!!,grab,google_play
2026-04-02 20:13:31,Naga Budiman Hamdani,"Very Good Fast Respon, Tq Grab🙏",grab,google_play
2026-04-02 20:12:31,kamal ardabili,"pengalaman buruk setiap pesan makanan pasti selalu telat gagal dapat driver Berjam jam tidak seperti aplikasi sebelah padahal jarak restoran ga jauh"" amat, suka mls beli dsni tpi udah terlanjur di pesan pdhal driver bnyk kok susah bngt dpt.",grab,google_play
2026-04-02 19:58:01,Deni Kamaludin Jamil,Ini kalau sistemnya gak susah dapat driver pas hujan/sibuk bintang 5,grab,google_play
2026-04-02 19:49:12,Fitri sridevi Hutabarat,aplikasi kalian ini sangat mengesalkan. pesan grabfood tidak bisa cancel.,grab,google_play
2026-04-02 19:45:34,Arumanda Maru,cepat angkut aku hey,grab,google_play
2026-04-02 19:38:42,Nilawati,asli sumpah. beneran padahal ga pencet beli tiba tiba dikirimin. bahkan belum selese dibagian opsi pembayaran malah kekirim dan hal yg paling mengecewakan tidak ada opsi cara membatalkan pesanan padahal baru di pesan dan belum apa apa. aplikasi ini mengecewakan sekali,grab,google_play
2026-04-02 19:36:25,Fahmi Febrian,good,grab,google_play
2026-04-02 19:30:04,Regi Fauzi,"saya udah berapa Kali mesen makanan , gak pernah di anter .",grab,google_play
2026-04-02 19:27:07,Salani Salani,terlalu mahal,grab,google_play
2026-04-02 19:25:40,Gusti Aditya,cepet jemput ya,grab,google_play
2026-04-02 19:21:55,Najwa Syahirah,lama bngt dpt driver nya,grab,google_play
2026-04-02 19:21:39,Khairani Oktaviani,Sistem Mengecewakan!!,grab,google_play
2026-04-02 19:19:44,Siti Ngaisah,susah dibuka aplikasinya..sering salah titik lok,grab,google_play
2026-04-02 19:17:37,bayu pratama,sangat bagus,grab,google_play
2026-04-02 19:13:32,Hendry Stiono,sangat membantu,grab,google_play
2026-04-02 19:11:56,adi setiawan,grabfood bikin muak...layanan terlalu lama .cari driver harus nunggu 1 jam..orang keburu lapar makanan ga datang2..mending beli offline..makin ke sini makin buruk layanannya...parahhh 👎👎👎👎👎👎👎👎👎,grab,google_play
2026-04-02 19:04:26,Sifa Nursifa,skrng KNPA jdi susah banget nyari driver grabfood. udh nunggu smpe 1jam blm Nemu aja gojek. seharus skrng ada sistem cancel nya,grab,google_play
2026-04-02 19:00:27,nida ulmufida,alternatif kamu gojek mahal,grab,google_play
2026-04-02 18:53:20,Alisang Cinta,"makin lama, makin mahal cibay",grab,google_play
2026-04-02 18:44:59,Amalia,gmna ni grab ...di update udh seminggu gak bisa di buka ...di uninstall mlh gak bisa juga,grab,google_play
2026-04-02 18:38:11,shintaefra nez,DRIVERNYA JUAL MAHAL SEMUA PADAHAL JUGA GAK HUJAN TAPI GAMAU JALAN!,grab,google_play
2026-04-02 18:34:54,Rifaj Yunant,"jangan pake grab guys, 1 jam lebih ga dapet2 driver",grab,google_play
2026-04-02 18:34:13,Nou Val,tapi kurang ya salah penempatan titik lokasi rumah,grab,google_play
2026-04-02 18:30:29,Reni Pabriani,nah udah selesai juga akhirnya. nih ku kaaih bintang 5 lagi. next time sebelum ngebekuin akun. kasih tau dulu alasannya. jangan bekuin sebelah pihak. kami customer juga punya pembelaan.,grab,google_play
2026-04-02 18:17:22,Sholi Van iyeu,membantu,grab,google_play
2026-04-02 18:08:45,Dewi Azura,GRAB TERLALU MAHAL BANGET JANGAN MAHAL MAHAL !.,grab,google_play
2026-04-02 17:54:57,nnta,so horny with this much promotion on grabfood ‼️🙏,grab,google_play
2026-04-02 17:50:07,Naswa Zein Qurrotul Ain,"Kalo ganiat ngasih promo gausah gagal mulu promonya, oiya yang pengen makan dapet banyak promo download aja GOJEK di GO FOOD dijamin 100 persen banyak promo nya asli sumpah gak kayak apk ini",grab,google_play
2026-04-02 17:45:43,Dedi Rahman,Driver banyak yang gak bawa helm buat penumpang,grab,google_play
2026-04-02 17:44:24,Mimi Nurasmi,trimakasih pak sudah antar sy Sampay tujuan,grab,google_play
2026-04-02 17:44:08,Muhammad Fakhri,ga pagi ga sore dapet driver lama banget,grab,google_play
2026-04-02 17:32:08,darlis ab,semua lancar,grab,google_play
2026-04-02 17:25:54,Udin Smithhh,"sangat kecewa ,layanan buruk pas setiap pulang kerja pukul 5 sore sangat usah mencari driver ,harusnya pihak grab bisa tegas ,bila driver yang malas narik itu di pm masal saja .",grab,google_play
2026-04-02 16:36:07,Farah Tabitha mar,murah jir,grab,google_play
2026-04-02 16:31:43,Dita Azahara,"drive nya pada malas, hujan dikit aja ga terima orderan, pada ga butuh duit kah? kalo musim hujan susah banget dapat drive, najis",grab,google_play
2026-04-02 16:22:24,EDI,aplikasi bagus,grab,google_play
2026-04-02 16:21:39,lailaa,"grab adalah solusi buat para pelajar seperti aku yang pakai ojol setiap pagi, disini bisa pakai grab hemat sesuai dgn kantong pelajar. sedangkan di aplikasi sebelah ga ada gersi hemat dan harganya yang mahal ga sesuai buat kantong pelajar. disaat aku mau pulang sekolah dan kehujanan pun grab tetap ada versi hemat nya dan waktu sampainya pun cukup cepat. terima kasih grab aku bakal pakai kamu terus ♡",grab,google_play
2026-04-02 16:19:49,Zaenal Arifien,sangat memuaskan,grab,google_play
2026-04-02 16:18:12,Amdi Lubis,"lain kali ngarah kan jalan jgn ke jalan yg macet dan bnyak lampu merahnya ya, ngotak sikit, kasian driver sama penumpangnya",grab,google_play
2026-04-02 16:12:53,esti pandijo,baik kondisi hujan ank sy dilengkapi dgn jas hujan dan helm alhamdulillah terima kasih om,grab,google_play
2026-04-02 16:10:39,Aqila Putri ramadani,baik,grab,google_play
2026-04-02 15:43:44,Nanie Fitria13,order grab gesit dan cepqt dripda shpeefood,grab,google_play
2026-04-02 15:30:41,Hasbull kordes,ok nyaman,grab,google_play
2026-04-02 15:28:56,Astrid Lede,bgus deh pokoknya,grab,google_play
2026-04-02 15:24:38,No Waja,"bikin ribet aja, ngapain sih verifikasi selfie segala",grab,google_play
2026-04-02 15:18:55,first help,Pelacuran pelacuran yg bertiga Setann,grab,google_play
2026-04-02 15:10:24,Andy Chandra,ok,grab,google_play
2026-04-02 15:06:01,Leonita Wahyu Aryana,tarifnya skrg mahal banget.. sptnya sy harus beralih.. tadinya udh nyaman banget pake grab tp sorry to say ada yg lbh affordable,grab,google_play
2026-04-02 14:53:09,yenyeni Yeni Nurhasanah,sangat baik,grab,google_play
2026-04-02 14:43:16,Widya Wati,"sangat membantu perjalanan saya... sehingga lebih mudah,ramah d kantong biayanya",grab,google_play
2026-04-02 14:42:03,Adi Ganz,"awalnya bagus lama"" bnyk yg cancel jarak jauh bnget ngk bisa buat buru"" nunggu driver nya juga lama berhenti 20mnit baru jalan ke penumpang Gilak sih sekarang malah ngk ada driver disekitar",grab,google_play
2026-04-02 13:55:37,Leni Leny Lavenia,aplikasi yang bagus dan baik,grab,google_play
2026-04-02 13:36:45,Zacky Zack,nyaman sekali,grab,google_play
2026-04-02 13:36:27,Salman Fadhila,bagus dan keren,grab,google_play
2026-04-02 13:33:04,Qania Mardiah,"sayang, murahin lagi ya sayang, aku senang dapet harga murah mulu walau jauh sayang",grab,google_play
2026-04-02 13:26:22,Initial E,"Lebih prefer pesan taxi buat order layanan car. Grab Car selain mahal, para drivernya pada malas, gak sopan, nyetir kasar dan kalo jalan sempit disuruh turun gak sampai titik turun. Bayar pake QRIS gak sabaran duit masuk, marah² kalo duit belum masuk, kan ya harusnya masalah sinyal juga kan. Sering gak mau batalin order kalo rute macet, pelanggan yang harus batalin, alhasil pelanggan yang kena suspend. Pake Grab cuman buat layanan food aja kalo lagi ada promo.",grab,google_play
2026-04-02 12:46:50,Ote Yandi,membantu,grab,google_play
2026-04-02 12:37:38,Bangkit Kharisma Raja,saya ingin kembali pakai grab tapi terkendala oleh otp karena nomor lama sudah tidak aktif. tolong kedepannya buat opsi verifikasi melalui email,grab,google_play
2026-04-02 12:29:29,Leni Wandra,the beast,grab,google_play
2026-04-02 12:21:45,Nasya kanaya,keseringan ngebug,grab,google_play
2026-04-02 12:12:46,Erland Erlambang,sangat baik,grab,google_play
2026-04-02 12:12:45,Agil Ahsina Putra,pengguna sudah hampir 2 th tapi baru2 ini kenapa kalo pesan makanan lama semua?,grab,google_play
2026-04-02 12:03:22,Pikri hidayatulloh,"damnn jahat banget , sedikit cerita paman saya abis kontrol diigd gara gara punya riwayat penyakit stroke dan jalannya sedikit ² di gandeng ,lalu titik koordinat yang saya masukan terlalu jauh memang salah saya ,tapi dengan sopan saya nyuruh nunggu kepada pihak pengemudi 2 menit doang , malah di cancel dengan alasan jauh nyari yang lain aja , sejahat itu yaa padahal paman saya sudah berusaha jalan , sehat teruss deh buat orang orang :)",grab,google_play
2026-04-02 11:58:15,Sugiyanto Yanto,semuanya OK.,grab,google_play
2026-04-02 11:53:52,Dwi Fitri Cahyani,"benar-benar kapok naik grab bike, padahal grab bikenya bukan yg hemat, bisa""nya drivernya gak tahu diri, udah motornya beat duduknya gak mau maju, naiknya kenceng banget, dikasih tahu jalan ngeyel, maunya lewat jalan besar gamau lewat gang dimana lewat gang itu jalan tercepat ya tahu sendiri dia naiknya sekencang apa, akhirnya mogok dah tuh motornya, dan penumpangnya juga yg rugi dan harus jalan kaki sekitar 300 meter",grab,google_play
2026-04-02 11:39:30,Sochibul Mujahidin,baik,grab,google_play
2026-04-02 11:37:11,Linidrain Plumbing,good,grab,google_play
2026-04-02 11:15:41,Nala Antri,bagus,grab,google_play
2026-04-02 11:13:26,Kikiayu Indah sari,pengantar sangt aman,grab,google_play
2026-04-02 11:08:18,Dody Aviantoro,"pelayanan baik ,sampai tujuan",grab,google_play
2026-04-02 10:27:07,Khadijah Indriani,sangat membantu.tp di daerah daerah dan jam tertentu tidak ada driver.,grab,google_play
2026-04-02 10:21:58,Yazid Zaidan,enak poll cocok untuk pelajar,grab,google_play
2026-04-02 10:19:34,Herlina Nayra,baik,grab,google_play
2026-04-02 10:18:56,Alhafis Anmadian,mantap,grab,google_play
2026-04-02 10:16:17,Hadi Purnomo,manteb,grab,google_play
2026-04-02 10:16:00,Sri edi,GRAB TERLALU MAHAL HARGANYA TURUNIN HARGANYA !.,grab,google_play
2026-04-02 09:57:05,andi dian dppkbbone,bagus,grab,google_play
2026-04-02 09:46:09,Achmad official,bagus apk nya dan lebih murah dripda gojek,grab,google_play
2026-04-02 09:30:16,Jaya Anggara,lumayan soalnya turunya jauh dari rumah/lokasi,grab,google_play
2026-04-02 09:20:49,Ayu Rahayu,keren,grab,google_play
2026-04-02 09:16:08,partogi parulian,"grab aplikasi dajjal, tarif dak sesuai bgi mitra nya, potongan apk nya sgt anjir tinggi, tp trif utk driver dgn hrg penjajah",grab,google_play
2026-04-02 09:10:36,Fendi Syarif,Sampoerna,grab,google_play
2026-04-02 08:54:20,Farid Kenan,mantap,grab,google_play
2026-04-02 08:47:55,Heri Wijaya,sangat membantu,grab,google_play
2026-04-02 08:38:01,Irwan Sihombing,puas,grab,google_play
2026-04-02 08:37:54,fajar fitra,"nunggu lama, ada driver di sekitar tapi harus nunggu yg jauh,padahal yg sebelah rumah juga lagi nunggu orderan,...",grab,google_play
2026-04-02 08:37:00,Rizky Putranto,responnya cepat bagus,grab,google_play
2026-04-02 08:32:07,pra restihartati,mantap,grab,google_play
2026-04-02 08:21:58,A Haris,bagus sih. hanya saja saat langganan grab unlimited tidak sesuai dengan informasi produk yang diberikan.,grab,google_play
2026-04-02 08:21:35,favian alfudzaky,makanannya enak,grab,google_play
2026-04-02 08:17:56,Marlina Ndruru,sgt berfungsi,grab,google_play
2026-04-02 08:03:36,Ayub Wibowo,oke,grab,google_play
2026-04-02 07:52:12,Chandra,"dalam 4 hari,2x dicancel yg 1 waktu tunggu nya 7 menit. saya mah ga masalah nunggu,driver nya yg males ambil. yg ke 2 udah mau sampai,eh dicancel tiba². yg td nya udah mepet kerja,jd telat karna pesen ojol LG",grab,google_play
2026-04-02 07:37:55,Kinasih314 Wulan,layanan baik dan cepat,grab,google_play
2026-04-02 07:37:51,Naila Naila,"apk nya sering lelet sehingga menyebabkan penumpang lama menunggu untuk membuat pesanan,dan memakan waktu yang lama.",grab,google_play
2026-04-02 07:36:07,M Yunus,terbaik,grab,google_play
2026-04-02 07:34:34,Nanto Hadi,pengemudi sopan,grab,google_play
2026-04-02 07:18:42,Muhammad Syahrul,Sangat memudahkan keperluan pergi kemana saja. Dengan fitur promo Yang Termurah cukup mulai dari 7500 🌟🌟,grab,google_play
2026-04-02 07:13:43,Susan Widiawati 88,ok 👍,grab,google_play
2026-04-02 07:12:02,Dodol Podol,bagus tapi masalah nya leg mulu,grab,google_play
2026-04-02 06:38:15,ir Tanjung,baik',grab,google_play
2026-04-02 06:19:40,Putri ayu Andira,harga nya tiba-tiba naik padahal pas mesen 12.500 saat sampai di lokasi berubah jadi 21.000 dan uda dua kali terjadi seperti ini pernah juga saya mesen saat mau makan gacoan jaraknya hanya 1.8km dari rumah saya pesen yang harga 10.000 tiba tiba pas nyampek jadi 20.000aneh banget. jujur kecewa banget kok bisa gitu,grab,google_play
2026-04-02 06:19:13,Nur Alam,"muda dipake,ok",grab,google_play
2026-04-02 06:18:50,Utami Dewi,selalu memberikan layanan yg terbaik.... terimakasih babang2 Grab 🙏,grab,google_play
2026-04-02 06:10:15,Geo Imut,"setiap mau pesan pagi kok disulitin gini si gatau jam udh mepet udh dipesen jauh jam sama aja blom dpt""",grab,google_play
2026-04-02 06:01:30,Modifikasi Bandung,"Tinggalkan GRAB, tiap pesan dikasih driver yg jauh dengan harapan dicancel dan kembali pesan, namun ketika kembali pesan harga menjadi naik/diarahkan ke harga yg tinggi agar waktu tunggu menjadi sebentar. Sungguh cara berbisnis yg buruk, kasihan driver yg mencari nafkah dengan aplikator seperti ini.",grab,google_play
2026-04-02 05:57:26,Muhammad Sibli,ok,grab,google_play
2026-04-02 05:31:21,Petrus Sugianto,"dengan perubahan map yg bergerak, membuat pusing dan bingung.. sebaiknya map dikembalikan ke fitur awal (tidak bergerak).",grab,google_play
2026-04-02 05:23:56,Mauliya Nasution,bagus,grab,google_play
2026-04-02 05:23:23,Real Nazo,maps nya kurang detail,grab,google_play
2026-04-02 04:44:36,Pgs Saja,sulit mendapatkan makanan yang terdekat dan murah 🤧🤧🤧🤧 saya maunya motor kok munculnya mobil 🤯,grab,google_play
2026-04-02 03:12:40,Asti Widiari,"usul dong, grab bikin aplikasi versi lite nya biar ga terlalu berat di hp......🙏😁😁😁😁",grab,google_play
2026-04-02 02:42:51,Ahmad Rayhan,Good Aplication 👍🏻,grab,google_play
2026-04-02 02:23:04,Nasirinmasruri Nasirinmasruri,GK ada kembalian,grab,google_play
2026-04-02 02:00:42,Islahadi Abidin,murah potongan besar konflik batin cs dan driver,grab,google_play
2026-04-02 01:22:10,Bengbeng Andin,sangat membantu,grab,google_play
2026-04-02 00:31:47,X-ray X-ray,good,grab,google_play
2026-04-02 00:24:44,Muslichati,k..2.2..2p9b.. 2 . m.2... k o. 2.9o.o.ooyp2k o..2 ..2 u.2. . 9h0mupo o... .o2.2. pu...ol.2. . . k .pukm. k .2l ..9k p.l.k lo .o. p.u.22.. ...2 ...p.2k .2... k. k.2 .. k.o...o.... .t ..p.k. 2.kkomm 2 k.p y22...k2. .pug..4. .2up.k2.kk p... ... .k..... o.2 k ..2 . o .k ..ul2 ...kkl .. 2...2...2.2.2..k.o2 .o.2o...pu..k.9 2 k k.2 .k 2m...k . k ..mm. ..... 2 ...2.......u .k.2o .22 2o . .p. .. moommb9 ..2 ..o .lh.2 .2k...o.oo . 2k .o 2.. m2.m .o..k k.k .. .pm k.20.ou.2 k.. .22.,grab,google_play
2026-04-02 00:06:22,Amran banen,biasa di luar.. luar bisa,grab,google_play
2026-04-02 00:04:58,016_Pisi Anggriani,tiba tiba fitur pemesanan makanan saya hilang padahal baru 2 BLN saya gak gunakan saya mau gunakan kembali udh gak ada fitur pesan makan lagi tolong dong penjelasanya itu gimana padahal saya udh jdi memper prioritas sebelumnya,grab,google_play
2026-04-01 23:54:07,Samsul Arifin,Bagus,grab,google_play
2026-04-01 23:44:15,dwi Putro,Dwi Putro Rahmawan,grab,google_play
2026-04-01 23:09:00,Galih Suhendra,"ape bnde lah, aps berlaku untuk daerah tertentu jer, macam pahang temerloh kuantan bahau dan masih banyak lgi yg tak boleh dapat order, klo nak ramai penumpang bagi la masuk pedalama",grab,google_play
2026-04-01 23:03:03,jon sinchan,baguuussss,grab,google_play
2026-04-01 22:35:50,Shyntia Tia,bagus,grab,google_play
2026-04-01 22:28:14,Eko SM,Semoga terus terupdate aplikasinya sehingga memudahkan para pelanggan dan driver,grab,google_play
2026-04-01 22:01:17,Astrllaa,"sampah, bikin tambah lama saja, tidak ada driver yang ambil, aplikasi sampah",grab,google_play
2026-04-01 22:00:44,Kardo Adrianto,"kecepatan mengendarainya pas,gak kencang gak lambat",grab,google_play
2026-04-01 21:59:14,alirido rido,sangat bagus,grab,google_play
2026-04-01 21:49:43,Farida Mamaida,mantap,grab,google_play
2026-04-01 21:49:40,Toto Doang,menarik,grab,google_play
2026-04-01 21:31:47,Nofita bakar,hari ini saya kecewa sama grab karena saya melakukan 2 kali pembayara dan uangnya tidak kembali,grab,google_play
2026-04-01 21:31:34,Cemput Pegadaian,"pesan makanan lamaaa smpai 2 jam, sya beralin ke applikasi lain aja, tks grab smoga lebih ok lgi!",grab,google_play
2026-04-01 21:21:45,Jul Nelly,titik ny suka berubah sendiri anehhhh,grab,google_play
2026-04-01 21:13:45,Yuwan Azriel Tanzillah,tidak membantu,grab,google_play
2026-04-01 21:08:43,Ryan Taufik,mantap,grab,google_play
2026-04-01 21:02:37,Coky Wibisono,Ok bngt 👍👍👍👍🙏,grab,google_play
2026-04-01 20:59:22,Dewi,aplikasi jelek banget sering error. pesen food tapi gk ke detec history. giliran mau di lacak pesenan malah gk ada.,grab,google_play
2026-04-01 20:54:05,Hanny Putri,"pertama kali order grabfood bener bner ga worth it, sejam setengah nunggu cuma karena perkara bayarnya tunai, padahal jarak resto juga deket. ga lagi lagi make ni apk",grab,google_play
2026-04-01 20:41:49,Suci Nurhayati,kendaraan nyaman,grab,google_play
2026-04-01 20:39:55,Reinsan2,"gak ada driver saat hujan, padahal lagi butuh makanan. harga drive juga mahal. gak ada promo complete.",grab,google_play
2026-04-01 20:39:05,Iskandar Bin Bunito,"terima kasih, sdra abdul, sdh mengantar sy dengan baik dan sampai tujuan",grab,google_play
2026-04-01 20:32:27,Celak an,bagus. tp aring banyak penolakan dr driver,grab,google_play
2026-04-01 20:08:46,Rosihalwa Rosihalwamamamega,sesuai rekomendasi setiap hujan grabfood cocok deh..👍🏻,grab,google_play
2026-04-01 20:00:22,Safirara Tiaa,"driverny rata"" bad atitude main cancel seenakny pdhl alamat udh bener",grab,google_play
2026-04-01 19:57:08,Suwarno,bagus mantap,grab,google_play
2026-04-01 19:42:37,Husni Tamrin,oke,grab,google_play
2026-04-01 19:41:03,Suhardi Iriandi,mantap pengemudi nya lucu awoakwoakaok,grab,google_play
2026-04-01 19:32:43,rara Fahra,kecewa berat akhir akhir ini grabfood susah bgt dapet driver saya sudah nunggu sampe dua jam ga dapet dapet pdhl saya sudah pakai mode regular tetap saja ini karna driver nya males ambil pesanan atau emang gada driver soalnya sering bgt kejadian kayak gini susah dapet driver,grab,google_play
2026-04-01 19:12:48,Nike,"Upgrade your existing features. Why do so many merchants require customers to communicate their order status to their drivers? Isn't there a chat feature or direct contact between merchants and drivers? Seriously, customers have to be the middleman!? Rethink your business process. What if there's a problem or situation that needs to be resolved directly between the merchant and the driver? Don't go through the customer. it's very disruptive and impractical! Shipping costs too expensive!!",grab,google_play
2026-04-01 19:11:48,Sapeq,driver pada sombong udh gabutuh duit gak nemu driver dari 40 menit,grab,google_play
2026-04-01 19:07:53,Muhamad Kaizenta,sangat membantu,grab,google_play
2026-04-01 18:59:05,Kusmayadi,sangat membantu sekali 👍👍👍,grab,google_play
2026-04-01 18:54:14,petrusdumoli panjaitan,bisnis penjajah ala modern. dibalut aplikasi,grab,google_play
2026-04-01 18:51:41,Dede rahman rahman,luar biasa,grab,google_play
2026-04-01 18:47:44,Khairana Shafa Malika Putri,baik👍,grab,google_play
2026-04-01 17:57:37,Eufrasia Sherien,"kasih lokasi tuh yg bener, sesuai titik, apalagi grab car. malah nyusahin customer, aneh.",grab,google_play
2026-04-01 17:42:20,Yufan Yudi,thanks..driver ramah dan sopan serta kompeten,grab,google_play
2026-04-01 17:37:27,Khodijah Dijah,pencarian mobil mudah membantu perjalanan,grab,google_play
2026-04-01 17:25:23,Kaisya “kaisyaazmatt_” Azmatun T.,memudahkan perjalanan,grab,google_play
2026-04-01 17:20:32,nikita aiko,"grab food skrng lama kali, saya sudah menunggu terlalu lama dan kelaparan. masa nunggu menyiapkan makanan hampir sejam lebih, tambahin fitur chat dgn penjual agar lebih mudah. sudah menunggu lama masa driver yang mengantar juga lama dan tidak ada yang mau mengambil karena bayar tunai, ada ada aja. kapok deh pake grab food",grab,google_play
2026-04-01 17:15:24,Sun xx3,"untuk area jatim mohon jngan mahal"" minimal 8k sudah mempermudah masyarakat supaya pelanggan setia makin banyak dan driver juga sejahtera, hidup grab Indonesia.... setia bersama grab",grab,google_play
2026-04-01 17:13:13,zbnt38 FILLY,mantul,grab,google_play
2026-04-01 17:11:32,Tessy Mardi Tosika,"keren, Tksh untuk pelayanan nya yang sudah antarkan orang' tua saya sampai ke rumah",grab,google_play
2026-04-01 17:07:01,Robert Kowel,"saya bersama-sama teman melihat ketepatan waktu grab, terimakasih.",grab,google_play
2026-04-01 16:48:09,noy ayiii,"bagus banget, murah murah, tpi kenapasi susah bnget di buka apk nya",grab,google_play
2026-04-01 16:37:17,Hadli How,bagus sekali,grab,google_play
2026-04-01 16:07:54,risa Alayubi,saya uninstall karna grab tidak memikirkan nasib drivernya,grab,google_play
2026-04-01 16:05:53,D D,mempermudah tiap urusan jarak dekat dan jauh,grab,google_play
2026-04-01 15:48:49,alief feng lee,update mulu,grab,google_play
2026-04-01 15:36:44,Fian Devina,ok,grab,google_play
2026-04-01 15:17:23,Deddy Ariestian,sulit dapat driver.. padahal di sekitar ada beberapa,grab,google_play
2026-04-01 15:16:37,Piper Payne,"Grab is a convenient and reliable ride-hailing app that makes getting around the city a breeze, with affordable prices and friendly drivers",grab,google_play
2026-04-01 15:06:39,Kenji Granada,gile mantep hemat 7.000 doang,grab,google_play
2026-04-01 14:49:58,The Most Incredible Strong,"Jika manajemen internal grab tidak berbenah, maka dipastikan tidak lama lagi bernasib gulung tikar sepi penggemar",grab,google_play
2026-04-01 14:49:36,Mulyono Seroja,siip,grab,google_play
2026-04-01 14:48:05,Wulandari Dari,bagussss,grab,google_play
2026-04-01 14:35:03,• FROZT •,"Saat memesan makanan tertulis ""Ada masalah dengan metode pembayaranmu"" saya sudah mencoba metode pembayaran lain seperti QRIS dan Tunai tetapi sama saja, tolong diperbaiki.",grab,google_play
2026-04-01 14:31:41,Herlina Wijaya,lama banget dapat driver nya,grab,google_play
2026-04-01 14:06:00,Andre Juanda saputra,cepat,grab,google_play
2026-04-01 13:55:49,Ndang Coker,bagus,grab,google_play
2026-04-01 13:52:12,Coco_12 Coco_12,Sangat membantu,grab,google_play
2026-04-01 13:50:01,Asmil Jogja,ok,grab,google_play
2026-04-01 13:32:27,Magdalena Kadi,mantap dan cepat,grab,google_play
2026-04-01 12:47:53,Jimmy,TOP,grab,google_play
2026-04-01 12:45:22,Agnezsy Brahmavamso,"kenapa tiba-tiba tiap pesan harus tunggu lama bgt,saya pas mau ke sekolah atau pas pulang sekolah selalu aja nunggak lama bgt,pas mw pergi jd telat,pas mw pulang,sekolah udh sepi,bru ad yg nyamber,ga salahin org gojekny,tp sistemny kenapa lag bgt,padahal internet saya bagus bagus aja",grab,google_play
2026-04-01 12:37:22,Ratu Billqis,promo nya di jam jam tertentu ya ternyata. mantap,grab,google_play
2026-04-01 12:15:04,Dedi setiawan,oke,grab,google_play
2026-04-01 12:01:09,Pigy Pigu,so nice,grab,google_play
2026-04-01 11:59:34,Defrin Atrika,baik,grab,google_play
2026-04-01 11:55:31,YUS BAUD,mantap,grab,google_play
2026-04-01 11:50:50,Adil Y,baik,grab,google_play
2026-04-01 11:44:46,dew Subang,"sopan,baik",grab,google_play
2026-04-01 11:17:57,Ulfi Latifa,kok sekarang grab susah di bula ya aplikasi nya,grab,google_play
2026-04-01 11:17:33,Alfan Alfan,ok,grab,google_play
2026-04-01 11:08:33,ilham arizal,kenapa grab lemot sekarang?,grab,google_play
2026-04-01 11:02:44,Hiskandar sh,Hiskandar sh Mutiars Bogor Raya (MBR) Masjid Almadinah samping Alkahfi. blok F7 no3 12. Rt.2/16 kel. katulampah. Kec. Bogor Timur. Bogor kota. Jabar. ind. Jemput alamat tsb di ats. tks,grab,google_play
2026-04-01 10:54:23,karisma nuryanti,saya ingin bertanya driver grab banyak? saya pesen grab dari jam 5.40 sampai jam 6.30 susah dapetnya . begitu dapet driver yg jauh harus nunggu 20 menit. saya kedepan banyak driver grab deket rumah pada diem pada lagi nunggu orderan tapi kenapa harus dapet yang jauh sudah dapet driver lama. sampai 1 jam saya nyari driver.,grab,google_play
2026-04-01 10:38:10,Jumrotul Hasanah,enak cepat,grab,google_play
2026-04-01 10:35:48,Jannawase Luke,sangat membantu dalam melakukan aktivitas perjalanan. terima kasih atas kehadirannya.,grab,google_play
2026-04-01 10:30:19,Sahrul Hitam,mantap,grab,google_play
2026-04-01 10:21:04,Yandi Tama,okey aja sih,grab,google_play
2026-04-01 10:17:50,Dwi Fortunan Tomo Popeye's,Grap Food banyak discount,grab,google_play
2026-04-01 10:11:00,Hafiza Turrahmah,good,grab,google_play
2026-04-01 10:06:40,Reyno Fradipta,driver nya sombong²,grab,google_play
2026-04-01 09:17:14,Thamir,"Grab terbaik menurutku, aplikasi yang sangat mudah tuk bepergian",grab,google_play
2026-04-01 09:08:42,Dany Julianto,sangat baik,grab,google_play
2026-04-01 08:56:19,Sri Sugiarto,"ok,,mntaff..sgt mmbantu",grab,google_play
2026-04-01 08:53:14,Adi,"udah ga kaya dulu, dapet driver jauh2 terus padahal ga pake hemat. pake hemat apalagi",grab,google_play
2026-04-01 08:06:56,Ayu Sugiarto,sangat membantu. menjadikan perjalanan kita menjadi lebih cepat dn nyaman .,grab,google_play
2026-04-01 08:06:49,HERMAN,nyaman banget,grab,google_play
2026-04-01 08:03:16,New umi,ok,grab,google_play
2026-04-01 07:58:41,Pengguna Google,Good,grab,google_play
2026-04-01 07:51:07,zamroni yusuf,good,grab,google_play
2026-04-01 07:49:13,Mamas aja Aja,suka aplikasi ini,grab,google_play
2026-04-01 07:48:38,zaskyaanggraeni8,"lama banget mesen mknn jg, pesen jam 07.41 dikira sampe nya jam 09.10 edan keburu maag kambuh",grab,google_play
2026-04-01 07:31:41,Alfiando Damanik,sangat baik,grab,google_play
2026-04-01 07:26:28,Tarian Tarian adjah,nyaman,grab,google_play
2026-04-01 07:25:21,Vincenso Kayot,"Sudah lebih dari sebulan, mengapa setiap pagi kalau order grab bike, drivernya selalu jauh dari titik jemput? Apakah algoritmanya berubah, sangat mengesalkan, krn harus tggu 7 - 9 menit drivernya.",grab,google_play
2026-04-01 07:20:18,Mbah Giyanto,sangat membantu,grab,google_play
2026-04-01 07:14:01,Willy Varel,aplikasi gak berguna pas yang penting gak ada driver nya pas yang gak penting gampang kali dapat driver gak cocok untuk pigi ke mana mana,grab,google_play
2026-04-01 07:09:23,ALFA BAROKAH,memudahkan segala keperluan,grab,google_play
2026-04-01 07:03:08,064_Dwi Andita Esterlina Naiborhu,"males bngt pake grab paket hemat bike ga ada yg nerima, giliran yg 24rb baru pada nerima. hapus aja dah kalau gini",grab,google_play
2026-04-01 07:01:38,Arifin,ok,grab,google_play
2026-04-01 06:53:37,Rakanero Valderiz,"udh nunggu lama tau tau di batalin sama driver tanpa konfir, sampe telat gua buat pergi, kenapa ga langsung di batalin dari awal? atau ga ngecht dulu? tegasin dong drivernya",grab,google_play
2026-04-01 06:51:44,Hadi Supriyanto,Alhamdulillah membantu,grab,google_play
2026-04-01 06:51:27,Runabiya Channel,"Saya udah lamaaaaa banget pake grab di akun lama, kebetulan kepasangnya di HP anak, order di HP aku yg kebetulan akunnya baru. Nah yg nyebelin, order grab car udah dapet driver pertama. Eh drivernya bilang ""macet bu ke daerah sana, saya jauh posisinya"" bla bla bla akhirnya minta cancel. Order lagi kan tuh, dapet lagi driver kedua, yang juga minta cancel dgn alasan sama. Eh malah saya yg harus nanggung biaya cancel,klo berulang kondisinya gmn itu? masa mau gt terus grab?",grab,google_play
2026-04-01 06:49:21,Maeda Nathania,"paling percaya dgn Grab, semua kebutuhan ada disana",grab,google_play
2026-04-01 06:47:02,Novan Imam Firmansyah,"yang bener aja udah seminggu dikasih driver yang jauh banget, padahal di sekitar banyak driver.",grab,google_play
2026-04-01 06:38:38,mala nadila,parah ya grab sekarang sudah dapat driver mau pagi atw sore sama saja,grab,google_play
2026-04-01 06:35:58,adian duwur,enjoy,grab,google_play
2026-04-01 06:34:29,Hanny Kaligis,sangat baik,grab,google_play
2026-04-01 06:31:24,Alb Yan,"woy ngasi driver jan jauh jauh ngapa bego, gua kesekolah jadinya telat bloon, yrs tolong lahhh grab ini bikin drivernya ini nyelesain orderan nya dlu",grab,google_play
2026-04-01 06:30:47,Pratama Eko,"BB vhi c. vvv u,,v,,v xxxd see x exra BB BB MBB Hb BB b BB b BB",grab,google_play
2026-04-01 06:26:10,Anna nonny Lenting,"bikin promo tapi supir kalian pada ga mau ambil. sekalinya ada yang ambil nungguin lama bisa 15 menit lebih.. promo sama ga promo bedanya jauh bisa 15rb, makanya kami penumpang pasti ambil yang promo. mending apus aja tuh promo",grab,google_play
2026-04-01 06:20:35,aura rahmadinaa,"kalo nyariin driver jangan yang jauh jauh dong min, saya telat mulu padahal bayar udah yang standar tapi tetep jauh juga",grab,google_play
2026-04-01 06:19:41,Rizky R Putri,makin kesini makin payah.. udah tarifnya naik tapi drivernya kalau sdh dapat orderan pada gak bisa dihubungin.. sengaja biar pemesan membatalkan pesanan.. payah banget,grab,google_play
2026-04-01 06:19:18,Andri Saputro,"Sulit cari ojeknya, banyak pilih pilih customer, bubarin aja biar pada nganggur lagi itu tukang ojek",grab,google_play
2026-04-01 06:18:59,rina asriyah,dari hari Senin sampai hari Kamis ini susah mendapatkan driver grab motor,grab,google_play
2026-04-01 06:13:07,Pringsewu Shop,ok,grab,google_play
2026-04-01 06:12:28,AzkaaZzz,"pelayanan nya lama banget, saya mau berangkat sekolah malah gada yg mau ngambil orderan saya",grab,google_play
2026-04-01 06:05:05,Makmur Saeni,mantap,grab,google_play
2026-04-01 06:02:50,Tria Hardianti,"ulasan terbaru ku, per 2026 skrg susah dapet driver pdhl pesen sblm jam 6 pagi. klo lewat jam 6 pagi udah gabisa diharapkan bgt. driver pada jauh, dan gamau ambil orderan dan gamau cancel dari pihak driver. ada yang hemat, tapi bener² susah bgt cari driver. mending dihapus aja yg hematnya sekalian, driver gapada mau ambil. bahkan pesen bukan di jam sibukpun ttp susah. tambahkan juga lencana ibu hamil di apk. biar driver tau.",grab,google_play
2026-04-01 05:58:53,Aris Setyawan,selalu alamat tidak muncul saat menggunakan wifi... sangat buruk aplikasinya,grab,google_play
2026-04-01 05:55:21,atma gatot,Ok,grab,google_play
2026-04-01 05:53:03,Widi Priyatno,"pengemudi ramah, komunikatif dan mahir terima kasih pak Agus. 👍👍",grab,google_play
2026-04-01 04:44:49,Warid Cube,haha membantu sekali,grab,google_play
2026-04-01 03:57:49,Dedi Gunawan,"bikin kecewa mau login masuk SDH puny akun,dgn satu nomor TDK ganti ganti,malah JD sulit login/ masuk,JD bolk balik verifikasi akun google atau nomor skli dicoba pke google jawabnya ini akun BKN milikmu,bikin emosi",grab,google_play
2026-04-01 03:17:15,Nur Nayla Khoerotun Uyun,"bener bener krisis ojol banget, pesen makanan pake prioritas berasa pake hematttttttt",grab,google_play
2026-04-01 01:50:54,Sigit purnomo Lasarika,saya puas dgn apk greb,grab,google_play
2026-04-01 01:02:50,Aulia Kalyana,good.,grab,google_play
2026-04-01 00:29:45,Koko Munthe,ok,grab,google_play
2026-04-01 00:16:32,Faqih,driver nya siaga!,grab,google_play
2026-03-31 23:49:25,Sukur Zai,ok,grab,google_play
2026-03-31 23:43:06,Arya Thalia19,"PELAYANAN ANDA SANGAT BURUK SEKARANG, GRABFOOD DAPAT MAKANAN RASA SABUN CUCI PIRING... STOP PAKAI INI JASA",grab,google_play
2026-03-31 23:37:56,Nay Trie,nice,grab,google_play
2026-03-31 23:31:00,Ria Fashion,"enak,pedas nya pas,tepat waktu,pokok nya mantap,",grab,google_play
2026-03-31 22:52:09,Muhammad Syindre,"Grab bangst 3jam kami nunggu kamk sudah kelaparan, ajg gw pesen lagi malah tambah lama kntl sia sia waktu gw, demi tuhan ga akan gw pake lagi ni grab, aku haram kan keluarga ku memakai grab, fk you",grab,google_play
2026-03-31 22:19:27,Ikbal Rijaldi,mesen grabfood jadi lelet sama ga bisa cancel,grab,google_play
2026-03-31 22:18:34,Opang Nice,sangat baik,grab,google_play
2026-03-31 22:11:13,sri wahyuni95,bagus,grab,google_play
2026-03-31 22:08:26,Aditya Nugraha,sulit menemukan driver,grab,google_play
2026-03-31 22:04:52,Ahlan Wii,driver nya pada gjls sering banget tiba² di cancel padahal udh nunggu lama lama.,grab,google_play
2026-03-31 21:52:10,Alissa Putri,"lama bgt sih dpt driver, berkali kali kek gini apalah",grab,google_play
2026-03-31 21:02:03,Fenny Permata,sebel banget setiap ngoder dan menggunakan pembayaran cash driver selalu bilang tidak ada kembalian terus 😡😡😡😡 kan gak semua orang punya ovo dll.,grab,google_play
2026-03-31 20:57:48,Rahma Wulele ugi,"grabfood slow respon sya sdh pesan yng expres tpi malah sma jam ny kaya yng bukan expres, cari bantuan juga tidak membantu percuma, di minta cancel jga ngak mau, sya sadah percaya sama grab tapi ter nyata malah kya bgtu bkin kecewa sdh bnyak teman saya yng ber pindah aplikasi karna grabfood ny slow",grab,google_play
2026-03-31 20:46:27,feby margareta,aplikasinya susah banget dibuka bhkan sampai ga bisa di buka apalagi kalau urgent.. tolong di perbaiki donk pdahal udah di perbarui,grab,google_play
2026-03-31 20:27:36,Syahril ismuzidan Maulana,"gk tau gw pokoknya males aja sama grab, gw udah terlalu sering di cancel sama pengemudi karena terlalu banyak zona merah ini gimn dari pihak terkait, kesian pengemudi nya kehilangan pendapatan karena terlalu banyak zona merah terutama di wilayah bandung dan jatinangor, dan lainya, ayolah perbaiki biar sama sama enak kalau gini terus sama sama di rugikan",grab,google_play
2026-03-31 20:23:36,Por Speed,pengedaranya rama baik,grab,google_play
2026-03-31 20:22:52,Ginting Hakim,ok,grab,google_play
2026-03-31 20:21:12,Bagoes Widjaja,keren drivernya ramah banget,grab,google_play
2026-03-31 20:20:05,Bejo Urip,jos,grab,google_play
2026-03-31 20:03:41,Adie Riyadi,"waktunya balik ke aplikasi sebelah,",grab,google_play
2026-03-31 19:52:03,Fransiskus Aditya,Makin hari makin susah dapat driver,grab,google_play
2026-03-31 19:46:48,Ipol huda Menye,nyaman,grab,google_play
2026-03-31 19:41:18,cantika tiks10,amanah,grab,google_play
2026-03-31 19:32:30,LAELA VAUZAH,Sangat membantu,grab,google_play
2026-03-31 19:30:32,Alvianti,bagus,grab,google_play
2026-03-31 19:27:11,Van Langen,murah dan baik,grab,google_play
2026-03-31 19:23:52,Yudha Pranata,pesan martabak terang bulan di Martabak Penataran 78 pasti enak gk nyesel . recommended min.,grab,google_play
2026-03-31 18:43:31,Noor Qomari,aplikasi yg bagus,grab,google_play
2026-03-31 18:29:00,rolin vina,"Hari ini benar-benar kesal. Saya pesan grab mahal dan menunggunya 10 menit karena mau antar penumpang dulu. Pas udah diantar penumpang yg satu ini tiba2 pesanan saya dibatalkan padahal alamat dekat sama penumpang yang diantar. saya pesan lagi grab, dapat yang mahal + lama kaliii. Udah itu motornya jupiter dan pijakannya pun gak ada dibelakang. SEBAL BANGET. Mau MURAH sama MAHAL semuanya sama-sama LAMA. Gak ada KEISTIMEWAAN yang MAHAL",grab,google_play
2026-03-31 18:18:12,User Samiasih,mobilnya nyaman dan sopir ramah,grab,google_play
2026-03-31 18:13:17,Dika Ashari,sangat efektivitas,grab,google_play
2026-03-31 18:11:09,umar yasin,hari ini mesen gerb mau cek up ke rs. mesen greb ad 1 jm kurng baru dpt dri jm 16:00 baru dpt jm 16:57 tolng di perbaruii lg kendala y. sekali dpt buat plg ad pertanyaan. mau nunggu pak jemput y jauh. tp saya solat dlu. jwb y. y gpp di tggu. simpel 😁,grab,google_play
2026-03-31 18:08:22,airlangga avryansyah,"verifikasinya tolong dibenahi, saat selfie terlalu cepat namun tidak mempermudah malah gagal terus",grab,google_play
2026-03-31 17:53:09,Qiana Syifana,good bless,grab,google_play
2026-03-31 17:43:23,rudy hartanto,cepat & tepat waktu,grab,google_play
2026-03-31 17:42:29,Alif Alvian,terlalu lama dan ongkir yg terlalu banyak hingga lebih dari pesanan,grab,google_play
2026-03-31 17:34:58,Richard Tuelang,"senang sih pakai grab, cuma sebaiknya grab mulai bisa menertibkan outfit para mitranya, jgnlah driver pake celana pendek, kaos lusuh, usahakanlah penampilan driver lebih profesional sandal jepit, kumel, kaya org baru bangun tidur. bersin seenaknya.",grab,google_play
2026-03-31 17:30:42,iDIN'tknow,"sampah. gada gunanya donwload ni apk. grab bike, car, food mahal semua. selalu nunggu grab bike ampe setengah jam dan gada yg nerima.",grab,google_play
2026-03-31 17:29:23,EDI UMAR,aplikasinya bagus banget saya sangat suka mempermudah saya melakukan perjalanan jauh ataupun dekat grab terbaik...🥰🥰🥰🥰🙏🙏🙏🙏🙏.,grab,google_play
2026-03-31 17:24:57,Iman Hulu,👍,grab,google_play
2026-03-31 17:19:52,Mualifah_85 Official,baik,grab,google_play
2026-03-31 16:32:05,Haidr Bakso,grab murah bagi orang yang jarang make grab klo yang sering gatau ya,grab,google_play
2026-03-31 16:22:31,Dont Know,"semuanya sebenarnya udah oke, hanya saja mungkin bisalah kembalikan fitur batalkan pesanan untuk yang grab food, bukan untuk scam driver atau apa cuman ini bikin malas nungguin untuk dapat drivernya, masalahnya kalau memang tidak ada yg terima ya kita sebagai konsumen gampang kasih batalin pesanan, hanya saja ini aduh..harus tunggu beberapa menit sampai satu jam agar pesanannya terbatal, mau pesan makanan lain karna udah nggak mood jadi takut kalau pesanan yg sebelumnya tiba tiba dapat driver.",grab,google_play
2026-03-31 16:21:56,Nanjar Hazard,pemesanan cepat 👍 drivernya gk pilih pilih 👍,grab,google_play
2026-03-31 16:09:21,Arindra Yudha Oktoberry,"The absolute ultimate ""super-app"" for life in SE Asia. Whether I’m hailing a ride during rush hour or sending a last-minute gift to a friend, Grab always delivers. The drivers are consistently professional and the app interface is incredibly slick. I especially love the rewards system; those points actually add up to some pretty sweet discounts on my future rides and meals. It’s fast, secure, and makes city living so much more manageable. Highly recommend for the convenience!",grab,google_play
2026-03-31 16:08:31,Elfira Andonia,good job👍🏼👍🏼👍🏼,grab,google_play
2026-03-31 15:58:36,Masri Syahputra,Layanannya bagus,grab,google_play
2026-03-31 15:33:55,Anny Marhamah,mantappp,grab,google_play
2026-03-31 15:22:18,Rika Amelia,Maaf saya Uninstall aplikasi setelah bertahun-tahun pake sering dapat pengemudi disini gk sopan sudah menunggu lama tiba tiba di batalkan tanpa konfirmasi jadi buang buang waktu kita nunggu setidaknya konfirmasi terlebih dahulu kalo memang tidak bisa jemput bkn saat pengemudi sudah jalan baru di batalkan sepihak,grab,google_play
2026-03-31 15:18:39,Tiara Rasya,"apk lemot, pesen grabcar karena hujan sore sore malah cuma loading doang, nemu kagak, makin kesini kok malah melakukan kemunduran, gojek yg dulunya kaya lo sekarang drivernya fast respons",grab,google_play
2026-03-31 15:11:07,Dedy Himawan,"hari gini susah sekali dapat grab, para driver udah pada kaya atau memang lagi malas",grab,google_play
2026-03-31 15:06:17,Faris Lucky Prassetya,Top Aplikasi,grab,google_play
2026-03-31 15:02:23,Faiq Khadhi,mantap 😁😁,grab,google_play
2026-03-31 15:00:20,Kaiden Pratama,asyik😊,grab,google_play
2026-03-31 14:56:42,Kesar Siringoringo,kenapa sih sekarang harus verifikasi wajah Mulu ? mana lemot bgt lagi,grab,google_play
2026-03-31 14:53:52,firman abdul,aplikasi tolol lintah darat pelayanan buruk,grab,google_play
2026-03-31 14:40:08,Surya Surya,lancar sampai tujuan,grab,google_play
2026-03-31 14:34:29,Cipto Roso,baik,grab,google_play
2026-03-31 14:29:17,Yoka Prasetyo,tolong jangan gunakan AI dalam periklanan,grab,google_play
2026-03-31 14:22:52,Friska Kinantan,memuaskan,grab,google_play
2026-03-31 14:10:56,Milenia Pink,ganti prwsiden,grab,google_play
2026-03-31 14:04:02,Jepara Phone,alamat nya gak ketemu ketemu,grab,google_play
2026-03-31 13:57:14,SALMAN JR,terbaikkkkk,grab,google_play
2026-03-31 13:52:06,Ahmad Nuryanto,👍,grab,google_play
2026-03-31 13:48:53,Zahiraaulia Febriany,baikkk,grab,google_play
2026-03-31 13:40:15,Ade Sundari,buat grab dan gojek MAPS LO BENERIIIIIN LOL!!!.,grab,google_play
2026-03-31 13:39:04,Ghassan Dafi,baik sekali,grab,google_play
2026-03-31 13:26:31,Bg Awel,oke,grab,google_play
2026-03-31 13:24:31,Robby S,"saya sering pakai yg ride. aplikasi yang buruk. saat pencarian driver banyak driver terdekat, tapi pasti dapat driver yg terjauh.. dan drivernya pada tolol2. bilang mau jalan malah di cancel, banyak driver yang cari customer langsung. cek driver kalian",grab,google_play
2026-03-31 12:51:52,Shaqila Putri Nurmarhali,"kasian driver sekarang jemput orderan ya jauh jauh, tolong perbaiki lagi sistem ya",grab,google_play
2026-03-31 12:35:07,nyoman sidayana,driver greb terlalu milih milih orderan tidak bersyukur berapapun dia dapat kalo malas jangan kerja,grab,google_play
2026-03-31 12:30:21,iBOY,"woy bodoh,,kenapa dengan grab wallet kau,kenapa gak boleh di gunakan baik bayar food atau pun cars..aku sudah top up tapi nda boleh di guna. kau balekan duit ku lagi",grab,google_play
2026-03-31 11:29:11,Anita Interista,punya grab gift gak tau cara pakainya,grab,google_play
2026-03-31 10:46:53,Subur W,sangat puas,grab,google_play
2026-03-31 10:40:40,Desi Rena,"ramah,n bgus",grab,google_play
2026-03-31 10:32:23,Niarahmawati Jkt,👍👍👍👍👍,grab,google_play
2026-03-31 10:16:23,yayan heryana,"mantap , tingkat kan terus layanan nya",grab,google_play
2026-03-31 10:10:56,Tomi padillah,mantap,grab,google_play
2026-03-31 10:06:52,Agus Saputra,baik,grab,google_play
2026-03-31 09:58:44,Naya Lasvinda,ok,grab,google_play
2026-03-31 09:45:28,Made Warmada,sangat baik pelayanan,grab,google_play
2026-03-31 09:26:14,Anto Tono,ok,grab,google_play
2026-03-31 09:11:31,ferdinand zulkarnain,"kenapa sekarang dapat drivernya jauh"",,, tlg pelayanannya di tingkatkan biar cs mudah dapat driver yg dekat",grab,google_play
2026-03-31 09:05:55,Awal Sinring,gama oke,grab,google_play
2026-03-31 08:39:01,P Syahono02,sangat membantu perjalanan dan mempercepat aktivitas,grab,google_play
2026-03-31 08:31:24,Nabtalia Saparoh,respon cepat,grab,google_play
2026-03-31 08:25:01,Ketut Adi,memuaskan,grab,google_play
2026-03-31 08:02:18,Wawan Pradana,bagus,grab,google_play
2026-03-31 07:43:00,Bes ti,ini pihak grab ga mau benerin sistem driver kah? sekarang jadi Lama Lama banget udah ga rekomendasi. mending aplikasi sebelah cepet banget dapat driver nya,grab,google_play
2026-03-31 07:27:02,indra Adipurwanto,ok,grab,google_play
2026-03-31 07:09:00,Lusi Anaa,baik,grab,google_play
2026-03-31 07:06:37,Yozura Ky,"susah amat cari driver, ga jelas",grab,google_play
2026-03-31 07:05:55,Sahar Makasar,aman terkendali,grab,google_play
2026-03-31 07:03:46,Andri Saragih,"parah ,grab bike udh berhari2 ga ada yg nyangkut,dan klo nyangkut udh mau dkt rmh tetiba d cancel pdhl udh mempet dan udh bnyk yg nolak mentang2 dana pelajar,butuh duit tp maunya gede,grabcar jg sama pake XL plus tp kursi belakang d lipat ,alasanya macetlah,ada barang lah....mending ga usah XL plus....parah skrg driver2 udh ga mau jarak Deket, nanti klo udh sepi penumpang ngeluh lg....",grab,google_play
2026-03-31 06:59:21,Soviani Lach,"saya beralih ke grab karena dari segi ongkosnya murah dan terjangkau apalagi untuk seorang pelajar,, saya selalu menggunakan grab bike untuk ke sekolah dan penumpangnya anak saya yang seorang pelajar,,jadi tolong ya grab jgn mengecewakan.dan pencarian pelaksananya juga jgn trlu lama ya,pdhl saya pesan,y ga mepet loh.😌dan tolong di tindak pengemudi yg udh deal tapi mlh membatalkan tiba-tiba.tolong di tindak.",grab,google_play
2026-03-31 06:58:44,The Fantastic Four Empat,jelek👍,grab,google_play
2026-03-31 06:49:46,Bambam akun pribadi,kenapa harus login ke akun yg lama,grab,google_play
2026-03-31 06:26:47,Neng Ani nuraeni,2 hari ini susah bgt nyari driver. knp ya? mana gak kira2 tarifnya sampe naik 4x lipat.,grab,google_play
2026-03-31 06:18:37,Halim Sajah,"nice,cepat dan terjangkau",grab,google_play
2026-03-31 06:16:06,Fatma Aisy,ga dpt' grab nya,grab,google_play
2026-03-31 06:12:12,fifi prasiliya,lama dapat Driver nya skrg,grab,google_play
2026-03-31 06:09:17,Leona Haruka,"sering lama saat mendapatkan kendaraan, lelet, dan juga sering membatalkan pesanan",grab,google_play
2026-03-31 05:57:33,BruhCat,pengemudinya pemalas semua. yang harusnya nunggu cuma 5 menit bisa jadi 10 menit karena mereka diam dulu ditempat.,grab,google_play
2026-03-31 05:48:24,Pasar Elang,bagis,grab,google_play
2026-03-31 05:31:31,Akhtar Daud,"makin susah dapet driver nya dan sekalinya dapet jauh², makin banyak driver yg susah di hubungi pada belagu driver nya wowkwokwo udah dapet dia jalan eh di cancel malah jangan pesen di grab lagi guys😹😹😹",grab,google_play
2026-03-31 05:26:33,Mas Ady,mantap,grab,google_play
2026-03-31 05:24:37,Alrayyan Fatar,nyaman,grab,google_play
2026-03-31 04:11:43,Bramkin Bramkin,baik & ramah,grab,google_play
2026-03-31 04:08:36,pan tek,bagus,grab,google_play
2026-03-31 03:38:42,Ahmad Febriansyah,bagus,grab,google_play
2026-03-31 03:30:57,Ghon Choq,ok,grab,google_play
2026-03-31 03:29:15,irwan wibowo putro,mantap,grab,google_play
2026-03-31 02:20:47,Nono ka Nono,oke,grab,google_play
2026-03-31 01:40:40,Novita Sari,sangat puasa,grab,google_play
2026-03-31 01:16:15,Tukul smile,mantap 👍,grab,google_play
2026-03-31 00:59:28,Ahsanil Fitriana Ramdani,"sering pakek grab trus tiba² aplikasinya lemot bangt,padahal jaringan aman² aja.",grab,google_play
2026-03-31 00:28:41,gallangkgallih gallangk,sangat memuaskan,grab,google_play
2026-03-31 00:07:22,Yanuri,"kecewa order kendaraan g dapet, malah ngiklan kok nyepam..",grab,google_play
2026-03-31 00:01:51,Dina Fillan,malam ini ditemani DRIVER YANG BAIK HATI DAN SANGAT SABAR.... JADI SANGAT NYAMAN KETIKA DILAYANI TERIMA KASIH MAS SUPRIYANTO 👍👍👍👍👍,grab,google_play
2026-03-30 23:15:35,Linda Diana Zaoldyeck,"kalo ada driver nyuruh cancel tp tetep antrin & bayar sesuai aplikasi, jangan mau. ngebikin kitanya yg jd susah dpt driver di kemudian hari. jd skrg uninstall aja lah.",grab,google_play
2026-03-30 22:51:50,Nurfa Dilla,"Super app paling handal di Asia Tenggara. Driver-nya sopan, aplikasinya sangat responsif, dan layanan GrabPay-nya memudahkan segala transaksi. Pilihan layanannya mulai dari transportasi hingga pengantaran dokumen sangat lengkap.",grab,google_play
2026-03-30 22:44:53,Widy Widy,tidak bisa di instal,grab,google_play
2026-03-30 22:29:25,Boin Kabira,ga jelas sudah di cancel malah Dateng ..giliran di tungguin grab food malah cancel udah lapar hadeuh,grab,google_play
2026-03-30 21:53:48,Dedy Rahmad Ramadhan,rekomended bgt,grab,google_play
2026-03-30 21:51:52,Epoel Doank,ok sangat bagus dan nyaman,grab,google_play
2026-03-30 21:50:02,Dhiya Al Mishkah Aziz,makin lama makin jelek ni sistem,grab,google_play
2026-03-30 21:44:44,Sri Wanti,sangat. puas,grab,google_play
2026-03-30 21:41:47,SKA BAN Pekanbaru,"kalau promo gk berlaku gk usah di adakan, di hapus aja, kita udah tunggu 2 jam pesanan makanan kita gk sampai sampai... terbaikk aplikasi nya josss",grab,google_play
2026-03-30 21:26:09,Ma Hani,kecewa ada gocar yg nipu saya PD tanggal 29bmaret 2026 pukul 19.00 wib udh saya byr pake gopay sebesar 242.000 alasannya GK punya gopay .udh ada bukti TF minta uang tunai sebesar 242.000 juga.tolong balikin gopay saya atas nama mahani driver bernama mardius A-95ET8NEGWSPVAV,grab,google_play
2026-03-30 21:20:12,Permata alya,"sekarang makin lama dapet driver, kacauu tolong dong solusinya",grab,google_play
2026-03-30 21:18:54,Satria Januar Firdaus,"hama, dikira semua orang lagi punya saldo untuk grabfood apa? aneh bgt, so so an nerapin secara general untuk non-tunai",grab,google_play
2026-03-30 20:52:01,Oksa Prasetyawan,bahagiakan drivermu .......,grab,google_play
2026-03-30 20:30:08,Trisoer,"Order lama di proses, tdk ada opsi pembatalan",grab,google_play
2026-03-30 20:22:40,Muhammad Naufal Farizky,sumpah lama banget dapet drivernya dari jam 18.20 tadi smpe 20.22 skrg blm dapet driver grabfood,grab,google_play
2026-03-30 20:22:17,vina novianti,"stress, nunggu udah hampir 2 jam, status ga berubah tetap preparinf, dan GABISA DIBATALIN, haduh buang buang waktu bgt ya tolong diubah kebijakanya agar tidak merugikan pihak manapun!!!",grab,google_play
2026-03-30 20:19:06,Randi Ardiansyah,"sangat tidak bermutu argo sampe 42rb ga di ambil padahal jarak cuma 4km , nunggu hampir 1 jam lebih",grab,google_play
2026-03-30 20:15:58,Chrisy Miku,"Proses lama, kalau udah ga ada driver ya udah cancel aja. jangan paksa cari sampai 2 jam.. giliran Bayar Pakai Ovo cepatnya minta ampun pick up makanan. bahkan ga ada Konfirmasi makanan di letakin sembarang di depan pintu. giliran bayar cash ga ada yang mau pick up, Di cancel juga ga bisa udah 3 jam nunggu makanan",grab,google_play
2026-03-30 20:15:32,Azkia Putri 24,enak dan lembut martabak nya,grab,google_play
2026-03-30 20:12:52,Ucok 4545,"Kenapa si tiap pesen grabfood susah banget cari pengemudi, smpe 2jam kelaperan nungguin grab nge stuck mencari pengemudi, di cancel pun gabisa, tolong diperbaiki LG.",grab,google_play
2026-03-30 20:10:43,husnudaroin 78,Pesen Grab Xpress dr jam 4 sore sampe jam 8 malam gak ada yg ngambil...Pengalaman buruk 🤬,grab,google_play
2026-03-30 20:10:25,Privasi Mus,"pembacaan MAP banyak salah. susah cari sopir, BURUK !",grab,google_play
2026-03-30 20:10:03,vidi churanna,"sekarang nunggu lama bgt, ganti driver berkali kali",grab,google_play
2026-03-30 20:08:14,Tri Murtiani,mantap,grab,google_play
2026-03-30 20:02:45,F12_Adelia Dwi Handayani,sekarang susah bgt mau dpt driver yang nerima orderan makanan,grab,google_play
2026-03-30 19:59:19,Ratih Cullen,pesen lamaaaaa bgt dptnya,grab,google_play
2026-03-30 19:53:58,X Serayu,sangat membantu,grab,google_play
2026-03-30 19:53:57,Bagus Cahyo,cepet,grab,google_play
2026-03-30 19:42:09,Ika Roswati,cari driver buat kirim barang LAMA GA DAPET²,grab,google_play
2026-03-30 19:39:49,Sri Wahyuni0406,setiap pesen grab sering di batalin udah 7 kali lebih pdhal posisi mau kmna² dket engga jauh jauh amat jadi ngabisin waktu nungguin nya ksell bngt,grab,google_play
2026-03-30 19:25:48,Feri Wahyudi,pesan jam 17:40 jam 19:30 belum nyampe jugaa,grab,google_play
2026-03-30 19:11:20,Panji0421 jarwo,"pesen grab bike,grab car,grabfood lama semua nunggu hampir 1 jam nggak ada yang ngambil pilih"" mau nya cuma yg lebih mahal baru di ambil percumah ada paket hemat kalo susah dapt driver nya",grab,google_play
2026-03-30 19:09:58,22_PANNYA DHARMA CAHYANI,grab suka update terus kenapa ya? padahal ga ada fitur yang keliatan loh setelah update. justru bikin hp saya lemot dan memori saya terkuras abis,grab,google_play
2026-03-30 18:53:30,Yordant Ad'ha Alhakim,aishh dicancel mulu sama drivernya,grab,google_play
2026-03-30 18:52:52,Muhammad irfan,sangat mwnbantu,grab,google_play
2026-03-30 18:50:41,Dewi Dama,alhamdulillah driver nya ramah bngt sopan,grab,google_play
2026-03-30 18:50:06,naufal sadan,susah cari driver nya,grab,google_play
2026-03-30 18:48:48,Fajar Bahariii,"min tolong dong ke driver""nya jangan pilih pilih kalo ambil orderan saya udah nunggu 1 jam masa gadapet"" drivernnya padahal cuma jemput 1 orang doang huh",grab,google_play
2026-03-30 18:48:43,Gwen Madeleine MH,driver banyak gak mau pick up di sore hari / maghrib,grab,google_play
2026-03-30 18:43:05,Malik Fajar,pelayanan baik,grab,google_play
2026-03-30 18:38:56,Dewi Kalinda Indu Kartika,Suka sekali sama aplikasi ini. Terima kasih banyak.,grab,google_play
2026-03-30 18:35:37,Hanzel Hussaini,"belakangan ini sangat sulit untuk menemukan driver grab food, mungkin karena agro-nya kurang menarik di mata para driver, namun bukannya merubah sistem agar driver lebih untung supaya mereka mau ambil malah menambahkan estimasi waktu pesanan berharap bakal ada driver yg ambil sehingga customer harus menunggu untuk waktu yg sangat lama tanpa kepastian dan gabisa cancel kalau belum melewati estimasi",grab,google_play
2026-03-30 18:32:33,Andy priady Andy,sangat baik,grab,google_play
2026-03-30 18:30:47,Nini Pelet,biar bintang yg bicara,grab,google_play
2026-03-30 18:23:58,Ponkil Old,"Aplikasi jelek! Gua udah mesan lama, gak dapat drivernya, malah gak bisa dibatalin. Sekarang ongkir tambah mahal lagi. Gak worth it pake aplikasi ginian",grab,google_play
2026-03-30 18:23:37,Nadaa Fauziyya,"makin lama makin banyak yg mogok kerja drivernya, parah.. ga ada yg mau narik ambil orderan pdhl genting bgt gada transportasi.. tolong pihak aplikasi kasih upah yg layak buat para mitranya biar pada semangat kerjanya. banyak org yg butuh!",grab,google_play
2026-03-30 18:20:49,Asep Supriyadi,Gabisa login,grab,google_play
2026-03-30 18:18:37,XxAurel malfoy_SlytherinxX,kalo pesen grabfood g bisa dicancel,grab,google_play
2026-03-30 18:11:32,Zailani Zailani,ramah banget,grab,google_play
2026-03-30 18:11:01,Rahayu Septianingsih,saya pesen makan dari jam 16:30 tetiba di cancel karna gaada driver di jam 17:30 bayangin udah nungguin sejamm tokk lagi laper lapernya tiba tiba di cancell,grab,google_play
2026-03-30 18:09:42,Tifanny Septiana,drivernya sombong dapetnya lama ga suka udh 4 jm nunggu masih aja ga dpet driver nya,grab,google_play
2026-03-30 18:07:09,Iwan Iwan,"kurang memuaskan, menurut saya pas di grabfood, kasih 5 menit buat ngebatalin, soalnya orang tuh kadang kadang kepencet sendiri, jadi mohon untuk Adain batalkan pesanan 5 menit atau 2 menit aja buat kita bisa batalin ketika salah klik atau salah pesanan",grab,google_play
2026-03-30 18:05:37,Aku aja Aku aja,"apa""an si ini tolong dong perbaiki driver grab di area Beji Pasuruan kenapa tidak ada yang aktif kalau gak niat kerja gak usa jdi ojol pesan dari sore sampai malam belum satu pun ojol yang nyantol payah ini grab",grab,google_play
2026-03-30 18:05:23,Suyoto Suyoto,maap ordernya jauh,grab,google_play
2026-03-30 17:56:21,Y. HANDRY Jhonsen,"Not yet good application..... ☠️. Karena maps grab semakin berBeda daripada maps google, jadinya maps pesan food semakin tanpa bisa tulis sesuai alamat sesungguh'nya+masih semakin sering enggak bisa tulis alamat untuk ojol jemput ke alamat sesungguh'nya+masih sering tanpa bisa atur alamat tujuan sesungguh'nya..... 👿. Tapi untung'nya jejak html signal nomor kartu seluler & jejak html ketikan di aplikasi tanpa bisa menipu internasional+jejak html seluler tanpa bisa menipu internasional..... 😈",grab,google_play
2026-03-30 17:48:26,vatimah azzahra,"pokoknya baik layanannya, ramah pula pengemudinya",grab,google_play
2026-03-30 17:46:25,Dee atma Putri,"sangat menyulitkan bila memesan grabfood dengan opsi transaksi tunai, dipersulit mendapatkan driver, dan pusat bantuan merespon dengan kurang tanggap cenderung mengalihkan dari pokok masalah yang dikeluhkan customer",grab,google_play
2026-03-30 17:43:14,Apriani Nurcahya,baik,grab,google_play
2026-03-30 17:42:42,Caryana Kusuma,baik ramah,grab,google_play
2026-03-30 17:38:21,angga d,tolong dong fitur mapsnya ada pilihan satelit biar lebih mudah buat nambahin alamat,grab,google_play
2026-03-30 17:20:53,Komaraika Umt,baik,grab,google_play
2026-03-30 17:02:39,Kang Sanu,Sangat membantu perjalanan disaat tidak memungkinkan untuk membawa kendaraan sendiri.,grab,google_play
2026-03-30 17:01:11,aprilliya salsha,daftar pertama lemot gajelas mau beli makan lama gajelas,grab,google_play
2026-03-30 16:52:36,Maya Amelia,susah dpt pengemudi pada songong2 semua,grab,google_play
2026-03-30 16:30:11,Armon Sh,bgus,grab,google_play
2026-03-30 16:20:21,Irfan Ribut,mengutamakan kenyamanan pelanggan,grab,google_play
2026-03-30 16:19:10,Nadhif Fr,walau udh unlimited dan berlangganan tetap saja mahal seperti harga customer lainnya,grab,google_play
2026-03-30 16:01:27,Tiara Shakira,bagus,grab,google_play
2026-03-30 15:54:23,Muhammad Arifin,kebantu bngt yang gapunya motor,grab,google_play
2026-03-30 15:44:34,Khairuddin Heru,semoga grab lebih baik dari tahun ke tahun👍,grab,google_play
2026-03-30 15:33:19,Muhamad faris,ketek bau kencur,grab,google_play
2026-03-30 15:29:34,Abdul Rohman,mantap,grab,google_play
2026-03-30 15:24:20,Heri Suryadarma,mantaf,grab,google_play
2026-03-30 15:22:27,Rifqy Anugerah,Pengemudi rata² pada culas/curang suka matiin aplikasi dan nembak harga,grab,google_play
2026-03-30 15:08:23,Lutfiana Andien Yoshifa,jarang saya kasih ulasan di aplikasi tapi kali ini keren banget!!selama saya menggunakan jasa grab ini....driver nyaa ramah semua!!banyak promo jugaa😚,grab,google_play
2026-03-30 15:07:33,Agus Supriyadi,puas,grab,google_play
2026-03-30 14:59:50,angela margareta,"mau login tapi gajadi, tertulis aktivitas diluar kewajaran, aneh banget pdhl aku gak ngapa ngapain",grab,google_play
2026-03-30 14:59:46,Arafi Pratama,"apk nya sangat bagus.. dan bisa digunakan untuk kendaraan, dan tolong untuk apk grab ini diaktifkan kembali biar bisa mendownload lagi. Terima Kasih🙏🏻",grab,google_play
2026-03-30 14:52:24,Irmawaty Pattilima Pattilima,mantap diskonnya banyak pokoknya bagus lah apk grab ini,grab,google_play
2026-03-30 14:46:48,Armand Dede,sangat membantu,grab,google_play
2026-03-30 14:27:28,Diah Nova Rianti,sering banget dapet driver yg ga prepare jas ujan buat customer!!!!!!,grab,google_play
2026-03-30 14:06:53,loveniaputri mandalika,"pengemudi mobil mintak di batalkan pesanan, tetapi diantar tidak sesuai titik, sikap pengemudi kasar, pengemudi mobil selalu mintak offline, tolong di tindak lanjuti pengemudi mobil yang nakal. saya sangat kecewa atas pelayanan pengemudi mobil, bayar sesuai aplikasi.",grab,google_play
2026-03-30 14:00:28,Arba Suryan,susah dapet driver ampas bgt,grab,google_play
2026-03-30 13:56:32,ayuu setiffanii,sangat bagus membantu sekali,grab,google_play
2026-03-30 13:55:42,mita ginting,"kenapa sih ribet sekali grabfoodnya???? kenapa tidak bisa ganti alamat kalau pakai tunai????, trus kenapa gak bisa ganti metode pembayarannnn kalau emang gegara tunai nih gak bisa ganti alamat????? perasaan di aplikasi kompetitor lain bisa... ribettttttt",grab,google_play
2026-03-30 13:48:39,feilanna wijoyo,lama cari drivernya,grab,google_play
2026-03-30 13:35:18,Vincent N.,Enak ya bs batalin pesenan kapan aja pas nunggu lama,grab,google_play
2026-03-30 13:29:14,sugeng prayitno,adem denger pengajian di dalam mobil,grab,google_play
2026-03-30 13:23:14,Teguhh82,amanah,grab,google_play
2026-03-30 13:21:44,Cardi Girimukti,mantap,grab,google_play
2026-03-30 13:13:41,Fahmi Skw,grab gimana ngasih harga mahal lalu,grab,google_play
2026-03-30 13:12:30,andini,nice,grab,google_play
2026-03-30 13:03:45,Andi Prasetiyo,aplikasi ga beres. gede ukurannya aja bikin lemotnya minta ampun. drivernya rewel-rewel klo agak jauh sedikit jemputnya. sedangkan yg mencari driver aplikasi,grab,google_play
2026-03-30 12:54:37,Yusriadi Priasalato,"nyaman & akurat ,sopirnya ramah tamah mkch Grab",grab,google_play
2026-03-30 12:49:09,Mell N T,"platform fee naik mulu, tp driver2 makin makin sembrono(cancel tnpa alasan, ngomong seenaknya), terutama bulan puasa ini orderan makan delayed mulu, dikira semua orang puasa, platform fee makin naik, tapi servicenya turun",grab,google_play
2026-03-30 12:37:25,Putra grantung Grantung,sangat ramah sopirnya,grab,google_play
2026-03-30 12:10:01,rully lipiyandi,mantapp perjalanan sy mudah dan santai,grab,google_play
2026-03-30 12:03:18,Yusuf Alhasni,goed,grab,google_play
2026-03-30 11:52:35,Zulkan Shop,memudahkan dan semoga drivernya makin banyak lagi,grab,google_play
2026-03-30 11:39:25,Wahyu Wahyuab,ok,grab,google_play
2026-03-30 11:37:23,Syarah Fitriani,LAMA DAPAT DRIVER!!,grab,google_play
2026-03-30 11:29:24,Adianoor Al-Farisi,"mantap, banyakin voucher nanti saya sering belanja",grab,google_play
2026-03-30 11:15:01,Risky Ramadani,mantapp,grab,google_play
2026-03-30 10:54:35,Mei Yusnita,tepat waktu orgnya ramah,grab,google_play
2026-03-30 10:37:42,Sitti Halimatussa'diyah,bagus,grab,google_play
2026-03-30 10:36:25,Radit,bagus banget ini aplikasi,grab,google_play
2026-03-30 10:35:24,Aris Faisal,sangat bagus dan membantu perjalanan,grab,google_play
2026-03-30 09:50:41,Gede Subrata,ok joss,grab,google_play
2026-03-30 09:28:04,Kalam Zein,bermanfaat,grab,google_play
2026-03-30 08:28:24,Stiyani Azz,bagus banget bantu di setiap keadaan,grab,google_play
2026-03-30 08:26:14,Yeni Mulyani,Ok,grab,google_play
2026-03-30 08:20:32,Sri Sundari,👍,grab,google_play
2026-03-30 07:54:58,CARENENA,"saya penumpang setia grab dari dulu. Tapi sekarang performa grab memburuk, Sekarang cari pengemudinya susah, di aplikasi di kasih yg drivernya jauh-jauh. sangat buang waktu, saya bisa menunggu driver sampai 18 menit. sudah menunggu lama namun driver juga mengeluh tidak mau ambil karna harga nya tidak sesuai. tolong di tinjau kembali yah grab biar penumpang dan driver sama-sama nyaman",grab,google_play
2026-03-30 07:40:47,Lydia Haydee,harga naik biasanya grabcar 18k jadi 28k wow 👏🏻,grab,google_play
2026-03-30 07:39:46,Nur Jaman,apk ini bisa diandalkan bagus,grab,google_play
2026-03-30 07:39:35,Arif Romadhon,"bagus, membantu sekali",grab,google_play
2026-03-30 07:20:20,ahmad sodikin,driver'a ramah...,grab,google_play
2026-03-30 07:17:00,gdra 12,kok mantap kali grab ini ?,grab,google_play
2026-03-30 07:10:05,Ani Naibaho,"giliran ngorder yg dekat"" aja pada jauh"" driver nya aneh!! gak bisa digunain saat buru"" nih. Tolong berpaikin kualitasnya yah. Makasih. Tetap saya kasih bintang 5",grab,google_play
2026-03-30 07:01:28,Inal Furqani,"TOLONG YA BUAT YG KERJA DI GRAP, MAU MOBIL, MAU KERETA, TOLONG BANGET YA TOLONGGGGGGHG BANGET YA KALO ADA PENUMPANG ITU DI AMBIL YA JGN BUAT ORANG NUNGGU LAMA YA MANUSIA",grab,google_play
2026-03-30 06:58:13,Anjay Men123,keren,grab,google_play
2026-03-30 06:54:07,Madedr Madedr,jelek,grab,google_play
2026-03-30 06:53:13,Muhammad Adriansyah,jelek lambat pengendara sering membatalkan orderan dan selalu beralasan lain,grab,google_play
2026-03-30 06:51:34,Ansori Ansori,susah cari pengemudi,grab,google_play
2026-03-30 06:48:08,Rahma Ningrum,"jelek banget aplikasinya, driver banyakan gabisa baca maps, waktu tunggu hampir tidak pernah sesuai .tulisan 2 menit bisa sampe 20 menit realita nunggunya, nyari driver susah padahal harga tinggi dan sekitaran banyak driver. apalagi kalo hujan bisa ber jam jam mana harga naiknya ga ngotak jarak 2.3 km bisa tembus 100rb an. satu lagi mapsnya ga update ampas bngt banyak banget lokasi yg ga kedetect di grab",grab,google_play
2026-03-30 06:46:37,Anugrah Ramadhan,Grab Good Aplikasi,grab,google_play
2026-03-30 06:42:57,armand muhdy,drivernya banyak yang cancel seenaknya dan ada juga yang parah tidak mau jrmput ke titik lokasi penjemputan penumpang,grab,google_play
2026-03-30 06:34:12,dafiya ms,Murah sih harga grab nya.. TAPI YANG BIKIN KESEL ITU DRIVER PADA GAMAU AMBIL PENUMPANG!! PADAHAL DI DEKAT LOKASI ADA DRIVER YANG DEKAT TAPI GA DI AMBIL-AMBIL SAMA DRIVER. WAKTU ITU PERNAH KEJADIAN DAPET DRIVER UDAH MANA JAUH TIBA-TIBA DIA BERHENTI SELAMA 5 MENIT SEDANGKAN POSISI SAYA SUDAH SANGAT TELAT MALAH DI TAMBAH TELAT. KONDISI JUGA LAGI HUJAN JUGA. JADI NYA TERPAKSA CANCEL.,grab,google_play
2026-03-30 06:31:34,Oktavia Vanesa,drivernya dikit banget selalu nunggu 1 jam lebih gak 2 jam lebih buat dapet driver padahal rumahku juga di kota,grab,google_play
2026-03-30 06:25:59,Rayyan Muhamad Zidane,"nyari driver jauh"" banget sih",grab,google_play
2026-03-30 06:25:31,wh Yuni,"aneh banget sumpah, tiba² akun di tinjau pdahal ga ngelakuin apa²",grab,google_play
2026-03-30 06:11:08,Shilla Maulia,susah bangt carinya pdhl butuh bangt pls pls bangt ini,grab,google_play
2026-03-30 06:02:35,Anisa Rohmah,"grab nya suka cancel order habis itu mencari pengemudi lain , nunggu berjam2 kaya org gila , jgn KY GT kerja mas ,",grab,google_play
2026-03-30 05:52:50,Abe,pemesanan terlalu lama dan driver jauh jauh,grab,google_play
2026-03-30 05:47:35,M. Ibnu Hudayanu,👍👍👍👍👍,grab,google_play
2026-03-30 05:22:15,Kate Jhes,saya kasih Bintang 5,grab,google_play
2026-03-30 04:48:21,agustinus ratri,pelayanan memuaskan .,grab,google_play
2026-03-30 04:32:41,Jogrek Grek,bagus ramah,grab,google_play
2026-03-30 04:17:50,Percil Gimang,Sangat membatu,grab,google_play
2026-03-30 03:59:42,AHMAD NAZIR,jooss,grab,google_play
2026-03-30 03:35:50,Victor McManus,"kecewa lah, udah pesen berkali kali ngechat driver ngga ada yang bales liat di lokasi jalan tapi makin jauh, keterima orderan tapi yang jemput malah ngga ada respon di maps jga gitu gitu aja, kacaw",grab,google_play
2026-03-30 02:36:08,Andy Risdianto,Mantap👍,grab,google_play
2026-03-30 01:46:33,Edward Farhan,"tolong ini ko nyari pengemudinya lama ya.? trus kalo dapet selalu pengemudinya yg jauh, jadi ngk bisa jemput",grab,google_play
2026-03-30 01:39:31,Dewi “Anjani” Lestaluhu,pelayanan cepat diversifikasi ramah,grab,google_play
2026-03-30 01:28:22,dimas angga,kecewa bener² kecewa,grab,google_play
2026-03-30 00:05:35,Kiki Fatma (20),sangat memuaskan,grab,google_play
2026-03-29 23:45:03,Faiq Nurrahkman,good,grab,google_play
2026-03-29 23:20:47,Risty Taqwatul islami,"bisa gk si masukin fitur laporkan penjual, atau ada kompensasi gitu kalo penjual gk ngasih info? 2 jam gw nunggu gk ada kabar apapun, cuma makanan sedang di siapkan, gw gk bisa batalin trus apa? pihak penjual juga gk ngebatalin.",grab,google_play
2026-03-29 22:49:35,Sherlya,bagus,grab,google_play
2026-03-29 22:46:52,Crezy Store,Kalo Emng Gak bisa ngambil Ga usah Di Nyalain Apk Nya Hadehh gatau lagi ama grab,grab,google_play
2026-03-29 22:42:25,M ibna Frasetya,buat apa fitur hemat klo driver nyaa gak mau ambil orderan,grab,google_play
2026-03-29 22:40:45,Qurotuzzahra S.,"baru pertama kali order langsung cocok, rasanya pas, sambal nya pedas enak banget approve pkoknya bakalan order lagi, pertahanin cita rasa nya yaa, thank you i like it",grab,google_play
2026-03-29 22:31:13,arin,"pesan grabfood kenapa si lama bgt dpt pengemudi udah laper aku loh nunggu sampe 2jam setengah parah bgt,, mana gak bisa dicancel chat resto juga gak bisa",grab,google_play
2026-03-29 22:21:25,Nita Widiya,"gimana sihh orang nunggu udah sejam gak bisa dibatalin aneh, orang order biar instan malah makin lama mau dibatalkan gak bisa perbaiki lagi dong gak memuaskan customer banget sih",grab,google_play
2026-03-29 22:13:05,Elkezia Datu,"hah? gimana-gimana??? cuma 1km loh, kudu bayar 30rb, ojek pula itu... padahal harga normalnya 10-14rb kok gitu sih??!! tolong ini tarifnya yang logis dikit yah!",grab,google_play
2026-03-29 22:06:21,C- hope,"maaf ya, aku hapus apknya. udah order makan dari jam 9 kurang sampe jam 10 belum ada driver yg ambil karena aku bayar pake cash. kalau gitu engga usah sediain pilihan cash. selama ini masih pake karena banyak promo grabbikenya. maaf kecewa banget",grab,google_play
2026-03-29 21:54:15,Alifia Azzahra,"aplikasi bgst, udah nunggu makanan lama lama tiba tiba dibatalin tanpa persetujuan pembeli, kalau bisa kasi bintang 0 gua kasi ini bintang 0",grab,google_play
2026-03-29 21:52:16,Muhamad jislam,mantap,grab,google_play
2026-03-29 21:47:48,Sonny Ariady,"pemesanan terjadwal ga bisa dicancel sama sekali, menunya muter2. cust care lama bnr tersambungnya, buruan wooy pulsa jalan terus neh",grab,google_play
2026-03-29 21:47:23,Yunita Purba,udh nunggu pesenan makan sampe 2 jam malah dibatalin.. ga bisa kirim ulasan ke mcd atau pun ke grab lewat apk harus selesai dlu pesanan nya,grab,google_play
2026-03-29 21:41:36,Rinrin Dewi,"BURUK BANGET, KECEWA 100% TIDAK BISA BATALKAN PESANAN MALAH DISURUH SABAR, WOY GA WAJAR NUNGGU MAKANAN SAMPE 2JAM LEBIH, PENGADUAN TIDAK BERGUNA. CHATBOT TIDAK MEMBANTU SAMA SEKALI. UNTUK APA ADA FITUR PENGADUAN KALO TIDAK MEMBERIKAN SOLUSI, JIKA SEPERTI ITU PENGEMUDI SEENAKNYA MENGIRIMKAN SEBISANYA DIA. UNTUK APA ADA ESTIMASI WAKTU ANTAR KALO HABIS WAKTU BERTAMBAH TERUS WAKTU TUNGGUNYA. MENDING 5 MENIT 30 MENIT LEBIH.. LAH YANG LAPER KEBURU MAGH DONK. GOOD BYE GRAB SAYA PELANGGAN ANDA DULU",grab,google_play
2026-03-29 21:39:27,Gilang Ramadhan,"Payah, cancel orderan grabfood sepihak padahal udh nunggu 1 jam",grab,google_play
2026-03-29 21:38:55,Ajeng Putri,"susah banget dapat driver, padahal banyak driver disekitar tempat kita pesan, kadang sudah dapat driver malah di cancel padahal pakai grabcar biasa bukan pake yang hemat dan ga pake promo juga. minta tolong banget di edukasi lagi deh drivernya, jangan sampai banyak pelanggan pada pindah ke aplikasi sebelah.",grab,google_play
2026-03-29 21:36:12,Imascahayu Ayu,ok,grab,google_play
2026-03-29 21:28:58,Adam Pratama putra,"grabfood sering di cancle pengemudi dan jam estimasi mundur, makanan sampai sudah dingin",grab,google_play
2026-03-29 21:26:04,Gani,sekarang driver nya pemilih banget sering gak di response,grab,google_play
2026-03-29 21:14:34,Rivan Iman Valendri,"Drivernya pada gak mau ngambil orderanya, masa saya pesan makanan, sudah 1 jam lebih, belum nemu drivernya",grab,google_play
2026-03-29 21:09:08,Taufiq Hardika,"aplikasi. sampah, harga makin naik tapi dapat driver makin jauh, udah gitu ga bisa report driver yang suruh kita nunggu terut tiba-tiha di cancel lagi, biat ga kebiasaan drivernya.",grab,google_play
2026-03-29 20:54:03,Putra Gucci,untuk grabfood susah banget buat nyari driver nya pada so sibuk,grab,google_play
2026-03-29 20:44:53,Filio Hara,apaan ini nunggu 1 jam pesan makanan driver ga dapat2 tapi ga bisa dicancel??????????,grab,google_play
2026-03-29 20:39:55,Rudi Hut,semakin buruk buruk buruk,grab,google_play
2026-03-29 20:37:13,Dewa Armenia,pengiriman food 2 jam tolol,grab,google_play
2026-03-29 20:25:38,Achmad,grap food pler nyari driver susah bgt ajg padahal udh pilih layanan yg paling cepat nyampe nya 1 jam lebih,grab,google_play
2026-03-29 20:25:31,Rus Wae,sangat membantu,grab,google_play
2026-03-29 20:16:20,Oma Zea,pesan grabfood kelamaan terus tidak bisa dibatalkan,grab,google_play
2026-03-29 20:13:33,Sanji onepiece,bagus,grab,google_play
2026-03-29 20:13:02,Fahreza Nqs,"KACAUUUUU SELALU PASS PESEN GRAB FOOD DIBATALIN SEPIHAK, MAKSUDNYA KALO EMANG NIAT BATALIN BATALIN DARI AWAL KOCAK ! INI UDAH NUNGGU 2-3 JAM BARU DI BATALIN MAKSUDNYA APA COBA.",grab,google_play
2026-03-29 20:12:12,Mohammad Rafinoor Munggaran,Selalu terlalu lama mencari driver saat membeli lewat grab food saya disuruh menunggu lama hanya untuk di cancel sangat membuang-buang waktu saya. saya paham jika memang driver sedang sibuk tapi tolong berikan informasi terkait hal tersebut lebih cepat dan parahnya saya tidak bisa cancel makanan dan saya dipaksa menunggu pencarian driver yg tidak pasti. kejadiannya tidak sekali atau dua kali sudah beberapa kali padahal saya tinggal di daerah yang ramai.,grab,google_play
2026-03-29 20:12:01,Dendo Se,"jarak 800 m apakah habis bensin mobil 100 liter min ??? ongkos ny gak worth it bnget masa 52 ribu ,,, ngotak dikit lah 20 - 25 masih wajar ,, kalian ini",grab,google_play
2026-03-29 20:08:07,Muharrika,terlalu mahal,grab,google_play
2026-03-29 20:07:54,Pardy Kantong,mudah,grab,google_play
2026-03-29 20:06:52,Rea Reo,semakin lama semakin buruk sistem dalam internal. apa pegawai nya tidak digaji ya 🤣🤣🤣🤣🤣,grab,google_play
2026-03-29 19:51:56,EndeR D,l ga guna kalo lagi butuh pada ilang grab nya,grab,google_play
2026-03-29 19:49:54,Ayman Hafiz,"ini aplikasi hari hari ongkir makin mahal, order juga lama banget bisa 1 setengah jam. kocak!!!",grab,google_play
2026-03-29 19:47:34,Hafidh Hasan,"kecewa, pesen grab food yang nganter drivernya naik mobil udah tau jl. perkampungan susah dilewati mobil, kok bisa2nya sistemnya ngasih driver grab food yang pake mobil",grab,google_play
2026-03-29 19:45:02,Astri Admadeva,"pengemudi driver banyak di sekitar tapi gk mau ambil pesanan,pesanan ulang harga makin di naikkan sekarang grab sudah tidak layak buat konsumen.mending gk usah pake promo2 tapi pelayanan di tingkatkan",grab,google_play
2026-03-29 19:44:37,Ryo Aqsha,"bagus, cepat nganter nya, diskonnya banyak bangettt❤👍👍",grab,google_play
2026-03-29 19:40:45,Darlingga Aurora (DAP),"apk jahat, berkali2 order Grab Car sangat lama ga dapet2 Nunggu sampe 1 jam Lebih di Kota tegal Jawa Tengah sangat Jelek",grab,google_play
2026-03-29 19:38:26,aby waffaq,top,grab,google_play
2026-03-29 19:34:43,Yudha Pria nugraha,layanan mantap,grab,google_play
2026-03-29 19:34:16,yunita anggraeni,🤝,grab,google_play
2026-03-29 19:29:12,call_mee 1syaa,gasuka klo pesen grabfood dpt pengemudinya lama dn hrus nunggu lama hbs tu dicancel pula tlg diperbaiki!,grab,google_play
2026-03-29 19:20:33,FrancDarmy Jr,"dalam sebulan terakhir payah sekali, bantuan grab chat nya mana ?",grab,google_play
2026-03-29 19:14:31,siti urmila,"lama kali dpt driver, apa dah kaya driver",grab,google_play
2026-03-29 19:08:13,Sive CL,ok,grab,google_play
2026-03-29 19:07:40,Massava Saiful,"Grabfood kalau pakai pengantaran hemat sama standar gak ada driver yang mau pickup. Potongannya gede, padahal saat pesan udah di potong 2500, driver juga masih di potong, restoran juga masih di potong jadi harga makanan silisih jauh, lebih mahal, pakai promo juga gak berguna kalau gak ada driver yang ambil. Koreksi ulang kebijakan potongan untuk driver dan restoran nya, masak user udah dipotong 2500, driver sama restoran masih aja dikasih potongan gede.",grab,google_play
2026-03-29 19:04:38,Agan Kusuma,okeh,grab,google_play
2026-03-29 19:00:48,Abdurizal_sufi 48,ini gimna nih udh satu hari uang returnya ngak masuk ke M banking saya sebanyak 163.000 !!!,grab,google_play
2026-03-29 18:51:53,diana dolores,"klo ngasih driver yg jauh2 mending gausah adain lokasi terdekat deh kocak, sekalian aja jemput dari jepang",grab,google_play
2026-03-29 18:50:56,Ade yunus dwi Saputra,pelayanan nya jelek,grab,google_play
2026-03-29 18:50:13,Sherlin Angrhaini,"sekarang pesen makan di grab super lama, jadi males. bolak balik pengemudi membatalkan untuk mengantarkan pesanan. entah apa sebabnya jadi makin malas order di grab",grab,google_play
2026-03-29 18:43:51,Kasiadi,terimakasih🙏,grab,google_play
2026-03-29 18:28:13,gi ran,siiiip...!!!,grab,google_play
2026-03-29 17:54:14,Winardi Winardi,bagus berguna bermanfaat,grab,google_play
2026-03-29 17:53:49,Raysan Naufal,"Woiiiu harga makin mahall driver gak ada 1 pun yg nyangkut, gimana sih?",grab,google_play
2026-03-29 17:41:26,Nur Asia,drivernya pada galak2,grab,google_play
2026-03-29 17:35:14,Trisnasari Trisnasari,"ga suka karena kebanyakan alasan apapun , padahal aku sama Kaka aku udah nungguin malah di batalin atau banyak alasan yang lain lah",grab,google_play
2026-03-29 17:33:26,Niken Riani,kebayakan alasan ini itu,grab,google_play
2026-03-29 17:27:17,damar wulan,Praktis banget buat transport dan pesan makanan. Driver juga responsif.,grab,google_play
2026-03-29 16:49:22,Kuncoro Yakti,Mantap,grab,google_play
2026-03-29 16:38:41,Edy Supra,"Grab kmu baik bgt dan harganya murah bgt,klo pergi jauh kamu harganya tetep murah, banyak voucher diskon",grab,google_play
2026-03-29 16:31:30,Jess Ss,min sumpah aku rela relain daftar ovo biar bisa dapat vocher katanya 3 hari.. pas dapat gk ku beliin mau beliin sore malah hilang vouchernya gimana nih solusinya,grab,google_play
2026-03-29 16:19:32,Ratna Sari,baik,grab,google_play
2026-03-29 16:11:52,Fathian Akbar faturrahman,ok,grab,google_play
2026-03-29 16:07:03,Yt Rell Store,masa nyari driver mobil lebih setengah jam ngga dapet dapet?????,grab,google_play
2026-03-29 16:06:30,salihah,pengantaran tepat waktu,grab,google_play
2026-03-29 16:05:16,aksana rofikova,memuaskan,grab,google_play
2026-03-29 16:04:11,Tina Sitepu,"Pelayanannya kurang banget, responnya lama, kurang responsif. Tolong pelayanannya di tingkatkan.",grab,google_play
2026-03-29 16:01:18,Raka Raka Ardiyansyah,sangat baik',grab,google_play
2026-03-29 15:57:02,Helma Sherlyna,bagus sngt membantu,grab,google_play
2026-03-29 15:54:17,Farah Adelia,"lama nyari pengemudi,udh nunggu 2 jam lebih,malah di cancel trs",grab,google_play
2026-03-29 15:35:49,Sarko Ako,pesanan langsung direspon cepat,grab,google_play
2026-03-29 15:33:56,Nauval Nauval purnama,sangan bagus dan ramah,grab,google_play
2026-03-29 15:20:58,Laila Husna,good,grab,google_play
2026-03-29 15:18:28,Tolabudin Tolabudin,trimakasih ya bg driver baik bgt,grab,google_play
2026-03-29 15:17:52,metafa tafa,"akhir akhir ini sepertinya ada upaya grab menggelembungkan keuntungan dengan membuat perbedaan ongkos antara driver dengan pengguna grab di aplikasi ini..ini dugaan saya taktik kotor grab untuk mencari keuntungan dengan cara yang tidak wajar , saya sudah mengalaminya baru baru ini bahkan hampir terjadi keributan dengan supir grab akibat pembatalan karena harga tidak sesuai di aplikasi pengguna dengan aplikasi driver",grab,google_play
2026-03-29 15:15:57,Jaka Lalana,mantap,grab,google_play
2026-03-29 15:04:49,Sugandha Dharma,"Jujur ya dulu sering pakai aplikasi ini tapi sekarang udah malas lama kelamaan karena setiap kali pesan selalu terlambat, tidak dapat driver bahkan sampai 2 jam aja belum dapat hanya saat menghubungi cs baru dapat",grab,google_play
2026-03-29 15:04:23,Daffin Ahmad,bagus,grab,google_play
2026-03-29 14:56:41,Nabilah Ramadhani,"pengantaran makanan selalu lama, awalnya masih saya maklumi tapi sudah berkali"" pesan selalu +2 jam makanan masih di proses, padahal dulu selalu tepat waktu, makin kesini selalu lambat dan membuang waktu saya. mana tiba"" di cancel, sudah nunggu hampir 3 jam... mohon segera diperbaiki, membuat pengguna malas menggunakan aplikasi ini lagi.",grab,google_play
2026-03-29 14:55:10,bintang gunanto,profesinal,grab,google_play
2026-03-29 14:54:09,SATRIA ANOM95 official,mantap,grab,google_play
2026-03-29 14:48:25,Nanas Jawa,Good,grab,google_play
2026-03-29 14:33:20,Xiao Yan,lemot amat mesen makanan,grab,google_play
2026-03-29 14:30:19,Wiliam TekLiong,"akhir"" ini susah kali dapat driver. mau pergi kemanapun sama mau pesan makanan pun susah kali dpt driver. bisa mati kelaparan kalau tungguin dpt driver. berjam"".parah skrg",grab,google_play
2026-03-29 14:23:00,Merry,makin kesini mkin payah saja nih apk,grab,google_play
2026-03-29 14:19:15,moza e amanda,bagus,grab,google_play
2026-03-29 14:18:20,Marlia Eva,OK,grab,google_play
2026-03-29 14:03:04,Bernadeta Nevita,bagus pelayanannya,grab,google_play
2026-03-29 13:54:40,Pengguna Google,Ini seriusan mesen pakai GrabFood trus Draiver yang ambil jaraknya 5 Km?????Mana waktu selesainya lama satu jaman lebih. Mending ke warungnya sendiri deh besok2 ini mah,grab,google_play
2026-03-29 13:47:07,Hay Hamdani,nyaman & mudah di akses,grab,google_play
2026-03-29 13:40:30,Wahyu Din,sangaat membatu,grab,google_play
2026-03-29 13:38:59,Wak Waw,"aplikasi GOBLOG Masa ngasih driver jaraknya jauh2 banget, ya lama jadinya nunggunya",grab,google_play
2026-03-29 13:35:59,Fitri Ramadhani irwan,"Makin hari grab makin lama menemukan pengemudinya, Sudah beberapa kali bgitu, Minta di batalkan susah, Sudah menunggu lama, orang sudah kelaparan saat pesan makanan, slalu suka lama dapat driver, tolong dong grab, bagaimana itu soal drivernya",grab,google_play
2026-03-29 13:31:33,William Zone,very easy to use and the best service,grab,google_play
2026-03-29 12:56:55,Angga Aipin,skrg makin susah dpt driver,grab,google_play
2026-03-29 12:49:39,Manganju Samosir,cepat dan tepat,grab,google_play
2026-03-29 12:36:46,JEY,susah nyari driver bikin emosi aja,grab,google_play
2026-03-29 12:36:12,Endang Sriwahyuni,good,grab,google_play
2026-03-29 12:34:30,Rere Harits Ariyanti,Ketentuan grab food baru bisa dicancel setelah 1 jam sangat menyulitkan. Saya rasa 30 menit tidak ada driver yg available artinya pesanan bisa dibatalkan. Menunggu 1 jam itu kebalikan dari definisi dapat kemudahan dengan menggunakan app. Ga kaget kalo user pindah pakai app lain.,grab,google_play
2026-03-29 12:20:52,Carl Xavier,kadang pesan makanan ndk ada kurirnya. ada kurirnya yang kadang sudah di kasih catatan tambahan alamat malah salah baca. Banyak kejadian yang melelahkan,grab,google_play
2026-03-29 12:00:08,Bulan Purnama,AKHIR² INI SUSAH BANGET DAPET DRIVER NYA,grab,google_play
2026-03-29 11:45:30,widi Adiyalisa,"sekarang kalau pakai tunai susah banget dapet driver .kasian orang kalau hanya punya cash , menyusahkan bukan memudahkan. krana smua mau pakai non tunai. kalau sprt itu lebih baik TUNAI nya di hapuskan!!!!",grab,google_play
2026-03-29 11:45:30,Agus Steady,mantap keren,grab,google_play
2026-03-29 11:20:01,nando anindra,good job,grab,google_play
2026-03-29 11:16:25,mauro morz,aplikasi kaga jelas ngebab Mulu kalo dkt orderan stress,grab,google_play
2026-03-29 11:11:13,Reno Reno,grab car sangat membantu sekali,grab,google_play
2026-03-29 11:11:04,Farah,ok,grab,google_play
2026-03-29 11:07:41,marianta alexguur,mantab,grab,google_play
2026-03-29 11:05:00,Ghnesia alif w,"akun ditangguhkan tanpa alasan yg jelas,sudah menghubungi CS tapi blm ada balasan yg jelas mengapa akun saya di tangguhkan",grab,google_play
2026-03-29 11:00:22,Aja Paputungan,terbaik,grab,google_play
2026-03-29 10:30:53,love robby,bagus,grab,google_play
2026-03-29 10:28:59,Amelia Eka Putri,lama datangnya,grab,google_play
2026-03-29 10:16:37,Tugi Yono,mantap,grab,google_play
2026-03-29 10:13:58,Serangraya Raya,makasih sgt baik pelayanannya,grab,google_play
2026-03-29 09:42:05,Yoyon Tudiharto,selalu hadir siaga dalam perjalanan,grab,google_play
2026-03-29 09:27:24,Bimo Abdul,lumayan,grab,google_play
2026-03-29 09:11:08,Kusriono Sriono,lebih nyaman,grab,google_play
2026-03-29 09:07:25,Virna Salma,"Jujur si, setelah pake aplikasi Grab benar-benar memudahkan aku BANGET! Udah gitu ada Bike hemat gitu, jadi lebih murah, pas banget buat aku yang lagi irit-irit ini, huhu. Ditambah lagi ada fitur GrabMart Kilat, kalo lagi mager kemana-mana bisa langsung sat set order. TOP MARKOTOP, GRAB! Semoga selalu memuaskan dan banyak membantu, ya!",grab,google_play
2026-03-29 08:20:22,Murtado Khoirul,Sangat tidak rekomendasi. susah untuk cari lokasi dengan akurat sebelum pemesanan.,grab,google_play
2026-03-29 08:12:49,Ikbal Maulana,ga sesuai aja layanan lama driver pun lama,grab,google_play
2026-03-29 07:44:03,Kita Bina,lumayan klo saya pesen gercep,grab,google_play
2026-03-29 07:02:00,Andi Firman,mantappp,grab,google_play
2026-03-29 07:00:39,Mlzz,"cukup kecewa, tolong kalau driver nya ga bisa ambil orderan di cancel saja, saya jadi harus bayar lebih mahal cuma membatalkan pesanan karna driver ga bisa jemput, tpi malah di ambil orderan nya kan aneh",grab,google_play
2026-03-29 06:26:24,Bagus Haryanto,mudah dan cepat,grab,google_play
2026-03-29 05:31:05,prada Butarbutar,tolong perbaiki sistem pemesanan grab food nya,grab,google_play
2026-03-29 05:16:06,Natassya Elwina,Susah cancel,grab,google_play
2026-03-29 04:38:53,Wus Wihardi,good,grab,google_play
2026-03-29 04:04:41,Mulyani Wulandari,pengemudi ramah,grab,google_play
2026-03-29 03:32:57,Muhammad Shidiq,"monyet, estimasi mesen makan makin diundur, app gajelas",grab,google_play
2026-03-29 02:44:52,Awan Evandra,"tolong tindak lanjuti kasus pelecehan, saya memberi bintanb 1 agar dilihat",grab,google_play
2026-03-29 01:32:52,Rasiyadi Adii,tepat waktu,grab,google_play
2026-03-29 01:21:52,Xima Privasi,"grab pelit promo, mnding order makanan di shopeefood, jauh lbih murah",grab,google_play
2026-03-29 01:07:50,Rehin Aprianto,platform besar tapi bikin malu.. pengemudi banyak yang aktif tapi gak mau ngambil penumpang diatas jam 12 malam,grab,google_play
2026-03-29 00:45:06,Shezan,oke,grab,google_play
2026-03-29 00:06:52,wisnu aji,ok,grab,google_play
2026-03-28 23:46:32,Rattle Snake1,apaan ini mau order grab bike masa harus verifikasi muka 😂 fitur gak guna + seenak jidat ngambil data orang sampe muka orang juga lo ambil datanya.,grab,google_play
2026-03-28 23:13:12,roromendut original,"terbaik disaat apk lain susah dpt driver, grab gercep amat dapet drivernya. the besttttt pokoknya 🤗",grab,google_play
2026-03-28 23:04:28,Zennot Idn,sory kecewa pesen makan 2 jam gk kunjung di proses berakhir d batalkan dan rumit. ga biasanha grab kaya gini...auto uninstal y babay,grab,google_play
2026-03-28 23:03:32,YOGI PRATAMA,"kecewa nunggu 2 jam sama driver di cancel, sudah saya sakit demam tapi tidak ada pengganti driver, viralkan baru tau ni grap😭",grab,google_play
2026-03-28 22:58:13,mangea,"hadew masa ga ada fitur cancle untuk grab food, mana nyari diver 1 jam sendiri. keburu kenyang ndeng",grab,google_play
2026-03-28 22:46:52,rakha riansyah,terimksih atas pelayanannya,grab,google_play
2026-03-28 22:41:24,Sri agustini Soepardi,supirnya ramah dan diantar sesuai dan cepat,grab,google_play
2026-03-28 22:34:17,Raden guntur setyo Wibowo,login aplikasi suka lama banget login nya,grab,google_play
2026-03-28 22:19:43,vistr0 wo,"pesanan grab food order dr jam 6 sore lama ga dapat driver. ga otomatis batal. akhirnya jam 10 malam di kirimnya, ke buru sudah ga lapar. keburu pingsan iya",grab,google_play
2026-03-28 22:10:27,Rangga Ahmad,"parah,,, padahal resto lumayan deket tapi driver gak ada yng ambil,, GrabFood dari jam 9 sampai jam 11 baru ada yng ambil,, itu pun resto sudah tutup,, kecewa..",grab,google_play
2026-03-28 22:08:04,Rio Jogja,"kecewa bgt, nunggu dapat driver, sampe hampir 2 jam, kecewa asli",grab,google_play
2026-03-28 22:04:12,K. Alwi,5 jam nunggu dan gonta ganti pesanan krn dibatalin mulu dan ga ada satupun driver yng nerima!,grab,google_play
2026-03-28 22:02:41,Syrx Crazy,pengantaran nya cepatttt bangetttt kurirnya baikkk skliii area Kendari pokoknya yang antar makanan ke BTN Khalifah,grab,google_play
2026-03-28 22:01:06,Mhd Hidayat,pengalaman saya ok boos ku,grab,google_play
2026-03-28 21:56:31,IKHSAN ABDUR,"bagus,sangat membantu",grab,google_play
2026-03-28 21:54:41,Juwita Mayangsari,"saya pernah mengalami kejadian pesan makanan menunggu hingga 2jam baru dapat driver, apk nya tidak memuaskan!!!",grab,google_play
2026-03-28 21:36:04,Irfan Muzakki,"aplikasi gajelas, dapet driver ae susah banget",grab,google_play
2026-03-28 21:33:12,Ahmad31,terlalu mahal ah,grab,google_play
2026-03-28 21:26:32,IMAM MALIK ALROSYIDIN,FITUR GRAB FOODNYA JELEK BANGET.PENJUAL DAN DRIVERNYA TIDAK SINKRON.MINUSSS BANGET APLIKASINYA,grab,google_play
2026-03-28 21:25:32,Kikuk Kukik,pengemudi ramah sangat nyaman,grab,google_play
2026-03-28 21:24:58,Tha tha,payah makanan ku ga dikirim sampe 2jam aplikasinya bikin sangat kecewa,grab,google_play
2026-03-28 21:22:27,Razka Syauqi Mubaarak,grabfoodnya lama gada kepastian ditunda terus lalu dibatalkan,grab,google_play
2026-03-28 21:17:13,Dinny Pratiwi,mantapp driver nya ramah,grab,google_play
2026-03-28 21:01:16,Sabila,"aku udah pake yang prioritas tapi kok lama banget ya, udah gitu lebih cepet pake nontunai padahal uangku cash semua😭",grab,google_play
2026-03-28 20:55:21,Lidya Rante bua,Sangat mempermudah perjalanan dengan biaya yang terjangkau,grab,google_play
2026-03-28 20:54:09,El Zio,"mengecewakan order di tunda2 dpt driver,order dri jm7 jm 10 bru dpt driver tau gitu pake shopee food langsung dpt driver",grab,google_play
2026-03-28 20:53:18,Jonathan Hudson,banyakin promonya dong....,grab,google_play
2026-03-28 20:49:11,Hus Ni,mantap,grab,google_play
2026-03-28 20:38:06,nay bal,"beli grab Food udh 3 jam ga dapet driver, ini gimana sih aplikasinya",grab,google_play
2026-03-28 20:31:46,putri bilqistt,kadang kalo pesen makanan ga ada map tukang ojeknya dmn,grab,google_play
2026-03-28 20:31:25,Riska Puspita,serius sekarang harus pakai ovo ??,grab,google_play
2026-03-28 20:31:20,Alif Italiano,"masa alamatnya gabisa diubah, gabisa dibatalin, orang nungguin lama ga dateng""",grab,google_play
2026-03-28 20:29:21,Bel's Diary,"baru kali ini ngalami kekecewaan paling parah poollllllll, order lama sampai tamu keluarga pulang. sudah gitu waktu estimasi makin tambah lagi. udah lama ditambah estimasinya bertambah lama paling bagus bercandanya sekarang",grab,google_play
2026-03-28 20:24:47,satria farming,Mantafff bro 👍,grab,google_play
2026-03-28 20:16:58,Yesa mustika,sulit mendapatkan driver terutama pada fitur grabfood apalagi ketika membayar tunai tidak ada sama sekali driver yg mau ambil tapi ketika membayar non tunai dan pakai promo sama saja sulit juga mendapatkan driver untuk mengambil makanan sungguh mengecewakan,grab,google_play
2026-03-28 20:13:03,Nisa,baik,grab,google_play
2026-03-28 20:05:28,duo lingo,lama bgt pea laper gua kaga dateng dateng bmgsat,grab,google_play
2026-03-28 20:03:55,Redmi i,grab pelayanan nya mantap,grab,google_play
2026-03-28 20:02:08,Rafli Park,Baik,grab,google_play
2026-03-28 20:01:59,Riani Aqila,"sangat suka pke grab aplgi bepergian ,lbih simpel. tp skrng pesen harus pke vrifiksi wjah dan coba berulang kali selalu gagal trs apalagi kalo lagi buru2 mmakan waktu juga....",grab,google_play
2026-03-28 19:52:31,Nafa Naysilla,"tambahan biayanya besar banget bisa sampe 5-6k gatau itu buat pajak apa gimana dah. sebelumnya gaada buat toko yang promonya udah abis, atau emang dari awal gaada, jangan dimasukin ke kumpulan yang ada promonya dong, bikin bingung aja dah kenapa promo unlimited cuma simbolis dah. gausah ditulis anjir kalo gabisa dipake mah ngaco anjir nulis 50% tapi gabisa dipake",grab,google_play
2026-03-28 19:43:10,arif afandi,susah amat pake grab ini g dapat dapat udah berapa2 kali cari,grab,google_play
2026-03-28 19:33:45,Yusna Spt,"aplikasi sangat membantu, kurir nya ramah""",grab,google_play
2026-03-28 19:30:14,Almer Rakan,"aku pesan grab express dan telah mendapat pengemudi, tapi dia sangat lama dan malah makin menjauh, ditelfon dichat tidak dijawab, dan yang paling menyebalkan, dia tidak bisa dicancel karena tertulis ""pengemudi dalam perjalanan tidak dapat membatalkan"" SUNGGUH INI SANGAT MEMBUANG WAKTUKU, sangat sangat mengecewakan",grab,google_play
2026-03-28 19:23:57,Cantiknya Umma,"pelayanan baik, pengemudi ramah, akses cpt",grab,google_play
2026-03-28 19:19:01,Husen Tanu,Good job,grab,google_play
2026-03-28 19:17:41,intan restianti,nunggu sampe 2 jam dibaltak ga bisa,grab,google_play
2026-03-28 19:08:51,ririi Leee,JELEEKKKKKKK SUSAAHH CARII PENGEMUDIIII UDAA NUNGUUU SATUU JAMMM BELUMM JUGAA ADA PENGEMUDI NYAAA POKOKKNYA PIKIR PIKIRR DEHH KALO MAU DOWNLOAD ABISS ABISINNN MEMORIII SUMPAHHH,grab,google_play
2026-03-28 19:02:06,Barreta Widh,"saya pesen kfc tapi ga dianter² sejaman trus ada opsi suruh ganti restoran yaudah saya pilih ganti trus muncul tulisan ""kalau ganti restoran yg kfc bakal dibatalin"" tapi pas ganti restoran malah yg kfc tetep ada dan lagi mau dianter itu gmna ya",grab,google_play
2026-03-28 18:59:57,Umi Susanti,good 👍,grab,google_play
2026-03-28 18:59:23,Pendi Sol,bagus,grab,google_play
2026-03-28 18:51:03,Justin Tanner,"sulit dapat driver, driver yang minim",grab,google_play
2026-03-28 18:49:37,Rizky Arnold Maulana,sangat susah mendapatkan driver,grab,google_play
2026-03-28 18:45:12,Devi Sylvia Herman,kudu pirooooooo reganeeeeee mem 1 km ae mosok.kudu 20 ewuuuuu ndk emtok2 driver,grab,google_play
2026-03-28 18:34:18,Vera Febrianti,"gajelas, grab sekrang driver pada gajelas, saran kedepannya untuk seleksi driver harusnya lebih diperhatikan, makasih",grab,google_play
2026-03-28 18:32:40,Mulyadi Adisaputra,sudah bnyak keluhan tidak dpat driver,grab,google_play
2026-03-28 18:29:36,Xunho Xunho7621,Grab terbaik👍,grab,google_play
2026-03-28 18:25:02,Hanindya Digna,GAK DAPET DRIVER GRABFOOD,grab,google_play
2026-03-28 18:15:13,Fatimah Ayunin,"gampaang dipakee, murah banyak diskon lagi",grab,google_play
2026-03-28 17:57:32,Briantoro Kukuh,driver nya banyak yang nolak,grab,google_play
2026-03-28 17:34:19,Siti Sarah,enak sopir ramah,grab,google_play
2026-03-28 17:29:03,Salsha Icha Icha,sangat membantu sekali dalam pemesanan online,grab,google_play
2026-03-28 17:28:18,Arsyakha Gibran Vania,aduhhhh tolong yaaa min maps yaa gajelas ngaco malahh padahal saya suda bilang ke abangnya tapi malah marah-marah tolong ya maps yaa jangan ngaco murah si murah tapi tolong maps ya jangan ngaco 🙏🙏,grab,google_play
2026-03-28 17:25:16,Cat With Boba,susah bgt dpt driver😭😭😭,grab,google_play
2026-03-28 17:22:03,P.O.B Prentah Ojek Bae,"nyoba pesan makanan dengan pengantaran hemat, buset... sudah setengah jam lebih pesanan masih berjalan aja blum masuk resto,, prosesnya lama bgt tolong dipercepat lgi biar pun pengantaran hemat pelanggan juga bayar, ini sdah 35 menit pesanan blum masuk ke resto, nanti setalah masuk resto mencari driver setelah dapet driver pun blum tentu langsung di antar, kadang juga masih antri di resto atau restonya gak sedia aplikasi.jdi pesan makanan dengan pengantaran hemat butuh waktu paling cepat 1 jam",grab,google_play
2026-03-28 17:08:40,Siti Robiati,"ada yg bisa bantu gak y, pesanan saya lewat grab knp tidak sampai sampai di restoran nya y",grab,google_play
2026-03-28 17:07:34,Ampas Kopi,banyakan iklan,grab,google_play
2026-03-28 17:07:09,Nat,"kembalikan pengaturan nominal tip kepada driver dapat diatur sesuai keinginan customer. karena pelanggan tidak bisa memberikan nominal 3rb, 4rb, 9rb dst jika cuma dikasih pilihan 2ribu, 5ribu, dst.",grab,google_play
2026-03-28 17:03:29,Siti Maryatun,mantap,grab,google_play
2026-03-28 17:03:03,Putry Layla,"ni aplikasi sering banget bug, masa buka grab unlimited ga bisa, mana drivernya ga ramah, pilih pilih, satu lagi kalau g dapat driver pick up grab food nya dalam 15 menit opsi batalin nya di buat masa harus nunggu berjam jam baru ada opsi di batalin buang buang waktu nungguin itu aja harus banget ngechatin help center baru bisa batalin jangan buang buang waktu orang deh g layak pakai sumpah kesel bgt",grab,google_play
2026-03-28 17:02:48,eza rahayu,"mohon ada perbaikan untuk pesanan food, untuk bisa searching by jarak pada saat pilih restoran terdekat. karna banyak pelanggan yg terburu-buru untuk klik yang otomatis muncul berdasarkan reting. Padahal ada restoran yg terdekat. karna hal ni menyangkut kualitas makanan",grab,google_play
2026-03-28 16:31:23,Robby Sugara,Ok Banget Pelayanannya,grab,google_play
2026-03-28 16:31:18,Amin Supangat,keren,grab,google_play
2026-03-28 16:10:18,Idriz Momo,good,grab,google_play
2026-03-28 16:10:08,Toni Arianto,Sangat terbantu,grab,google_play
2026-03-28 15:54:34,Luthfi Agung Amrullah,pembatalan pesanan food tidak bisa dilakukan,grab,google_play
2026-03-28 15:45:17,Nafsin Fitroh,ok,grab,google_play
2026-03-28 15:41:17,Riswan Nasution,Supir nya ramah enak di ajak ngobrol dan pelayanannya pun bagus,grab,google_play
2026-03-28 15:29:52,Beok,"Grab mantaaaab,,,!!!",grab,google_play
2026-03-28 15:29:30,arlitzy Thetzy,susah cari driver aplikasi tidak memberi kebebasan untuk membatalkan orderan dengan alasan kerugian toko padahal pesanan belum di buat?,grab,google_play
2026-03-28 15:09:53,Syaiful A,"mau jaringan lu 100gbps pun keknya gabakal kebuka tuh menu nya, udah berapa hari ini woi grab, duit gua lu telen woii",grab,google_play
2026-03-28 14:53:22,Nasir,good,grab,google_play
2026-03-28 14:38:47,hayyan,grab gajelas gabisa batalkan pesanan,grab,google_play
2026-03-28 14:25:11,Muhammad Rohmatur rozaqi,grab sangat membantu saya ketika belum di jemput,grab,google_play
2026-03-28 14:21:49,Muhammad Wildan,"saat saya ingin aktifkan ovo di akun grab saya, layar nya menjadi putih saat ingin link wallet ke ovo",grab,google_play
2026-03-28 14:17:21,Onno Kers,Grab oke tetap andalan,grab,google_play
2026-03-28 14:15:08,Muhammad Abim,bagus,grab,google_play
2026-03-28 14:07:45,Sandri Amelia,sangat membantu,grab,google_play
2026-03-28 13:53:51,Punya Kevin,kenapa tidak kompatibel,grab,google_play
2026-03-28 13:51:29,Zuli Witan,membantu sekali,grab,google_play
2026-03-28 13:48:22,Ro J,grab jelek sekarang. gak motor gak food lama banget dapetin drivernya sampe berjam2. bahkan kalo food sampe terbatalkan sistem gara2 gak dapet driver. kocak. jelek banget!!,grab,google_play
2026-03-28 13:47:48,Lilik Rismawati,Good,grab,google_play
2026-03-28 13:15:31,Aan Bima,"lama udh mesen harga dengan waktu tertentu, pas jdi pesanan malah nambah waktu, sama aja kaya bayar harga hemat",grab,google_play
2026-03-28 13:09:12,ra ara,"mohon di perbaiki lagi ya, soalnya banyak ojeg yng memalsukan identitas nya yg ngebuat saya kurang nyaman, di aplikasi tertera motor nya beat yang dateng motor jupiter dengan plat nomot beda dengan yang tertera di aplikasi, saya sangat kecewa selain karna di palsuin identitas nya tapi kesalahan ini juga ngebuat saya susah menemukan ojeg trsebut mohon di perbaiki🙏🙏",grab,google_play
2026-03-28 12:59:56,bella bella,"nyebelin banget sekarang drivirnya padabmalesan udah nunggu sampe satu jam ga pernah dapat driver, mana ada driver yang lancang banget kirim pesan minta tambahan biaya 10.000 di luar harga aplikasi 😡",grab,google_play
2026-03-28 12:44:24,Una Putri,pertahankan pelayanan x SDH bagus,grab,google_play
2026-03-28 12:44:19,GAK SEMPET NONTON,"masa ngga pesen makanan ke pesen sendiri aneh,minta kompensasi nih dari pihak grab",grab,google_play
2026-03-28 12:35:59,Anna Fatahunah,grab itu membantu kaum mager...,grab,google_play
2026-03-28 12:33:37,ncepyo yo,pengalaman grabcar itu orangnya malas malas mentang mentang tujuan dekat dan harga murah. kalo lagi urgent ga rekomendasi,grab,google_play
2026-03-28 12:16:50,Dzaka Khairan,"tolong lah kalau ada yang mesen jangan asal batalin mana nunggunya lama,dikira orang nganggur minimal dari awal langsung batalin",grab,google_play
2026-03-28 12:11:40,Willy23 Willy,TOP BGT,grab,google_play
2026-03-28 12:11:19,Satria Bertopeng,sangat baik,grab,google_play
2026-03-28 12:00:22,Azzahra Aprilia,bisa pesan makanan tanpa harus keluar rumah,grab,google_play
2026-03-28 11:57:55,Nisrina Awandini,bagus,grab,google_play
2026-03-28 11:54:31,Angga Nugraha,sangat nyaman dan supir nya baik hati,grab,google_play
2026-03-28 11:44:26,Winwin Suciati,👍👍👍,grab,google_play
2026-03-28 11:44:15,Pangarantoan Lumbantoruan,aq senang dan suka makanan enak pengantaran tepat waktu,grab,google_play
2026-03-28 11:14:50,Bii Hanston,"saya merasa tidak nyaman dengan kebijakan penahanan dana. saya sudah membayar melalu non tunai via OVO dan setelah makanan Dateng ternyata masih diperlakukan tunai padahal di dana OVO saya sudah terpotong, ingin mengajukan komplain atau laporan di apk pun sulit sekali tidak ada efisiensi yang di kasih terhadap customer.",grab,google_play
2026-03-28 11:00:39,Ahmad Ridwan,"baru instal aplikasi, 2 kali pesan grab mobil,dua-duanya pengemudi mobil seseudah sampai di titik penjemutan minta di batalkan,trs minta tambahan ongkos atau harga,mau gak mau saya turuti karna saya bawa anak-anak",grab,google_play
2026-03-28 10:45:46,Fajar Rockabilly,Sangat membantu,grab,google_play
2026-03-28 10:35:58,Agung teguh,👍👍👍,grab,google_play
2026-03-28 10:30:22,Mindra Yanti,good job,grab,google_play
2026-03-28 10:20:51,Komala Sari,alhamdulillah adanya grab,grab,google_play
2026-03-28 10:15:56,Jamal Udin,sangat membantu,grab,google_play
2026-03-28 10:14:32,Yana Suryana,gaak usah repot.naik grab aja semua jdi happy,grab,google_play
2026-03-28 10:13:24,marlina fitriani,nyaman,grab,google_play
2026-03-28 09:57:36,renatha bitung,"abngnya baik,sabar ,",grab,google_play
2026-03-28 09:56:49,Jaya Adi Suma,"kok tiba2 limit paylater saya dibekukan oleh OVO Grab ? padahal saya selalu ontime dan gak pernah telat bayar, kecewa saya dgn grab karena secara sepihak bgtu. So far gapapa, mungkin jika tidak ada perubahan, mulai hari ini saya akan stop menggunakan aplikasi GRAB. Bad Aplication. Perhari ini saya uninstall aplikasi grab.",grab,google_play
2026-03-28 09:31:45,Hamidah Nur Wahdaniah,susah cari driver,grab,google_play
2026-03-28 09:30:59,inata amalinaa,"heran bgt, akhir2 ini titik lokasi sm alamat kok beda, bedanya jauuh banget. bikin kurir jd salah lokasi pengantaran, bikin emosi. kurirnya marah2, padahal customer juga udh ngasih arahan tambahan. edannnn",grab,google_play
2026-03-28 09:14:30,Mifta Khuddin,pelayanan lambat sekali. banyak iklan pama menunggu driver.,grab,google_play
2026-03-28 09:10:25,Entis Fahrul,good,grab,google_play
2026-03-28 09:10:11,Rahayu vian,makin eror udah pesen ga bisa di buka aplikasinya,grab,google_play
2026-03-28 08:59:33,Prayogi Bagas,good job,grab,google_play
2026-03-28 08:56:30,hendri purnomo,bagus,grab,google_play
2026-03-28 08:54:13,Ijhe Aja,baik,grab,google_play
2026-03-28 08:45:27,Neelofa Elfazura,puas dengan apk grab tapi,grab,google_play
2026-03-28 08:43:26,Niki Karnika,susah cari driver,grab,google_play
2026-03-28 08:18:23,Bim Salabim,"dulu bisa edit metode pembayaran, sekarang ga bisa. enak dulu, selama bayar mau cara apapun harusnya sah sah aja. sekarang kalo buru2, harus bener2 kerja buat teliti. kalo cs nya bayar, driver senang dibayar tunai/ovo/qris. problemnya dimana ya ?",grab,google_play
2026-03-28 08:15:42,Maulidiana,bagus banyak promo,grab,google_play
2026-03-28 07:50:43,Ahmad Syahril,Terimakasih grab,grab,google_play
2026-03-28 07:31:06,Syifyah,"aneh,udah beberapa kali coba download masih GK bisa.stelannya langsung berubah ke awal lagi yg harus install lagi padahal udah hampir dikit lagi selesai ngeinstall,GK habis pikir aja",grab,google_play
2026-03-28 07:15:52,FEBRI PURNOMO,kadang ngelag dijalan padahal pakai wifi portable,grab,google_play
2026-03-28 07:15:17,Ukeww Zz,mantap,grab,google_play
2026-03-28 07:04:32,Faizan Almusatir,ok,grab,google_play
2026-03-28 06:54:03,Jantje Baroleh,Menunggu agak lama namun sang driver mengkonfirmasinya karena sedang menurunkan tamu yg difabel,grab,google_play
2026-03-28 06:49:12,Maya Sri utami,bagus,grab,google_play
2026-03-28 06:47:21,Aji Permana,good,grab,google_play
2026-03-28 06:25:52,Muhammad Aqila Pranaja,👍👍,grab,google_play
2026-03-28 06:00:39,Susanti Susanti,driver tepat waktu dan semoga dapat diskon slalu,grab,google_play
2026-03-28 05:38:37,Fairul Ronas,"pesan makanan di bofet aneka, udah 2 jam nunggu dan pesanan juga nggak diantar antar, alasan belum mendapatkan driver grabb nggak fair, pelanggan dirugikan apa konvensasinya",grab,google_play
2026-03-28 03:36:44,Melsen Nahak,Maaf Tolong tingkatkan lagi aplikasi grab nya supaya kita bisa beli di supermarket juga 👍. TOP 1. sukses terus.💪💪,grab,google_play
2026-03-28 03:18:13,Ekonovianto Novianto,ok,grab,google_play
2026-03-28 03:06:00,Danang Afrizon Pribadi Saragih,"selalu percaya pake grab EMG,soalnya mudah dan ga ribet",grab,google_play
2026-03-28 02:58:52,veronica manuel,Tolong Banget Kepada Owner Aplikasi Grab Saya Pesen Grab Food 3 Jam Setengah Blm Dateng.,grab,google_play
2026-03-27 23:12:03,Rahayu chanel,masih dalam pantauan,grab,google_play
2026-03-27 21:16:27,Polo 76,baik .cepat,grab,google_play
2026-03-27 20:39:05,Merli Ani,orderan prioritas dapat driver lebih lama dari ekonomis. ga usah deh pilih pengantaran prioritas,grab,google_play
2026-03-27 20:15:28,Rina Anggraini,bagus banget aplikasi nya sangat membantu,grab,google_play
2026-03-27 20:12:34,victor pakpahan,Good,grab,google_play
2026-03-27 20:00:35,Andrella Pramesti,"Ngelag mulu padahal jaringan stabil, langganan grab unlimited jg percuma gaada promo untuk grab car",grab,google_play
2026-03-27 19:50:21,Armasuri Riri,baik baik baik,grab,google_play
2026-03-27 16:27:37,Marifa Mustika sari,👍,grab,google_play
2026-03-27 15:49:38,Ismail Riyanda,payahh harus update terus,grab,google_play
2026-03-27 12:51:17,Trisetyobudi,good,grab,google_play
2026-03-27 11:15:54,Ari Suryaganda,mantapp,grab,google_play
2026-03-27 10:21:22,Marsel Datulangi,"jika dalam setengah jam tidak ada pengemudi, mohon ditampilkan opsi pembatalan pemesanan",grab,google_play
2026-03-27 10:13:58,Hanabi Sun,"ribet,,pengaktifan kembali akun yg sudah lama gk di gunakan, seperti daftar pertama dan harus bawa semua dokumen asli ke kantor,kn bikin males di bikin ribet. kn nma nya jg daftar online ya online aja gk usah dtang ke kantor segala bwa dokumen nya,,,hadeuh",grab,google_play
2026-03-27 10:12:58,berthy arusbawah,👍👍👍👍👊,grab,google_play
2026-03-27 10:12:16,Fajar Nugroho,Aplikasi ini sangat membantu,grab,google_play
2026-03-27 10:01:33,riko manik,driver nya bau,grab,google_play
2026-03-27 09:57:51,ade halim,good,grab,google_play
2026-03-27 09:53:59,Iim Iim,abang nya baik sopan,grab,google_play
2026-03-27 09:26:19,R C,gak tau dah,grab,google_play
2026-03-27 08:53:41,Saimin Jaguar,mantap,grab,google_play
2026-03-27 08:49:50,Jogja Kulon,"penjemputan cepat, draiverny ramah pokokny oke",grab,google_play
2026-03-27 08:46:59,Budiman Thiodono,Bagus dan banyak promonya.,grab,google_play
2026-03-27 08:43:37,chantika Dwirizky,sukaa sangatt,grab,google_play
2026-03-27 08:32:10,Yoan Lewa,baik,grab,google_play
2026-03-27 08:29:31,Darmawan Darmawan,murah meriah,grab,google_play
2026-03-27 08:04:46,Lisa Maiyuli7,"aplikasi sampah customer dilecehin gitu tapi ngga Ada tanggapan diem aja pdhl video nya udh di up di TikTok, hahaha jangan pakai aplikasi ini khusus perempuan kalau Ada apa2 ngga bakal Ada perlindungan",grab,google_play
2026-03-27 07:58:18,Tyra zata,"ada kasus pelecehan yg di suarakan di tiktok oleh seorang perempuan, tapi ga ada respon nich dari pihak grab HAHA. kayanya pengemudi di grab ini komplotan pelecehan juga ya? atau adminnya juga nih? 😝",grab,google_play
2026-03-27 07:54:52,0503 etasiburian,"PENGIRIMAN PAKET INSTAN MAHAL BANGET, UDAH GITU NYAMPE NYA JUGA LAMA. MENDING GAK USAH SOK BUAT PENGIRIMAN INSTAN NYATANYA PAKET LAMA TIBA. BUAT CUSTOMER RUGI",grab,google_play
2026-03-27 07:52:26,kholipaah 1808,suka milih milih cust,grab,google_play
2026-03-27 07:34:15,Mey Meyz,"wow,murah",grab,google_play
2026-03-27 06:27:40,Siti Rosidah,pengemudi handal membuat perjalanan menjadi nyaman,grab,google_play
2026-03-27 06:13:01,Cecep Sugiri,Gercep.. 👍,grab,google_play
2026-03-27 05:43:32,Muslikah,terlalu lama terlalu mahal dan orangnya judes,grab,google_play
2026-03-27 05:40:46,Fitri Fitry,"sekarang kemana mana tinggal pesan grab, order makan juga lebih gampang,dan lebih murah",grab,google_play
2026-03-27 05:11:20,Muhammad Gilang,lagi order iklan lagi jalan iklan kurang duit lo?,grab,google_play
2026-03-27 05:05:45,irfan rodrigues,"makin hari makin kusut, harga makin murah tapi pelayanan driver jadi turun drastis, tidak lagi ada driver yang ramah sepertinya mereka kerja terpaksa bukan karena iklas mohon di sesuaikan lagi tarifnya agar pelayanan driver seperti sedia kala",grab,google_play
2026-03-26 23:50:46,RENO AULIA,gk ada pelayanan saat memesan makanan,grab,google_play
2026-03-26 21:12:37,fifi erawati,sangat2 membantu sekali disaat sdg mager mo beli makan di luar dan byk promo jg😍,grab,google_play
2026-03-26 20:41:57,Capung 1011,tidak ada solusi dari permasalahan dan keterlambatan 45 menit setelah itu di cancel dari pihak grab itu sendiri. sudah menunggu 1.45 menit,grab,google_play
2026-03-26 19:09:57,Syamsul Bahri,aplikasi Lama order grabfood nunggu lama akhirnya disuruh pindah metode pembayaran dari tunai ke non tunai... kalo memang mesti non tunai kenapa fitur tunai diaktifin.? bikin nunggu lama,grab,google_play
2026-03-26 18:25:02,Remiiko Yuji,"sebelum memesan di aplikasi ini bandingkan tarif atau harga dengan gojek. kadang ongkos terlihat murah tapi estimasi pengiriman 90 menit (kek gini mending masak sendiri) kadang harga makanan dinaikan jika rajin beli menu yg sama. (taunya darimana? dari aplikasi sebelah yg harganya ga naik) contoh cuanky dari 28rb jadi 45rb. inalillahi keselnya lagi, buat batalin pesenan yg udh jelas2 belum dibuat kaga bisa. padahal udh lewat waktu estimasi (disebelah kalo salah tinggal klik pembatalan). PARAH",grab,google_play
2026-03-26 17:03:10,anggoro budi santoso,bagus,grab,google_play
2026-03-26 16:35:52,m reyy cbr,coba tolong untuk driver jangan seenak nya meng cancel pesanan kita sebagai pemesan kadang terlalu lama menunggu hanya karena di cancel terus menerus,grab,google_play
2026-03-26 16:08:32,Siti roilah Ilah,"driverny baik,sopan",grab,google_play
2026-03-26 11:57:47,Infinixhot,terimakasih atas kesopanan nya,grab,google_play
2026-03-26 11:52:29,engene enhypen,"ku kasih bintang 1 soalnya bikin emosi, kita udah kelaparan ga ada kendaraan buat pergi beli sendiri tpi driver nya malah respon lama ditambah lagi ga bisa langsung di cancel. maksud saya tuh klo ga ada driver ya udah bilang dari awal jangan malah bikin orang nunggu bayangin aja kita udah kelaparan tapi malah disuruh nunggu tolong dong fitur cancel di perbarui jangan nunggu sejam dulu baru bisa di cancel",grab,google_play
2026-03-26 10:55:24,Gum Ghozym,TOP bnget,grab,google_play
2026-03-26 08:51:52,Obaja Triyadi,"sangat baik, cepat nyambung.",grab,google_play
2026-03-26 08:26:02,Cindy Siagian,pengemudi nya pada gak jelas udh di tunggu 10 menit malah di batalin,grab,google_play
2026-03-26 08:17:26,Elga Fajar Trilaksana,"habis di update malah muter"" doang ga bisa di pakai mana lagi buru"" . padahal jaringan baguus buat buka aplikasi laen juga normal",grab,google_play
2026-03-26 08:17:09,Syah Ronni91,bagus,grab,google_play
2026-03-26 07:58:34,Ermohammad Yudianto,mantap,grab,google_play
2026-03-26 06:42:43,Maman Sulaeman,sangat mmbntu,grab,google_play
2026-03-26 06:35:20,Teguh Iman,gak bisa di pakek pesen makanan kok nggak bisa di klik pesan padahal sudah dimasukkan ke keranjang 😮‍💨😮‍💨😮‍💨,grab,google_play
2026-03-26 06:33:11,Penyu Darat,"plis jangan nk tiba-tiba minta update, orang nk cepat tiba-tiba apps minta update",grab,google_play
2026-03-26 06:28:40,Sury Windia,"pindah pakai aplikasi grab, pelayanan cepat gk kayak gojek dah mulai jelek pelayanan nya,saya kasih bintang 5 untuk grab",grab,google_play
2026-03-26 05:39:46,Mi Min,baik,grab,google_play
2026-03-26 05:39:25,Supin Paimo,layanan memuaskan,grab,google_play
2026-03-26 05:27:57,Ilham Fajar Maulana,"sekarang pengemudi banyak alesan, engga mau ambil orderan",grab,google_play
2026-03-26 03:18:01,Marten Tualaka11,"Layanan transportasi GrabCar sangat membantu dalam mobilitas sehari-hari dengan proses pemesanan yang cepat, driver yang responsif, serta perjalanan yang relatif aman dan nyaman. Sedangkan GrabFood memudahkan saya dalam memesan makanan tanpa harus keluar rumah. Pilihan restoran beragam, proses pemesanan praktis, dan pengantaran umumnya tepat waktu. Secara keseluruhan, aplikasi ini sangat mendukung kebutuhan masyarakat modern yang menginginkan layanan cepat, efisien, dan mudah diakses. Sukses🙏",grab,google_play
2026-03-26 02:18:36,Alvano Ryandratama,"kenapa sih gabisa ngechat tokonya, padahal dulu bisa loh, malah dihapus tu gimana, jadi susah kalau mau apa-apa.",grab,google_play
2026-03-26 01:37:41,hadi Imam,"sangat disayangkan, pesan mobil dari kabupaten bogor menuju tasikmalaya...tak satupun ada yg mau menerimanya. entah belum tersedia atau drivermya engga mau orderan... apakah grab tidak melayani antar kota dan antar provinsi...?",grab,google_play
2026-03-26 01:29:58,bukit tengkorak,Membantu bngd,grab,google_play
2026-03-26 01:23:28,Farian David,good,grab,google_play
2026-03-26 01:15:19,Siti Zaenuroh,semangat trus grab untuk melayani konsumen,grab,google_play
2026-03-26 00:58:19,Hikman Nurhakim,mantabs,grab,google_play
2026-03-26 00:21:22,niha zaskia dewi03,tidak bisa membatalkan pesanan aplikasi aneh ini sistem ndak jelas banget,grab,google_play
2026-03-26 00:19:49,Lita Khoerunisa,sumpah ya lama banget ambil nya driver nya padahal banyak plis deh apa lagi jam jam rawan kaya gini pasti pengen banget beli makanan tapi driver nya lama banget konfir nya,grab,google_play
2026-03-26 00:17:09,Farhatun Nidail Iftitah,perbaiki deh aplikasi nya udh nunggu 2 jam pesanan grab food tp gak bisa di cancel,grab,google_play
2026-03-26 00:12:20,Nasifa Khoirun nisak,"drivernya kurang cepat..masa udah nunggu stngh/sejam an blum dapet juga,ga cocok buat yang keburu'",grab,google_play
2026-03-25 23:44:34,Talita Hasna Hanania,susah dapat driiver di grabfood nya.,grab,google_play
2026-03-25 23:30:35,nassanasjalpa,"driver lo noh kaga profesional, kl ga niat ngambil gosa d ambil kocak",grab,google_play
2026-03-25 23:18:09,Alan Gameplays,SAYA PELANGGAN SETIA GRAB...TERIMA KASIH GRAB.....AYO BURUAN DI DOWNLOAD APLIKASI GRAB INI DI JAMIN GAK MENYESAL...SEKIAN DULU DARI SAYA👍👍🙏🙏🙏,grab,google_play
2026-03-25 23:07:41,Juwita Mese,banyak promo,grab,google_play
2026-03-25 22:58:45,Peni Aristyani,masalah navigasi tolong diperbaiki,grab,google_play
2026-03-25 22:50:56,Dion52,driver makin sombong gaada yg mau ambil grabfood lagi yaa sekarang,grab,google_play
2026-03-25 22:49:43,Rina Rihana,baik,grab,google_play
2026-03-25 22:47:21,Aidil Alvino,"halo grab , saya mau menyampaikan sedikit kekesalan saya ketika memesan itu kenapa waktu pembatalannya sangat lama dan itu sangat membuang waktu saya , saran saya lebih dipercepat waktu pembatalan pemesanannya karena orang yang mesan juga punya waktu sekian terima kasih",grab,google_play
2026-03-25 22:40:33,Nina Firyani,Kasih bintang ⭐⭐⭐⭐⭐ untuk grab nya,grab,google_play
2026-03-25 22:13:22,Starlet,hemat om,grab,google_play
2026-03-25 22:09:25,Trishna,"kecewa dengan oknum driver nya hanya karena bawa tas koper di minta in tambahan biaya di luar total yang ada di aplikasi, mending pindah aplikasi sebelah",grab,google_play
2026-03-25 22:02:13,NasyaDwiPutri,loplop bgt😖,grab,google_play
2026-03-25 21:41:21,Nabil Nayhif yudistira,mantap,grab,google_play
2026-03-25 21:38:45,Aigoo Kamjagiya,good,grab,google_play
2026-03-25 21:21:09,Abi Abdillah,"ASLIII SUPERRR DUPERRRRR BUAT APK YANG SATU INI ⭐⭐⭐⭐⭐ jujur aplikasi ini sangat membantu dan sangat fleksibel, buat pelajar, pekerja kantoran, acara mendadak, intinya solutif!!",grab,google_play
2026-03-25 21:17:12,Agus Sugianto,Bagus Aplikasinya,grab,google_play
2026-03-25 21:15:02,Naia Khairunisa,"mempermudah kita kalo males masak, tinggal grav aj",grab,google_play
2026-03-25 21:11:00,Bagus pratama,bagus,grab,google_play
2026-03-25 21:10:59,Achie,sekarang aplikasi ini tidak empati kpd pengguna,grab,google_play
2026-03-25 21:06:55,Bay Satriani,ok,grab,google_play
2026-03-25 21:05:16,deviandriani37,sekarang kenapa klo pesen makan lama banget waktunya;(,grab,google_play
2026-03-25 21:02:55,Muhammad Yunus,gak bisa batalkan pesanan meskipun salah pesan,grab,google_play
2026-03-25 20:52:55,Rull Ziuoo,pengemudi/driver banyak di sekitar. tapi tidak mau ambil pesanan. pilih². dinaikan ke harga tertinggi baru di pick up. kalo pake promo diabaikan..standart kan saja ga usah promo2 ato ada selisih harga yang penting driver gercep. dan tolong kasih plat skarangdiarea yg dekat biar bisa direport yang tidak mau ambil pesanan. ketinggalan kereta aku cuman gara2 ga ada yang ambil. sudah dipercayakan pake grab kemana2 tapi disaat urgent ada aja kendala nya dari human error.,grab,google_play
2026-03-25 20:47:55,Tatik Herawati,"jelek bgt apk ny, driverny suka cancel tbtb pdhl sy SDH lama bgt nungguin grabfood sy.",grab,google_play
2026-03-25 20:47:39,Miftakhur Rokhman,ok sip,grab,google_play
2026-03-25 20:27:31,Agus Wibowo,penjemputan cepat,grab,google_play
2026-03-25 20:19:40,husen riziq,"Pesen ke resto yg namanya Kedai RDR Food & Drink - Blimbing (jombang) pesanan udah masuk satu jam setengah lalu pihak resto tiba tiba ngebatalin, bayangin SATU JAM SETENGAH BROO, komplain ke aplikasi ke grab ya gaada gunanya yg bales robot, emang sialan YAA, yaudahlah komplain disini kita kasih rating aplikasinya, Baru kali ini dibikin begitu kecewa sama ini aplikasi, gapake lama saldo di Ovo lgsg sy tarik, dan uninstal GRAB, Thanks grab atas pengalamannya !!!",grab,google_play
2026-03-25 20:18:25,Maryati Ozil,pelayanan maksimal,grab,google_play
2026-03-25 20:11:45,Fazrin hmd_,ok,grab,google_play
2026-03-25 20:11:38,Satrio Pangestu,2 jam gak dapet mitra grabfood. gak bisa di cancel. parah parah,grab,google_play
2026-03-25 20:08:05,Jmmy Pare,mantap,grab,google_play
2026-03-25 20:04:28,Yolanda Kudiai,terbaik,grab,google_play
2026-03-25 20:04:13,Habibah Hisaniii,"opsi pembatalan di grab food lama banget munculnya, ditungguin berpuluh-puluh menit sampe sejam baru dibatalin sistem, sekiranya udah 10 menit ga dapet driver langsung munculin dong, mau pesen di app lain jadinya takut yg disini juga nyantol driver dan berujung double order. Tiap detik itu berharga!",grab,google_play
2026-03-25 19:56:35,Aku ini Siapa,"drivernya banyak yg se enak jidat, tambah nunggu sering lama, najissss banget kebanyak pilih pilih Ama cancel",grab,google_play
2026-03-25 19:54:49,Yohanes Arry,"saat ini saya kasih bintang satu, kalau boleh malah gak ada bintangnya, saya pesan makan dr jam 17.45 sampe jam 19.20 di batalkan karena gak dapat pengemudi, yg saya sesalkan saya di sini yg di rugikan kenapa gak dapat konpensasi dr grab malah setelah pesan lagi ongkos semakin mahal. kecewa sama pelayamannya..",grab,google_play
2026-03-25 19:46:47,Ayla Afirin,"yaampun aplikasi tolong yaa di upgrade lagi, saya pesen gofood dari jam 4 sampai jam 8 ga dapet"" driver saya paham di masa ini sulit mendapat driver atau sedang Krisis driver tapi apa salah nya jika di kasih tombol pembatalan mandiri? jika gaada tombol itu buang"" waktu customer dong yaa, harus nunggu agar di batalkan dari pihak resto nya. saya kira dengan saya ga bisa membatalkan pesenan saya makanan nya sudah terlanjur jadi, ternyata begitu mendapat driver harus nunggu pula makanan nyabelum jdi",grab,google_play
2026-03-25 19:45:04,Anisa Putri Oktavia,pesanan sampai bermenit2 ga ada yang ambil,grab,google_play
2026-03-25 19:44:43,Besti Besti,"performa grab makin jelek. Susan dapat driver (bike, car, ataupun food) bener bener sesusah itu padahal di Jakarta. gws deh grab",grab,google_play
2026-03-25 19:37:50,Baru Yhaa,Bagus²,grab,google_play
2026-03-25 19:35:18,muhamad ramadhan,susah cari drivernya jelek appsnya,grab,google_play
2026-03-25 19:29:14,Renggalang0306,klo emang gk bisa ngasih yg hemat gk ush di kasih sekalian. saya ambil yg hemat karna ada pilihannya klo emang gk mau nyediain gk ush di padang sekalian. respon mitra kalian gk ada sopan santunnya sama sekali minta di jemput di mana malah nyuruh tempat lain yg jauh kadang kok gk ngotak. mana bikin laporan ke grabnya juga susah kan kek apaan bgt gk mitranya gk apknya sama aja,grab,google_play
2026-03-25 19:28:52,snow miracles,kalau pesen grab food sering bermasalah. pengantaran prioritas tapi luama buangettt. nggak ada fitur ngechat toko atau batalin pesenan. bikin susah customer.,grab,google_play
2026-03-25 19:28:49,Fadly Siregar,bagus,grab,google_play
2026-03-25 19:28:32,helen nor,"pesan driver udah dapet, driver bilang otw dan di map udah otw juga, tapi ujung²nya cancel tengah jalan maksudnya apa ya?? saya ngga tau ini salah mitra atau sistemnya, mohon segera diperbaiki karena sangat merugikan",grab,google_play
2026-03-25 19:28:02,Puji Astutik0890,very good,grab,google_play
2026-03-25 19:22:27,Arin Nuraeni,"sama aja kayak gojek, banyak driver di sekitar tapi gada yang nyantol.",grab,google_play
2026-03-25 19:18:03,Wulandari Nurhalidah,bagus aplikasinya,grab,google_play
2026-03-25 19:17:57,Muhari 99,terbaik,grab,google_play
2026-03-25 19:01:58,sutrisno george,ok,grab,google_play
2026-03-25 19:01:34,Terapi Kretek Kertosono,"aplikasi jelek, orderan lama nyampe tapi gabisa dicancel, nyiksa driver dan customer",grab,google_play
2026-03-25 18:57:00,Ida 1980,sangat membantu,grab,google_play
2026-03-25 18:41:00,zerox official,grab emang kemaren lah waktu sma kelas 1 kelas 2 udah berasa iya kita misa sama grab kesayangan aku mana itu grab kesayangan aku ternyata problem di sekolah belom selesai,grab,google_play
2026-03-25 18:35:49,Ahmad Khan,puas banget dengan layanannya,grab,google_play
2026-03-25 18:27:51,Musthofa Kemal,terimakasih,grab,google_play
2026-03-25 18:17:44,Syahra Varaz,"apk sampah,pesen prioritas malah di lamain,buat temen2 kalau ada kendala bkn dari resto dan driver nya ya tapi dari aplikasi nya,pesen instant malah di bikin sameday,korupsi bgt bayar harga instant pelayanan sameday,pantes driver nya pada males ambil",grab,google_play
2026-03-25 18:10:13,Penyucian Jiwa,ok,grab,google_play
2026-03-25 18:09:42,Nathalie Triwulan maulani,pelayanan ramah,grab,google_play
2026-03-25 18:04:30,Hera Utami,grab siap siaga,grab,google_play
2026-03-25 18:04:02,Wahyu anggara,antar makanan kayak mau ke Bagdad datang nya lama banget,grab,google_play
2026-03-25 18:00:54,Tila Wati,sangat membantu sekali,grab,google_play
2026-03-25 17:50:55,Muhammad Fikri,nyaman,grab,google_play
2026-03-25 17:35:27,Soni Pramuja,sangat menyenangkan dan lebih nyaman,grab,google_play
2026-03-25 17:22:15,Dasmanta Putra,Good,grab,google_play
2026-03-25 16:59:45,naufal Ramadhan,pelayanan baik,grab,google_play
2026-03-25 16:51:53,Bambang Sugiri,lumayan,grab,google_play
2026-03-25 16:50:44,suani laia,orang nya baik,grab,google_play
2026-03-25 16:37:24,Adyureell Ureell,goodjob,grab,google_play
2026-03-25 16:33:05,Linda Arlie,stupid,grab,google_play
2026-03-25 16:26:47,Septo Andiman,pelayanan bagus,grab,google_play
2026-03-25 16:21:17,Wahyu Pratama,terima kasih.sangat membantu sekali,grab,google_play
2026-03-25 16:11:43,Saskia Nadine,puas,grab,google_play
2026-03-25 16:11:20,Yudi Alb,ok,grab,google_play
2026-03-25 16:03:23,Eri Nugraha,alhamdulilah dpt oengenudi yg komunikatif shg rsa capek sedikit terobati.biartdk bosan,grab,google_play
2026-03-25 15:57:04,Tegar Agustin,"kenapa grabfood gabisa batalin pesanan sii,tolong dong ada fitur pembatalan .",grab,google_play
2026-03-25 15:54:09,Deri Iskandar,"grab sekarang pada mahal"" di akhir bulan gini bukan nya membantu tp bikin nyekik. emang praktis tp harga nya duh kusus grab food ya.",grab,google_play
2026-03-25 15:51:09,HAIDAR,"This is a very helpful app when you're too lazy to buy food or drinks 😁 and it makes it very easy to travel anywhere. Thank you Grab for making my daily life easier, BEST ONLINE APP DELIVERY IN SOUTHEAST ASIA👌From INDONESIA🇮🇩",grab,google_play
2026-03-25 15:47:49,Septi Nuraeni,"aduh gimana nih grab ga ada tanggung jawabnya, orang udh nungguin dari setengah jam. ga dateng² trs tiba tiba di batalin",grab,google_play
2026-03-25 15:34:51,gnciaa nauraa,langganan banget kalo kemana-mana naik grab😍🫰🏻,grab,google_play
2026-03-25 15:16:24,mubarok ws,bagus,grab,google_play
2026-03-25 15:01:48,Jajang Kusnadi,sesuai harapan saya,grab,google_play
2026-03-25 14:45:23,Ali Gobang,sekarang payah grab driver nya pada ga doyan duit,grab,google_play
2026-03-25 14:44:06,Ila Susilawati,"Abang ny ramah,bayarnya sesuai aplikasinya dan tepat wkt juga nyaman diperjalanny.",grab,google_play
2026-03-25 14:23:25,Faqih Azizi,gak jelas,grab,google_play
2026-03-25 14:21:54,Riweuh Tea,Aplikasi paling banyak dan sering ngirim notifikasi...😂,grab,google_play
2026-03-25 14:19:05,Norma Diani,"lama mencari driver, sudah menunggu sejam. Tapi kenapa mau dibatalkan malah tidak bisa. malah menunggu ga jelas lama. minimal sediakan tombol batal kalau ga ada driver.",grab,google_play
2026-03-25 14:18:31,Azim Wibowow,mantap,grab,google_play
2026-03-25 14:15:51,AdangCikande62,"bagus. ramah""",grab,google_play
2026-03-25 14:15:31,Lili,kdg prioritas sma aja kaya standar drivernya lama,grab,google_play
2026-03-25 14:02:26,Opa Opa,"pesanan gagal terus dari jam 11 sampai jam 1,coba beberapa kali sama aja, padahal g ada angin g ada hujan, akhirnya jadi beli mie instan..orang lapar di kasi cobaan,app T+@!",grab,google_play
2026-03-25 13:53:48,M.sultan rizky hamdan,apk ga jelas mau verifikasi selfie gabisa bisa,grab,google_play
2026-03-25 13:53:12,Firshilla First,MasyaAllah👍🙏,grab,google_play
2026-03-25 13:47:22,Muhammad Raffi Mi'raj,Terima kasih,grab,google_play
2026-03-25 13:32:09,Jamiin Cheloep,sangat membantu,grab,google_play
2026-03-25 13:21:52,Tiyah Iyah,oke,grab,google_play
2026-03-25 13:11:05,Talita Zalfa Lasyena,"apaan bgt dah, ni penahanan dana nya LAMAA. gbsa langsung dibalikin aja? orang mah dh pasti mau pesen yg lain juga kl satunya gabisa, benci bgt dah padahal sebelumnya gapernah selama ini penahanan dana nya. apalagi kalo org lagi beli makan, dh pasti org lagi laper malah mesti nungguin penahanan dana dulu",grab,google_play
2026-03-25 13:07:23,M Araaf Beddu,grab sekarang tidak seperti grab dlu yg cepat tanpa menunggu terlalu lama sekarang bukan driver nya yg lama datang tapi apliaksi nya terlalu lama mencari pemgudi karna mencari orderan gabungan baru diberikan driver lebih baik hilangkan saja itu hemat di apliaksi pembayaran dari pada terlalu lama dapat pemgemudi. ingat semakin banyak saingan bos,grab,google_play
2026-03-25 13:00:52,Bima Nendra,"gjls, setiap mesen grabcar driver g ramah, GrabFood ny jgak hrganya ga ngotak, kebanyakan driver terlalu menyepelekan, masak dri dulu gada perubahan",grab,google_play
2026-03-25 12:57:06,Alves DanielVeus,"aplikasi nyaa baguss sihh cuman tolong dong min,saya pernah ribut sama driver ojol nya gegara masalah pindah transfer dari gopay ke ovo,and minimal tambahin kek qris ke semua e wallet apaa,Gedeg banget udah mah ya gaptek ojolnya ga ngerti lagi hadehh ya baguss ih driver nya pada ramah+gercep,and semoga aja via pembayaran nya tuh di perluas lagii Jan ovo doang min thanks...semoga di notice",grab,google_play
2026-03-25 12:41:28,irwan alrahman,ok,grab,google_play
2026-03-25 12:14:47,Grunge Chield,BAGUS Buat pergi ke mana²,grab,google_play
2026-03-25 12:05:20,Muhammadipung Ipung,bbagus,grab,google_play
2026-03-25 11:48:52,Nuryati,top markotop,grab,google_play
2026-03-25 11:39:31,Nur Fitriyah,bgus,grab,google_play
2026-03-25 11:35:56,Hafiz Fadhlan,mantap,grab,google_play
2026-03-25 11:28:35,Pra Yo,"mantap Cepet Dapet Ojol, Temen disamping aku udah mesen lama Di gojek ga dapet dapet ojol, aku baru mencet pesen ojol langsung Dapet😆manteplah",grab,google_play
2026-03-25 10:48:18,Bapa Agus,sangat nyaman dan baik pengemudi ny sabar,grab,google_play
2026-03-25 10:26:27,ros dianti,"perbaiki penanganan keluhan dan permintaan tolong konsumen dengan segera itu guna live agent atau costume servis manusia kami kami konsumen manusia bukan robot, jika dari tim aplikasi saja sudah makin kacau gimana para driver tidak mau bertindak seenaknya terhadap kenyamanan konsumen, semakin brutal , merugikan n mencemarkan nama baik konsumen",grab,google_play
2026-03-25 10:19:19,Wahyu Qzou,bagus cepat,grab,google_play
2026-03-25 10:17:49,Ramdhan Bella,ramah,grab,google_play
2026-03-25 10:15:36,Devan 224,ok,grab,google_play
2026-03-25 10:09:06,wawan aja,cepat,grab,google_play
2026-03-25 10:07:37,Faris Java,mantap,grab,google_play
2026-03-25 09:49:36,Irwangazali Irwan,pelayanan nya bagus,grab,google_play
2026-03-25 09:47:25,Nina Prianti,driver suka ngomel2 kalau lagi bawa kaka yang pakai kursi roda. driver tidak ramah,grab,google_play
2026-03-25 09:46:17,rosyita ysw,sopan sekali....trimakasih,grab,google_play
2026-03-25 09:44:11,bila jeno,driver minta cancel terus ..padahal bukan hemat,grab,google_play
2026-03-25 09:38:36,Nuri Achmad,"sangat terbantu dengan adanya grab, hadir dengan nuansa berbeda.. Terimakasih untuk selalu membersamai kami di setiap momen 🥰🙏❤️",grab,google_play
2026-03-25 09:21:37,Angel Mayor,kebanyakan resto tutup di aplikasi buka,grab,google_play
2026-03-25 09:19:48,Syahril Cilegon,baik,grab,google_play
2026-03-25 09:19:28,Asu Com,bagus,grab,google_play
2026-03-25 09:00:29,Suti Sutiwan,pelayanan mantaaap,grab,google_play
2026-03-25 08:55:04,Meli Herowati,"pelayanan cepat bagus, semakin diperbanyak promo2 nya",grab,google_play
2026-03-25 08:50:56,Gintoki Cloud,jadi makin mudah,grab,google_play
2026-03-25 07:30:38,Wanto To,ok,grab,google_play
2026-03-25 07:08:42,Muhammad Fakhrudin,baik,grab,google_play
2026-03-25 06:44:56,Irwan Subrata,saya setiap mau pakai harus di instal ulang. ???,grab,google_play
2026-03-25 06:34:04,Gabemarsaulina Sihombing,tolong di percepat pencarian kurir nya soalnya saya mau pergi krja jadi telat,grab,google_play
2026-03-25 06:25:00,bem by,"capat sih, untuk pengalaman pertama pesan lewat grab, biasanya pake yg di toko sebelah, tapi 20 menit gak sampai sampai, eh download grab, ahirnya 3 menit datang ojolnya, tq grab.",grab,google_play
2026-03-25 06:00:09,Yayan Spoiyan,ok,grab,google_play
2026-03-25 04:55:19,Hanun Bassamah,terima kasih banyak bang🙏🏻🙏🏻,grab,google_play
2026-03-25 04:26:11,Laila Khanza,aplikasi unfaedah memasukkan alamat secara otomatis gak bisa sudah laporan ke customer service gak ada tanggapan apa perlu laporan ke Yang Maha Kuasa dulu,grab,google_play
2026-03-25 04:20:33,Mustopa,driver sopan dan jarak yang di tempuh sangat cepat,grab,google_play
2026-03-25 03:39:58,Man Maman,sangat puas,grab,google_play
2026-03-25 01:32:53,DIVA NABILAH,"pesem grabfood lama bgt ga dapet driver sampai 2 jam, mau dibatalin juga ngga bisa. berikan opsi batalkan pesanan dong kan jadi rugi waktu.",grab,google_play
2026-03-25 01:26:32,Muhamad Ilyas,Semoga kedepanya Grab dapat lebih maju dan dapan mensejahtrakan para draver nya 👍👍,grab,google_play
2026-03-25 01:19:21,Siapa Yo,apalah apk ppk udh lama nunggu ga bisa cancel,grab,google_play
2026-03-25 00:50:27,Bandung Jabar,sangat puwas,grab,google_play
2026-03-25 00:47:13,nopi putri,"pdhal pakai grab udh dr lama bngt, tp skrng2 aplikasi nya sering nge bug, stay di logo mau masuk harus bbrpa kali dulu sampe dipaksa baru bisa aneh. tolong perbaiki",grab,google_play
2026-03-25 00:42:24,Kadek Dirgahayu restu,very expensive,grab,google_play
2026-03-25 00:26:36,Morvin Jp420,mantapp,grab,google_play
2026-03-25 00:23:44,Ali Rizko,nyaman,grab,google_play
2026-03-24 23:14:57,Aang Angriani,yaman,grab,google_play
2026-03-24 23:12:30,Meicca Aurel,GRAB KENAPA SIH GAK ADA NOTIFIKASI PADAHAL GAK DI SILENT LOHHH KAN JADI MISKOM PAS PESEN GRAB IHHHHHHH,grab,google_play
2026-03-24 22:54:54,babymetal bmth,"gabisa di cancel klo kurir ga dpt dpt, keburu kaga makan gua",grab,google_play
2026-03-24 22:36:37,Andriyudha Purba,"Akhir"" ini waktu pengantaran Grab Food selalu mundur namun tetap status pengantaran ""Tepat Waktu"". Saya akan coba untuk 1 minggu lagi, tingkatkan pelayanan atau uninstall",grab,google_play
2026-03-24 22:36:23,Den achid Nursery,perjalanan lebih mudah juga aman,grab,google_play
2026-03-24 22:20:07,Sitirodiah,sangat membantu,grab,google_play
2026-03-24 22:08:41,Akun Marvel snap,"pesanan bisa di cancel kalau toko tutup, padahak sudah ada tulisan batas pemesanan jam sekian. fingsi batas pemesanan untuk apa? minimal di kasi diskon atau promo kalau pesanan kita dibatalkan",grab,google_play
2026-03-24 21:59:04,Regina Octovi,respon cepat dan sangat baik ketika ada kendala sangat amat dihargai 👍,grab,google_play
2026-03-24 21:51:09,Paniah Paniah,bagus,grab,google_play
2026-03-24 21:49:24,DIAN EKA PUTRI,Thank's ☺️🙏🏻,grab,google_play
2026-03-24 21:44:43,Virania Putri,kalo grabfood pake promo lama banget dapet drivernya,grab,google_play
2026-03-24 21:44:07,Ayu Saraswati,"apl ini kek penipu, selalu dtg makanan yg slh, chat drive nya yg disalahin malah restonya, nama ku sama yg dikasi aja berbeda, bisa mintol buat adain evaluaso buat grab²nya disana, kalo mau ambil cust yg bnyk minimal liat nama dan tanya nama, ga iklas sampai saat ini BAYAR MAHAL SOALNYA ga ada kata MAAFFFF",grab,google_play
2026-03-24 21:42:14,Al Nassr,"kalo beli grab food pake promo susah banget dpt drivernya, dan selalu mundur waktunya. gak jelas.. apa karena saya pakai promo!",grab,google_play
2026-03-24 21:37:58,Balqis Khairunisa dhesta putri,"kesel nunggu 1 jam udh mau 2 jam gak dapet driver, mau di cancel juga gak bisa, aneh",grab,google_play
2026-03-24 21:33:42,Hana KART,"5 tahun berlangganan dibikin kecewa kalau lagi grabfood. masa harus nunggu sejam lebih itu pun dapurnya yg cancel otomatis karena gak dapat driver. harusnya perbaiki fitur! kalau misal gak ada driver, maksimal 10 menit lah bisa dicancel. ini nunggu 1 jam lebih loh. duh kecewa polll. padahal dah pakai jasa grab 5 tahun lebih.",grab,google_play
2026-03-24 21:17:53,Budi aji Wibowo,gak jelas,grab,google_play
2026-03-24 21:07:59,Kahfi Alghifari,cepat 👍,grab,google_play
2026-03-24 20:31:47,Bandori Myuujikku,"aplikasi tolol, login make nomor hp sendiri aja dipersulit 😂",grab,google_play
2026-03-24 20:24:36,sysca sysca,bagus,grab,google_play
2026-03-24 20:18:34,Burhanudin Burhan,keren,grab,google_play
2026-03-24 20:17:16,Syafa Putry,"bagus sih, tapi sering ga dapat pengemudi lama banget nunggunya 2 setengah jam baru dapat pengemudi buat antar pesanan tapi gpp lah 🫰🏻",grab,google_play
2026-03-24 20:06:07,ncek saja,Lemot,grab,google_play
2026-03-24 20:03:24,Vinn Algi,aplikasi t0lol daftar ga bisa cari driver susah aplikasi suka eror tolong diperbaiki dong ini ga becus amat bikin aplikasi,grab,google_play
2026-03-24 19:42:31,Ira Hadirah,gercep,grab,google_play
2026-03-24 19:42:24,Heber Panca Pagewang,sangat membantu,grab,google_play
2026-03-24 19:39:38,Ita Purnama,bagus tetap waktu,grab,google_play
2026-03-24 19:28:25,didin aidin,untuk saat ini ok,grab,google_play
2026-03-24 19:21:53,Faisal Arafah,driver malees,grab,google_play
2026-03-24 19:16:52,Ahmad Basuki,tolong blaklist dari daftar diplastore saya untuk aplikasi grab maupun sejenis sangat kurang baik,grab,google_play
2026-03-24 18:55:37,Pandawa Lantai 2,Bajuz...tingkatkan lagi Min,grab,google_play
2026-03-24 18:50:00,Anello Javas,mahal dan lemot,grab,google_play
2026-03-24 18:41:51,Holong M,"mohon maaf diturunin bintangnya, soalnya driver grabfood seenaknya cancel order makanan. khususnya daerah kota Lubuklinggau. perbaiki sistemnya biar driver ngx seenaknya. sampai kelaperan nunggu makanan Dateng.",grab,google_play
2026-03-24 18:40:53,Joko Purwanto,sangat ok,grab,google_play
2026-03-24 18:39:22,rika rohmah,kenapa update terus ya,grab,google_play
2026-03-24 18:28:20,Muhammad Zainal Arifin,aplikasi terkadang lemot loading lama tolong diperbaiki,grab,google_play
2026-03-24 18:15:02,Taofik Hidayat,ok,grab,google_play
2026-03-24 18:00:01,Mikhayla Emerald,bagus ramah,grab,google_play
2026-03-24 17:52:39,abidin_ ma,Mantap 👍 sangat membantu,grab,google_play
2026-03-24 17:26:39,Hendra Lukmana,sangat membantu,grab,google_play
2026-03-24 17:22:02,Eny Astuty,good job..driver super2 baik,grab,google_play
2026-03-24 17:07:57,Irfan,"PARAH , PENGGUNA BARU TAPI PROMO GABISA DI PAKE YG 15.000 MINIMAL BELI 30.000",grab,google_play
2026-03-24 17:06:11,Dede Koesnady Al-Idris,mempermudah perjalanan,grab,google_play
2026-03-24 17:04:17,Shanty Solihin,tetap semangat💪💪🙏🙏,grab,google_play
2026-03-24 16:59:48,Jaenudin Cahya Saputra,"diajarin lah driver mobil kalo berhenti pas di titik lokasi tujuan, jalan lagi mana 1km lagi",grab,google_play
2026-03-24 16:57:32,Atasmbun,ramah dan baik,grab,google_play
2026-03-24 16:52:09,Ali Sadikin,👍,grab,google_play
2026-03-24 16:50:15,Candraa Hermawan12,titik nya sering eror.,grab,google_play
2026-03-24 16:40:04,Farkhan Zen17,Saya ini jd pelanggan grab udh lama bgt tp kok lama-lama skrg makin mahal bgt ya pdhal tujuannya dekat tp tarifnya gak sesuai,grab,google_play
2026-03-24 16:30:05,Tania Citra,sangat bagus dan terpercaya,grab,google_play
2026-03-24 16:27:55,Sri ayu Astuti,sangat nyaman dan ramah,grab,google_play
2026-03-24 16:15:06,Nahum Wang,oke,grab,google_play
2026-03-24 15:53:36,Nanan,harga bersahabat,grab,google_play
2026-03-24 15:51:44,Sutikno Sutikno,pas di update ngelag bangettttttttttt!!!!!!!!!,grab,google_play
2026-03-24 15:51:17,Yerina Yuliska,susah banget nyari driver mentang mentang jalan rumah saya nggak aspal,grab,google_play
2026-03-24 15:37:32,Agasta Satrio,Sangat puas,grab,google_play
2026-03-24 15:36:26,Hermanto Hermanto,"Ngelag, aplikasi tolol, ngubah nomor hp aja ribet bener",grab,google_play
2026-03-24 15:36:02,Sinta Mersi,rekomendasi,grab,google_play
2026-03-24 15:27:18,Candra Saputra,suka dapat promo 👍,grab,google_play
2026-03-24 15:08:46,Abdul Jaelani,sangat memuaskan,grab,google_play
2026-03-24 14:45:07,Eki Desta,Memudahkan kami buat transfortasi dan bikin nyaman untuk semua kalangan good job 👍,grab,google_play
2026-03-24 14:37:08,tri hariyanto,FAST respon s,grab,google_play
2026-03-24 14:32:38,Isbandi Baban,pelayanan baik,grab,google_play
2026-03-24 14:30:20,Warungnasirizky Nasirizky,👍👍,grab,google_play
2026-03-24 14:18:31,Hýɲns,apaan gbs ngirim makanan ke tempat jauh pdhl cuma 4 kilo aja,grab,google_play
2026-03-24 14:07:08,Mas agus Santoso,pelayanan yang bagus,grab,google_play
2026-03-24 13:59:13,EmmaFernando99 EmmaFernando99,bagus,grab,google_play
2026-03-24 13:58:49,Xavier Felix,"gila benar aplikasi grab ini pesanan makanan bisa 1,5 jam maka cuma Arizona FC aja kalau gojek cuma 30 menit sudah sampai rumah kapok saya pake grab food nya",grab,google_play
2026-03-24 13:53:11,Sen Liang,sangat bagus,grab,google_play
2026-03-24 13:52:15,Daniel Alijunus Aritonang,good,grab,google_play
2026-03-24 13:46:46,Hafizh Alfarezi,terima kasih untuk greb dan dreverny pokoknya ok deh,grab,google_play
2026-03-24 13:22:47,nauval,baikk👍,grab,google_play
2026-03-24 13:18:56,Bangnisan Nisan,sangat baik,grab,google_play
2026-03-24 13:17:19,Imam Syaifudin,"tolong untuk jangkauan map diperluas lagi. hari ini saya naik Grab gara gara titik tujuan tidak tersedia, dan hanya berjarak tidak jauh dari titik yg tersedia, driver minta tambahan 14000, dari 26000 ke 40000. saya rasa tambahan segitu dengan jarak yg tidak jauh itu tidak sesuai, makanya tolong diperbaiki lagi jangkauan map nya, buruk banget playanan kyk gini. driver sebelumnya aja cuma minta tambah 2000, lha ini 14000, payah",grab,google_play
2026-03-24 13:16:38,ERWIN PROGRESIF OFFICIAL,"Dulu aplikasi sebelah, sekarang lebih banyak menggunakan layanan ini, pertahankan layanan ya?",grab,google_play
2026-03-24 13:04:42,Revan Aditya,baguss,grab,google_play
2026-03-24 12:58:22,Momon Lukman hakim,"berapa kali pesan tiba-tiba batal mulu, banyak yg pilih pilih tujuanya kalau murah dikit pada ga mau. mending di gojek langsung dapet.",grab,google_play
2026-03-24 12:54:54,Andi Blues,good,grab,google_play
2026-03-24 12:50:31,nuri,Rata rata pelayanan nya bagus.,grab,google_play
2026-03-24 12:48:36,Sukar liyansah Liyansah,sangat baik,grab,google_play
2026-03-24 12:47:20,Siti Suryanah,aplikasi bagus,grab,google_play
2026-03-24 12:44:00,Anastasya ismai nasya15,susah buat akun ny,grab,google_play
2026-03-24 12:43:52,Mashuri Siswanto,tau banget jalan alternatif tapi kok agak kemahalan ya habis lebaran,grab,google_play
2026-03-24 12:35:18,Jkn Rejeki,Google job,grab,google_play
2026-03-24 12:22:07,Suciana Ucik,driver susah,grab,google_play
2026-03-24 12:16:30,egy devil,"aplikasi apaan ini,, katanya grab yang selalu ada siap antar,, tapi nyatanya bohong,, pas saya pesen driver, smua driver selalu nolak, alesannya jauh aplikasi nggak masuk akal",grab,google_play
2026-03-24 12:12:24,Wolfch愛,"tolonglah, itu driver lu banyak kali yang ambil pesanan double, tapi ngantarnya kelamaan, 1 jam gw nunggu makanan aja.",grab,google_play
2026-03-24 11:57:11,fais harianto,mantab,grab,google_play
2026-03-24 11:55:47,Citra Rahayu,selalu terbaik,grab,google_play
2026-03-24 11:20:53,rasi wabula,tepat waktu,grab,google_play
2026-03-24 11:16:07,Sulthan Putra W,bagus',grab,google_play
2026-03-24 11:15:44,asep sutisna,ok,grab,google_play
2026-03-24 10:58:44,Ni Wayan Arini,Cepat dan nyaman,grab,google_play
2026-03-24 10:36:42,Achmad Royani,perjalanan nyaman dan tidak terburu-buru...👍👍👍🙏🙏🙏,grab,google_play
2026-03-24 10:00:09,Sumiati Yusuf,sangat bagus,grab,google_play
2026-03-24 09:59:08,Romi Romansyah,bagus pelayanan y,grab,google_play
2026-03-24 09:49:35,iLaa Herianto,memuaskan,grab,google_play
2026-03-24 09:40:17,Entin Sutinah,bagus,grab,google_play
2026-03-24 09:23:51,Ernita Septiana Simbolon,Tidak menyelesaikan masalah dapat pemesanan grab food. dengan enaknya ganti voucer. padahal yang kurang susah dicari karna toko banyak libur. mengecewakan sekali,grab,google_play
2026-03-24 08:41:37,Welas Lasinah,bagus pelayanan nya.,grab,google_play
2026-03-24 08:32:57,fattan fkaradhwa,cepat pengantaran nya pokok nya bagus dah grabdelivery,grab,google_play
2026-03-24 08:20:45,Zaki Muhammad zaki,yoooo,grab,google_play
2026-03-24 08:20:34,Bintang adindha,terimakasih grab tepat waktu waktu sekolah,grab,google_play
2026-03-24 08:16:35,Salsabila Arsyila,"belum coba yg sekarang, dulu sangat membantu akomodasi saya, respon cepat dan ramah drivernya",grab,google_play
2026-03-24 08:00:08,Sitiastri Fitriyah,"aji mumpung mentang"" lebaran harga tiinggi setinggi langit, terus driver selalu cancel apalagi driver mobil wkwk",grab,google_play
2026-03-24 07:57:13,Realme C25,Luar biasa,grab,google_play
2026-03-24 07:47:44,Andika Pratama,bagus,grab,google_play
2026-03-24 07:47:44,nn yanie24,"nomor supir susah di hubungi barang ketinggalan, customer service GK ada yg bisa di hubungi Kalah sama GOJEK",grab,google_play
2026-03-24 07:45:12,Dara H. Novianjani,aplikasi yang snagat memudahkan untuk beraktivitas,grab,google_play
2026-03-24 07:29:06,Marjono Setyo Budi,good👍,grab,google_play
2026-03-24 07:19:35,Angga Pratama,ga jelas juga mesannya motor tapi selalu mobil,grab,google_play
2026-03-24 07:12:11,Bento Richo Enjelino Banoet,"kenapa makin jelek ini grab, jaraknya hanya 2km kok harganya 20.000?... gak masuk akal lagi ini grab sekarang. berubah-ubah juga harganya tarif nego pagi 6'500 sore 7'500 masih lumayan tapi hari' ini kok mahal sekali? ada permainan apa lagi ini lama-lama grab gak laku lagi,, dan juga akhir² ini jarak 2km 10.500 memang harganya bukan maen",grab,google_play
2026-03-24 07:10:09,Luciawidiya Widiya,membantu,grab,google_play
2026-03-24 06:44:03,Ramdani Saputra,"Jossss, selalu pakai Mobil Premium, nyaman nya Pooolllll",grab,google_play
2026-03-24 05:59:14,Fadli Fabrianto,"Pengemudi grab ramah2 dan sangat membantu, apalagi saat pemesanan makanan yang butuh sat-set.",grab,google_play
2026-03-24 05:07:15,Atas Bawah,ontime,grab,google_play
2026-03-24 05:06:58,Yazid Taufiqur Rahman,"Gila dan dzalim parah yang bikin algoritma, mau pesen grab car harga awal 54k, trus ditinggal top up Ovo balik lagi harga langsung naik 100k, akhirnya top up lagi pas balik lagi ke apps 124k, gw tau bisa kedetect kalo urgent tapi cara mainnya cekik cust parah, moga siapapun yang bikin kebijakan bisa punya nurani gak cuma profit"" aja isi otaknya",grab,google_play
2026-03-24 03:54:55,Mas Bos,"orderan grabfood lama, dari pembeli tidak bisa cancle. setelah beberapa jam kemudian baru datang makanannya siap siap orderan sampai 6 jam pun tetap jalan .",grab,google_play
2026-03-24 03:51:24,Akbar Agustian,saya tidak suka dengan grab karena saya mau membeli makanan saat malam pesanan saya lama dan tidak ada yang kau mengambil orderan dan ketika saya mau batalkan tidak bisa aplikasi apa ini kok tidak bisa membatalkan pesanan saya padahal saya sudah tidak mood lagi makan,grab,google_play
2026-03-24 03:18:05,Roh Mani,nyaman,grab,google_play
2026-03-24 02:19:52,Abdurrahman Ramadhan,dengan adanya aplikasi ini aku merasa terbantu banget,grab,google_play
2026-03-24 01:40:21,Ina Trisna,kcepatan waktu dan ssuai intruksi,grab,google_play
2026-03-24 01:32:30,After22,harga sangat mahal,grab,google_play
2026-03-24 01:20:08,rosdiansyah Email,sangat kecewa dengan pedagang yang membatalkan pesanan sepihak tanpa pemberitahuan. undah nunggu lama² eh dibatalin gitu aja,grab,google_play
2026-03-24 00:20:23,Timnas News,Saran Cari Mitra Yang Emang Butuh Pekerjaan Yang Satset Kalau Bisa Selama 2 Bulan Harus Ada Evaluasi Para Mitra Kasihan Customer Yang butuh Apalagi Disaat Urgent Apalagi Gaada Fitur Pembatalan Otomatis Misal ngga dapet Driver Selama 15 menit Sistem Otomatis Batal Time Is Money,grab,google_play
2026-03-24 00:12:03,Suka Machiato,"mungkin lebih diperbaiki untuk kualitas sikap driver nya. jangan karna saya pesan grab bike hemat akhirnya pelayanannya buruk. jujur driver ga ramah , ga inisiatif. saya dari stasiun bawa 1 tas tenteng cukup berat driver ga ada inisiatif buat bantuin saya. sekedar nawarin untuk tas saya ditaruh di depan bagian motor driver aja ga mau. padahal tas saya kecil , cuma emang cukup berat aja. beda sama apk ojol online sebelah, saya pesan yg hemat ataupun yg prioritas tetep pelayanannya maksimal",grab,google_play
2026-03-24 00:02:39,Achmad Ghifari,untuk grabfood jika memang tidak ada driver tolong dipercepat pembatalannya. saya menunggu 1 jam kurang lebih.,grab,google_play
2026-03-24 00:02:31,Putra Faisol widodo,"tolong ini saya pesen makanan terlambat terus, mencari pengemudi engga ketemu², sampe warungnya tutup astaga",grab,google_play
2026-03-23 23:28:36,Ajat Roni,ok,grab,google_play
2026-03-23 23:23:12,Fajar Iman,"Tolong diperbaiki fitur pemesanan makanan, saya pesan dari jam 7 malam sampai jam 10 malam tidak dapat driver, dan dibatalkan pun tidak bisa",grab,google_play
2026-03-23 22:47:58,raldi.,"grab sekarang sangat jelek, menunggu mendapatkan driver sangat lama hingga berjam-jam sedangkan tidak bisa cancel",grab,google_play
2026-03-23 22:47:43,Nanang Wardani,tidak solutif,grab,google_play
2026-03-23 22:47:23,abraham taimenas,mntap pak,grab,google_play
2026-03-23 22:44:35,Naryo Sunaryo,"buat aplikasi, tolong perhatikan penghasilan drive, jangan terlalu banyak potongan. kasian",grab,google_play
2026-03-23 22:42:19,Yuni Atikasari,is the best,grab,google_play
2026-03-23 22:31:31,Pipit Tri Husadayanti,nunggu lama cuma buat dibatalin,grab,google_play
2026-03-23 22:22:32,Diana Febiyanti,bagus,grab,google_play
2026-03-23 22:19:08,Kartika,"fitur grab foodny sangat buruk, tidak bisa ngebatalin pesanan, tolong di ubah",grab,google_play
2026-03-23 21:54:24,Nur Jannah,"apk teraneh, asal cancel pesanan seenaknya aja.",grab,google_play
2026-03-23 21:53:40,Ratih Safitri,mudah penggunaannya,grab,google_play
2026-03-23 21:53:39,Win Win,baguss,grab,google_play
2026-03-23 21:50:17,tatik,baik dan ramah,grab,google_play
2026-03-23 21:43:30,Agus Komang,sangat membantu,grab,google_play
2026-03-23 21:30:22,see sart.02,nunggu 3 jam bru nyruh dibatalin emng anj grabfood ini,grab,google_play
2026-03-23 21:17:49,Awin Nusi,"Aplikasi Terbaik Layanannya Mantap, Maju Terus Grab Indonesia 🇮🇩🙂👍👍",grab,google_play
2026-03-23 21:16:45,Putri Lestari,"lama banget dapet drivernya, udah laper banget gadapet dapet driver, masa beli dada dikirim kepala",grab,google_play
2026-03-23 21:09:47,Hasya Fathoroniy,bagus(tapi murahin ongkirnya lah),grab,google_play
2026-03-23 21:03:16,Elena Coanata,ini kenapa GK batalkan pesanan secara otomatis,grab,google_play
2026-03-23 20:43:16,Anisa Salsabila,"paling sebel sama driver yg batalin pesenan grabfood. hnya karena rumahku masuk2 gang. namanya jg tengah kota padat penduduk. suamiku driver grab juga, gak masalah sama antar pesanan ke gang2. Krn bukan cuma sekali dua sih, bikin sebel 😩😭",grab,google_play
2026-03-23 20:41:33,Kenzho Al Baihaqi,Ramah pelayanan bagus,grab,google_play
2026-03-23 20:28:54,Alam,"peaanan kami estimasi awal tiba pada jam 21.10, namun sampai kealamat kami pada jam 21.27, terlambat 17 menit.",grab,google_play
2026-03-23 20:27:09,Muhamadrafa,harganya tiba tiba x naik padahal tadi lihat masih murah,grab,google_play
2026-03-23 20:21:46,Ricky Ly,"aplikasi lintah darat, kapitalis, penipu. ojol jauh dikasi estimasi 5 menit sampenya 10 menit",grab,google_play
2026-03-23 20:21:26,Resa Anggraeni,mahalll banget ongkirnya,grab,google_play
2026-03-23 20:15:43,Siti Rahmawati,kalau pesan makanan lambat banget😭😭😭,grab,google_play
2026-03-23 20:06:47,Rama Ardiansyah,susah dapat driver padahal banyak yang mangkal,grab,google_play
2026-03-23 19:53:02,Babi Remix,trimah kasih atas layanya yg baik,grab,google_play
2026-03-23 19:52:56,Izzul Islam Ar Rizqi,cepet banget,grab,google_play
2026-03-23 19:51:12,Alfa2 Putri,bagus harga terjangkau sesuai dengan jarak yang ditempuhnya,grab,google_play
2026-03-23 19:43:52,Danu Kurniadi,poor service,grab,google_play
2026-03-23 19:43:18,Dhaniel Saputera,smgat memuaskan dan ramah,grab,google_play
2026-03-23 19:38:13,R'man,"BUAT CUSTUMER KALAU MAU MURAH , SURUH ANTRI MAKANAN AJA SENDIRI, BIAR NGERASAIN UDAH JAUH NGANTRI MINTA MURAH, SITU AJA KERJA GA MAU DI NGAJI MURAH PADA MIKIR KENAPA YA, GW JUGA KALAU JADI CS MIKIR KASIHAN KARENA PUNYA HATI, LAH INI GA APLIKASI SAMA CS NYA SAMA AJA, EMG GA MIIKIRIN DRIVERNYA",grab,google_play
2026-03-23 19:36:28,Komsatun Aurel,driver nya sopan.cara mengemudi enak.,grab,google_play
2026-03-23 19:34:33,Febri Jabrig be,respon pelayanan cepat,grab,google_play
2026-03-23 19:32:59,pandi gacor,apk nya bagus dan bnyak bermanfaat.cuma kadang pengemudi suka nawar harga padhl suka kita lebihin TPI bnyk nawar,grab,google_play
2026-03-23 19:21:33,Taka Wijaya,grab sangat membantu aktifitas pemakai jasa transportasi,grab,google_play
2026-03-23 19:20:16,salsabila faunie,"percuma ada promo kalo ada fitur nawar dari driver nya, kadang ga ada promo aja ditawar, bukan apa kalo duit nge pas apa gimana kan jadi bingung, hilangin aja fitur nawar itu, sy pesen grabcar dri 70k ditawar 100k, terus dichat sama orang nya lagi malah nawar lagi 200k, stress, (mau grabmotor sma grabcar sama aja) benerin apk lo deh.",grab,google_play
2026-03-23 19:19:28,Karinadesu 25,"pelayanan buruk.. ga ada yg terima, pelayanan buruk..",grab,google_play
2026-03-23 19:11:25,Arkana Habibi,APLIKASI INI BAGUSSS BANGETTT.... Jadi kalau ada restoran yang jauh dan gak bisa di pergiin kita bisa mesen pake Grab...,grab,google_play
2026-03-23 18:58:50,Astri Aldo,sangat baik,grab,google_play
2026-03-23 18:49:28,Cindi Aulia,"ga banget drivernya, cuma berhenti sebentar mau jemput saya malah marah' padahal udh izin diawal dan dilebihkan tapi tetap aja marah' pls ga banget deh pelayanan nya, diperbaiki lg yaa🙏 dilebihin nya juga ga kecil loh wkwk",grab,google_play
2026-03-23 18:43:14,Eka dian Wati,"driver good,",grab,google_play
2026-03-23 18:38:37,George Everest Evan,"Sometimes, saat hujan, mau cari driver susah sekali, dan harganya naik 3-4 kali lipat gara² hujan. Bahkan sehabis hujan juga begini",grab,google_play
2026-03-23 18:38:20,Umayah gunungsari,Best,grab,google_play
2026-03-23 18:37:01,Kirana 087,makanan di tolak berkali-kali,grab,google_play
2026-03-23 18:36:45,Warningsih Warningsih,layanan nya baik...👍👍,grab,google_play
2026-03-23 18:35:33,Nur Rahma Dewi_C,"sudah lama menunggu pesanan makanan malah dibatalkan, kalau memang tidak bisa tinggal batalkan dari awal jir",grab,google_play
2026-03-23 18:33:48,Fatur Rahman,lemot,grab,google_play
2026-03-23 18:15:17,Indra Suryadi,bagus,grab,google_play
2026-03-23 18:10:47,T S Music Populer,mantap,grab,google_play
2026-03-23 18:06:17,Mr. ZU AR (Zubaidi AR),cepat,grab,google_play
2026-03-23 18:06:17,Reina sweet,"sebelum top up voucher superbanknya bisa dipake, pas udah top up malah ga bisa dipake",grab,google_play
2026-03-23 17:50:13,Sonny Chia,masa jarak 3.4 km tarifnya 236rb di tambah byl driver yg cancelin,grab,google_play
2026-03-23 17:41:51,Ega Indra Praja,"suka sm grab, tp d kota kecil maps nya ga update. bahkan ga ke detect, padahal di area perkotaan.",grab,google_play
2026-03-23 17:34:51,Wawan Ruswanto,sangat berguna,grab,google_play
2026-03-23 17:32:36,Hana Arsad,"baru mau coba ganti foto profil langsung di tolak katanya ga sesuai. ga jelas. apa maksudnya. kita bisa jadi customer malah ga bisa ganti foto profil. sepele, tapi jadi bikin mood jelek karena hal sepele begitu. lagi ga mood doang ini perkara ga bisa ganti foto. ditambah sekarang kalau pake grabcar atau grabike lebih mahal. banyak permainan dari driver juga. ga mau di terima langsung cancel untuk naikin harga. mahal ga kayak dulu. sayangnya di hape cuma pake aplikasi ini aja dari dulu.",grab,google_play
2026-03-23 17:28:27,Butep Tng,"cepet dan penuh dengan hati""",grab,google_play
2026-03-23 17:28:13,Aldi Puttra,bgus,grab,google_play
2026-03-23 17:08:16,Stnurani Febrianti,keren,grab,google_play
2026-03-23 17:05:33,Ald yyy,lama padahal pesanan prioritas,grab,google_play
2026-03-23 16:47:48,Maria Lestari,"kecewa bgtt jujur, akhir akhir ni susah dapat driver ditambah lemot",grab,google_play
2026-03-23 16:35:22,Dinda lusianti,"jarang ada promo, ongkir mahal mana kalo hari besar kaya lebaran gitu tarif nya naik.. boncos",grab,google_play
2026-03-23 16:24:49,Dini konyil,good,grab,google_play
2026-03-23 16:19:40,anung basuki,drivernya suka ngasih tarif yg gak ngotak....,grab,google_play
2026-03-23 16:19:30,Helmi Ardiyansyah,"kaga beres ini siapa yg salah resto apa grab orang ga ada konfirmasi ubah pesanan, beresin dong",grab,google_play
2026-03-23 16:16:07,conel Oppal,dapet drivernya lama nyebelin,grab,google_play
2026-03-23 16:14:11,Mikano Rey,bagus Saya suka aplikasi ini,grab,google_play
2026-03-23 16:10:38,hendrik ken,sngat bgus,grab,google_play
2026-03-23 15:56:40,Abadi Saputra,"jngn bikin kebujakan yg bikin driver susah dpt orderan dan sbgian driver malas ambil orderan kasian yg grab food mkn an ny ga di ambil2,klw emg ini bukan kebijakan kalian,tolong kasih solusi parah bngt ini,klw mkn an sy ga dtg dlm wktu 30 mnt komen dan rating ny ga akan saya ganti",grab,google_play
2026-03-23 15:55:05,Tani Setia negara,baguss bgt,grab,google_play
2026-03-23 15:54:45,Muhammad Mulyadi,terimakasih mba🙏🙏🙏,grab,google_play
2026-03-23 15:50:29,Syabilardin25,sopir nya sangat baik dan ramah,grab,google_play
2026-03-23 15:49:32,Arya Pratama,good,grab,google_play
2026-03-23 15:48:06,Yodia Lilyng,"awalnya ongkir pesan makanan yang paling murah biasanya 5k sekarang jadi 7k, jadi kalau beli 1 porsi jajan serasa bayar double, borossss",grab,google_play
2026-03-23 15:38:30,Ripal Dakota,sangat membantu untuk perjalanan ke mana2,grab,google_play
2026-03-23 15:27:55,Putri Kecil,sering lemot ngga jelas. signal aman selalu ngga bisa nunggu nya lama baru bisa,grab,google_play
2026-03-23 15:27:05,Langit,the best,grab,google_play
2026-03-23 15:18:34,jemai nik,bGus,grab,google_play
2026-03-23 15:15:55,Niswaalifiarahmani,nice,grab,google_play
2026-03-23 15:10:50,Muksin Kopet,pelayanan bagus,grab,google_play
2026-03-23 14:45:24,Rhuss Nade,sudah nunggu lama malah di batalkan,grab,google_play
2026-03-23 14:39:45,Aris Sholihin,baik,grab,google_play
2026-03-23 14:34:47,Verena Clarisa Cahyaningsih,tagihan toll atau parkir bsa di masukkan sekalian bayar pakai OVO,grab,google_play
2026-03-23 14:32:59,Irwansyah Putra,sangat baik,grab,google_play
2026-03-23 14:22:50,Aztie Audy,"Pusat bantuannya lamaa, jadi kalau buat hubungin masalah driver atau pemesanan layanannya lamaa!!!! saran tolong dibuat untuk bisa chat ke toko supaya tau tokonya buka atau tutup. Makin ke sini, nyari dan dapet driver jadi lama banget. Proses cancel juga harus nunggu lama dan ribet. Saran aja, kalau bisa potongan dari aplikasi ke driver jangan terlalu banyak, biar driver nggak milih-milih dan sering nge-cancel pesanan, jadi pembeli/customer juga nggak dirugikan.",grab,google_play
2026-03-23 14:16:51,Bad Boy,driver nya sedikit. pesanan lama. pesen makan sampe 1.5 jam,grab,google_play
2026-03-23 14:10:49,Sugi Ono,layanan nya langsung gercep,grab,google_play
2026-03-23 13:50:32,Zumeidah Kusumawati,jelek banget ga bisa dibatalin dan suka berubah sendiri estimasi sampainya ga lagi deh pake grab food,grab,google_play
2026-03-23 13:26:57,Atep Nurdiansyah,driver nya pada dekil2 cuma pake kolor.apalagi yg mobil nya kaleng sarden sigra calya.,grab,google_play
2026-03-23 13:23:44,atifa nur ramadhani,"gajelas drive nya pada ga becus, udah nungguin sejam lebih tp malah dibatalin pesanannya",grab,google_play
2026-03-23 13:22:20,Shaffa Akalili,bau rokok di dlm mobil mengganggu kesehatan. ga perduli sama penumpang nya,grab,google_play
2026-03-23 13:04:58,Willy Widjaya,driver susah pesen makanan ga dapet dapet driver,grab,google_play
2026-03-23 12:50:16,Siti Julaeha,tolong dong ini pusat bantuan nya kok jadi gabisa ganti driver lagi? masa harus nunggu lama baru batalkan pesanan? tolong perbaiki. terima kasih,grab,google_play
2026-03-23 12:34:27,Nindya Kartika,udh lapar laparnya malah di cancel order gjls bgt,grab,google_play
2026-03-23 12:33:22,Moh Romadhoni,sangat baik,grab,google_play
2026-03-23 12:31:11,muhammad bahrul,bagus,grab,google_play
2026-03-23 12:30:57,ilhamirwan,ok cepat dan kurir nya ramah,grab,google_play
2026-03-23 12:27:32,sufri helmi,very good,grab,google_play
2026-03-23 12:27:15,Willy Axtruis,Semakin GILA buat Aplikator Grab dengan Jasa Pengantaran yang Semakin Mahal,grab,google_play
2026-03-23 12:11:45,Sofyan Achmad,"tolong aplikasinya jangan terlalu sering minta update, taaeek skali setiap aplikasi dibuka minta update.",grab,google_play
2026-03-23 11:48:30,Nurul Azmi,sangat membantu,grab,google_play
2026-03-23 10:50:07,Mr. Sudarmawan 002,mantap,grab,google_play
2026-03-23 10:41:10,isrofin,ok,grab,google_play
2026-03-23 10:26:41,Abraham Tentua,"sorry to say buat grab, jujur susah banget dapet driver, kebanhakan milih dan kebanyakan boongnya, bilang udh jalan bilang bakal otw tapi gk jalan jalam, beda kyk gocar mau berapapun teyep di ambil dan gampang ambilnya, sorry to say ya buat grab tapi ini kenyataan begitu",grab,google_play
2026-03-23 09:57:21,Pas Bantai,orang nya baik ramah,grab,google_play
2026-03-23 09:12:45,Ayah salsabila,mantap,grab,google_play
2026-03-23 08:59:29,Eka wahyu,nyaman,grab,google_play
2026-03-23 08:41:35,Nyoman Ayu Nidya Dharmawati,"Debit Card di proses refund sama seperti Credit Card, sama sekali Tidak Membantu Pelanggan.",grab,google_play
2026-03-23 08:39:50,Yudi Mustofa,good deh,grab,google_play
2026-03-23 08:23:32,Mahes Wara,good job,grab,google_play
2026-03-23 08:05:12,Eka Yuniati,"tepat waktu, aman dan nyaman",grab,google_play
2026-03-23 07:14:28,ghafira nur safitri,sangat baik,grab,google_play
2026-03-23 06:55:24,Soe Dhiro,"sampah...2x pesan grab bike kok g dpt²,,",grab,google_play
2026-03-23 06:03:37,Ganesha DW,"Aplikasinya sangat membantu untuk kebutuhan sehari-hari, terutama pesan makanan dan transportasi. Fiturnya lengkap dan mudah digunakan. Driver juga cukup cepat didapat. Namun, terkadang harga jadi mahal saat jam sibuk, dan aplikasinya agak berat di HP. Selain itu, promo sekarang tidak sebanyak dulu. Semoga ke depannya bisa lebih ringan dan harga lebih stabil. Overall tetap recommended 👍",grab,google_play
2026-03-23 04:35:20,Parid Hidayatulloh,"jangan pake app ini plise banyak banget hal hal yang ceroboh kerusakan sistem nya banyaaaak,saya sampe frustasi",grab,google_play
2026-03-23 04:04:40,Rini Apriani,dengan apk grab saya sangat terbantu untuk lebih mudah kemanapun dan pesan makan dimanapun . tinggal duduk makanan sampai,grab,google_play
2026-03-23 03:48:21,Wiwin Jun,mantap,grab,google_play
2026-03-23 02:27:13,Dedi Setiawan,ramah,grab,google_play
2026-03-23 02:12:33,VQ Official,makin bodoh,grab,google_play
2026-03-23 01:26:15,Canggi Makmur,jelek. ditawari promo malah lebih mahal,grab,google_play
2026-03-23 01:04:42,Irpan Bola,nyaman,grab,google_play
2026-03-23 00:43:40,Indra gunawan,mantap,grab,google_play
2026-03-23 00:34:52,yoga ganteng,mantap cuy,grab,google_play
2026-03-22 23:46:10,PAH POH,pesan grabcar dapatnya bb terus mukanya manyun lagi,grab,google_play
2026-03-22 23:45:21,dorinda fitrias,ini knp ya skg grabmotor grab mobil bahkan grab food pun skg lamaaaaaaaa bgt. gak kyk dlu,grab,google_play
2026-03-22 23:43:02,NOVAL ZEIDAN,Fiturnya jelek pas order sering delay dan suka double order,grab,google_play
2026-03-22 23:31:53,Flori erwin,"pengemudi grab pada ramah dan baik hati, dengan adanya aplikasi ini sangat membantu",grab,google_play
2026-03-22 23:31:27,Jatisundana,ongkir nya mahal minimal turunin,grab,google_play
2026-03-22 23:28:53,Fami Delonge,"driver gercep, fast respon worth it",grab,google_play
2026-03-22 23:08:42,Huda Brb,bagus sekali,grab,google_play
2026-03-22 22:53:11,Reza Ramadhani N,"udh gk berguna lgi bagi wilayah banjarmasin, udh kaya2 semua driver ny",grab,google_play
2026-03-22 22:50:10,Jaka Purwanto,ok,grab,google_play
2026-03-22 22:49:09,Kailyn Az,"promonya kemanaaaa, biasanya masih dpt 7,5k tapi skrg 2x lipat:(",grab,google_play
2026-03-22 22:42:00,Ahmad Riski,kok sekarang lebih lama untuk menyiapkan pesanan dari merchant nya hampir 30 menit baru di konfirmasi oleh merchant agak kecewa sih,grab,google_play
2026-03-22 22:39:20,Felmi Manuk,good job 🙏🙏🙏,grab,google_play
2026-03-22 21:59:20,Azfa Juliankaffa,baguss bangett,grab,google_play
2026-03-22 21:56:38,Petrik Iskandar,cukup tau saja pake grabfood,grab,google_play
2026-03-22 21:55:28,Yuki Farrel888,ok,grab,google_play
2026-03-22 21:49:40,Al Putradoni,update Mulu 🤣 perubahan gak ada,grab,google_play
2026-03-22 21:47:30,Surya Surya surya,baik,grab,google_play
2026-03-22 21:22:30,Aan,"tolong dong sedia fitur cancel orderan dimenit pertama, saya udah sering nunggu makanan sejam lebih yang pada akhirnya dicancel. buang buang waktu aja",grab,google_play
2026-03-22 21:21:06,Dg. Ass,"memaksa pengguna menggunalan ovo, jika tidak pesanan food menunggu lama dan akhirnya di batalkan aplikasi. sampahhh",grab,google_play
2026-03-22 21:08:07,Sri Wahyuni,aplikasi yng mantap 👍🏼,grab,google_play
2026-03-22 21:04:26,Qais Ler,"pengemudi/driver banyak di sekitar, tapi tidak mau ambil pesanan, pilih², dinaikan ke harga tertinggi baru di pick up. kalo pake promo diabaikan. Padahal estimasi datangnya udah tertera nungguin nya cukup 30 menit an, gara2 gada yg ambil pesenan nya tiba2 estimasinya ikut berubah sampe 1 jam 15 menit. Mau batalin pesenan udah gabisa karna makanan udah jadi tinggal nunggu karena gada yg anter",grab,google_play
2026-03-22 21:02:21,Rizky Rahmadoni,"mau cancel gabisa, uda nunggu orderan makanan 1 jam setengah, sistem yg kacau",grab,google_play
2026-03-22 20:54:58,Reny Karen,"Aman, Asik, Gerak stabil",grab,google_play
2026-03-22 20:52:47,Reyhan Hann,Grab bodoh..Kenapalah ni mahal betul..sedangkan perjalanan dekat saja..Selalunya tidak semahal begini..,grab,google_play
2026-03-22 20:51:14,Aditya Pamungkas,"4 kali pesan dicancel semua ,drivernya pilih pilih",grab,google_play
2026-03-22 20:51:05,Killer2 Killer8,tolong sanksi driver kalian atas nama Ritho Herdiantho E 3731 PAY • Honda PCX160 karena membatalkan orderan saya di saat waktu penting saya,grab,google_play
2026-03-22 20:50:09,Rovathian Panjaitan,makin hari makin mahal biaya lain lainnya,grab,google_play
2026-03-22 20:46:38,nandavtu,"jelek, pesanan tidak bisa di batalkan tp lama yg ngambil",grab,google_play
2026-03-22 20:46:28,Rere Miku,pesen makanan dr jam 7.23 smp dengan jam 9.22 blm dpt driver dan pemesanan tdk bs di batalkan ... 🤬🤬🤬,grab,google_play
2026-03-22 20:34:24,Shintya Mayang,"ga jelas, klo ga ada driver minimal ada auto cancel lah, gw nunggu sampe 3 jam ya berkali kali pesen food, luama parah, jgn kebanyakan motong argo makanya!, ga jelas!!!!!!!",grab,google_play
2026-03-22 20:31:54,Adiehermawan Wawan,"aplikasi ngejebak masa baru download 11 kilo 150, bingung",grab,google_play
2026-03-22 20:28:57,LE MON,"kecewa banget setiap pesan selalu keseringan di cancel,untuk pihak grab tolong di tindak lebih tegas dong,jangan jadi kebiasaan 🤬🤬🤬",grab,google_play
2026-03-22 20:26:10,M afka Zakky,udah nunggu lama bngt tiba2 dicancel trus diskon nya ilang lagi g ad kompensasi apa,grab,google_play
2026-03-22 20:25:16,Endi Endi,tolong ubah bug metode pembayaran nya dong soalnya metode pembayaran nya selalu terubah ubah awalnya sekian malah naik,grab,google_play
2026-03-22 20:21:40,Desi Renata,"aplikasi terlalu lama mencari driver grab food, sampai 1 jam lebih.",grab,google_play
2026-03-22 20:17:34,Yazid Fahril,aplikasi sampah gak jelas...mentang²tujuanya Deket drivernya pada nolak,grab,google_play
2026-03-22 20:14:24,Agus Riyadi,gercep mantul,grab,google_play
2026-03-22 20:12:44,Kamaluddin K,sangat mengganggu,grab,google_play
2026-03-22 20:06:17,Nida Usaripah,"pengantaran pesanan terlalu lama,tidak dapat membatalkan pesanan grabfood tetapi malah ada tambahan waktu yang terlalu lama dalam pengiriman nya",grab,google_play
2026-03-22 20:00:09,3g4 y4nti,pengantaran sangat baik,grab,google_play
2026-03-22 19:59:18,Lina,jelek bgt sih harusnya tuh ada batas waktu untuk org yg gk dapat driver,grab,google_play
2026-03-22 19:47:00,Faisal I Kahar,"Tadinya saya kasih bintang 5. Tapi sekarang saya turunin ke bintang 1. Tau kenapa alasannya? Tidak lain dan tidak bukan adalah LAMA menunggu driver, padahal driver sangat banyak sekali di sekitar. Kalo memang benar soal rumor yang beredar, saya jamin ga lama Grab dan Gojek akan musnah dari peredaran.",grab,google_play
2026-03-22 19:37:45,Muhamad Alfarizi,"nunggu lama tiba"" di cancel gk jelass",grab,google_play
2026-03-22 19:33:08,Nur Yasin,alhmdllah nyaman,grab,google_play
2026-03-22 19:23:51,Diyang Hastatika Sodikin,"Ribet, tau-tau akun ga bisa dipake. masih ada gjk sm mxm sm shpfood lebih simple",grab,google_play
2026-03-22 19:21:45,Endang Ristiyana,Makanan aman dan pengantaran cepat. masalah rasa enak banget,grab,google_play
2026-03-22 19:19:24,Bimo Aryo,"TDK bagus apk nya,tidak bisa login",grab,google_play
2026-03-22 19:18:22,Margie Katoppo,baik,grab,google_play
2026-03-22 19:07:56,Oz Keylz,"mahal di custmer murah di driver. lu ongkos2 pada mahalin bused dah..tp bayaran ke driver ttp kecil, rakus.",grab,google_play
2026-03-22 18:55:30,Inasp333 Inasp333,"udah pesen, diproses nungguin se jam lebih tpi malah terbatalkan perkara driver nya ng batalin mana gada yang gantiin nganter. misal gabisa kenapa ga dari awal aja sih. g amanah. bloon jujyurrr",grab,google_play
2026-03-22 18:49:19,fathtir fahrezy,driver lu pada kemana si?,grab,google_play
2026-03-22 18:47:47,erwin setiadi,sangat membantu,grab,google_play
2026-03-22 18:44:39,Hilyatul Aulia,"kecewa siii...ditolak terus, udah mana ini ujan geluduk,badai. inting ratting 1.baru kali ini nerima ginian di grab",grab,google_play
2026-03-22 18:30:51,siti Sa'adah,baik,grab,google_play
2026-03-22 18:23:08,Zattaqy Fashion,cepet,grab,google_play
2026-03-22 18:14:26,Andi Ammar,saya kan pesen makan tapi di undur dan di batalin muluuu cokk,grab,google_play
2026-03-22 18:10:35,Dini,"Para driver nya sombong. Terakhir kali mesen ojol disini, gak ada yang mau nerima. Udah kaya kek nya para drivernya karena raya sekarang👎😒",grab,google_play
2026-03-22 18:04:43,D D Toys Chanel,pas kepencet pesan udh ga bisa tambah pesanan kalau ada yang kelewat. mau ga mau harus order lagi jadi dobel ongkir.,grab,google_play
2026-03-22 17:53:55,Rara S Mulya,"Trima kasih,pesenan cpt datengnya",grab,google_play
2026-03-22 17:53:50,Lelaki Jahap,terbaiklah☺,grab,google_play
2026-03-22 17:48:40,Nina Mariana,baik,grab,google_play
2026-03-22 17:34:05,Sri Hera,cpt dapat driver nya..cepet sampai tujuan nya. ..mksh grab,grab,google_play
2026-03-22 17:30:09,Alfin Yus,terbaik,grab,google_play
2026-03-22 17:17:08,Nailus Silvia,bagus pg,grab,google_play
2026-03-22 17:15:44,Andra Saputra,tolong di tindak driver atas nama Simon simanjuntak,grab,google_play
2026-03-22 17:00:24,Heri Gerung,"banyak driver car yang membatalkan order seenaknya, padahal udah nunggu lama, ada juga driver minta ongkos tambahan diluar aplikasi, udah cari drivernya super lelet pula",grab,google_play
2026-03-22 16:37:34,Venishanty,pelayanan bagus dan remah penumpang,grab,google_play
2026-03-22 16:34:29,Darul alamsyah Darul,mantap,grab,google_play
2026-03-22 16:26:11,Google Asu,"gak usah pakai aplikasi ini kalian. mending pakai lainya aja. disini drivernya seenaknya sendiri, mereka seenaknya cancel atau membatalkan tapi giliran dikasih bintang 1 ngamok"". kan goblokk bgt. klo sperti iti drivermu 1 tahun bangkrut lo. skrg sudah bnyak aplikasi yang cukup wa saja udah di antarkan",grab,google_play
2026-03-22 16:25:32,Herlina Manoppo,cepat datang nya,grab,google_play
2026-03-22 16:17:45,Ikbal Gobel,bagus,grab,google_play
2026-03-22 16:14:02,Toni Kurniawan,"lebih menggunakan jalur yang lebih dekat, agar lebih cepat sampai tujuan",grab,google_play
2026-03-22 16:03:13,Ahmad Gunawan,Sangat Membantu.,grab,google_play
2026-03-22 15:59:47,Agustomi Tomi,memuaskan 👍,grab,google_play
2026-03-22 15:48:43,Vera Erliana,"Min, aku pesan maknan dari grapfood nunggu udah 1 jam. kenapa tiba"" pesanan di cancel dari pihak grap?",grab,google_play
2026-03-22 15:44:29,Boidawi Boidawi,"nyaman, asik ngobrol",grab,google_play
2026-03-22 15:30:46,Reni,👍👍👍👍👍,grab,google_play
2026-03-22 15:14:18,Yoga Bima,good,grab,google_play
2026-03-22 14:42:11,Wina Lestari,"tolong diperbaiki maps nya, driver suka kebingungan arah menuju titik jemput. bikin lama cust yg nunggu apalagi kl lagi buru buru",grab,google_play
2026-03-22 14:26:32,Amelia Ramadhani Putri,"aplikasi pengecut, dimana hati lu owner? kenapa akun gua lu tangguhkan? gua adalah anak kuliah yang sedang merantau, dan gua kost! kalo akun gua lu tangguhkan GUA HARUS MAKAN APA? KOST GUA GD KOMPOR BEGOK HAHAHAHA GW JUGA KALO MAU NYARI OJEK ONLINE GIMANAA KALO AKUN GUA LU TANGGUHKAN KOCAK? lu ban akun gw dengan alasan ""tidak mematuhi layanan grab"" gw ga merasa, gw cm mesen makan di 1 toko dan tokonya tbtb tutup setelah gw beli, lalu di cancel driver dan gw beli di toko lain, APAKAH GW SALAH?",grab,google_play
2026-03-22 14:14:01,Amelia Putri,Semuanya bagus. Kekurangannya cuma harus update versi terbaru. Gk ada k pilihan 'lain kali' atau 'nanti saja'? Kalau belum update gk bisa masuk. Itu ngeselin sih menurutku,grab,google_play
2026-03-22 14:04:32,hayang hitut76,pelayanan yang baik,grab,google_play
2026-03-22 13:45:38,Meisi Amelia,jrng dapat driver,grab,google_play
2026-03-22 13:45:04,{adelia putri},"Fitur pembatalan order di Grabfood tidak jelas, pesanan terlambat 2 jam tapi tetap ditulis tepat waktu sehingga pesanan tidak bisa dibatalkan.",grab,google_play
2026-03-22 13:42:00,Sri Murniati,Alhamdulillah lancar perjalanannya barakallahu fiik,grab,google_play
2026-03-22 13:40:01,Unlimited Contradiction,"tolong jangan paksa driver ngambil mode hemat dengan tiba2 diaktifin saat driver lagi narik. kasihan penumpang dan drivernya, kalau dicancel kena sanksi kalau diambil rugi. biar yang mau aja yang ambil. jadi driver yang nggak mau juga bisa jaga kualitas mobil dan pelayanan. soalnya rata2 penumpang hemat bikin bau dan ngotorin mobil tujuannya juga sering bikin mobil rawan rusak. masa iya bayar lebih murah tapi kualitas sama kan tidak fair, penumpang hemat dapatnya mobil kualitas rendah saja",grab,google_play
2026-03-22 13:39:26,agung eko prasetyo Wibianto,fitur apaan mesen grab xl malah suruh nunggu 10 menit,grab,google_play
2026-03-22 13:34:26,may Lisda,baik dan sopan,grab,google_play
2026-03-22 13:31:44,agus,mantap,grab,google_play
2026-03-22 13:27:36,Anggi Defa,sangat mengecewakan saya tidak mencet pesan tiba tiba pesan dan tidak dapat di cancel,grab,google_play
2026-03-22 13:26:37,Phobbi caren,"ini orderan terakhir aku pakai aplikasi ini, setiap kali order makanan selalu dibuat menunggu oleh driver nya dan kalo gag selalu di cancel ma driver nya trus gag bisa dicancel orderannya .. gag bs chatt penjualnya buat cancel .. sekali order menunggu sampe 2 jam an ... capek bgt dehhh ..",grab,google_play
2026-03-22 13:21:42,Anik 05,bagus,grab,google_play
2026-03-22 13:07:36,Kamen ryder,Uwuuaaaeejj.. Jelek,grab,google_play
2026-03-22 12:51:52,Siti Fadilah,"saya sebenarnya tak faham kenapa akun saya di bekukan, padahal saya jarang bukak apk ni dan bila ada hal mustahak baru saya bukak apk ni tapi kenapa jadi begini ya tuan?",grab,google_play
2026-03-22 12:49:03,Restu Prayogo,di saat momen raya gini malah susah cari driver! bagaimana ini?,grab,google_play
2026-03-22 12:41:46,mama eka,"Terbaik pemandunya,ramah dan mesra dengan penumpang Semoga uncle sehat selalu ye Aamiin",grab,google_play
2026-03-22 12:41:40,Desi Fitriani,promo grab hemat semakin hari semakin naik. katanya salamanya 7rb. sekarang malah sampai 10rb lebih. berlangganan pun promonya terbatas,grab,google_play
2026-03-22 12:16:34,Ikyy 12,"baik,",grab,google_play
2026-03-22 12:14:15,Maz Than,bagus,grab,google_play
2026-03-22 12:01:49,Wulandari Kamila,terimakasih grab,grab,google_play
2026-03-22 12:00:18,Rafiul Fajri,idiot lag,grab,google_play
2026-03-22 11:51:56,Khusnul Mukaromah,"aplikasi ga jelas, susah banget nyari driver pernah nyari driver sampe 1 jam ga dapet²",grab,google_play
2026-03-22 11:49:35,Wahyudi,mesan makanan dari masa hampir 2 jam ga dapet driver kacauuuu kacau kasi aja bintang satu,grab,google_play
2026-03-22 11:48:34,asat rawr,setiap mau mesen grap selalu lama dan di kensel Mulu saya bisa di kesel sampai 2-4 kali kalo lagi rezeki bisa 1 kali doang tolong perbarui aplikasi ini menjadi kasih orang yg niat mau nganter dan niat jadi kita gak harus nunggu lama dan juga pas udh dapet abis itu udh Deket malah di kensel kan bikin cape udh nungguin lama malah di kensel tolong kasih pelayanan yg baik,grab,google_play
2026-03-22 11:33:33,Sultan72 Baehaq,manfaat,grab,google_play
2026-03-22 11:10:47,Ferdian Firmansyah,bagus cepat tepat waktu sampe nya,grab,google_play
2026-03-22 11:06:29,Rizky Ikram,nice,grab,google_play
2026-03-22 10:59:37,TKSKB madiun,baik dalam perjalanan,grab,google_play
2026-03-22 10:54:40,Kall Kall,aplikasi baguss dan bisa membantu kita untuk membeli makanan,grab,google_play
2026-03-22 10:47:29,Fian Andrianto,Harga Terjamin Murah,grab,google_play
2026-03-22 10:41:14,Yuma 88,cepat ramah dan tepat semoga grab semakin di depan,grab,google_play
2026-03-22 10:39:51,Tia Heri,terimakasih,grab,google_play
2026-03-22 10:22:21,Jahra Auliarahma,bagus bagus,grab,google_play
2026-03-22 10:19:31,Rakhmad sugih hartono,good,grab,google_play
2026-03-22 10:02:47,Ayu Rusmini,ok,grab,google_play
2026-03-22 10:02:04,Nilawati Marzuki,"dr dulu ma grab ga pernah kecewa, teruslah lebih baik",grab,google_play
2026-03-22 09:52:45,Fitri Liza,mantap,grab,google_play
2026-03-22 09:47:44,rivan ramadhann,oke,grab,google_play
2026-03-22 09:34:56,Fauziah 01agustus,Jelek jangan instal,grab,google_play
2026-03-22 09:29:21,Melinda Putri,parah orderan ga ada yg bisa pick up padahal mitra banyak. ini gr2 sistem berlangganan ga sih ??? tolong dong jangan zholim.,grab,google_play
2026-03-22 09:22:30,Della Apriska,jelek mahal banget naek nya 100% gilaaa,grab,google_play
2026-03-22 09:21:40,Armin Hardi,nyaman,grab,google_play
2026-03-22 09:06:39,Oktaviani Arum,bagus,grab,google_play
2026-03-22 08:58:02,M.Mashudin Dimas,Terima kasih grab bantu saya di harivsibuj,grab,google_play
2026-03-22 08:57:48,Reyneldis Jay,sangat membantu,grab,google_play
2026-03-22 08:53:58,Mulyati Klaten,ok,grab,google_play
2026-03-22 08:31:25,Haris Jindan,ok respon ciip,grab,google_play
2026-03-22 07:39:14,Supriyani Yani,pengemudi nya cepat datang n sesuai aplikasi,grab,google_play
2026-03-22 07:35:48,Abu Shofwan,"over all bagus, harga juga kompetitif",grab,google_play
2026-03-22 07:34:24,Hendy Subakti,pelayanan memuaskan dan driver rama tama,grab,google_play
2026-03-22 05:56:11,vincen sinaga,berapa jam lagi tunggu orderlan aplikasi jelek kali,grab,google_play
2026-03-22 05:49:40,Akhmad fandoli,kemarin saya baru kemalingan dan memakai jaket grab knepa orang sperti itu bisa masuk ke komunitas grab ..dan knpa gran sendiri tidak mmberikan sanksi tegas kepada pelaku pencurian ..saya sangat menyangangkan skali itu,grab,google_play
2026-03-22 05:10:23,Eva Rubijanti,cari driver susah apa lagi pas hujan,grab,google_play
2026-03-22 04:51:44,Sri Iriani,tepat waktu,grab,google_play
2026-03-22 04:22:27,Alex Aprian,puas sekali,grab,google_play
2026-03-22 02:42:24,Nazril Febriant Maulana,bnyakin diskon,grab,google_play
2026-03-22 01:00:29,Immanuel Natanael Hutasoit,"driver sesuka hati membatalkan pesanan,tapi customer ga bisa batalkan pesanan anehnya mencari driver sangat sulit sampai memakan waktu 2jam",grab,google_play
2026-03-22 00:58:05,OLOANOVARI SIREGAR,driver nya lama nunggu 1 jam ga jalan2,grab,google_play
2026-03-22 00:54:10,Delevoler Zin,buat fitur grabfoodnya sangat buat kecewa masak mau pesen makan harus nunggu lama biar bisa dapat driver giliran udah dapat nunggu lama lg karna makanannya baru dimasak terus mau di cancel jg gk bisa. tolong dong sistemnya di perbaiki,grab,google_play
2026-03-21 23:54:46,Dian Maharani,"jelek banget, dan paling males kalo pesen di grab, pasti lama banget dapet driver nya. padahal dari toko udah konfirmasi, kalo makanan udah siap, tapi sampe 1 jam ngga dapet driver, dibatalin juga ngga bisa. harga ongkir nya tuh mahal banget, udah mah mahal, masih lama pula dapet drivernya. kaya estimasi yang diberikan tuh bener"" diikuti, padahal lebih cepat kan lebih baik, ini ngga. pernah pesen pas hujan, si driver malah minta tambahan ongkir, padahal pembayaran non tunai, apa dah.",grab,google_play
2026-03-21 23:50:40,Leo Punto,pelayanan makin menurin dan tarif tidak masuk akal di jam tertentu,grab,google_play
2026-03-21 23:22:21,Bunda Ceria,"pelayanan driver (khusunya grab car) mayoritas tidak ramah, pada sakit gigi, kurang respon, jutek dan cuek. jadi merasa gak nyaman klo di dalam mobil selama perjalanan dg sikapnya yg dingin. seremmmm...",grab,google_play
2026-03-21 23:18:24,Fellita Ar,trimakasih pak udah sabar nungguin..,grab,google_play
2026-03-21 23:15:49,Didi Kurniawan,ok,grab,google_play
2026-03-21 23:11:26,Dayat Sky,aplikasi jelek harga gak pernah standart sesukanya naikin hargaaaaa!!!!,grab,google_play
2026-03-21 22:55:56,Aditio Rachman,"Tulisannya sii ""Kami sangat menghargai waktu anda"" TAPI KENAPA 1 JAM LEBIH GA DAPET DRIVER GRABFOOD DAN GABISA DIBATALIN SIIHH!!??? Mending saya beli sendiri kan jadinya, Haloooo harusnya setidaknya 15-20 menit ga ada driver yaa dibatalin laahhh kocak.. Rugi waktu woii udah banyak juga saya liat di komen masalah ini.. Benahin atau tetap bintang 1 SANGAT TERIMAKASIH",grab,google_play
2026-03-21 22:39:57,Tubagus Ishaq,puas dan nyaman terima kasih,grab,google_play
2026-03-21 22:28:52,Fitriyah LM,"ga banget, udah nungguin pesanan lama² sampe tengah malem taunya dibatalkan oleh penjualnya, mana posisi lagi laper²nya lagi, kapok.",grab,google_play
2026-03-21 22:24:38,Afifah Ula Mezzaluna,susah cari driver,grab,google_play
2026-03-21 22:09:26,widiyani khairunnisa,saya pesan grba food sudah 2 jam menunggu makanan saya tiba tiba cancel dengan alasan tidak ada pengemudi. padahal banyak driver disekitar lokasi.,grab,google_play
2026-03-21 22:07:49,Sodikin Delikino,"sangat buruk,tdk bisa di pergunakan pd hp ini",grab,google_play
2026-03-21 22:04:49,Zulaika Pramesti,"kecewa banget kali ini, padahal udh biasa pake grab pulang pergi selama 3 tahun tapi baru kali ini kejadian, yang hemat tiba tiba gak ada dan harga naik pesat padahal jarak tempuh dekat! normalnya 6.500 hari ini tadi malah jadi 27.500 padahal aku ga pernah cancel driver kalo emang ga kepepet bangett. heran bgt aku sama grab, padahal dari akun lain masih oke harganya. jadi males pake grab mending pindah ke sebelah. update:setelah aku cek lagi harganya pas aku udh dirumah harga udh normal, maksud?",grab,google_play
2026-03-21 21:50:28,Fajar Saputra,mantap,grab,google_play
2026-03-21 21:35:57,Repen Jellek,bagus,grab,google_play
2026-03-21 21:35:56,ainakanayapu,"kecewa sih, lagi laper lapernya malah gak ada grab yang mau nerima pesenan",grab,google_play
2026-03-21 21:34:22,Rizky Hendra,"aplikasi apa ini,,driver bawa uang kembalian tp ga bsa nangani,,,kalah sama apk sebelah,,fast respon...",grab,google_play
2026-03-21 21:34:08,Thisna Itsme,"pesen grabfood udh nunggu hampir sejam klo gk bisa knp di tambah lg waktunya, komplen sm mba nya katanya di sistem",grab,google_play
2026-03-21 21:32:21,Taufik Hidayat,cukup membantu,grab,google_play
2026-03-21 21:32:08,Dias Rehan,"Aplikasinya lebih banyak errornya sekarang dan benefit grabunlimitednya juga berasa kurang banyak dari minimal ongkir makanan dan vouchernya. Driver susah ditemukan, dapat notif buat ganti resto yg lebih dekat driver malah gabisa dicancel dan diganti. Ga jelas managemennya buat info ke customer.",grab,google_play
2026-03-21 21:28:29,urusanumum rsjms,pengemudi recommended,grab,google_play
2026-03-21 21:24:24,Bihan Arqana,lelet bgt dateng nya .,grab,google_play
2026-03-21 21:19:08,Francisko Xaverio,Mantap,grab,google_play
2026-03-21 21:16:45,Z-BEB 0838,sempurna,grab,google_play
2026-03-21 20:59:28,M Syukur IIbrahim Siregar,mantap,grab,google_play
2026-03-21 20:51:22,Andri Susanto,sering telat mengantarkan pesanan food,grab,google_play
2026-03-21 20:50:14,Bangai66 Ai66,"kadang susah carinya,udah di naikkin ke yg malah tetep aja,padahal klo lebaran banyak org""yg berpergian,tapi ini malah gada yg mau ngambil",grab,google_play
2026-03-21 20:42:25,Griya Ilmu,mantap semuanya,grab,google_play
2026-03-21 20:39:52,Luluk Musyarofa,oke,grab,google_play
2026-03-21 20:26:01,yura kim,"tidak bisa cancel, harus menunggu 1,5 jam tanpa info tanpa kepastian tiba-tiba di batalkan sepihak, waktu terbuang percuma",grab,google_play
2026-03-21 20:22:49,Nafi Nofi,aplikasi suka eror dan maps tidak jelas,grab,google_play
2026-03-21 20:16:23,noeflin,fitur qris dan tunai ada tapii kenapa tidak bisa di gunakan?? sllu disuruh ganti klw mau pakai metode ituu. gmna sihh,grab,google_play
2026-03-21 20:08:52,Nur Chomiatun,DRIVER NYA RAMAH-RAMAH GA KAYAK APK SEBELAH!!!,grab,google_play
2026-03-21 20:06:20,Fakhira Dwi Agustia Putri,"pesan makanan dari yang sebelumnya nunggu 30 menit malah jadi 1,5 jam. tolong diperbaiki lagi, chat dengan kurir juga tidak bisa",grab,google_play
2026-03-21 19:51:05,Rhoki Apriyono,pelayanan kurang memuaskan dan laporan pembatalan saya tidak di respon..,grab,google_play
2026-03-21 19:18:07,Henry Perwira Negara,tepat waktu,grab,google_play
2026-03-21 19:16:56,Abdul Rosyid,menyeronokkan,grab,google_play
2026-03-21 19:09:46,Zidane Ghifarinnur,sedih grab hemat udah gada,grab,google_play
2026-03-21 19:04:21,Gege Clicers,"2 jam nunggu makana dateng, eh otomatis di-cancel. sistem nya ga bisa beradaptasi. katanya inovasi",grab,google_play
2026-03-21 19:03:10,Alli Ridho,ok,grab,google_play
2026-03-21 18:51:11,Agus Muslim,bagus banget,grab,google_play
2026-03-21 18:47:44,Ardan khalif Al faeyza,Sangat baik,grab,google_play
2026-03-21 18:25:16,wahyu widodo,ramah,grab,google_play
2026-03-21 18:18:47,fergie nararya,mantap selalu menjadi penolong di saat si butuhkan,grab,google_play
2026-03-21 18:17:03,Niwan Lase,terimakasih,grab,google_play
2026-03-21 18:05:02,Nawwaf Syihabuddin Yafiq,cepat murah ramah kurir nya,grab,google_play
2026-03-21 18:00:46,Steven Yuki,ga expect SM driver nya pilih2 penumpang..,grab,google_play
2026-03-21 17:53:16,Abdillah Yusuf,sangat membantu sekali dalam kebutuhan dan mobilitas yang cepat,grab,google_play
2026-03-21 17:47:54,Tardin Doank,sangat bagus dan nyaman,grab,google_play
2026-03-21 17:45:45,Andi Setiawan,"Aplikasi sampah. Susah sekali cari driver. Sudah bayar Rp 11.000 untuk pengantaran prioritas yang lamanya sampai 83 menit udah gitu masih saja tidak mendapatkan driver. GRAB benar-benar sampah, harga makanan jauh lebih mahal, susah dpt driver, sering telat. Mending uninstall saja. DAJAL banget",grab,google_play
2026-03-21 17:40:09,Gilbert juloys Dadi,mau login aplikasi untuk pesan makanan aja ribetnya minta ampun,grab,google_play
2026-03-21 17:33:41,febinur07,saya pesan grabfood 2 jam tidak sampai👎,grab,google_play
2026-03-21 17:31:15,Ahmad Pasker,👍,grab,google_play
2026-03-21 17:23:50,Wiwik Mei Puspita Sari,jelek bgt grab dapatnya jauh2 aku ketinggalan bis 😭😭😭,grab,google_play
2026-03-21 17:18:18,Rohmawati,"baru kali ini kami jumpa supir yang ramah betul ..,",grab,google_play
2026-03-21 17:13:21,Rizky Ardiansyah,mantab,grab,google_play
2026-03-21 17:00:49,Suga Rey,pengemudi ramah membantu,grab,google_play
2026-03-21 16:55:48,Azis,sekarang onkos nya mahal jadi gak berani pake grab,grab,google_play
2026-03-21 16:51:20,Oktaviani,mantap,grab,google_play
2026-03-21 16:34:20,Jolodong Jaimen,harga nya ngak masuk akal masak biasa nya 20 bisa sampe 70 ngerii naik ia naik tapi gak segitu juga lahh,grab,google_play
2026-03-21 16:28:26,ramos rambalangi,ongkirnya jadi mahal bgt,grab,google_play
2026-03-21 16:18:50,Aisyah Putri,grab sangat terbantu dan terbaik,grab,google_play
2026-03-21 16:14:08,Hary Hary bro,wow,grab,google_play
2026-03-21 16:07:25,Aditya Tardelli,"ini edan pesen jam 4 datang jam 6, 2 jam nunggu, ngga ada opsi pembatalan",grab,google_play
2026-03-21 15:50:55,Vengki Assegaf,selalu tingkat kan playanan yg lebih prima ya,grab,google_play
2026-03-21 15:45:42,dayat be es,Bagus Tenan,grab,google_play
2026-03-21 15:28:54,SUDIHARTO,the best performance,grab,google_play
