date,username,content,brand,source,clean_content,sentiment
2026-04-11 11:03:08,Mochammad Rasya Putra,"bagus banget, tapi kadang drivernya salah jemput orang jadi lama, lain kali lebih teliti drivernya khususnya motor.",gojek,google_play,"bagus banget, tapi kadang drivernya salah jemput orang jadi lama, lain kali lebih teliti drivernya khususnya motor.",positive
2026-04-11 11:00:19,Jerry William,the man,gojek,google_play,the man,negative
2026-04-11 10:58:46,Killua Hunter,good,gojek,google_play,good,positive
2026-04-11 10:43:15,Helmi Ardiyansyah,"sistem elu perlu di benerin gua uda selesai kan pesanan dan kasih tip tapi muncul lagi pop up sehingga GUA Dobel kasih TIP, kalo uda selesai jangan muncul kan lagi kaya jebakan aja",gojek,google_play,"sistem elu perlu di benerin gua uda selesai kan pesanan dan kasih tip tapi muncul lagi pop up sehingga gua dobel kasih tip, kalo uda selesai jangan muncul kan lagi kaya jebakan aja",negative
2026-04-11 10:36:09,Junaedi Gondang,jos,gojek,google_play,jos,negative
2026-04-11 10:15:32,Aline Laluan,semangat pejuang rupiah,gojek,google_play,semangat pejuang rupiah,neutral
2026-04-11 10:06:52,Margaretha Wenehen,baik dan cepat,gojek,google_play,baik dan cepat,positive
2026-04-11 10:04:37,Fawwaz Javier,"Makin hari driver makin slengean, mau ngirim gosend mobil mereka pada nerima orderan, tapi posisi ga pernah gerak, di chat ceklis 2 ga dijawab, payahhh pada sok semua",gojek,google_play,"makin hari driver makin slengean, mau ngirim gosend mobil mereka pada nerima orderan, tapi posisi ga pernah gerak, di chat ceklis 2 ga dijawab, payahhh pada sok semua",negative
2026-04-11 09:56:51,dian hardian,ok,gojek,google_play,ok,negative
2026-04-11 09:52:14,Otin Otin,good,gojek,google_play,good,positive
2026-04-11 09:44:37,Riswan Ahsanullah,mantap,gojek,google_play,mantap,positive
2026-04-11 09:30:02,Tatang Muchtar,gojek...pokoknya terbaik.,gojek,google_play,gojek...pokoknya terbaik.,positive
2026-04-11 09:26:42,Black Brown,oke,gojek,google_play,oke,negative
2026-04-11 09:23:00,Wiwit Pujiwati,aplikasi mantap dah pokoknya,gojek,google_play,aplikasi mantap dah pokoknya,positive
2026-04-11 09:15:21,Maria Wulansari,membantu mobilitas kita,gojek,google_play,membantu mobilitas kita,neutral
2026-04-11 08:55:19,Supri Yadi,👍,gojek,google_play,👍,negative
2026-04-11 08:31:12,Budiansyah,"100x saya pakai gosend tapi 100x saya disuruh kirim SMS,pulsa saya habis disitu doang,ini kenapa ya,kok minta verifikasi terus,kan udah ke link BCA saya dengan gopay",gojek,google_play,"100x saya pakai gosend tapi 100x saya disuruh kirim sms,pulsa saya habis disitu doang,ini kenapa ya,kok minta verifikasi terus,kan udah ke link bca saya dengan gopay",negative
2026-04-11 08:16:43,Wawan Fiqrawansyah,mantap,gojek,google_play,mantap,positive
2026-04-11 08:11:32,Rori Disdik,gojek oke,gojek,google_play,gojek oke,neutral
2026-04-11 07:34:47,Krisyanto Wahyudi Wijaya,"Armada buat di bandara diperbanyak lah, gila aja list antriannya sampe 30 update walaupun list antrian sedikit armadanya memang gk banyak, saya list antrian nomor 1 tapi tetep nunggu 10mnit+ baru mobil dateng khususnya diterminal 2 cgk",gojek,google_play,"armada buat di bandara diperbanyak lah, gila aja list antriannya sampe 30 update walaupun list antrian sedikit armadanya memang gk banyak, saya list antrian nomor 1 tapi tetep nunggu 10mnit+ baru mobil dateng khususnya diterminal 2 cgk",negative
2026-04-11 07:01:20,DennyS,lamanya pencarian..dasar sampah.dapet 6 menit aja dicancel sama driver.dicari lagi malah dikasih 11 menit.emang sampah..ntar kalo driver dikasih rating jelek yg salah aplikasinya dong,gojek,google_play,lamanya pencarian..dasar sampah.dapet 6 menit aja dicancel sama driver.dicari lagi malah dikasih 11 menit.emang sampah..ntar kalo driver dikasih rating jelek yg salah aplikasinya dong,negative
2026-04-11 06:31:53,Yostan Seubelan,keren banget aplikasinya sangat membantu,gojek,google_play,keren banget aplikasinya sangat membantu,positive
2026-04-11 06:24:41,Annita Komariati,"bagus layanannya, cuma kadang titik tujuan kadang tepat dan tidak",gojek,google_play,"bagus layanannya, cuma kadang titik tujuan kadang tepat dan tidak",positive
2026-04-11 06:23:34,Wiwin Winengsih,"biar aku kasih tau ya gojeg pinjam nya gk amqnah,masa udh lunas tgl 7 april sekarang di tagih lagi begini cara lyanannya mending klo gk suka ngancem2 sya..😭😭",gojek,google_play,"biar aku kasih tau ya gojeg pinjam nya gk amqnah,masa udh lunas tgl 7 april sekarang di tagih lagi begini cara lyanannya mending klo gk suka ngancem2 sya..😭😭",negative
2026-04-11 05:51:30,Wafidz Bontot,Ok,gojek,google_play,ok,negative
2026-04-11 04:46:15,Enny Wahyu Lestari,gak pernah mengecewakan,gojek,google_play,gak pernah mengecewakan,positive
2026-04-11 04:33:42,Budi Anto,good,gojek,google_play,good,positive
2026-04-11 04:27:53,Ahmad Wahyu saputra,aplikasi keren. dan sangat membantu saya. terutama kalo lagi.mager belanja ..,gojek,google_play,aplikasi keren. dan sangat membantu saya. terutama kalo lagi.mager belanja ..,positive
2026-04-11 03:54:49,Rani Chainurahmi,Sulit dibuka . N tidak bs diunduh,gojek,google_play,sulit dibuka . n tidak bs diunduh,negative
2026-04-11 03:00:21,Aditya Firdaus,Apk. ini cukup menarik. Tolong lebih di tingkatkan lagi ... 😎👍❤️🔥🔥🔥,gojek,google_play,apk. ini cukup menarik. tolong lebih di tingkatkan lagi ... 😎👍❤️🔥🔥🔥,positive
2026-04-11 02:29:02,Lilik Winarto,Drivernya ramah dan sopan,gojek,google_play,drivernya ramah dan sopan,positive
2026-04-11 02:22:35,Priatno Pratama,Ok,gojek,google_play,ok,negative
2026-04-11 02:07:27,Dariz Nino,The Best..👍🏼,gojek,google_play,the best..👍🏼,positive
2026-04-11 00:38:27,Anto Tono,ok,gojek,google_play,ok,negative
2026-04-11 00:30:28,Kus Nadie,sangat membantu sekali,gojek,google_play,sangat membantu sekali,positive
2026-04-11 00:12:33,Joko Suwiryono,"Oke,",gojek,google_play,"oke,",negative
2026-04-10 23:59:26,Endah Pratiwi,"gara2 1 driver saya d caci maki makanya saya kasih bintang 1 , saya baik2 chat minta foto karena apa rumah saya banyak masuk gang2 , kasian awalnya kalo kelebihan atau salah masuk gang , tapi driver malah caci maki saya dengan kata2 kotor , tolonglah gojek lebih detail lg cari driver , saya baru kali ini d caci maki sama driver daei aplikasi gojek , giliran mau saya samperin dia kabur",gojek,google_play,"gara2 1 driver saya d caci maki makanya saya kasih bintang 1 , saya baik2 chat minta foto karena apa rumah saya banyak masuk gang2 , kasian awalnya kalo kelebihan atau salah masuk gang , tapi driver malah caci maki saya dengan kata2 kotor , tolonglah gojek lebih detail lg cari driver , saya baru kali ini d caci maki sama driver daei aplikasi gojek , giliran mau saya samperin dia kabur",negative
2026-04-10 23:53:47,Juragan Game,"payah. masa verifikasi nya 2 kali, kode OTP di kirim Ke WA, trs dikirim ke email. ga kaya GRAB cukup ke WA atau SMS",gojek,google_play,"payah. masa verifikasi nya 2 kali, kode otp di kirim ke wa, trs dikirim ke email. ga kaya grab cukup ke wa atau sms",negative
2026-04-10 23:39:35,galih ramdani,mantab,gojek,google_play,mantab,neutral
2026-04-10 23:28:54,sugeng adi nugroho,bermanfaat,gojek,google_play,bermanfaat,positive
2026-04-10 23:26:26,Andrew Martin,enjoy,gojek,google_play,enjoy,negative
2026-04-10 23:25:53,Dea Amanda,sgt membantu,gojek,google_play,sgt membantu,positive
2026-04-10 23:21:49,Triman Riyadi,Saya doakan gojek tetap sukses,gojek,google_play,saya doakan gojek tetap sukses,positive
2026-04-10 23:16:54,Supi Bania,terimakasih,gojek,google_play,terimakasih,neutral
2026-04-10 23:15:49,M.kholid alif Al kaustar,driver pada egois malem2 pesen gocar niat mau kejar kreta terakhir ke Rangkas gagal kelamaan nunggu driver GK jalan² alhasil tidur di stasiun,gojek,google_play,driver pada egois malem2 pesen gocar niat mau kejar kreta terakhir ke rangkas gagal kelamaan nunggu driver gk jalan² alhasil tidur di stasiun,negative
2026-04-10 23:01:49,Luthfita Afrilliska,oke,gojek,google_play,oke,negative
2026-04-10 23:01:29,Febe Khumala Dewi,awesome,gojek,google_play,awesome,negative
2026-04-10 22:58:47,Keysar Fathur,bagus dahh,gojek,google_play,bagus dahh,positive
2026-04-10 22:58:11,Andi Ban'na,mantap terpercaya,gojek,google_play,mantap terpercaya,positive
2026-04-10 22:54:55,Mr Dhanztt,gak guna aplikasinya,gojek,google_play,gak guna aplikasinya,negative
2026-04-10 22:48:39,Mochamad Yanuar,🙏🙏🙏🙏Akun Driver Mitra Juara Langganan Gacor🙏Di Prioritasin Oderan Goride tiap Hari👍🙏🙏🙏,gojek,google_play,🙏🙏🙏🙏akun driver mitra juara langganan gacor🙏di prioritasin oderan goride tiap hari👍🙏🙏🙏,positive
2026-04-10 22:42:51,fibi wulan rahayu,makin sini dapet driver makin susah,gojek,google_play,makin sini dapet driver makin susah,negative
2026-04-10 22:29:42,Rachma wati,bapak drivernya ramah & hati² pake motor nya,gojek,google_play,bapak drivernya ramah & hati² pake motor nya,positive
2026-04-10 22:23:31,Sarah Nurafifah,semenjak ada aplikasi ini semua jadi mudah lov lov lah sekebon♥️,gojek,google_play,semenjak ada aplikasi ini semua jadi mudah lov lov lah sekebon♥️,positive
2026-04-10 22:22:52,Ami mimi,sangat membantu dan memudahkan,gojek,google_play,sangat membantu dan memudahkan,positive
2026-04-10 22:06:48,biindy bmk,"dzolim bgt sumpah sama driver. driver bener2 di paksa bgt untuk ikut program gacor, kalo ngga ya gk di kasih orderan! skalipun dpt orderan ya orderan sampah, yg jemputnya jauhhh nganternya deket argo minimalis. ikut program gacor tarifnya kecil potonganya gede. bisa kebeli gnti bensin aja udh Alhamdulillah. kasian driver yg pure kerjanya ngandelin gojek.kita yg selingan aja brasa bgt apalgi mereka ! tolong lah manusiawi dikit jgn mikirin keuntungan prusahaan doang !",gojek,google_play,"dzolim bgt sumpah sama driver. driver bener2 di paksa bgt untuk ikut program gacor, kalo ngga ya gk di kasih orderan! skalipun dpt orderan ya orderan sampah, yg jemputnya jauhhh nganternya deket argo minimalis. ikut program gacor tarifnya kecil potonganya gede. bisa kebeli gnti bensin aja udh alhamdulillah. kasian driver yg pure kerjanya ngandelin gojek.kita yg selingan aja brasa bgt apalgi mereka ! tolong lah manusiawi dikit jgn mikirin keuntungan prusahaan doang !",negative
2026-04-10 21:57:04,Dohiah Jaki,mantaaap,gojek,google_play,mantaaap,neutral
2026-04-10 21:54:14,Muhamad Rizal Nurdin,sangat ok sangat membantu,gojek,google_play,sangat ok sangat membantu,positive
2026-04-10 21:54:07,Irwan Lombonaung,"gojek sekarang jelek pake banget. dulu orderan paling lama 30 menit, skrg bahkan paling cepat 50 menit. trs harga aplikasinya gk ngotak. contoh sy tadi ke gyumbox lotte avenue liat harga di gofood nasi ikan tongkol balado harganya Rp. 60.600 belum termasuk ongkir. tapi klo lgsg di tempatnya cuma sekitar 37rb, dan sdh include tax. gila sih harga di aplikasi gofoodnya mahal benar 🫠🫠🫠, dari resto dapat gede, dapat potongan dari argo juga lumayan. kacau banget sih. 🥲🥲🥲",gojek,google_play,"gojek sekarang jelek pake banget. dulu orderan paling lama 30 menit, skrg bahkan paling cepat 50 menit. trs harga aplikasinya gk ngotak. contoh sy tadi ke gyumbox lotte avenue liat harga di gofood nasi ikan tongkol balado harganya rp. 60.600 belum termasuk ongkir. tapi klo lgsg di tempatnya cuma sekitar 37rb, dan sdh include tax. gila sih harga di aplikasi gofoodnya mahal benar 🫠🫠🫠, dari resto dapat gede, dapat potongan dari argo juga lumayan. kacau banget sih. 🥲🥲🥲",negative
2026-04-10 21:36:18,putri cindy,terimakasih,gojek,google_play,terimakasih,neutral
2026-04-10 21:32:57,HiyartendaOfficial,"Aplikasi nya agak lelet ya, di aplikasi masih jauh, tp padahal udh nyampe di depan, tp drivernya oke oke aja",gojek,google_play,"aplikasi nya agak lelet ya, di aplikasi masih jauh, tp padahal udh nyampe di depan, tp drivernya oke oke aja",negative
2026-04-10 21:15:34,Jepri Dwi Pangestu,lama dpet driver skrng. krisis ojol. kalau dh d perbaharui. kembali bintang 5,gojek,google_play,lama dpet driver skrng. krisis ojol. kalau dh d perbaharui. kembali bintang 5,negative
2026-04-10 21:14:55,Putri Khairunnisa,banyak driver yang tidak merespon orderan .sudah nunggu lama tidak ada respon .maaf bagus aplikasi grab kayanya .respon lebih baik,gojek,google_play,banyak driver yang tidak merespon orderan .sudah nunggu lama tidak ada respon .maaf bagus aplikasi grab kayanya .respon lebih baik,positive
2026-04-10 21:13:50,Sumi Ati,sangat mngecewakan tiba² ada pesanan minuman pdhl ga pesen sama sekali seharian juga g buka ni apk,gojek,google_play,sangat mngecewakan tiba² ada pesanan minuman pdhl ga pesen sama sekali seharian juga g buka ni apk,negative
2026-04-10 21:12:42,Ridwan Gilang Ramadhan,potongan terlalu mhl,gojek,google_play,potongan terlalu mhl,negative
2026-04-10 21:11:45,semestaa abadi,sengaja terima orderan dari jarak jauh biar di cancel dan costumer dapat potongan 3000 /cancel karena mempertimbangkan jarak yang jauh curang bangett,gojek,google_play,sengaja terima orderan dari jarak jauh biar di cancel dan costumer dapat potongan 3000 /cancel karena mempertimbangkan jarak yang jauh curang bangett,negative
2026-04-10 20:57:32,Rani Chainurahmi,cukup baik,gojek,google_play,cukup baik,positive
2026-04-10 20:56:27,Asep Supriatna,sangat membantu disaat perlu transfortasi yg cepat hemat dan efisien waktu.,gojek,google_play,sangat membantu disaat perlu transfortasi yg cepat hemat dan efisien waktu.,positive
2026-04-10 20:56:04,イグザ・マヘンドラ,susah banget cari driver plerr,gojek,google_play,susah banget cari driver plerr,negative
2026-04-10 20:55:38,Sakila Kila,APK JELEKK BANYAK DRIVER TITIK NYA YNG DKET TP SKRG JD SUSAH GADA YANG AMBIL PDHL DEKET TITIKNYA,gojek,google_play,apk jelekk banyak driver titik nya yng dket tp skrg jd susah gada yang ambil pdhl deket titiknya,negative
2026-04-10 20:53:55,fuan ridho,cepat dn ramah,gojek,google_play,cepat dn ramah,positive
2026-04-10 20:48:49,Cak Fuad,SUDAH DAPET DRIVER PADAHAL DI MAP BUANYAK,gojek,google_play,sudah dapet driver padahal di map buanyak,negative
2026-04-10 20:48:08,Arif Setianto,"Pindah indrive saja, Tarif disini kadang ga ngotak...",gojek,google_play,"pindah indrive saja, tarif disini kadang ga ngotak...",negative
2026-04-10 20:41:47,Muhammad Akbar,cepetttt banget sampe nya,gojek,google_play,cepetttt banget sampe nya,negative
2026-04-10 20:34:36,Yuri Chewan,"jujur ya aplikasi ini tuh susah banget buat dapetin driver di situasi tertentu dan pada saat yg urgent, bayangin aja, malam malam pulang dari bus, mau balik ga ada driver sama sekali, udah nunggu berjam-jam ga dapet driver, alhasil jalan kaki, dan pas agak jauhan malah nemu driver",gojek,google_play,"jujur ya aplikasi ini tuh susah banget buat dapetin driver di situasi tertentu dan pada saat yg urgent, bayangin aja, malam malam pulang dari bus, mau balik ga ada driver sama sekali, udah nunggu berjam-jam ga dapet driver, alhasil jalan kaki, dan pas agak jauhan malah nemu driver",negative
2026-04-10 20:34:23,Yusqi Yusuke,skrg dapat driver jauh2 padahal saya pakai tarif biasa bukan yang hemat,gojek,google_play,skrg dapat driver jauh2 padahal saya pakai tarif biasa bukan yang hemat,negative
2026-04-10 20:32:15,Fauzi Ahmad,sangat baik,gojek,google_play,sangat baik,positive
2026-04-10 20:27:48,Afiqa Dwi yani,enak banget kalo kemana mana bisa langsung pesan gocar terus ada gofood sama gofood tapi dia makanan sehat sama ada goride,gojek,google_play,enak banget kalo kemana mana bisa langsung pesan gocar terus ada gofood sama gofood tapi dia makanan sehat sama ada goride,positive
2026-04-10 20:26:33,Sakutkun Yagami,"Apk anehh ada rute yang lebih deket malah milih rute yang lebih jauh otomatis biaya jadi lebih tinggi hadehh, sama jangan dipisah donkk apk gopay sama gojek ngeribetin aja jadiin satu apk aja biar user experiencenya enak pelanggan juga jadi bisa ngakses banyak fitur di satu apk aja, anehh malah dipisah gojek sma gopay",gojek,google_play,"apk anehh ada rute yang lebih deket malah milih rute yang lebih jauh otomatis biaya jadi lebih tinggi hadehh, sama jangan dipisah donkk apk gopay sama gojek ngeribetin aja jadiin satu apk aja biar user experiencenya enak pelanggan juga jadi bisa ngakses banyak fitur di satu apk aja, anehh malah dipisah gojek sma gopay",negative
2026-04-10 20:16:33,Xpander Putih,sangat membantu,gojek,google_play,sangat membantu,positive
2026-04-10 20:14:06,Khairunnisa Najla,"Sebagai user lama gojek saya kecewa, sekarang apa apa dibuat mahal sama gojek, ongkos kirim, dan bahkan harga makanannya. masa sekarang ongkir menyentuh 25rb dengan jarak yang ga seberapa? abis itu sekarang opsi pemilihan ongkir terbatas, di gofood misalnya, kita cuma bisa milih dua kek dipaksa, kalau pilih yang murah, nyampe makannya bisa 1,5 jam lebih, kalau mahal, mahalnya kebangetan, kebelet apaan sih gojek",gojek,google_play,"sebagai user lama gojek saya kecewa, sekarang apa apa dibuat mahal sama gojek, ongkos kirim, dan bahkan harga makanannya. masa sekarang ongkir menyentuh 25rb dengan jarak yang ga seberapa? abis itu sekarang opsi pemilihan ongkir terbatas, di gofood misalnya, kita cuma bisa milih dua kek dipaksa, kalau pilih yang murah, nyampe makannya bisa 1,5 jam lebih, kalau mahal, mahalnya kebangetan, kebelet apaan sih gojek",negative
2026-04-10 20:06:24,Siti Marsitoh,driver sangat ramah n sangat membantu saat tidak punya kendaraan 👍,gojek,google_play,driver sangat ramah n sangat membantu saat tidak punya kendaraan 👍,positive
2026-04-10 19:52:17,Risti Heriansyah,"Ngeluh soal double order otomatis malah disuruh cancel aja jawabmu, perbaiki cara kerja aplikasinya woy!! Namanya udah dapat driver dijalan kadang gak cek hp lagi, tau² ada driver lain jemput, dicancel udah gak bisa, terpaksa harus bayar double karna kasian sama driver. Jangan² akal²an nih sengaja biar dapat orderan yang merugikan konsumen hmm",gojek,google_play,"ngeluh soal double order otomatis malah disuruh cancel aja jawabmu, perbaiki cara kerja aplikasinya woy!! namanya udah dapat driver dijalan kadang gak cek hp lagi, tau² ada driver lain jemput, dicancel udah gak bisa, terpaksa harus bayar double karna kasian sama driver. jangan² akal²an nih sengaja biar dapat orderan yang merugikan konsumen hmm",negative
2026-04-10 19:50:16,Dominico Savio Galih,bagus,gojek,google_play,bagus,positive
2026-04-10 19:48:46,Bahtiar Kc,mantap jaya,gojek,google_play,mantap jaya,positive
2026-04-10 19:47:49,Krisno Septyan,kompakan apa gmn ga ada yg ambil penumpang.. seenggaknya dibuat otomatis ada lag satu driver yg ngambil.. otoritas akses ga sepenuhnya di driver.. akhirnya jd ngelirik aplikasi lain dh,gojek,google_play,kompakan apa gmn ga ada yg ambil penumpang.. seenggaknya dibuat otomatis ada lag satu driver yg ngambil.. otoritas akses ga sepenuhnya di driver.. akhirnya jd ngelirik aplikasi lain dh,negative
2026-04-10 19:35:58,Shirly Indahwati,ok,gojek,google_play,ok,negative
2026-04-10 19:33:25,Ahmad Saepulloh22,"apk busuk, bubarin aja nyari driver susah padahal udah di prioritasin!!!!",gojek,google_play,"apk busuk, bubarin aja nyari driver susah padahal udah di prioritasin!!!!",negative
2026-04-10 19:31:55,Bodo Amat,ok,gojek,google_play,ok,negative
2026-04-10 19:29:54,Silvia Cake,"PEMBELAAN CUSTUMER 99,9% DRIVER CUMA 1%",gojek,google_play,"pembelaan custumer 99,9% driver cuma 1%",negative
2026-04-10 19:14:55,Deblenk blenk,sangat membantu,gojek,google_play,sangat membantu,positive
2026-04-10 19:12:47,Agus Rahmat Riyanto,mantul,gojek,google_play,mantul,neutral
2026-04-10 19:08:24,Fauzan Fuad,"Digunakan sehari hari dan sangat membantu. Masih terdapat beberpa bugs yang sangat mengganggu, tolong segera diperbaiki. Hidup karya anak bangsa!!",gojek,google_play,"digunakan sehari hari dan sangat membantu. masih terdapat beberpa bugs yang sangat mengganggu, tolong segera diperbaiki. hidup karya anak bangsa!!",positive
2026-04-10 19:08:06,sartika satiana,oke,gojek,google_play,oke,negative
2026-04-10 19:00:45,poncokanko sabatus,ok,gojek,google_play,ok,negative
2026-04-10 18:58:01,Hanif Febrian,"gojek keren banget, saking kerennya udah ngga kayak dulu yang serba sat set. sekarang lamaaa.... bangeettt... 🫩🫩",gojek,google_play,"gojek keren banget, saking kerennya udah ngga kayak dulu yang serba sat set. sekarang lamaaa.... bangeettt... 🫩🫩",positive
2026-04-10 18:47:08,Mila Hermita,cepat,gojek,google_play,cepat,positive
2026-04-10 18:45:52,Dafa 1704,mantul pokonya,gojek,google_play,mantul pokonya,positive
2026-04-10 18:44:28,Jonathan Christovel,"nyari driver skrg drivernya sering ngecancel dulu ga kayak gini, tapi sekarang sering alasannya selalu nyari yang searah, saya bingung org2 jadi gojek niat kerja atau tidak ya? hal2 seperti ini sangat merugikan utk orang2 yg mau brngkt saya tiap kali mau beribadah kesusahan sampe 1 jam tdk mendapatkan driver, ntah gimana caranya biar saya dpt drivernya dgn cpt dan tdk repot",gojek,google_play,"nyari driver skrg drivernya sering ngecancel dulu ga kayak gini, tapi sekarang sering alasannya selalu nyari yang searah, saya bingung org2 jadi gojek niat kerja atau tidak ya? hal2 seperti ini sangat merugikan utk orang2 yg mau brngkt saya tiap kali mau beribadah kesusahan sampe 1 jam tdk mendapatkan driver, ntah gimana caranya biar saya dpt drivernya dgn cpt dan tdk repot",negative
2026-04-10 18:30:32,Syam Zaini,"aman, nyaman....",gojek,google_play,"aman, nyaman....",positive
2026-04-10 18:27:35,Zidqi ixix,ok,gojek,google_play,ok,negative
2026-04-10 17:56:11,Donny Pakaya,mantap pakai gojek,gojek,google_play,mantap pakai gojek,positive
2026-04-10 17:48:36,EKO ASIF,"susah amat sih dapetinnya. pake prioritas juga sama aja. padahal di sekitar banyak, when sih punya motor sendiri",gojek,google_play,"susah amat sih dapetinnya. pake prioritas juga sama aja. padahal di sekitar banyak, when sih punya motor sendiri",negative
2026-04-10 17:47:11,Alleyah Syahbila,sangat sangat berguna aplikasi ini karena saya selalu pergi kemana mana menggunakan apliskasi gojek pokok nya the best lah aplikasinya👍👍👍,gojek,google_play,sangat sangat berguna aplikasi ini karena saya selalu pergi kemana mana menggunakan apliskasi gojek pokok nya the best lah aplikasinya👍👍👍,positive
2026-04-10 17:40:15,Iwan Kartiwa,cuaca hujan customer dpt driver jauh suruh nunggu gak mau malah dibatalin yg kena imbas driver dapet motif..aturan apaan ini..dasar yg buat aturan gak mikir,gojek,google_play,cuaca hujan customer dpt driver jauh suruh nunggu gak mau malah dibatalin yg kena imbas driver dapet motif..aturan apaan ini..dasar yg buat aturan gak mikir,negative
2026-04-10 17:38:42,Muhammad Nasri,ter nyaman,gojek,google_play,ter nyaman,positive
2026-04-10 17:29:30,Miracle Jeremi,kocak driver pada jual mahal smua. nyari driver sampe 30 menit padahal di sekitar ada driver terdekat tapi ga ada yg mau ambil.rusak rusak,gojek,google_play,kocak driver pada jual mahal smua. nyari driver sampe 30 menit padahal di sekitar ada driver terdekat tapi ga ada yg mau ambil.rusak rusak,negative
2026-04-10 17:29:03,Pandu Prayoga,"aplikasi makin lama makin lambat, seperti tidak ada perbaikan.",gojek,google_play,"aplikasi makin lama makin lambat, seperti tidak ada perbaikan.",negative
2026-04-10 17:22:37,21 M Davva Addaini A.R,suka eror alamat kesetel sendiri,gojek,google_play,suka eror alamat kesetel sendiri,negative
2026-04-10 17:13:54,Ujang Saripudin,bagus memudah kan aktipas,gojek,google_play,bagus memudah kan aktipas,positive
2026-04-10 17:06:44,Azkia Zahra,JELEKKKK LAMA BGT NYARI DRIVERNYA SEKARANG,gojek,google_play,jelekkkk lama bgt nyari drivernya sekarang,negative
2026-04-10 17:01:18,B_Ahmad Rijaludin,"aneh banget jaringan bagus, buka aplikasi lain aman-aman aja giliran mau pesen grab tiba-tiba turun, ini masalah device apa aplikasinya sih? tolong diperbaikin sebab hal ini menyita banyak waktu saya hanya untuk menunggu jaringan kembali lancar.",gojek,google_play,"aneh banget jaringan bagus, buka aplikasi lain aman-aman aja giliran mau pesen grab tiba-tiba turun, ini masalah device apa aplikasinya sih? tolong diperbaikin sebab hal ini menyita banyak waktu saya hanya untuk menunggu jaringan kembali lancar.",negative
2026-04-10 16:59:16,Aira teto gilang,mantap,gojek,google_play,mantap,positive
2026-04-10 16:59:11,Artiyasa siddiq Permana,tolol pesanan dah di batalin malah masih di lanjutin sampai dapet driver,gojek,google_play,tolol pesanan dah di batalin malah masih di lanjutin sampai dapet driver,negative
2026-04-10 16:52:12,Dara Mahda88,sbnrnya ga adil ya klo ada rating customer tapi customer ga bisa lihat. saya dikasih tau sama gojek yg baik klo katanya rating saya turun bahkan ada yg ngasih saya bintang satu. awalnya saya ga peduli tapi ternyata itu mempengaruhi ketika kita cari gojek. padahal saya sering kasih tips secara langsung (cash) dan bintang 5 ke semua gojek maupun gosend kecuali saya lg ga ditempat krn biasanya sy pesan aplikasi emang utk kebutuhan anak saya. bukan utk saya... ga akan pake lagi gojek kayaknya. bye,gojek,google_play,sbnrnya ga adil ya klo ada rating customer tapi customer ga bisa lihat. saya dikasih tau sama gojek yg baik klo katanya rating saya turun bahkan ada yg ngasih saya bintang satu. awalnya saya ga peduli tapi ternyata itu mempengaruhi ketika kita cari gojek. padahal saya sering kasih tips secara langsung (cash) dan bintang 5 ke semua gojek maupun gosend kecuali saya lg ga ditempat krn biasanya sy pesan aplikasi emang utk kebutuhan anak saya. bukan utk saya... ga akan pake lagi gojek kayaknya. bye,negative
2026-04-10 16:50:02,Juan Juliandi,"mending benerin dah ni aplikasi, eror mulu kerjaan nya.",gojek,google_play,"mending benerin dah ni aplikasi, eror mulu kerjaan nya.",negative
2026-04-10 16:43:14,Rafael Komala,"aplikasi aman dan cepat, sangat membantu pemesanan gojek pada saat dibutuhkan untuk sarana transportasi.",gojek,google_play,"aplikasi aman dan cepat, sangat membantu pemesanan gojek pada saat dibutuhkan untuk sarana transportasi.",positive
2026-04-10 16:37:18,AK Channel,"makasih sudah diantar sampai rumah, kondisi sakit habis operasi tapi didrive dgn nyaman, thx U",gojek,google_play,"makasih sudah diantar sampai rumah, kondisi sakit habis operasi tapi didrive dgn nyaman, thx u",positive
2026-04-10 16:34:47,jmyrsn dap,terimakasih,gojek,google_play,terimakasih,neutral
2026-04-10 16:33:20,Yantosugihwaras Hiu2,Perangkat saya tdak bisa menjangkau,gojek,google_play,perangkat saya tdak bisa menjangkau,negative
2026-04-10 16:27:44,Hio Nardie,baik,gojek,google_play,baik,positive
2026-04-10 16:14:37,JANCKSTORE,ok,gojek,google_play,ok,negative
2026-04-10 15:53:38,Jihan Fatimah,sangat membantu kebutuhan perjalanan,gojek,google_play,sangat membantu kebutuhan perjalanan,positive
2026-04-10 15:21:21,e d e,add dark mode.,gojek,google_play,add dark mode.,neutral
2026-04-10 15:17:27,Erwan Jamianto,bagus,gojek,google_play,bagus,positive
2026-04-10 15:12:15,Dwi Yulianto,order sehari cuma 2 order dri pagi smpe malam. dapat petama aja malam gmna mau bayar gopay pijam klo klo cuma di kash 2 order sehari padahal mitra juara gojek tp ga dikasih order. jangan salah kan driver klo ga bisa bayar angsuran gopay pijam slah kan ke it nya yg ga mau ngasih order biar it yg tanggungjawab bayar gopay pinjan.pnya sham kecil aja ga di kasih order berhari hari prcuma gaji it SMA CEO makan gaji buta,gojek,google_play,order sehari cuma 2 order dri pagi smpe malam. dapat petama aja malam gmna mau bayar gopay pijam klo klo cuma di kash 2 order sehari padahal mitra juara gojek tp ga dikasih order. jangan salah kan driver klo ga bisa bayar angsuran gopay pijam slah kan ke it nya yg ga mau ngasih order biar it yg tanggungjawab bayar gopay pinjan.pnya sham kecil aja ga di kasih order berhari hari prcuma gaji it sma ceo makan gaji buta,negative
2026-04-10 14:49:03,Roni Suhendar,"makin parah aja ini gojek, cari driver susahh, pada kemana drivernya",gojek,google_play,"makin parah aja ini gojek, cari driver susahh, pada kemana drivernya",negative
2026-04-10 14:38:49,Mamet Riyadi (Mamet),"pemesanan makanan terlalu lama dan lambat, tolong dong kinerja aplikasinya diperbaiki, masa orang laper suruh nunggu berjam jam gimana si, buruk banget",gojek,google_play,"pemesanan makanan terlalu lama dan lambat, tolong dong kinerja aplikasinya diperbaiki, masa orang laper suruh nunggu berjam jam gimana si, buruk banget",negative
2026-04-10 14:33:17,Sity Jamilah,oke...pokoknya the best,gojek,google_play,oke...pokoknya the best,positive
2026-04-10 14:32:18,Hafizah Hooriya,baik,gojek,google_play,baik,positive
2026-04-10 14:21:21,demonprince,"kalau hujan susah cari Driver, padahal kondisi darurat",gojek,google_play,"kalau hujan susah cari driver, padahal kondisi darurat",negative
2026-04-10 14:18:52,Loza Saputra,driver gk mau jembut kalo murah,gojek,google_play,driver gk mau jembut kalo murah,negative
2026-04-10 14:03:30,Muhammad Rizqy Dwi Putra,"customer service gojek sangat tidak profesional! cuma gara2 saya login di device yang sama tapi beda software aja langsung di bekukan device saya. padahal device saya masih sama loh, hanya saja sebelum nya device saya itu saya reset pabrik, otomatis harus login ulang. eh malah di bekukan?? udah komplain ke cs gojek, gaada solusi sama sekali, mana jawabannya template mulu, sangat tidak profesional. dah paling bener pake aplikasi sebelah aja. ga ribet",gojek,google_play,"customer service gojek sangat tidak profesional! cuma gara2 saya login di device yang sama tapi beda software aja langsung di bekukan device saya. padahal device saya masih sama loh, hanya saja sebelum nya device saya itu saya reset pabrik, otomatis harus login ulang. eh malah di bekukan?? udah komplain ke cs gojek, gaada solusi sama sekali, mana jawabannya template mulu, sangat tidak profesional. dah paling bener pake aplikasi sebelah aja. ga ribet",negative
2026-04-10 13:57:52,Dimas Sadjeli,jos,gojek,google_play,jos,negative
2026-04-10 13:56:32,Rumah Nadia,sangat tepat,gojek,google_play,sangat tepat,positive
2026-04-10 13:36:39,Yanuar Abdulhay,mantap,gojek,google_play,mantap,positive
2026-04-10 13:34:53,Zulfa Turrohmah,jelek banyak driver yg harus di Suspen tuhh sekarang kenapa aplikasi gojek jadi jelek banget sihh pelayanan drivernya ..pesen sampe mau stengah jam driver nggak mau jalan ..ditanya nggak jawab di telfon nggak beles jelek banget,gojek,google_play,jelek banyak driver yg harus di suspen tuhh sekarang kenapa aplikasi gojek jadi jelek banget sihh pelayanan drivernya ..pesen sampe mau stengah jam driver nggak mau jalan ..ditanya nggak jawab di telfon nggak beles jelek banget,negative
2026-04-10 13:32:34,Ceannorux.,hepiii bangett pokonya kalau pakee gojekk,gojek,google_play,hepiii bangett pokonya kalau pakee gojekk,positive
2026-04-10 13:28:20,RINI SUPRAPTI,dikit dikit notif. ganggu aja.,gojek,google_play,dikit dikit notif. ganggu aja.,negative
2026-04-10 13:20:08,Lorenza Putri,mksih mas ..,gojek,google_play,mksih mas ..,neutral
2026-04-10 13:08:53,Daffa Magala7,good,gojek,google_play,good,positive
2026-04-10 13:03:08,Totoh Abdul patah,mantap 👍,gojek,google_play,mantap 👍,positive
2026-04-10 13:02:24,Sri Yudhiawati,pokoknya mantap,gojek,google_play,pokoknya mantap,positive
2026-04-10 12:49:26,Rino adistian,good,gojek,google_play,good,positive
2026-04-10 12:45:48,Rayhan Rimba Tambora,"driver kalian semua tuh ngampung nya ngampung banget, arogan, suka kroyokan, cerobohhh",gojek,google_play,"driver kalian semua tuh ngampung nya ngampung banget, arogan, suka kroyokan, cerobohhh",negative
2026-04-10 12:42:16,GUNAWAN Game,"sialan kenapa jaringan susah terus, lalu pakai hp milik istri kok bisa pakai hp ku susah nya minta ampun😡, ga bisa di andalkan lagi.",gojek,google_play,"sialan kenapa jaringan susah terus, lalu pakai hp milik istri kok bisa pakai hp ku susah nya minta ampun😡, ga bisa di andalkan lagi.",negative
2026-04-10 12:36:47,Chalisa Fikratuha Agwita,"Ini kenapa sih gojek suka ubah transaksi saya ke tunai, padahal saya selalu pakai gopay, gk pernah tunai sama sekali. dan saat mau ganti ke GOPAY gk bisa sama sekali, ini udah 3 kali kejadian gk pernah dibenerin. emang gk jelas!!!",gojek,google_play,"ini kenapa sih gojek suka ubah transaksi saya ke tunai, padahal saya selalu pakai gopay, gk pernah tunai sama sekali. dan saat mau ganti ke gopay gk bisa sama sekali, ini udah 3 kali kejadian gk pernah dibenerin. emang gk jelas!!!",negative
2026-04-10 12:24:24,Deni Saputra,coins yang di dapat dari gocats banyak yang tidak masuk terkadang ngebug dan eror. tolong di perbaiki lagi,gojek,google_play,coins yang di dapat dari gocats banyak yang tidak masuk terkadang ngebug dan eror. tolong di perbaiki lagi,negative
2026-04-10 12:22:58,LaiLatul Mutammima,aplikasi apa ini ..saya mesen gacoan 1 knpa jadi double 2 pesanan melayang uang saya 200 ribu bukan Maslah uang nya ya tapi kcwa saya saya mesen satu kali knpa jadi double kcwa skli .,gojek,google_play,aplikasi apa ini ..saya mesen gacoan 1 knpa jadi double 2 pesanan melayang uang saya 200 ribu bukan maslah uang nya ya tapi kcwa saya saya mesen satu kali knpa jadi double kcwa skli .,negative
2026-04-10 12:13:55,IPT Agus,Tambah mahal aja,gojek,google_play,tambah mahal aja,negative
2026-04-10 11:45:35,ray khan,"gangguan mulu... pdhl internet ku dipake stream lancar, tpi buka gojek doang lemot bgt :(",gojek,google_play,"gangguan mulu... pdhl internet ku dipake stream lancar, tpi buka gojek doang lemot bgt :(",negative
2026-04-10 11:42:40,Laban Don Teri,mantap,gojek,google_play,mantap,positive
2026-04-10 11:32:09,Supri Susanto,mempermudah,gojek,google_play,mempermudah,neutral
2026-04-10 11:30:26,Laila Cahaya,tampang gak pake ribet,gojek,google_play,tampang gak pake ribet,positive
2026-04-10 11:10:35,Aa Faqih,membantu anak bersekolah,gojek,google_play,membantu anak bersekolah,neutral
2026-04-10 11:10:11,Anita,cepat,gojek,google_play,cepat,positive
2026-04-10 10:59:32,AzraSyaulaDifa,"DARI AWAL TAHUN SISTEM BRANTAKAN!!! TOLONG PERBAIKI SISTEMNYA, SISTEM BRANTAKAN SEMUA. DRIVER JEMPUTNYA JAUH JAUH, PELANGGAN DAPET DRIVER JAUH JAUH, POTONGANNYA DAN BIAYA LAIN LAINNYA MENINGKAT HADEHHH",gojek,google_play,"dari awal tahun sistem brantakan!!! tolong perbaiki sistemnya, sistem brantakan semua. driver jemputnya jauh jauh, pelanggan dapet driver jauh jauh, potongannya dan biaya lain lainnya meningkat hadehhh",negative
2026-04-10 10:49:01,Saidah Halimah,pelayanan nya sangat memuaskan,gojek,google_play,pelayanan nya sangat memuaskan,positive
2026-04-10 10:40:19,MAR FINA Solic,gojek ok,gojek,google_play,gojek ok,neutral
2026-04-10 10:38:53,Rhe Angel,so far is good..,gojek,google_play,so far is good..,positive
2026-04-10 10:38:02,HAPPY KURNIAWATI,"bukanya makin baik,malah aduhh lah pokoknya .. 🙏",gojek,google_play,"bukanya makin baik,malah aduhh lah pokoknya .. 🙏",positive
2026-04-10 10:28:54,Ahmad Yazid adnan,ok banget,gojek,google_play,ok banget,negative
2026-04-10 10:23:22,Abdil Abdil,tmbah mahal skrng,gojek,google_play,tmbah mahal skrng,negative
2026-04-10 10:18:56,muamar,ok,gojek,google_play,ok,negative
2026-04-10 10:11:39,Bugie Nugrohoadi,MANTAAP,gojek,google_play,mantaap,neutral
2026-04-10 10:03:57,Luna Soselisa,tepat waktu,gojek,google_play,tepat waktu,negative
2026-04-10 09:51:07,mentis552 fyit,sangat membantu,gojek,google_play,sangat membantu,positive
2026-04-10 09:46:27,Nofan Arya,ok,gojek,google_play,ok,negative
2026-04-10 09:45:11,Ramdhan Abdul Ghifari,ntap,gojek,google_play,ntap,negative
2026-04-10 09:36:24,Tismau Nelly,recomended,gojek,google_play,recomended,positive
2026-04-10 09:26:34,Dimas Kris,Mantap,gojek,google_play,mantap,positive
2026-04-10 09:03:33,rizwanhady 1999,kere,gojek,google_play,kere,negative
2026-04-10 08:54:05,Dar Ti,"murah,dan aman",gojek,google_play,"murah,dan aman",positive
2026-04-10 08:54:03,Muhammad Nur Hidayat,Kalau hujan sering gak dapet driver,gojek,google_play,kalau hujan sering gak dapet driver,negative
2026-04-10 08:51:56,Sent,bisa kagak sih di benerin untuk verifikasi muka gelap mulu padahal foto dah terang,gojek,google_play,bisa kagak sih di benerin untuk verifikasi muka gelap mulu padahal foto dah terang,negative
2026-04-10 08:50:36,dicky bule,bagus,gojek,google_play,bagus,positive
2026-04-10 08:42:38,ipeh Syaripeh,sangat memudahkan,gojek,google_play,sangat memudahkan,positive
2026-04-10 08:39:55,Asep Soetrisno,COLLAB TERBAIK NIH PAK GOTO,gojek,google_play,collab terbaik nih pak goto,positive
2026-04-10 08:13:28,nina kusnaeni,baik,gojek,google_play,baik,positive
2026-04-10 08:01:28,Christine Tandean,pelayanan cepat,gojek,google_play,pelayanan cepat,positive
2026-04-10 07:52:13,Werry Soesilo,selama imo baik,gojek,google_play,selama imo baik,positive
2026-04-10 07:39:34,Reza Adi Saputra,"kenapa minimal transaksi gofood saya jadi 40.000, padahal sebelumnya 30.000. kalau masih terus begini ratingnya tetap saya kasih bintang 1 sampai kembali jadi 30.000",gojek,google_play,"kenapa minimal transaksi gofood saya jadi 40.000, padahal sebelumnya 30.000. kalau masih terus begini ratingnya tetap saya kasih bintang 1 sampai kembali jadi 30.000",negative
2026-04-10 07:34:52,githa maulita rachman,bagus tp kalo dapat tlp sinyalnya jelek,gojek,google_play,bagus tp kalo dapat tlp sinyalnya jelek,negative
2026-04-10 07:20:17,Samsul Samsul,sekarang kalo pagi nyari driver nya lamaaaaaaaaa tolong di perbaikin lagi,gojek,google_play,sekarang kalo pagi nyari driver nya lamaaaaaaaaa tolong di perbaikin lagi,negative
2026-04-10 07:15:06,Danar Ganteng,mantap,gojek,google_play,mantap,positive
2026-04-10 07:14:35,Wahyu Aga,"susah cari driver, dicancelin terus",gojek,google_play,"susah cari driver, dicancelin terus",negative
2026-04-10 07:13:41,Hazmi Alhaz,cukup baik,gojek,google_play,cukup baik,positive
2026-04-10 07:05:09,Murayama Yoshiki,"Nice good, Best ever 😎",gojek,google_play,"nice good, best ever 😎",positive
2026-04-10 06:58:45,Rj Romeo,🙏👍,gojek,google_play,🙏👍,positive
2026-04-10 06:52:41,Mayang,keren si kata aku,gojek,google_play,keren si kata aku,positive
2026-04-10 06:52:19,Muhrisya Morris,cepat,gojek,google_play,cepat,positive
2026-04-10 06:43:20,Adwin Jistha Satria,lama benget dapet driver,gojek,google_play,lama benget dapet driver,negative
2026-04-10 06:28:11,Muhammad Bima Seno,bagus tapi drivernya banyak yang helmnya bau jadi kurang mengenakkan,gojek,google_play,bagus tapi drivernya banyak yang helmnya bau jadi kurang mengenakkan,negative
2026-04-10 06:03:53,Jamilah uchenk,selalu yang terbaik Terima kasih atas pelatanannya selama ini kedepannya bisa lebih baik lagi,gojek,google_play,selalu yang terbaik terima kasih atas pelatanannya selama ini kedepannya bisa lebih baik lagi,positive
2026-04-10 05:27:58,Muhammad Ilham Fadil,Kapan ada pembayaran QRIS???,gojek,google_play,kapan ada pembayaran qris???,neutral
2026-04-10 05:22:39,monica shilvia,"weirdo app, dapetnya lama banget even udah sampe pindah ke comfort dan di prioritize, di oper oper terus, karna jauh lah apalah, and lately it feels like forcing us to to pay more in this economy💔",gojek,google_play,"weirdo app, dapetnya lama banget even udah sampe pindah ke comfort dan di prioritize, di oper oper terus, karna jauh lah apalah, and lately it feels like forcing us to to pay more in this economy💔",negative
2026-04-10 04:35:26,Diva Ryana,bagus,gojek,google_play,bagus,positive
2026-04-10 04:26:16,Erik Iskandar,jgn foto muka penerima karena biometric,gojek,google_play,jgn foto muka penerima karena biometric,neutral
2026-04-10 03:42:46,Dante 231,"udah lah gua uninstall nih aplikasi, drivernya pada kaga jelas, kalo kaga sanggup jemput atau emng ga bisa nganter chatnya tolong di bales lah, kita udah nungguin lama udah kaga gerak gerak tar giliran di cancel marah, kalo pengen di cancel ngomong jangan buang buang waktu orng kaga bales"", kalo kaga butuh duit mah kaga usah narik, suspend aja itu sekalian driver driver yg sengaja ga bales chat ,saya udahh batal kerja sama sama client cuman gara gara nungguin driver yg pada kaga jelas",gojek,google_play,"udah lah gua uninstall nih aplikasi, drivernya pada kaga jelas, kalo kaga sanggup jemput atau emng ga bisa nganter chatnya tolong di bales lah, kita udah nungguin lama udah kaga gerak gerak tar giliran di cancel marah, kalo pengen di cancel ngomong jangan buang buang waktu orng kaga bales"", kalo kaga butuh duit mah kaga usah narik, suspend aja itu sekalian driver driver yg sengaja ga bales chat ,saya udahh batal kerja sama sama client cuman gara gara nungguin driver yg pada kaga jelas",negative
2026-04-10 03:23:25,Antonius Batee,sangat mudah digunakan dan sangat membantu,gojek,google_play,sangat mudah digunakan dan sangat membantu,positive
2026-04-10 02:56:21,Samsul Arifin,bagus,gojek,google_play,bagus,positive
2026-04-10 02:25:07,Mohammad Nursidik,"bintang satu,driver aneh ribet. orang udah di bayar pake gopay. malah nelpon in terus buat di manualin. aplikasi ga guna bintang 1. bikin ribet pengguna",gojek,google_play,"bintang satu,driver aneh ribet. orang udah di bayar pake gopay. malah nelpon in terus buat di manualin. aplikasi ga guna bintang 1. bikin ribet pengguna",negative
2026-04-10 02:17:19,Gatot Imam Sukoco,mudah dan responsif,gojek,google_play,mudah dan responsif,neutral
2026-04-10 02:09:42,No vaa,DRIVER DSNI GA AMANAH!!,gojek,google_play,driver dsni ga amanah!!,negative
2026-04-10 01:49:18,Muhammad Fachrendi,"Aplikasi ini tdk pantas dibilang baik krn skr byk oknum driver yg membtlkn jemputan/orderan mknn sepihak..MHN PERHATIAN JUGA kpd mnjmn gojek utk sgra mereport scra massal & memberhentikan 1 x 24 jam oknum driver A/N ""Florian andika"" rating 5,0 mobil agya,Palembang,dgn No.tiket penyampaian Kel.""85101664"" 04 Okt 2021 jam 18.42 WIB. krn tlh menurunkan penumpang jh dari tujuan.(diupdate bbrp X Feb 2022-03 mar 22),2024, dst blm juga ad feedback s.d 14 Jan 2026 + Gopaylater sulit diaktivasi ulang. Tks",gojek,google_play,"aplikasi ini tdk pantas dibilang baik krn skr byk oknum driver yg membtlkn jemputan/orderan mknn sepihak..mhn perhatian juga kpd mnjmn gojek utk sgra mereport scra massal & memberhentikan 1 x 24 jam oknum driver a/n ""florian andika"" rating 5,0 mobil agya,palembang,dgn no.tiket penyampaian kel.""85101664"" 04 okt 2021 jam 18.42 wib. krn tlh menurunkan penumpang jh dari tujuan.(diupdate bbrp x feb 2022-03 mar 22),2024, dst blm juga ad feedback s.d 14 jan 2026 + gopaylater sulit diaktivasi ulang. tks",negative
2026-04-10 00:58:53,Firdan Kurniawan,pokoknyaa terbaik,gojek,google_play,pokoknyaa terbaik,positive
2026-04-10 00:26:58,jhon hendri,oke,gojek,google_play,oke,negative
2026-04-10 00:21:48,Bagus Irawan,"jujur nyari driver selalu dapet cancel mulu, dari ribuan driver masa ga ada satupun yang mau ambil penumpang, aneh, untuk lainnya oke, driver doang sering ga jelas",gojek,google_play,"jujur nyari driver selalu dapet cancel mulu, dari ribuan driver masa ga ada satupun yang mau ambil penumpang, aneh, untuk lainnya oke, driver doang sering ga jelas",negative
2026-04-10 00:20:34,Elseria Naibaho,driver atas nama arifin tarigan (BK 1248 WZ) mempermainkan orderan yang sudah terkonfirmasi dengan cara berputar-putar tak jelas dengan mobil/gocar agar pesanan jd terbatalkan otomatis. driver itu sudah dekat dgn titik jemput saya namun tak ada niat utk menjemput saya. dan pihak gojek sangat mengecewakan dalam menyelesaikan masalah yang saya alami karena tdk memberitau sanksi apa yg didapat mitra driver gocar yang dengan sengaja & jelas merugikan saya. SAYA JELAS JERAH GUNAKAN LAYANAN GOCAR !!!,gojek,google_play,driver atas nama arifin tarigan (bk 1248 wz) mempermainkan orderan yang sudah terkonfirmasi dengan cara berputar-putar tak jelas dengan mobil/gocar agar pesanan jd terbatalkan otomatis. driver itu sudah dekat dgn titik jemput saya namun tak ada niat utk menjemput saya. dan pihak gojek sangat mengecewakan dalam menyelesaikan masalah yang saya alami karena tdk memberitau sanksi apa yg didapat mitra driver gocar yang dengan sengaja & jelas merugikan saya. saya jelas jerah gunakan layanan gocar !!!,negative
2026-04-09 23:18:08,Fahmi Fahrian,kek nya udah 2 tahun nih mode gelap gak kelar kelar 🤣,gojek,google_play,kek nya udah 2 tahun nih mode gelap gak kelar kelar 🤣,negative
2026-04-09 23:08:53,M. Athallah Fajari,"SERVER TOLOL, DRIVER RATUSAN 1 JAM KAGAK DAPET",gojek,google_play,"server tolol, driver ratusan 1 jam kagak dapet",negative
2026-04-09 23:03:36,Rakha Mahisha Narottama,"ini ada masalah pembagian keuntungan, driver jadi banyak ngeluh ama costumer. marah marah pula kalo dapetnya dikit dari app. saya bisa apa?",gojek,google_play,"ini ada masalah pembagian keuntungan, driver jadi banyak ngeluh ama costumer. marah marah pula kalo dapetnya dikit dari app. saya bisa apa?",negative
2026-04-09 22:45:01,Neni Rohaeni,selalu lama dapat driver,gojek,google_play,selalu lama dapat driver,negative
2026-04-09 22:16:05,Baginda Setia Nauli,Ok..Tempat kava mata Sy ketingglan di jok belakang.,gojek,google_play,ok..tempat kava mata sy ketingglan di jok belakang.,negative
2026-04-09 22:00:22,RIZAL PHOSANK,tambah lama tambah males pakek gojek padahal driver banyak yg Deket tapi dapet nya yg jauh terus gak bisa buat darurat,gojek,google_play,tambah lama tambah males pakek gojek padahal driver banyak yg deket tapi dapet nya yg jauh terus gak bisa buat darurat,negative
2026-04-09 21:45:10,Hanafi Tarsid,"Mantap, diluar kota sangat terbantu. kalo pas lg kepingin makan/ngemil sat set buka aplikasi. Sangat membantu",gojek,google_play,"mantap, diluar kota sangat terbantu. kalo pas lg kepingin makan/ngemil sat set buka aplikasi. sangat membantu",positive
2026-04-09 21:43:15,Rangga Kusuma,sangat membantu,gojek,google_play,sangat membantu,positive
2026-04-09 21:36:26,benny widuriyanto,Tolong untuk pesanan gofood ada tombal batalkan pesanan apabila susah mendapatkan driver. maksimal 5-10 menit. kita bisa membatalkan orderan.jangan terlalu lama .... keburu lapar. ya klo di tunggu dapat driver... klo tdk dapat... keburu lemes karena kelaparan ni.klo permasalahannya driver sedikit.... di tambah lah driver nya.bukannya masih banyak yg mau jadi driver.,gojek,google_play,tolong untuk pesanan gofood ada tombal batalkan pesanan apabila susah mendapatkan driver. maksimal 5-10 menit. kita bisa membatalkan orderan.jangan terlalu lama .... keburu lapar. ya klo di tunggu dapat driver... klo tdk dapat... keburu lemes karena kelaparan ni.klo permasalahannya driver sedikit.... di tambah lah driver nya.bukannya masih banyak yg mau jadi driver.,negative
2026-04-09 21:35:06,"Ran /,'",Aplikasi lelet mahal lagi 30 menit lebih gak dapat² driver lebih work it aplikasi oren,gojek,google_play,aplikasi lelet mahal lagi 30 menit lebih gak dapat² driver lebih work it aplikasi oren,negative
2026-04-09 21:34:42,RIKKI,tolong di kondisikan driver nya ya tidak memakai atribut lengkap dan tidak berpakain rapi,gojek,google_play,tolong di kondisikan driver nya ya tidak memakai atribut lengkap dan tidak berpakain rapi,negative
2026-04-09 21:31:51,Des Alwi,best,gojek,google_play,best,positive
2026-04-09 21:23:46,Home Clining,"apk busuk. lelet. udah nunggu pesanan dateng hampir 1,5 jam padahal udah di konfirmasi. baru dikasih tahu kalo persediaan habis. apk gak guna.",gojek,google_play,"apk busuk. lelet. udah nunggu pesanan dateng hampir 1,5 jam padahal udah di konfirmasi. baru dikasih tahu kalo persediaan habis. apk gak guna.",negative
2026-04-09 21:07:48,Naufal Maulana,semoga aku dapat driver gojek berangkat sama pulang ke rumah amin,gojek,google_play,semoga aku dapat driver gojek berangkat sama pulang ke rumah amin,positive
2026-04-09 21:07:17,Della Vee,"aplikasi yg memudahkan, topp bangettt 👍👍",gojek,google_play,"aplikasi yg memudahkan, topp bangettt 👍👍",positive
2026-04-09 21:04:34,Rissa isa,aneh,gojek,google_play,aneh,negative
2026-04-09 21:01:16,sabrina az zahra,sejauh ini masih memuaskan,gojek,google_play,sejauh ini masih memuaskan,positive
2026-04-09 20:59:29,Aisyah Elis,kaget mudahan tiap hari murah,gojek,google_play,kaget mudahan tiap hari murah,positive
2026-04-09 20:59:02,Hendrawan Hendrawan,pas lah..,gojek,google_play,pas lah..,negative
2026-04-09 20:49:40,Mrsh Khssf,oke si,gojek,google_play,oke si,negative
2026-04-09 20:47:31,Elita Dwi Mayasari Maya,2 kali order gofood udah nunggu 1 jam lebih. tibatiba di cancel,gojek,google_play,2 kali order gofood udah nunggu 1 jam lebih. tibatiba di cancel,negative
2026-04-09 20:34:19,julie tambunan,cepat dan ramah,gojek,google_play,cepat dan ramah,positive
2026-04-09 20:32:41,Voniel Voniel,cepat driver ramah,gojek,google_play,cepat driver ramah,positive
2026-04-09 20:17:22,Kocheng Oren,"gofoodnya kasih tombol konfirmasi pesanan dong, gini kalo udah kepencet gimana??. mana cepet banget diterima sama restonya sampe ga sempet cancel, tolong lah goto update konfirmasi. gini merugikan banget saya lupa menggunakan voucher dan gimana kalo teman saya membelanjakan tanpa izin konfirmasi sidik jari atau pin",gojek,google_play,"gofoodnya kasih tombol konfirmasi pesanan dong, gini kalo udah kepencet gimana??. mana cepet banget diterima sama restonya sampe ga sempet cancel, tolong lah goto update konfirmasi. gini merugikan banget saya lupa menggunakan voucher dan gimana kalo teman saya membelanjakan tanpa izin konfirmasi sidik jari atau pin",negative
2026-04-09 20:13:08,Key Lock,bagus,gojek,google_play,bagus,positive
2026-04-09 20:12:48,Lee Ji Eun,Mau masuk akun/daftar lagi pakai nomor baru ga bisa karena data diri cuma bisa dipakai 1 kali untuk 1 akun. Ini menyulitkan orang yang hp dan nomor teleponnya hilang. Bye.. uninstall gojek. Beralih ke apps sebelah👋👋👋🥱,gojek,google_play,mau masuk akun/daftar lagi pakai nomor baru ga bisa karena data diri cuma bisa dipakai 1 kali untuk 1 akun. ini menyulitkan orang yang hp dan nomor teleponnya hilang. bye.. uninstall gojek. beralih ke apps sebelah👋👋👋🥱,negative
2026-04-09 20:04:23,Yuananda Rojiana,Mau cancel susah karena mau ada tambahan orderan biar sekalian,gojek,google_play,mau cancel susah karena mau ada tambahan orderan biar sekalian,negative
2026-04-09 20:01:36,Novi Hariyanto,good,gojek,google_play,good,positive
2026-04-09 19:59:04,Yuni Fajar Prasetyo,"Sangat membantu, pelayanan cepat, tepat, depan dan ramah. terima kasih",gojek,google_play,"sangat membantu, pelayanan cepat, tepat, depan dan ramah. terima kasih",positive
2026-04-09 19:56:39,Titin Sutinah,puas pake gojek Poko nya mah,gojek,google_play,puas pake gojek poko nya mah,positive
2026-04-09 19:56:09,Eva Erawati,"Gimana mau dapet driver,karena Aplikator sering Menahan Order,yg Hasilnya Customer susah dapet driver,dan driver susah dapet order,inilah yg membuat Aplikasi Go-Jek,semakin Ancur,",gojek,google_play,"gimana mau dapet driver,karena aplikator sering menahan order,yg hasilnya customer susah dapet driver,dan driver susah dapet order,inilah yg membuat aplikasi go-jek,semakin ancur,",negative
2026-04-09 19:53:36,Muhamad Rais,"sangat buruk, tidak masuk akal, data semua sesuai, masih tidak bisa login?????",gojek,google_play,"sangat buruk, tidak masuk akal, data semua sesuai, masih tidak bisa login?????",negative
2026-04-09 19:48:11,Ulfatun Nurjanah,"kenapa resto baru siapin makanan kalo udah dapet driver, sedangkan nunggu udah sejam ga dapet2 driver, akhirnya dicancel, gajelas banget asli, mana ga ada pilihan cancel buat customer, aplikasi gajelas",gojek,google_play,"kenapa resto baru siapin makanan kalo udah dapet driver, sedangkan nunggu udah sejam ga dapet2 driver, akhirnya dicancel, gajelas banget asli, mana ga ada pilihan cancel buat customer, aplikasi gajelas",negative
2026-04-09 19:44:24,Rolas Simamora,kadang kala ga dapat driver harus nunggu sampai 55 menit. itu waktu yg sangat lama dan tidak bisa cancel pesanan sampai 55 menit,gojek,google_play,kadang kala ga dapat driver harus nunggu sampai 55 menit. itu waktu yg sangat lama dan tidak bisa cancel pesanan sampai 55 menit,negative
2026-04-09 19:39:57,Cinta Dhieta (Cinta),josss.. mudah.. dan terima kasih,gojek,google_play,josss.. mudah.. dan terima kasih,positive
2026-04-09 19:38:38,Abdullah Nasikin,"notifikasi iklan yang tak penting terlalu sering, tarif makin gak waras",gojek,google_play,"notifikasi iklan yang tak penting terlalu sering, tarif makin gak waras",negative
2026-04-09 19:33:36,Togar Rizki,mantap,gojek,google_play,mantap,positive
2026-04-09 19:33:29,Disya Nabilla Syahrani Putri,"susah nyari driver, nunggu berjam', dulu ga pernah gini kok akhir' gini terus yaa lelet bangett",gojek,google_play,"susah nyari driver, nunggu berjam', dulu ga pernah gini kok akhir' gini terus yaa lelet bangett",negative
2026-04-09 19:29:01,Laksmi Damayanti,"sangat membantu saat malas keluar, pesan makanan cepat sampai tempat",gojek,google_play,"sangat membantu saat malas keluar, pesan makanan cepat sampai tempat",positive
2026-04-09 19:25:17,Waiel Hidayat,jos,gojek,google_play,jos,negative
2026-04-09 19:13:41,pras aliza15,sebenernya driver dapat berapa uang si? masa cuma 5 km ongkir nya 50 RB kalau gofood. pengguna baru potongan cuma 20 RB. sehat lu nyet gojek?,gojek,google_play,sebenernya driver dapat berapa uang si? masa cuma 5 km ongkir nya 50 rb kalau gofood. pengguna baru potongan cuma 20 rb. sehat lu nyet gojek?,negative
2026-04-09 19:06:43,Sati Nem,sangat membantu,gojek,google_play,sangat membantu,positive
2026-04-09 19:01:32,Zahira Laila,bagus,gojek,google_play,bagus,positive
2026-04-09 18:52:45,Muhammad Rafie pamungkas,"Saya memberikan rating ⭐⭐⭐⭐⭐ untuk aplikasi Gojek karena sangat membantu dalam kehidupan sehari-hari. Aplikasi ini sangat praktis karena menyediakan berbagai layanan dalam satu platform, mulai dari transportasi, pesan makanan, hingga pengiriman barang. Selain itu, proses pemesanan cepat dan mudah, sehingga sangat menghemat waktu. Gojek juga sering menawarkan promo dan diskon menarik yang membuat penggunaan menjadi lebih hemat. Driver yang tersedia cukup banyak sehingga tidak perlu menunggu lama",gojek,google_play,"saya memberikan rating ⭐⭐⭐⭐⭐ untuk aplikasi gojek karena sangat membantu dalam kehidupan sehari-hari. aplikasi ini sangat praktis karena menyediakan berbagai layanan dalam satu platform, mulai dari transportasi, pesan makanan, hingga pengiriman barang. selain itu, proses pemesanan cepat dan mudah, sehingga sangat menghemat waktu. gojek juga sering menawarkan promo dan diskon menarik yang membuat penggunaan menjadi lebih hemat. driver yang tersedia cukup banyak sehingga tidak perlu menunggu lama",positive
2026-04-09 18:46:01,Firman Amin,cepat tepat hemat,gojek,google_play,cepat tepat hemat,positive
2026-04-09 18:43:21,ROSIES VIBING,"sorry to say ya, masa kalau hujan ga akan diambil udah nunggu hampir 3 jam dan ga ada driver yang mau ambil padahal hujannya cuma gerimis dan deket banget sekalinya ada yang ambil dicancel sepihak tanpa konfirmasi. kita ga ada payung makanya pesen gojek toh kita bayar juga ternyata hasilnya nihil. bye gojek i hate u",gojek,google_play,"sorry to say ya, masa kalau hujan ga akan diambil udah nunggu hampir 3 jam dan ga ada driver yang mau ambil padahal hujannya cuma gerimis dan deket banget sekalinya ada yang ambil dicancel sepihak tanpa konfirmasi. kita ga ada payung makanya pesen gojek toh kita bayar juga ternyata hasilnya nihil. bye gojek i hate u",negative
2026-04-09 18:26:18,Agung Mahesa,Mahal banget biaya Penanganan & pengiriman nya bused,gojek,google_play,mahal banget biaya penanganan & pengiriman nya bused,negative
2026-04-09 18:25:45,Dwiki Ardian,oke oke,gojek,google_play,oke oke,negative
2026-04-09 18:22:55,Angelicia 2729,cukup baik,gojek,google_play,cukup baik,positive
2026-04-09 18:15:24,Light Heart,suka banget tp tolong di perbanyak diskon nya,gojek,google_play,suka banget tp tolong di perbanyak diskon nya,positive
2026-04-09 18:14:07,Teu Apal,ok pisan,gojek,google_play,ok pisan,negative
2026-04-09 18:12:52,Prasetyo Hendrawan Triadianto,Sudah nyari driver susah goridenya belum lagi harga argonya muskipun sudah berlangganan malah lebih mahal dari pada yang tidak berlangganan (plus). Sudah berapa tahun tidak ada perbaikan yang baik. Parah emang,gojek,google_play,sudah nyari driver susah goridenya belum lagi harga argonya muskipun sudah berlangganan malah lebih mahal dari pada yang tidak berlangganan (plus). sudah berapa tahun tidak ada perbaikan yang baik. parah emang,negative
2026-04-09 18:01:26,Gertrudis Nada,karna gojek itu harganya terjangkau dan cepat sampai,gojek,google_play,karna gojek itu harganya terjangkau dan cepat sampai,positive
2026-04-09 18:01:06,Chocolate Inthedark,3x pesan go food menunggu dpt driver masing2 satu jam dan akhir nya d batalkan oleb driver tnpa konfrim . pesan makanan total 3 jam hasilnya nihil. knp g d batalin dr awal,gojek,google_play,3x pesan go food menunggu dpt driver masing2 satu jam dan akhir nya d batalkan oleb driver tnpa konfrim . pesan makanan total 3 jam hasilnya nihil. knp g d batalin dr awal,negative
2026-04-09 17:49:02,Eko Sutrisno HR,ga recomend,gojek,google_play,ga recomend,negative
2026-04-09 17:27:24,Muhammad Ikhsan Syahputra,"good lah, cuma ongkir dan biaya penanganan makin mahal",gojek,google_play,"good lah, cuma ongkir dan biaya penanganan makin mahal",negative
2026-04-09 17:21:11,sri purwati,banyak promo,gojek,google_play,banyak promo,positive
2026-04-09 17:15:28,Dhony Nafyn,sangat memuaskan,gojek,google_play,sangat memuaskan,positive
2026-04-09 17:14:50,Safop Workshop,ok,gojek,google_play,ok,negative
2026-04-09 17:12:35,SMPN 1 Jampangkulon,𝐒𝐀𝐍𝐆𝐀𝐓 𝐌𝐄𝐌𝐁𝐀𝐍𝐓𝐔 𝐊𝐄𝐏𝐄𝐑𝐋𝐔𝐀𝐍 𝐒𝐄𝐇𝐀𝐑𝐈 𝐇𝐀𝐑𝐈 𝐃𝐀𝐍 𝐔𝐒𝐀𝐇𝐀 𝐒𝐀𝐘𝐀 𝐃𝐀𝐍 𝐋𝐀𝐈𝐍𝐍𝐔𝐀.𝐌𝐊𝐒𝐇,gojek,google_play,𝐒𝐀𝐍𝐆𝐀𝐓 𝐌𝐄𝐌𝐁𝐀𝐍𝐓𝐔 𝐊𝐄𝐏𝐄𝐑𝐋𝐔𝐀𝐍 𝐒𝐄𝐇𝐀𝐑𝐈 𝐇𝐀𝐑𝐈 𝐃𝐀𝐍 𝐔𝐒𝐀𝐇𝐀 𝐒𝐀𝐘𝐀 𝐃𝐀𝐍 𝐋𝐀𝐈𝐍𝐍𝐔𝐀.𝐌𝐊𝐒𝐇,positive
2026-04-09 17:06:50,Diablo,"banyak ojek yang gamau jemput, ada yg nerima tpi ga gerak² dari tempat saya sampe nunggu 1 jam",gojek,google_play,"banyak ojek yang gamau jemput, ada yg nerima tpi ga gerak² dari tempat saya sampe nunggu 1 jam",negative
2026-04-09 17:00:48,Anggun Oktavia,"min, pls update biar cepet dapet driver walaupun hemat dapet terdekat. karena kayak di dekat kita ada driver banyak, tapi ga nyantol samsek. hadeh.. udh berulang kali",gojek,google_play,"min, pls update biar cepet dapet driver walaupun hemat dapet terdekat. karena kayak di dekat kita ada driver banyak, tapi ga nyantol samsek. hadeh.. udh berulang kali",negative
2026-04-09 16:59:49,Fery far,program slot & hemat hapus aja !!!,gojek,google_play,program slot & hemat hapus aja !!!,negative
2026-04-09 16:59:08,Kusnarti eka,selalu memuaskan 👍,gojek,google_play,selalu memuaskan 👍,positive
2026-04-09 16:56:27,Susi Okky,knp skrg susah banget dapet driver ? mau hemat atau yg biasa tetep susah,gojek,google_play,knp skrg susah banget dapet driver ? mau hemat atau yg biasa tetep susah,negative
2026-04-09 16:52:50,Dadi Suryadi,ok,gojek,google_play,ok,negative
2026-04-09 16:17:46,Julipar horasan Sitinjak,"aplikasi sampah setiap hari update aplikasi penumpang , saya driver nih sistem kalian kenapa sih gak berubah kasihan penumpang mesan selalu dapat dirver jauh 5 km SD 11km driver gak mau lah yang ada buang bensin bukan utung malah buntung Uda ongkosan kalian bikin oleh pihak kementerian transportasi terus ditambah potangan komisi 20% biaya potongan aplikasi biaya asuransi perjalanan yang keterima driver dikit lari bensin juga pendpatan aja buat sehari hari kurang belum pajak mobil service mobil",gojek,google_play,"aplikasi sampah setiap hari update aplikasi penumpang , saya driver nih sistem kalian kenapa sih gak berubah kasihan penumpang mesan selalu dapat dirver jauh 5 km sd 11km driver gak mau lah yang ada buang bensin bukan utung malah buntung uda ongkosan kalian bikin oleh pihak kementerian transportasi terus ditambah potangan komisi 20% biaya potongan aplikasi biaya asuransi perjalanan yang keterima driver dikit lari bensin juga pendpatan aja buat sehari hari kurang belum pajak mobil service mobil",negative
2026-04-09 16:09:29,Indra Bulan,banyak pilihan,gojek,google_play,banyak pilihan,positive
2026-04-09 16:02:08,Andriyani Utami,tepat waktu,gojek,google_play,tepat waktu,negative
2026-04-09 15:57:17,Raihan Azzam,bagussss sekali GG aplikasi nya sangat berguna dan drivernya ramah-ramah mantap dah pokoknya👍👍👍,gojek,google_play,bagussss sekali gg aplikasi nya sangat berguna dan drivernya ramah-ramah mantap dah pokoknya👍👍👍,positive
2026-04-09 15:37:48,alvin Ramdan,mantaf,gojek,google_play,mantaf,neutral
2026-04-09 15:07:08,Fandian Zona,baru kali ini dapet driver bahasanya tidak sopan sekali. nggu anak saya blm ada 3 menit bahasanya dah kayak preman. tolong driver seperti itu di kenakan sanksi,gojek,google_play,baru kali ini dapet driver bahasanya tidak sopan sekali. nggu anak saya blm ada 3 menit bahasanya dah kayak preman. tolong driver seperti itu di kenakan sanksi,negative
2026-04-09 15:04:20,Yeri Vernando,aplikasi paling jelek,gojek,google_play,aplikasi paling jelek,negative
2026-04-09 15:03:22,Siti Mudjaidah,"Alhamdulillah sll dpt driver yg baik,sopan semoga BPK 2 gojek sll sukses",gojek,google_play,"alhamdulillah sll dpt driver yg baik,sopan semoga bpk 2 gojek sll sukses",positive
2026-04-09 15:03:14,Yandi Andi,bagus,gojek,google_play,bagus,positive
2026-04-09 14:56:23,Arina Manasikana,mnatap,gojek,google_play,mnatap,neutral
2026-04-09 14:47:28,Adam Abhelz,good job,gojek,google_play,good job,neutral
2026-04-09 14:15:01,Auzi Pauzi,sangat membantu,gojek,google_play,sangat membantu,positive
2026-04-09 14:14:53,Elsa Ayu,perjalanan menyenangkan,gojek,google_play,perjalanan menyenangkan,positive
2026-04-09 14:10:30,wade linkoln,wow,gojek,google_play,wow,negative
2026-04-09 14:08:12,kaisar bandung,bagus,gojek,google_play,bagus,positive
2026-04-09 14:08:11,deo volente selly,cakep,gojek,google_play,cakep,neutral
2026-04-09 14:06:41,AndriWibowo Klaten,"NIK saya di tahan saat daftar gojek, tolong dihapus dari gopay maupun gojek",gojek,google_play,"nik saya di tahan saat daftar gojek, tolong dihapus dari gopay maupun gojek",negative
2026-04-09 13:51:34,Ican Bahasan,bagus cepat sampai,gojek,google_play,bagus cepat sampai,positive
2026-04-09 13:42:08,Mas Ud,menyenangkan dan membantu,gojek,google_play,menyenangkan dan membantu,positive
2026-04-09 13:35:51,Abid Pranaja,aplikasi ini sangat berguna bagi orang yang malas keluar,gojek,google_play,aplikasi ini sangat berguna bagi orang yang malas keluar,positive
2026-04-09 13:31:27,Syamsul Bakhriansyah,mudah & cepat,gojek,google_play,mudah & cepat,positive
2026-04-09 13:25:33,Susi Susanti,bagus banget,gojek,google_play,bagus banget,positive
2026-04-09 13:17:57,Agoy Scootr,"orang gojek pada gak niat kerja, lama nunggu",gojek,google_play,"orang gojek pada gak niat kerja, lama nunggu",negative
2026-04-09 13:06:32,Revo Bima Nuryanto,oke siap,gojek,google_play,oke siap,negative
2026-04-09 13:06:11,Cendra Teguh,tolong jangan pilih kasih orderan ke driver.. sampe susah nyari driver..!!,gojek,google_play,tolong jangan pilih kasih orderan ke driver.. sampe susah nyari driver..!!,negative
2026-04-09 13:05:29,Yanuar Ismanto,oke,gojek,google_play,oke,negative
2026-04-09 12:59:13,Julaeha Susanti,"dengan gojek kemana2 bisa jadi mudah,dan gampang",gojek,google_play,"dengan gojek kemana2 bisa jadi mudah,dan gampang",positive
2026-04-09 12:49:08,yeyen fitri,aplikasi yg mempermudah..paling cepet..harga terjangkau.. tingkatkan lg layanan n banyakin promo..,gojek,google_play,aplikasi yg mempermudah..paling cepet..harga terjangkau.. tingkatkan lg layanan n banyakin promo..,positive
2026-04-09 12:47:05,Gabriel jumaga Tamba,bagus,gojek,google_play,bagus,positive
2026-04-09 12:33:35,Siti Hamidah,pesen pke gojek gampang dan mudah,gojek,google_play,pesen pke gojek gampang dan mudah,positive
2026-04-09 12:27:42,Dyna Rhamadhan,"gausah furab atau rabun deh minnn , kendala kendala muluuu lu , lemottt. tolong lah huhu",gojek,google_play,"gausah furab atau rabun deh minnn , kendala kendala muluuu lu , lemottt. tolong lah huhu",negative
2026-04-09 12:24:46,ahmad Zamzamir,semoga makin keren ni gojek,gojek,google_play,semoga makin keren ni gojek,positive
2026-04-09 12:21:21,Hendri Yanto,goog job,gojek,google_play,goog job,neutral
2026-04-09 12:13:55,Adinda Dinda,respon nya cpt ramah dan santun,gojek,google_play,respon nya cpt ramah dan santun,positive
2026-04-09 12:10:40,Yeni Andayani,bagus srkai,gojek,google_play,bagus srkai,positive
2026-04-09 12:02:03,Sri Ayu Lestari,mantap gojek,gojek,google_play,mantap gojek,positive
2026-04-09 11:33:19,febigita lantang,bagus sekali,gojek,google_play,bagus sekali,positive
2026-04-09 11:33:14,Maulana Malik,tolong tambahkan opsi untuk tip ke resto/penjual,gojek,google_play,tolong tambahkan opsi untuk tip ke resto/penjual,neutral
2026-04-09 11:19:17,Syaddi Anata,sangat membantu,gojek,google_play,sangat membantu,positive
2026-04-09 11:14:15,Rhadit Geovani,membantu,gojek,google_play,membantu,negative
2026-04-09 11:03:29,khairul arfan,app yg bagus banget,gojek,google_play,app yg bagus banget,positive
2026-04-09 11:01:54,Nazwa Rizky,murah dan cepat datang,gojek,google_play,murah dan cepat datang,positive
2026-04-09 10:56:14,Wiranda Hasibuan,sangat membantu,gojek,google_play,sangat membantu,positive
2026-04-09 10:54:14,gatot suhendro,drivernya ramah dan bawa kendaraannya juga hati2,gojek,google_play,drivernya ramah dan bawa kendaraannya juga hati2,positive
2026-04-09 10:50:31,arfindo D,mantab,gojek,google_play,mantab,neutral
2026-04-09 10:44:03,Prasetyo epis Purnomo,mantap,gojek,google_play,mantap,positive
2026-04-09 10:27:15,Haidar Ali Mahmud Desky,Pencarian driver untuk layanan gofood lama sekali. Sangat tidak efisien waktu.,gojek,google_play,pencarian driver untuk layanan gofood lama sekali. sangat tidak efisien waktu.,negative
2026-04-09 10:17:33,Juli Martoni,mantap,gojek,google_play,mantap,positive
2026-04-09 10:14:42,Tumboro Nadeak,"ribet sekang gofoodnya, mau ganti alamat ribet",gojek,google_play,"ribet sekang gofoodnya, mau ganti alamat ribet",negative
2026-04-09 10:06:21,Dwi Prastiono,memuaskan,gojek,google_play,memuaskan,negative
2026-04-09 10:03:43,IDM Channel,sangat membantu disaat urgent butuh transportasi,gojek,google_play,sangat membantu disaat urgent butuh transportasi,positive
2026-04-09 10:03:14,Hatory Toha,responsif langsung,gojek,google_play,responsif langsung,neutral
2026-04-09 09:58:37,zefannn,mantap,gojek,google_play,mantap,positive
2026-04-09 09:54:02,Fadel Mahardika,tolong dong gojek masa pengambilan saldo dari langganan otomatis ga bisaa kembali,gojek,google_play,tolong dong gojek masa pengambilan saldo dari langganan otomatis ga bisaa kembali,negative
2026-04-09 09:49:56,Muhammad Habibilah,good apps,gojek,google_play,good apps,neutral
2026-04-09 09:49:26,Ade ristiana Firgiani,"susah cari pengemudi, gagal Mulu, lemot",gojek,google_play,"susah cari pengemudi, gagal mulu, lemot",negative
2026-04-09 09:39:10,Zivara Johan,sangat membantu mobilitas di setiap saat.... jos!!,gojek,google_play,sangat membantu mobilitas di setiap saat.... jos!!,positive
2026-04-09 09:36:13,Safirah Fira,mantap,gojek,google_play,mantap,positive
2026-04-09 09:28:01,DIUMI NIME,"setelah pakai gopay pinjam 1x nomer telepon saya tersebar,tiap hari ada telepon masuk nawarkan pinjol,hadeh nomer sya di spam telepon",gojek,google_play,"setelah pakai gopay pinjam 1x nomer telepon saya tersebar,tiap hari ada telepon masuk nawarkan pinjol,hadeh nomer sya di spam telepon",negative
2026-04-09 09:22:29,Supri Yanto,trimksh atas jasanya,gojek,google_play,trimksh atas jasanya,positive
2026-04-09 08:49:34,rizal safikri,lama nunggu driver,gojek,google_play,lama nunggu driver,negative
2026-04-09 08:39:35,Anggita Sari,gojek maafkan aku terlalu marah2 wkwkkw ngasih rating 2 bdhal kmu udhh selalu kasih aku promo huuuu tetep setia pakek kmu udh 12 tahunn ❤️✨✨✨✨,gojek,google_play,gojek maafkan aku terlalu marah2 wkwkkw ngasih rating 2 bdhal kmu udhh selalu kasih aku promo huuuu tetep setia pakek kmu udh 12 tahunn ❤️✨✨✨✨,positive
2026-04-09 08:12:05,Kiavana Jitmau,"Aplikasinya sangat berguna,bagus banget intinya 🤩🤩",gojek,google_play,"aplikasinya sangat berguna,bagus banget intinya 🤩🤩",positive
2026-04-09 08:06:40,SEKON,sampai saat ini ok cuman map nya aja kurang presisi,gojek,google_play,sampai saat ini ok cuman map nya aja kurang presisi,negative
2026-04-09 08:06:26,devi novita,good,gojek,google_play,good,positive
2026-04-09 08:05:54,Keukeu Rianty,oke,gojek,google_play,oke,negative
2026-04-09 08:02:52,Saut Manik,pengemudinya susah kali menerima orderan!!! terlalu milih²! lambat!,gojek,google_play,pengemudinya susah kali menerima orderan!!! terlalu milih²! lambat!,negative
2026-04-09 08:02:10,Darma Wati,mantap diskonnya,gojek,google_play,mantap diskonnya,positive
2026-04-09 08:01:58,Tania Garmila,"gofood makin lama harganya makin tdk wajar, yang pesan gofood bukan orang2 kaya tp orang yang butuh pertolongan utk beli makanan, kalau orang kaya bisa langsung makan di resto yang mahal. Harga di gofood 2x harga resto, ditambah ongkir yg selangit. Lebih baik klo tdk mendesak ga usah pesan di gofood, jangan memperkaya owner gojek.",gojek,google_play,"gofood makin lama harganya makin tdk wajar, yang pesan gofood bukan orang2 kaya tp orang yang butuh pertolongan utk beli makanan, kalau orang kaya bisa langsung makan di resto yang mahal. harga di gofood 2x harga resto, ditambah ongkir yg selangit. lebih baik klo tdk mendesak ga usah pesan di gofood, jangan memperkaya owner gojek.",negative
2026-04-09 07:53:26,Masrudy Harto,trimakasih pk,gojek,google_play,trimakasih pk,neutral
2026-04-09 07:46:26,Leni Nugrahaeni,baru pertama kali pake aplikasi gojek lumayan memuaskan,gojek,google_play,baru pertama kali pake aplikasi gojek lumayan memuaskan,positive
2026-04-09 07:39:20,Eshaka Waler,guna,gojek,google_play,guna,neutral
2026-04-09 07:36:32,salomi maghu,sangat bagus,gojek,google_play,sangat bagus,positive
2026-04-09 07:36:26,balung rumentang,good,gojek,google_play,good,positive
2026-04-09 07:35:17,Bintang keinsa,membantu sekali,gojek,google_play,membantu sekali,positive
2026-04-09 07:23:18,Intan,Kasih gopay poin semakin pelit!!!!!!!!!!,gojek,google_play,kasih gopay poin semakin pelit!!!!!!!!!!,negative
2026-04-09 06:55:28,rita vani,cepat.mnatap,gojek,google_play,cepat.mnatap,negative
2026-04-09 06:49:46,bocil sangar,nyaman,gojek,google_play,nyaman,negative
2026-04-09 06:48:22,Frits Woriwun,Aplikasi yang sangat membantu dan pelayanan yg memuaskan,gojek,google_play,aplikasi yang sangat membantu dan pelayanan yg memuaskan,positive
2026-04-09 06:47:01,Gali,ok,gojek,google_play,ok,negative
2026-04-09 06:38:08,Dz Dik,gokil,gojek,google_play,gokil,positive
2026-04-09 06:23:00,Satyajaya Rosalim,"aplikasi mudah dioperasikan , banyak promo dan kerjasama dengan berbagai bidamg bisnis yang menunjang keseharian juga profesional.",gojek,google_play,"aplikasi mudah dioperasikan , banyak promo dan kerjasama dengan berbagai bidamg bisnis yang menunjang keseharian juga profesional.",positive
2026-04-09 06:01:05,Alsava 111,"pliisss kesel banget sama app ini!! tiap kali aku order, selalu gak dapet driver! keterangannya selalu ""driver lagi pada sibuk"" padahal banyak driver yg lagi nangkring di daerah ini. kalo emang drivernya mau harga yg lebih tinggi, gausah adain promo go hemat kalo gitu. sebagai pelajar yg pp nya naik ojol sedih banget sii aku. aku uninstall aja app nya!!",gojek,google_play,"pliisss kesel banget sama app ini!! tiap kali aku order, selalu gak dapet driver! keterangannya selalu ""driver lagi pada sibuk"" padahal banyak driver yg lagi nangkring di daerah ini. kalo emang drivernya mau harga yg lebih tinggi, gausah adain promo go hemat kalo gitu. sebagai pelajar yg pp nya naik ojol sedih banget sii aku. aku uninstall aja app nya!!",negative
2026-04-09 05:27:09,Muhamad Imam FIN,user friendly saya harap pembagian porsi keuangan dengan mitranya (pihak merchant & driver) dapat dilakukan dengan 'adil dan sewajarnya. tanpa memberatkan pihak mitra. agar masinya keuntungan dan pertumbuhan usaha juga dapat dirasakan oleh mitra. semoga berkembang n tumbuh lebih baik serta membawa berkat.,gojek,google_play,user friendly saya harap pembagian porsi keuangan dengan mitranya (pihak merchant & driver) dapat dilakukan dengan 'adil dan sewajarnya. tanpa memberatkan pihak mitra. agar masinya keuntungan dan pertumbuhan usaha juga dapat dirasakan oleh mitra. semoga berkembang n tumbuh lebih baik serta membawa berkat.,positive
2026-04-09 05:16:10,Sri Wulandari,kenapa mau masuk sllu d sruh instal ulang trs d sruh downlod trs pdhl uda d instal berulang hsilnya ttap aja sma d sruh instal dan downlod,gojek,google_play,kenapa mau masuk sllu d sruh instal ulang trs d sruh downlod trs pdhl uda d instal berulang hsilnya ttap aja sma d sruh instal dan downlod,negative
2026-04-09 04:46:58,Argi Rahmat,"Tolonglah Fitur pembatalan pembelian di gofood jangan di persulit, masa kita harus nunggu lama driver selama 1 jam buat jemput makanan. sekiranya ga ada driver bisa dong kita batalin sendiri ga usah banyak birokrasi !!!!!",gojek,google_play,"tolonglah fitur pembatalan pembelian di gofood jangan di persulit, masa kita harus nunggu lama driver selama 1 jam buat jemput makanan. sekiranya ga ada driver bisa dong kita batalin sendiri ga usah banyak birokrasi !!!!!",negative
2026-04-09 03:59:08,Anak Ganteng,mantap,gojek,google_play,mantap,positive
2026-04-09 03:35:15,Rasmin 31,udah gua uinstal. masa gopay pinjam telat 1 hari udah di ancem2 segala .yang peting saya udah bayar lunas ga mau urusan segala sama aplikasi kaya gini . acem2 pinjam juga 200 RB ngomong apa yang ngga .ngga enak di dengar ... jaga sopan santun yang perlu di jaga boss,gojek,google_play,udah gua uinstal. masa gopay pinjam telat 1 hari udah di ancem2 segala .yang peting saya udah bayar lunas ga mau urusan segala sama aplikasi kaya gini . acem2 pinjam juga 200 rb ngomong apa yang ngga .ngga enak di dengar ... jaga sopan santun yang perlu di jaga boss,negative
2026-04-09 01:55:02,Ghezan Donafa,"baik,,",gojek,google_play,"baik,,",positive
2026-04-09 01:15:09,Saka Devano,semoga ke depannya lebih baik lagi,gojek,google_play,semoga ke depannya lebih baik lagi,positive
2026-04-09 01:04:55,Sugeng Togok,baik,gojek,google_play,baik,positive
2026-04-09 01:03:44,Afrizal rizal24,sangat mudah,gojek,google_play,sangat mudah,positive
2026-04-09 00:12:39,Fadilla Nuraina,mantap,gojek,google_play,mantap,positive
2026-04-08 23:53:31,Jasmine Azkiya,pelayanan sangat memuaskan,gojek,google_play,pelayanan sangat memuaskan,positive
2026-04-08 23:23:47,Cici Nelci,baik,gojek,google_play,baik,positive
2026-04-08 23:07:29,TITO SUMARSONO,ok sip top markotop,gojek,google_play,ok sip top markotop,positive
2026-04-08 23:01:53,Ajoen Pamungkas,pelayanan nya cepat,gojek,google_play,pelayanan nya cepat,positive
2026-04-08 22:55:34,sekartinys nenay,the best🔥,gojek,google_play,the best🔥,positive
2026-04-08 22:48:16,Alista Natalia,"tolong kembalikan saldo saya min, saya kena penipuan, tolong saya",gojek,google_play,"tolong kembalikan saldo saya min, saya kena penipuan, tolong saya",negative
2026-04-08 22:43:25,Dede Sukma,good,gojek,google_play,good,positive
2026-04-08 22:19:16,Eli Kurniati,pengiriman sangat bagus,gojek,google_play,pengiriman sangat bagus,positive
2026-04-08 22:07:46,Amanda Tbb,sangat nyaman...,gojek,google_play,sangat nyaman...,positive
2026-04-08 21:42:25,dwi juli,bagus,gojek,google_play,bagus,positive
2026-04-08 21:34:36,Mitramandiriglass Mmg,ok,gojek,google_play,ok,negative
2026-04-08 21:33:51,Aoaiutini,puas,gojek,google_play,puas,negative
2026-04-08 21:23:39,Tolhas Hutagalung,pelayanan bagus walau titik jemput posisi tdk pas dg lokasi tp bpnya berusaha menjemput barang sya terimakasih pak .. Tuhan memberkati bapa dan keluarga,gojek,google_play,pelayanan bagus walau titik jemput posisi tdk pas dg lokasi tp bpnya berusaha menjemput barang sya terimakasih pak .. tuhan memberkati bapa dan keluarga,positive
2026-04-08 21:21:23,M.Chelsea Rezki,"baru pakai gojek jadi cepat paham karna mudah dipahami. dan selama memakai GoRide, saya selalu mendapatkan driver dengan layanan baik dan cepat. saya harap semuanya dapat dipertahankan dari sekarang dan kedepannya",gojek,google_play,"baru pakai gojek jadi cepat paham karna mudah dipahami. dan selama memakai goride, saya selalu mendapatkan driver dengan layanan baik dan cepat. saya harap semuanya dapat dipertahankan dari sekarang dan kedepannya",positive
2026-04-08 21:18:58,mia mamamia,Ok,gojek,google_play,ok,negative
2026-04-08 21:04:15,Gadiza,dibyar dikit drivernya,gojek,google_play,dibyar dikit drivernya,negative
2026-04-08 20:42:04,Sari Electrical,good app,gojek,google_play,good app,positive
2026-04-08 20:39:53,dyah ramadhanie,setelah di update malah jadi ribet,gojek,google_play,setelah di update malah jadi ribet,negative
2026-04-08 20:31:32,saepul brk,lamabat banget aplikasi macem apa lebih baik maksim gojek gak prepesional,gojek,google_play,lamabat banget aplikasi macem apa lebih baik maksim gojek gak prepesional,negative
2026-04-08 20:31:25,Padhe Kamto,"kesel klo lg buru2 tp driver tdk respon, tidak bergerak, kalau tdk mau ambil cancel aja lah. jd kita ga harus menunggu lama",gojek,google_play,"kesel klo lg buru2 tp driver tdk respon, tidak bergerak, kalau tdk mau ambil cancel aja lah. jd kita ga harus menunggu lama",negative
2026-04-08 20:21:08,Siti Nurmaniha,baru kali ini dpt ongkosnya free🤗,gojek,google_play,baru kali ini dpt ongkosnya free🤗,positive
2026-04-08 20:20:40,Fitriani Miaa,pengiriman makanan lamaaa skrg.,gojek,google_play,pengiriman makanan lamaaa skrg.,negative
2026-04-08 20:15:51,Santy Dp99,"Makin kesini makin susah nyari driver, apalagi klo pake yang hemat, nggk akan ketemu",gojek,google_play,"makin kesini makin susah nyari driver, apalagi klo pake yang hemat, nggk akan ketemu",negative
2026-04-08 20:02:04,HEVNI GUNJANI,mantuuullll,gojek,google_play,mantuuullll,negative
2026-04-08 19:54:37,Pian Gove,aplikasi membantu,gojek,google_play,aplikasi membantu,neutral
2026-04-08 19:45:31,ipah syarifatul munawaroh,sejauh ini puas dengan layanannya..bagus,gojek,google_play,sejauh ini puas dengan layanannya..bagus,positive
2026-04-08 19:44:22,Muhammad Yusuf,rasis beda nomor beda promo,gojek,google_play,rasis beda nomor beda promo,neutral
2026-04-08 19:43:50,Hari 84,bagus,gojek,google_play,bagus,positive
2026-04-08 19:43:48,Menot Bedu,ok juga,gojek,google_play,ok juga,negative
2026-04-08 19:39:44,Hendry Astritika,mantaappp,gojek,google_play,mantaappp,neutral
2026-04-08 19:30:27,Vera Munthe,"susah sekali dapat driver, sudah gitu jauh lagi titik nya kalau dapat",gojek,google_play,"susah sekali dapat driver, sudah gitu jauh lagi titik nya kalau dapat",negative
2026-04-08 19:24:21,Fadil Terate,aplikasi yang sangat membantu thankyou,gojek,google_play,aplikasi yang sangat membantu thankyou,positive
2026-04-08 19:19:59,Maulana Yusuf,"parah, sistem aneh.terlalu banyak program dari aplikasi, sehingga banyak",gojek,google_play,"parah, sistem aneh.terlalu banyak program dari aplikasi, sehingga banyak",negative
2026-04-08 19:19:26,angga ambon,"sering lemot, mo pake paket data ato pun wifi",gojek,google_play,"sering lemot, mo pake paket data ato pun wifi",negative
2026-04-08 19:16:27,Sugi antoro,sangat membantu sekali,gojek,google_play,sangat membantu sekali,positive
2026-04-08 19:13:45,Margi Yona,Bismillah berkat aplikasi ini jadi sangat mmbantu. namanya jaman da smakin maju. intinya rejeki sndiri sndiri klau orang rajin brdo'an & sabar pasti ada pnumpang. juga para supir angkot . salam berkah_baik_lancar rejeki_smangat slalu 🌈✋️🙂✊️🤩💙💛,gojek,google_play,bismillah berkat aplikasi ini jadi sangat mmbantu. namanya jaman da smakin maju. intinya rejeki sndiri sndiri klau orang rajin brdo'an & sabar pasti ada pnumpang. juga para supir angkot . salam berkah_baik_lancar rejeki_smangat slalu 🌈✋️🙂✊️🤩💙💛,positive
2026-04-08 19:08:12,Rani Hana,"masa cari driver gofood hampir 50 mnt, gabisa dibatalin juga sangat merugikan customer apalagi yg dalam posisi sangat lapar😣🍕",gojek,google_play,"masa cari driver gofood hampir 50 mnt, gabisa dibatalin juga sangat merugikan customer apalagi yg dalam posisi sangat lapar😣🍕",negative
2026-04-08 18:59:21,Pbang Mabar kah,mantap,gojek,google_play,mantap,positive
2026-04-08 18:50:06,iqbal azhari,driver nya pada malas,gojek,google_play,driver nya pada malas,negative
2026-04-08 18:46:08,Amel Uyik official,bagus,gojek,google_play,bagus,positive
2026-04-08 18:40:21,Mutiara Putri Sahara,"MOHON DAN TOLONG SEJAHTERAKAN DRIVER MU, KARENA DRIVER BERSERAK TAPI YANG KAYA CUMAN YANG PUNYA APLIKASI, PADAHAL DIA PUN UDAH KAYA😅 BANYAK DRIVER YANG KESUSAHAN KARENA KEBIJAKAN APLIKASI. DIKASIH MODE HEMAT KE CUST TAPI POTONGANNYA GEDE KE DRIVER, RUGI ONGKOS, RUGI WAKTU DAN TENAGA!!!!",gojek,google_play,"mohon dan tolong sejahterakan driver mu, karena driver berserak tapi yang kaya cuman yang punya aplikasi, padahal dia pun udah kaya😅 banyak driver yang kesusahan karena kebijakan aplikasi. dikasih mode hemat ke cust tapi potongannya gede ke driver, rugi ongkos, rugi waktu dan tenaga!!!!",negative
2026-04-08 18:40:19,M amri Amri,saya setuju dengan aplikasi ini sangat membantu saya dengan segala hal .. sukses slalu,gojek,google_play,saya setuju dengan aplikasi ini sangat membantu saya dengan segala hal .. sukses slalu,positive
2026-04-08 18:33:08,Annisa Muthmainnah,"orang lain kasih rating tinggi supaya yang lain bisa baca keluhan asli mereka supaya yang lain tau jeleknya aplikasi ini kek apa, tp gw ga sudi harus ngasih rating tinggi ke aplikasi yg bobrok kayak gini, driver nya jg banyak yg nyebelin skrng",gojek,google_play,"orang lain kasih rating tinggi supaya yang lain bisa baca keluhan asli mereka supaya yang lain tau jeleknya aplikasi ini kek apa, tp gw ga sudi harus ngasih rating tinggi ke aplikasi yg bobrok kayak gini, driver nya jg banyak yg nyebelin skrng",negative
2026-04-08 18:29:03,Abimanyu,sangat terbantu n membantu berbagai keperluan,gojek,google_play,sangat terbantu n membantu berbagai keperluan,positive
2026-04-08 18:28:09,Dodon Jabon,seru naik ini walaupun kadang drivernya kebanyakan lama waktu penjemputan tapi sikap para driver nya sopan dan rapih,gojek,google_play,seru naik ini walaupun kadang drivernya kebanyakan lama waktu penjemputan tapi sikap para driver nya sopan dan rapih,positive
2026-04-08 18:21:26,Diah Ayu Maharani,"susah cari driver, sekalinya dapat driver bilang ""MASIH MAKAN"" dan gamau cancel",gojek,google_play,"susah cari driver, sekalinya dapat driver bilang ""masih makan"" dan gamau cancel",negative
2026-04-08 18:18:06,Sozatulo laoli,mantap lah pokok nya,gojek,google_play,mantap lah pokok nya,positive
2026-04-08 18:15:46,Misnin Misnin,make gojek udh bertahun tahun baru ini mesen gojek ga dapet dapet driver nya tolong dong di evaluasi lagi,gojek,google_play,make gojek udh bertahun tahun baru ini mesen gojek ga dapet dapet driver nya tolong dong di evaluasi lagi,negative
2026-04-08 18:13:09,Muhammad Syazali,"loading lama, setiap buka aplikasi selalu stuck di loading terus",gojek,google_play,"loading lama, setiap buka aplikasi selalu stuck di loading terus",negative
2026-04-08 18:11:23,Rully Sjahanzah,aku sangat membutuhkan aplikasi pesanan makanan secara online,gojek,google_play,aku sangat membutuhkan aplikasi pesanan makanan secara online,positive
2026-04-08 18:06:58,Muhammad Nuh,memuaskan 👍👍👍,gojek,google_play,memuaskan 👍👍👍,positive
2026-04-08 17:55:51,Fiqri Firmansyah,"punya driver pada gajelas, orderan dibatalin terus pada ga niat kerja",gojek,google_play,"punya driver pada gajelas, orderan dibatalin terus pada ga niat kerja",negative
2026-04-08 17:51:41,Balfas Syafik,maaf kami sebagai dreiver gojek bukan mau kami untuk tidak mengambil orderannya kalian tp apk kami di matikan jd adanya harga lonjakan itu hanya permainan disaat jam makan siang SM jam 5 sore hanya 40% driver yg beroperasi 60% nya di matikan apknya SM gojek,gojek,google_play,maaf kami sebagai dreiver gojek bukan mau kami untuk tidak mengambil orderannya kalian tp apk kami di matikan jd adanya harga lonjakan itu hanya permainan disaat jam makan siang sm jam 5 sore hanya 40% driver yg beroperasi 60% nya di matikan apknya sm gojek,negative
2026-04-08 17:50:31,Yoelebet Perin,pesanan cepat driver supel,gojek,google_play,pesanan cepat driver supel,positive
2026-04-08 17:49:18,Adly Ghaissanu,aplikasi buat saya pulang sekolah,gojek,google_play,aplikasi buat saya pulang sekolah,neutral
2026-04-08 17:49:15,ramet Pronoto,keren,gojek,google_play,keren,positive
2026-04-08 17:46:09,mohamad Ilham,mantab,gojek,google_play,mantab,neutral
2026-04-08 17:37:38,Laila Julinda,"ribet, tiba² keluar dari akun segala, gmn sih gaje bgt.",gojek,google_play,"ribet, tiba² keluar dari akun segala, gmn sih gaje bgt.",negative
2026-04-08 17:30:07,ela nurmalasari,makin nggk jelas,gojek,google_play,makin nggk jelas,negative
2026-04-08 17:16:49,Ikah Atikah,sangat puas,gojek,google_play,sangat puas,positive
2026-04-08 17:06:31,Ahmad Nudin,update makin lama dapat gojeknya,gojek,google_play,update makin lama dapat gojeknya,negative
2026-04-08 17:03:48,Vian Octaviana,lama banget cari driver nya,gojek,google_play,lama banget cari driver nya,negative
2026-04-08 16:57:46,Muhammad Woga,mantap tapi mahal 😭🥲,gojek,google_play,mantap tapi mahal 😭🥲,negative
2026-04-08 16:52:49,Akun Gojek,gojek penjajah,gojek,google_play,gojek penjajah,negative
2026-04-08 16:40:19,nugroho prasetyo,👌,gojek,google_play,👌,negative
2026-04-08 16:35:09,ROMDONI .01,jadwal pengiriman nya lama banget,gojek,google_play,jadwal pengiriman nya lama banget,negative
2026-04-08 16:24:45,oscar Rosano,puas,gojek,google_play,puas,negative
2026-04-08 16:20:37,Michael Reanly,Aplikasinya sekarang jadi sulit order GO-SEND,gojek,google_play,aplikasinya sekarang jadi sulit order go-send,negative
2026-04-08 16:18:58,Rannisa,snga membantu,gojek,google_play,snga membantu,neutral
2026-04-08 16:12:00,Muhamad Rifky Pratama,ok,gojek,google_play,ok,negative
2026-04-08 15:57:52,Dea Nadila,kerennn,gojek,google_play,kerennn,positive
2026-04-08 15:49:47,Aneka Teknik,"kenapa beberapa hari gojek sulit sekali ya,",gojek,google_play,"kenapa beberapa hari gojek sulit sekali ya,",negative
2026-04-08 15:44:49,Widi Nugroho,jempol,gojek,google_play,jempol,negative
2026-04-08 15:16:46,Aloysius Amadeo Silaen,driver mengumpat di restoran ketika mengambil orderan mohon di tindak. di Kota Tanjungpinang,gojek,google_play,driver mengumpat di restoran ketika mengambil orderan mohon di tindak. di kota tanjungpinang,negative
2026-04-08 15:09:57,Azril Fasiul anam,aplikasi suka gjls driver kebanyakan muter dan gangguan bikin penumpang nunggu lama,gojek,google_play,aplikasi suka gjls driver kebanyakan muter dan gangguan bikin penumpang nunggu lama,negative
2026-04-08 14:51:10,Ilham QQ,notifikasi berisik 😮‍💨,gojek,google_play,notifikasi berisik 😮‍💨,negative
2026-04-08 14:39:07,Eris Syahridwan,puas pelayanannya,gojek,google_play,puas pelayanannya,negative
2026-04-08 14:34:30,Agus SG,buruk,gojek,google_play,buruk,negative
2026-04-08 14:34:09,afrizal Limsing,good,gojek,google_play,good,positive
2026-04-08 14:27:40,Ade Suryana,gopay latter nya katanya legal tapi cari nagih nya kek kont,gojek,google_play,gopay latter nya katanya legal tapi cari nagih nya kek kont,negative
2026-04-08 14:13:56,Sutri Hantoro,Driver datang tepat waktu,gojek,google_play,driver datang tepat waktu,positive
2026-04-08 13:31:39,Dit_aja,👍,gojek,google_play,👍,negative
2026-04-08 13:25:00,Muhammad Aripin,untuk gojek Tolong di perbaiki LG sistem pengiriman instant pada e-commerce agar lebih respon dan cepat LG dalam mengantarkan barang ke pada konsumen jangan di perlambat,gojek,google_play,untuk gojek tolong di perbaiki lg sistem pengiriman instant pada e-commerce agar lebih respon dan cepat lg dalam mengantarkan barang ke pada konsumen jangan di perlambat,neutral
2026-04-08 13:19:46,Delfizal Del,nih gofood GK jelas bnget..dari kemarin yg di cari apa yg keluar apa..dah saya coba perbarui apk tp tetap aj begitu.. sekelas gojek masa iya pencarian nya kacau balau..sya kan jdi GK bisa order Krn yg di cari GK muncul.,gojek,google_play,nih gofood gk jelas bnget..dari kemarin yg di cari apa yg keluar apa..dah saya coba perbarui apk tp tetap aj begitu.. sekelas gojek masa iya pencarian nya kacau balau..sya kan jdi gk bisa order krn yg di cari gk muncul.,negative
2026-04-08 13:04:58,Sri Rezeki Siregar,bagus,gojek,google_play,bagus,positive
2026-04-08 13:03:14,Silmy Nafisah,cepat tepat amanah,gojek,google_play,cepat tepat amanah,negative
2026-04-08 12:54:05,Febripuyol Febri,"pelayanan respon barang saya tidak ada atau tidak cepat ,barang saya ketinggal di dalam mobil driver ,driver nya enggak tanggung jawab , sedangkan barang nya itu obat""an saya",gojek,google_play,"pelayanan respon barang saya tidak ada atau tidak cepat ,barang saya ketinggal di dalam mobil driver ,driver nya enggak tanggung jawab , sedangkan barang nya itu obat""an saya",negative
2026-04-08 12:45:15,Khairunnisa mulya Kirana,sukaaa,gojek,google_play,sukaaa,positive
2026-04-08 12:30:21,Andi ChE,Kadang aplikasi nya eror dan penunjuk driver nya gk berfungsi,gojek,google_play,kadang aplikasi nya eror dan penunjuk driver nya gk berfungsi,negative
2026-04-08 12:26:56,Chunk 041081,pakei gojek sangan membantu untuk efisiensi waktu trus tingkatkan pelayanan,gojek,google_play,pakei gojek sangan membantu untuk efisiensi waktu trus tingkatkan pelayanan,positive
2026-04-08 12:24:09,Rendy Sarwenggar,nice,gojek,google_play,nice,negative
2026-04-08 12:21:09,Kafka Febrian,memudah kan urusan,gojek,google_play,memudah kan urusan,negative
2026-04-08 12:17:44,Deasy Usriani,puas,gojek,google_play,puas,negative
2026-04-08 12:14:00,Ata Wijaya,luar biasa handal dan sopan mksh,gojek,google_play,luar biasa handal dan sopan mksh,positive
2026-04-08 12:01:17,Gosakai,"aplikasi sering bermasalah di metode pembayaran. sudah memilih Gopay, tapi tiba tiba berubah ke tunai saat order. ini sangat mengganggu dan bisa merugikan pengguna. harap segera diperbaiki!!!",gojek,google_play,"aplikasi sering bermasalah di metode pembayaran. sudah memilih gopay, tapi tiba tiba berubah ke tunai saat order. ini sangat mengganggu dan bisa merugikan pengguna. harap segera diperbaiki!!!",negative
2026-04-08 11:52:50,Saad dudin,sesuai harga,gojek,google_play,sesuai harga,neutral
2026-04-08 11:43:13,Dedi firmana,oke sangat membantu,gojek,google_play,oke sangat membantu,positive
2026-04-08 11:42:27,Safi Yullah,sangat membantu perjalanan,gojek,google_play,sangat membantu perjalanan,positive
2026-04-08 11:39:57,jiw phin,puas,gojek,google_play,puas,negative
2026-04-08 11:33:40,Inti Teknik,pinjaman ga pernah telat selalu bayar giliran pinjam lagi di tolak 2 x pula ga konsisten,gojek,google_play,pinjaman ga pernah telat selalu bayar giliran pinjam lagi di tolak 2 x pula ga konsisten,positive
2026-04-08 11:18:41,Pengguna Google,tingkatkan terus pelayanannya,gojek,google_play,tingkatkan terus pelayanannya,positive
2026-04-08 11:15:06,LINA ENDAH YANUWATI,mantap,gojek,google_play,mantap,positive
2026-04-08 11:12:28,Yoga Hdyt,"yang benar aja nunggu cari driver gofood sampe sejam,udah lapar nunggu sejam gak bisa di cancel harus sejam dulu aplikasi gblkk perbanyaklah driver daerah Kalsel terutama di Banjarmasin",gojek,google_play,"yang benar aja nunggu cari driver gofood sampe sejam,udah lapar nunggu sejam gak bisa di cancel harus sejam dulu aplikasi gblkk perbanyaklah driver daerah kalsel terutama di banjarmasin",negative
2026-04-08 11:06:39,Muhammad Evan Zaki,top,gojek,google_play,top,positive
2026-04-08 11:06:25,Ovi Khans,cepat terukur,gojek,google_play,cepat terukur,negative
2026-04-08 10:59:56,Putra Panjaitan,good job,gojek,google_play,good job,neutral
2026-04-08 10:47:29,Fachrizal Ansar,murahhh,gojek,google_play,murahhh,positive
2026-04-08 10:43:50,tutik24,driver baik tdk mngecewakn ramah,gojek,google_play,driver baik tdk mngecewakn ramah,negative
2026-04-08 10:27:41,zuf zefer,Ok..mantappp,gojek,google_play,ok..mantappp,negative
2026-04-08 10:14:29,Whindarto Yudi,aplikasinya mantap,gojek,google_play,aplikasinya mantap,positive
2026-04-08 10:10:57,Nazwa Aulia,sangat membantu,gojek,google_play,sangat membantu,positive
2026-04-08 10:04:26,Rosita Arsyad,"untuk driver2 gojek , tetap lah jadi orang baik terima kasih 🙏",gojek,google_play,"untuk driver2 gojek , tetap lah jadi orang baik terima kasih 🙏",positive
2026-04-08 09:54:29,Natasya,"pelayanan luar biasa bagus, banyak diskonnya, terimakasi banyak gojek telah berjasa saat aku males keluar buat beli makan❤️",gojek,google_play,"pelayanan luar biasa bagus, banyak diskonnya, terimakasi banyak gojek telah berjasa saat aku males keluar buat beli makan❤️",positive
2026-04-08 09:43:42,April Lyani,gojek gopay sy ko berkurang ya walau tdk di pakai. harusnya 54 jadi 46. tiba2. jadi ngeri klo nyimpan gopay lama di aplikasi gojek. padahal hp sy cuma sy yg pegang,gojek,google_play,gojek gopay sy ko berkurang ya walau tdk di pakai. harusnya 54 jadi 46. tiba2. jadi ngeri klo nyimpan gopay lama di aplikasi gojek. padahal hp sy cuma sy yg pegang,negative
2026-04-08 09:42:52,Muzammil Sanusi,baik dan lancar tanpa hambatan,gojek,google_play,baik dan lancar tanpa hambatan,positive
2026-04-08 09:38:27,anang chasan,cepat sigap mudah digunakan,gojek,google_play,cepat sigap mudah digunakan,positive
2026-04-08 09:32:06,Eko Waluyo,mudah sekali,gojek,google_play,mudah sekali,negative
2026-04-08 09:02:57,Chinta Fiorentina,"hampir 9 tahun pake gojek aplikasi nya bener"" mewah, fasilitas oke banget, good app!!",gojek,google_play,"hampir 9 tahun pake gojek aplikasi nya bener"" mewah, fasilitas oke banget, good app!!",positive
2026-04-08 08:33:23,Andi Sukriatna,"pelayanan ok,driver ok",gojek,google_play,"pelayanan ok,driver ok",negative
2026-04-08 08:03:30,MSi. Sutarno,tapi saya nggak pernah pakai,gojek,google_play,tapi saya nggak pernah pakai,neutral
2026-04-08 07:55:56,Anisa Kalinda,"kasi murah dong untuk anak sekola, dulu aku download gojek karna cuma 8k eh ternyata itu cuma pemanis di awal doang, pas uda 4/5 kali pemakaian jadi 15k, lumayan bgt buat anak sekola",gojek,google_play,"kasi murah dong untuk anak sekola, dulu aku download gojek karna cuma 8k eh ternyata itu cuma pemanis di awal doang, pas uda 4/5 kali pemakaian jadi 15k, lumayan bgt buat anak sekola",positive
2026-04-08 07:49:14,Wahyu Prakoso,"Tolong beri fitur nonaktifkan notifikasi promo, itu mengganggu banget. Masalahnya tidak semua hp punya setting khusus untuk mematikan promo tanpa order ikut mati juga. Di Xiaomi ada jadi cuma notif order yang bisa masuk, sedangkan Samsung begitu nonaktif semua notif gak bisa masuk termasuk orderan. Ribet & gak lucu 🙄",gojek,google_play,"tolong beri fitur nonaktifkan notifikasi promo, itu mengganggu banget. masalahnya tidak semua hp punya setting khusus untuk mematikan promo tanpa order ikut mati juga. di xiaomi ada jadi cuma notif order yang bisa masuk, sedangkan samsung begitu nonaktif semua notif gak bisa masuk termasuk orderan. ribet & gak lucu 🙄",negative
2026-04-08 07:34:00,Majesty Production,simpel dan sesuai,gojek,google_play,simpel dan sesuai,positive
2026-04-08 07:33:36,Syarifah Baidah,lokasi terdeteksi,gojek,google_play,lokasi terdeteksi,neutral
2026-04-08 07:27:28,Semi Astutik,mempermudah aktivitas keseharian saya,gojek,google_play,mempermudah aktivitas keseharian saya,neutral
2026-04-08 07:13:52,dika,"driver banyak ko stiap mau order hampir 1 jam, aplikasi macam ini ini gojek gak bisa di butuhin pas darurat kapok make gojek mending pake aplikasi sebelah jelas.",gojek,google_play,"driver banyak ko stiap mau order hampir 1 jam, aplikasi macam ini ini gojek gak bisa di butuhin pas darurat kapok make gojek mending pake aplikasi sebelah jelas.",negative
2026-04-08 07:08:25,Sarmila Nurhayati,gojek is the best,gojek,google_play,gojek is the best,positive
2026-04-08 06:56:19,Aqilaa Kilaxx,sangat ramah,gojek,google_play,sangat ramah,positive
2026-04-08 06:44:55,Firdaus Dwi,knpa perjalanan -+ 60 km pake motor ga ada!,gojek,google_play,knpa perjalanan -+ 60 km pake motor ga ada!,negative
2026-04-08 06:43:59,Rano Setiawan,"pesan apa saja susah dapat driver, dan pada jauh2, bikin kapok customer",gojek,google_play,"pesan apa saja susah dapat driver, dan pada jauh2, bikin kapok customer",negative
2026-04-08 06:40:14,Febrian Rizki Maulicha,bagus,gojek,google_play,bagus,positive
2026-04-08 05:56:09,Nadiah Nisrina,"definisi aplikasi makin lama makin jelek, lagi buru buru mau berangkat ehh ini aplikasi lemot banget padahal sinyal lancar aja. dapet driver juga lama dan selalu jauh dari titik jemput, go food makin mahal padahal yang masuk ke saku driver cuma sedikit. makin lama makin busuk, bikin istighfar setiap kali make aplikasi ini",gojek,google_play,"definisi aplikasi makin lama makin jelek, lagi buru buru mau berangkat ehh ini aplikasi lemot banget padahal sinyal lancar aja. dapet driver juga lama dan selalu jauh dari titik jemput, go food makin mahal padahal yang masuk ke saku driver cuma sedikit. makin lama makin busuk, bikin istighfar setiap kali make aplikasi ini",negative
2026-04-08 05:47:18,Martin Syaputra,cepat lancar dan mudah,gojek,google_play,cepat lancar dan mudah,positive
2026-04-08 05:32:40,guspriyanto guspriyanto,ngeselin aplikasinya. buat order gojek aja nunggu sampe 20 menit baru dpt driver. bisa beralih k yang lain kalau begini terus,gojek,google_play,ngeselin aplikasinya. buat order gojek aja nunggu sampe 20 menit baru dpt driver. bisa beralih k yang lain kalau begini terus,negative
2026-04-08 04:35:44,Taufik Sanjaya,baik,gojek,google_play,baik,positive
2026-04-08 04:28:47,Ama Clara Batee,untuk saat ini pelayanan bagus,gojek,google_play,untuk saat ini pelayanan bagus,positive
2026-04-08 04:11:23,Wiwie Rustiana,Drever baik dn sopan,gojek,google_play,drever baik dn sopan,positive
2026-04-08 04:05:55,imam supriyatma,kembangkan lagi. semangat gojek indonesia.,gojek,google_play,kembangkan lagi. semangat gojek indonesia.,positive
2026-04-08 03:42:49,Sisca Bregs,good,gojek,google_play,good,positive
2026-04-08 03:31:13,ilmi navigasi,good,gojek,google_play,good,positive
2026-04-08 02:58:23,Ghani Syahrul,that simple,gojek,google_play,that simple,negative
2026-04-08 02:13:47,raka alif,top,gojek,google_play,top,positive
2026-04-08 02:01:16,Mena Sumena,bgus aja,gojek,google_play,bgus aja,negative
2026-04-08 01:31:42,MIKE N.S,mantap 👍,gojek,google_play,mantap 👍,positive
2026-04-08 00:55:12,Denialfianus Lafau,"1 jam lebih nungguin driver cuma ngantar makanan ga nemu2, kalau memang ga ada driver kasih option batalin tanpa harus nunggu berjam2 baru bisa di cancel.",gojek,google_play,"1 jam lebih nungguin driver cuma ngantar makanan ga nemu2, kalau memang ga ada driver kasih option batalin tanpa harus nunggu berjam2 baru bisa di cancel.",negative
2026-04-07 23:14:03,Kristina Puspita,"gojek sekarang susah bgt dapet driver, padahal ga hujan sekalinya dapet driver malah yg posisinya jauh apk nya ga jelas anehhh",gojek,google_play,"gojek sekarang susah bgt dapet driver, padahal ga hujan sekalinya dapet driver malah yg posisinya jauh apk nya ga jelas anehhh",negative
2026-04-07 22:40:20,Zendy Permana putra,baguss,gojek,google_play,baguss,positive
2026-04-07 22:26:00,Romy Hidayat,Bagus Murah Cepat Praktis,gojek,google_play,bagus murah cepat praktis,positive
2026-04-07 22:13:39,Muhamad Luthfi,sangat bagus,gojek,google_play,sangat bagus,positive
2026-04-07 22:08:09,aris nurhendratna,mantap !,gojek,google_play,mantap !,positive
2026-04-07 22:04:18,Ana Purnama,lebih cepet dan gak ribet,gojek,google_play,lebih cepet dan gak ribet,positive
2026-04-07 22:03:10,L45M1 CELL,Mantap!!!!!!,gojek,google_play,mantap!!!!!!,positive
2026-04-07 22:02:13,Asyroaful Umam,good,gojek,google_play,good,positive
2026-04-07 21:53:12,Hani Faruq,"sangat membantu , memudahkan dan melancarkan perjalanan kita",gojek,google_play,"sangat membantu , memudahkan dan melancarkan perjalanan kita",positive
2026-04-07 21:52:18,Adi Chandra,ok,gojek,google_play,ok,negative
2026-04-07 21:50:27,tasya Aprilliani,"perbaiki dong, titik lokasi udh sesuai sama alamat udh gue cantumin juga patokan, jalannya, alamat lengkap.",gojek,google_play,"perbaiki dong, titik lokasi udh sesuai sama alamat udh gue cantumin juga patokan, jalannya, alamat lengkap.",negative
2026-04-07 21:43:54,Sasongko Iam,"DAH SELESAI UNINSTAL, TAMBAH KESINI TAMBAH NGACO, ORDERAN DI DOUBLE2 OLWH DRIVER, JADI NYA LAMA BANGET. DAH... CUKUP. GA PAKAI GOJEK LAGI. SANGAT MALAS PAKAI GOJEK LAGI.... PAKAI YG LAIN LEBIH CEPET DAN LEBIH MURAH",gojek,google_play,"dah selesai uninstal, tambah kesini tambah ngaco, orderan di double2 olwh driver, jadi nya lama banget. dah... cukup. ga pakai gojek lagi. sangat malas pakai gojek lagi.... pakai yg lain lebih cepet dan lebih murah",negative
2026-04-07 21:42:17,Ardi tobing,drivernya pada belagu,gojek,google_play,drivernya pada belagu,negative
2026-04-07 21:42:17,RahmatARAy Rahmathidayattulah,Terimakasih Atas Konfirmasi dan Vertipikasinya,gojek,google_play,terimakasih atas konfirmasi dan vertipikasinya,neutral
2026-04-07 21:18:32,Iyung Whyu,Beda sama aplikator sebelah🗿,gojek,google_play,beda sama aplikator sebelah🗿,negative
2026-04-07 21:02:25,Kyaw Zaw,Bagus banget,gojek,google_play,bagus banget,positive
2026-04-07 20:59:30,SAWADIKAP La,"susah dapat driver buat go food, mana gabisa dibatalin, orang lapar disuruh nunggu driver yang gak pasti, ujung ujungnya dibatalin sistem sendiri kocak",gojek,google_play,"susah dapat driver buat go food, mana gabisa dibatalin, orang lapar disuruh nunggu driver yang gak pasti, ujung ujungnya dibatalin sistem sendiri kocak",negative
2026-04-07 20:54:47,Yogi Sugiarto,jujur aplikasi ini klo buat ngirim barang kyk bgsat udh di ilangin opsi jaminan kirim dll ttep maksa include ujungnya nmbah biaya,gojek,google_play,jujur aplikasi ini klo buat ngirim barang kyk bgsat udh di ilangin opsi jaminan kirim dll ttep maksa include ujungnya nmbah biaya,negative
2026-04-07 20:52:21,Kiki Evikasari,selalu gunakan gojek puas sama pelayanannya,gojek,google_play,selalu gunakan gojek puas sama pelayanannya,positive
2026-04-07 20:51:14,Mahbub ali Bastian,sangat membantu,gojek,google_play,sangat membantu,positive
2026-04-07 20:38:56,Juju Firdayanti,mantapp,gojek,google_play,mantapp,neutral
2026-04-07 20:38:29,Yuan Akbar,sangat berguna,gojek,google_play,sangat berguna,positive
2026-04-07 20:35:48,prabu siliwangi,mantapppp👍👍👍👍👍,gojek,google_play,mantapppp👍👍👍👍👍,positive
2026-04-07 20:21:33,Fahmi Abdau,kirim gosend lama banget cari drivernya,gojek,google_play,kirim gosend lama banget cari drivernya,negative
2026-04-07 20:11:17,HB satu,"pelayanannya parah, bobrok",gojek,google_play,"pelayanannya parah, bobrok",negative
2026-04-07 20:07:20,Nizham Pratama,"simple,drivernya juga ok",gojek,google_play,"simple,drivernya juga ok",positive
2026-04-07 20:04:55,Ugi dwi Laras,"tolongg dong, aplikasi nya lemot bgtt lelett muncul nya padahal sinyal bagus, jdi kalo mau mesen apa2 jadi lamaa, perbaiki nanti ganti bintang",gojek,google_play,"tolongg dong, aplikasi nya lemot bgtt lelett muncul nya padahal sinyal bagus, jdi kalo mau mesen apa2 jadi lamaa, perbaiki nanti ganti bintang",negative
2026-04-07 20:04:29,Hendra Restiawan,oke,gojek,google_play,oke,negative
2026-04-07 20:01:29,sofia khaula,amazing,gojek,google_play,amazing,negative
2026-04-07 19:58:50,Pii Balandai,makasih go jek,gojek,google_play,makasih go jek,positive
2026-04-07 19:52:41,Nurul Anisyah,min kok roomchat untuk gosend ga ada? klo mau ngirim foto ke driver jdinya ga bisa dong gimana sii,gojek,google_play,min kok roomchat untuk gosend ga ada? klo mau ngirim foto ke driver jdinya ga bisa dong gimana sii,negative
2026-04-07 19:47:22,Bagus Muhammad Ikhsan,lagi flash sale apa - apa ga bisa di klik di go-food,gojek,google_play,lagi flash sale apa - apa ga bisa di klik di go-food,neutral
2026-04-07 19:45:04,Giovanni daffin,membantu saya pergi walaupun jarak jauh,gojek,google_play,membantu saya pergi walaupun jarak jauh,negative
2026-04-07 19:43:36,msary saryadi,bagus,gojek,google_play,bagus,positive
2026-04-07 19:40:51,Qyara Myadinata,tanggapan nya cepet,gojek,google_play,tanggapan nya cepet,negative
2026-04-07 19:37:27,Bernadeta Othori Devi,"semakin lama driver gocarnya semakin ga jelas,komunikasi susah suka cancel padahal udah nunggu lama tanpa konfirmasi dulu.",gojek,google_play,"semakin lama driver gocarnya semakin ga jelas,komunikasi susah suka cancel padahal udah nunggu lama tanpa konfirmasi dulu.",negative
2026-04-07 19:34:38,Nesta Salsa,kenapa akhir-akhir ini apk gojek eror tadi saya pesan makanan tapi tidak sesuai dengan harga yang ada di driver nya untungnya Abang driver nya balik lagi untuk konfirmasi kalo gojek nya eror dan minta dicabut laporannya,gojek,google_play,kenapa akhir-akhir ini apk gojek eror tadi saya pesan makanan tapi tidak sesuai dengan harga yang ada di driver nya untungnya abang driver nya balik lagi untuk konfirmasi kalo gojek nya eror dan minta dicabut laporannya,negative
2026-04-07 19:31:39,MR PEMAN MRBOBOHO,mantap,gojek,google_play,mantap,positive
2026-04-07 19:25:56,singgih hermawan,mayan,gojek,google_play,mayan,negative
2026-04-07 18:56:44,Rita Reyhan,solusi tepat waktu lapar gak perlu masak..,gojek,google_play,solusi tepat waktu lapar gak perlu masak..,negative
2026-04-07 18:56:40,Viani Mo,sangat puas,gojek,google_play,sangat puas,positive
2026-04-07 18:56:11,Rian Adi Prasetio,"apa banget dah gojek, drivernya di chat pada gadibales, kalo gabisa jemput bilang gabisa, nunggu 10 menit belum jalan dari titik awal... ada juga yang tampilan awalnya gerak tapi pas ditunggu tiba tiba balik lagi ke posisi sebelum jalan, buang buang waktu doang",gojek,google_play,"apa banget dah gojek, drivernya di chat pada gadibales, kalo gabisa jemput bilang gabisa, nunggu 10 menit belum jalan dari titik awal... ada juga yang tampilan awalnya gerak tapi pas ditunggu tiba tiba balik lagi ke posisi sebelum jalan, buang buang waktu doang",negative
2026-04-07 18:36:08,Eko Priyono,"Terbaik, semoga semakin banyak promo biar saya bingung milih grab apa gojek..😉",gojek,google_play,"terbaik, semoga semakin banyak promo biar saya bingung milih grab apa gojek..😉",positive
2026-04-07 18:35:33,tambusai logistics,bagus,gojek,google_play,bagus,positive
2026-04-07 18:23:38,Khanza N. N. A.,waw harganya sering naik turun ya untuk ongkirnya,gojek,google_play,waw harganya sering naik turun ya untuk ongkirnya,neutral
2026-04-07 18:21:53,Rahel Putri,"pesanan lama, ongkir mahal padahal jarak dekat sekali",gojek,google_play,"pesanan lama, ongkir mahal padahal jarak dekat sekali",negative
2026-04-07 18:18:20,Ruby Love,pokok nya the best bngt deh pakai gojek bakalan setiap hari ini mah pesen nya,gojek,google_play,pokok nya the best bngt deh pakai gojek bakalan setiap hari ini mah pesen nya,positive
2026-04-07 18:05:11,nanda ajaa,DENGAN ALASAN KEJAUHAN TARIF TIDAK SESUAI DIBATALKAN KAN KITA NURUT SESUAI APLIKASI DAN TIDAK ADA DISKON,gojek,google_play,dengan alasan kejauhan tarif tidak sesuai dibatalkan kan kita nurut sesuai aplikasi dan tidak ada diskon,negative
2026-04-07 17:55:02,Odilla Bach,sangat membantu,gojek,google_play,sangat membantu,positive
2026-04-07 17:45:17,Rand Mawantoro,cepat,gojek,google_play,cepat,positive
2026-04-07 17:43:44,Fauzan Azizi,uda lah lelet mahal susah dapet driver,gojek,google_play,uda lah lelet mahal susah dapet driver,negative
2026-04-07 17:32:54,ando winoto,mantap,gojek,google_play,mantap,positive
2026-04-07 17:29:54,Murniawati Murni,drepernya ramah baik brkendaranya hti2 mksihh yaa,gojek,google_play,drepernya ramah baik brkendaranya hti2 mksihh yaa,positive
2026-04-07 17:24:02,Irma Damayanti,sangat membantu dgn adanya gojek,gojek,google_play,sangat membantu dgn adanya gojek,positive
2026-04-07 17:17:42,Bhelvia Arsenio,mantap,gojek,google_play,mantap,positive
2026-04-07 17:16:02,Dede Sulastri,"sangat efesien utk kami yg selalu mandiri dalam perjalan,di manapun tinggal buka aplikasi ini tanpa kesulitan bagi kami yg selalu tadak tergantung dengan keluarga,nyaman,amam dan dapat dipercaya,thx...",gojek,google_play,"sangat efesien utk kami yg selalu mandiri dalam perjalan,di manapun tinggal buka aplikasi ini tanpa kesulitan bagi kami yg selalu tadak tergantung dengan keluarga,nyaman,amam dan dapat dipercaya,thx...",positive
2026-04-07 17:10:25,Mano Mullanniv,parah tau2 pesan makanan langsung blank layar apk gojek gak bisa klik batal tau2 dapat driver mana makanan nya mahal harus ganti..nge chat driver malah nyolot bilang alasan klasik di chat cs gak bisa nanggapi emang dasar robot...kecewa poko nya saya mau hapus gojek gak pakai gojek lagi pilih apk lain aja kapok gojek sering kaya gini..mau makan lapar jadi gak nafsu makan gara2 terpesan sendiri makanan yang gak di inginkan kecewa,gojek,google_play,parah tau2 pesan makanan langsung blank layar apk gojek gak bisa klik batal tau2 dapat driver mana makanan nya mahal harus ganti..nge chat driver malah nyolot bilang alasan klasik di chat cs gak bisa nanggapi emang dasar robot...kecewa poko nya saya mau hapus gojek gak pakai gojek lagi pilih apk lain aja kapok gojek sering kaya gini..mau makan lapar jadi gak nafsu makan gara2 terpesan sendiri makanan yang gak di inginkan kecewa,negative
2026-04-07 16:55:16,Sanlovin,"nunggu ojol yang ngambil makanan skrng butuh sejam? ( itupun kalo ada yg ngambil), ini saya udh dua kali begini. mengecewakan",gojek,google_play,"nunggu ojol yang ngambil makanan skrng butuh sejam? ( itupun kalo ada yg ngambil), ini saya udh dua kali begini. mengecewakan",negative
2026-04-07 16:43:01,renjuna,lelet bgt si,gojek,google_play,lelet bgt si,negative
2026-04-07 16:27:58,Syifa Rosyifa Zulistian,mantappo,gojek,google_play,mantappo,neutral
2026-04-07 16:27:36,Si La,"kalo Gak niat jadi driver gak usah jd driver yaa kak, udah sering dapat driver bertingkah!! suka marah2",gojek,google_play,"kalo gak niat jadi driver gak usah jd driver yaa kak, udah sering dapat driver bertingkah!! suka marah2",negative
2026-04-07 16:21:46,JOET ArifVZ,membantu,gojek,google_play,membantu,negative
2026-04-07 16:18:02,Heroe Wiza,tolong dibantu aplikasi kok tidak bisa buat transfer Saya top up peecuma,gojek,google_play,tolong dibantu aplikasi kok tidak bisa buat transfer saya top up peecuma,neutral
2026-04-07 16:12:23,Imas Rohimah,lagi sakit di rumah ga ada orang yg ada go food ya sdh di go food in aja,gojek,google_play,lagi sakit di rumah ga ada orang yg ada go food ya sdh di go food in aja,negative
2026-04-07 16:11:51,susi susanti,oke,gojek,google_play,oke,negative
2026-04-07 16:09:51,Dedah Sitijubaedah,"sangat jelekkkkk ...tiap mau ajuin hanya PHP ,harus nunggu dan nunggu lg",gojek,google_play,"sangat jelekkkkk ...tiap mau ajuin hanya php ,harus nunggu dan nunggu lg",negative
2026-04-07 16:07:18,AKAR JAHE,aplikasi dewa... bang saipul jualan gas... ada limpul kita gas,gojek,google_play,aplikasi dewa... bang saipul jualan gas... ada limpul kita gas,positive
2026-04-07 16:02:38,Rah Tera,pokonya lebih nyaman sm gojek,gojek,google_play,pokonya lebih nyaman sm gojek,positive
2026-04-07 15:25:48,Enik,"transfer uang ke bank berhasil tapi tidak masuk uang, baru tidak pertanggung jawab, hati hati klo sudah kejadian lepas tangan GO-PAY nya",gojek,google_play,"transfer uang ke bank berhasil tapi tidak masuk uang, baru tidak pertanggung jawab, hati hati klo sudah kejadian lepas tangan go-pay nya",negative
2026-04-07 15:11:18,Asep Japar,Bikin perjalanan lebih hemat dan praktis,gojek,google_play,bikin perjalanan lebih hemat dan praktis,positive
2026-04-07 15:03:57,Om In,ga ribet,gojek,google_play,ga ribet,negative
2026-04-07 15:01:21,nanain,"halo grab sebenarnya aku gak mau ngasih rating bintang 1 tapi jujur melihat kamu memakai AI untuk kebutuhan aplikasi di banding ilustrator, membuat kamu kayak aplikasi murahan padahal kamu kan aplikasi yang udah mendunia banget, aku sebagai orang yang mendukung industri kreatif jujur kecewa dan sangat jijik melihat aplikasi yang sebesar Grab memilih memakai Ai, maaf ya grab kamu keliatan kayak gak modal dan menyepelekan industri kreatif, semoga ke depan nya di kurangi ya penggunaan Ai nya",gojek,google_play,"halo grab sebenarnya aku gak mau ngasih rating bintang 1 tapi jujur melihat kamu memakai ai untuk kebutuhan aplikasi di banding ilustrator, membuat kamu kayak aplikasi murahan padahal kamu kan aplikasi yang udah mendunia banget, aku sebagai orang yang mendukung industri kreatif jujur kecewa dan sangat jijik melihat aplikasi yang sebesar grab memilih memakai ai, maaf ya grab kamu keliatan kayak gak modal dan menyepelekan industri kreatif, semoga ke depan nya di kurangi ya penggunaan ai nya",negative
2026-04-07 14:32:09,Rudi Rush,mantap 👍,gojek,google_play,mantap 👍,positive
2026-04-07 14:24:32,Uchy Tinusazka,mantap,gojek,google_play,mantap,positive
2026-04-07 14:21:24,Tika Triyana,"aneh banget gojek sekarang, cuma cek harga brpa aja langsung terpesan tiba2",gojek,google_play,"aneh banget gojek sekarang, cuma cek harga brpa aja langsung terpesan tiba2",negative
2026-04-07 14:18:21,Herman Syah,Kita jadi lebih bisa memilih moda transfortasi,gojek,google_play,kita jadi lebih bisa memilih moda transfortasi,neutral
2026-04-07 14:13:31,Ahmad Habibi,terimakasih,gojek,google_play,terimakasih,neutral
2026-04-07 14:08:21,khalishah rezky,"untuk daerah seperti padang, payakumbuh sangat sulit dan lama untuk dapat driver",gojek,google_play,"untuk daerah seperti padang, payakumbuh sangat sulit dan lama untuk dapat driver",negative
2026-04-07 14:07:45,Sitie Aishaa,Sering disuruh menunggu2 terus sampai berjam gak mau membatalkan pesanan meskipun belom ada driver alasannya restonya rugi padahal mana ada restonya rugi kan drivernya belom dapat alasannya ngasal aja,gojek,google_play,sering disuruh menunggu2 terus sampai berjam gak mau membatalkan pesanan meskipun belom ada driver alasannya restonya rugi padahal mana ada restonya rugi kan drivernya belom dapat alasannya ngasal aja,negative
2026-04-07 14:05:53,Jania Syaban,tolong diperbaiki.. saat pantau maps gosend ga gerak... bingungin,gojek,google_play,tolong diperbaiki.. saat pantau maps gosend ga gerak... bingungin,negative
2026-04-07 13:51:12,Japra202121 121,lama gak sesuai apk,gojek,google_play,lama gak sesuai apk,negative
2026-04-07 13:46:18,Aulia Rahman,Susah dapet drivernya,gojek,google_play,susah dapet drivernya,negative
2026-04-07 13:39:01,Free Pass,good job,gojek,google_play,good job,neutral
2026-04-07 13:35:40,Nining nusantari,Gojek hebat,gojek,google_play,gojek hebat,positive
2026-04-07 13:30:41,Mantalena Samosir,bagus bangett drifernya baik²,gojek,google_play,bagus bangett drifernya baik²,positive
2026-04-07 13:21:22,sukma Tan,Bagus,gojek,google_play,bagus,positive
2026-04-07 13:20:26,Riadus Sholihin,"toleransi waktu untuk driver trlalu lama, jarak driver dan titik jemput hanya 2 km, toleransi waktu sampe 2 jam. padahal jalan gk macet pergerakan driver gk jelas. saking lamanya toleransi waktu jdi driver pada nyepelein jdi customer hrus nunggu lama!!! last pake gojek",gojek,google_play,"toleransi waktu untuk driver trlalu lama, jarak driver dan titik jemput hanya 2 km, toleransi waktu sampe 2 jam. padahal jalan gk macet pergerakan driver gk jelas. saking lamanya toleransi waktu jdi driver pada nyepelein jdi customer hrus nunggu lama!!! last pake gojek",negative
2026-04-07 13:15:51,raditya? nataprawira,"menarik, dan bermanfaat bagi anak sma ketika ga di jmput kluargane🤓🤓",gojek,google_play,"menarik, dan bermanfaat bagi anak sma ketika ga di jmput kluargane🤓🤓",neutral
2026-04-07 13:07:17,Soleman Ktg,gojeg sangat membantu terima kasih,gojek,google_play,gojeg sangat membantu terima kasih,positive
2026-04-07 13:04:04,R Teten Didi Suprapli,"Sebagai orang daerah menggunakan kendaraan online selalu dihinggapi rasa was was tapi kali ini sebaliknya ada rasa aman sekaligus nyaman karena drivernya ramah dan mau bercerita tentang berbagai pengetahuan yang iamiliki, salus teruskan sikapmu sungguh mulia dan berkesan.",gojek,google_play,"sebagai orang daerah menggunakan kendaraan online selalu dihinggapi rasa was was tapi kali ini sebaliknya ada rasa aman sekaligus nyaman karena drivernya ramah dan mau bercerita tentang berbagai pengetahuan yang iamiliki, salus teruskan sikapmu sungguh mulia dan berkesan.",positive
2026-04-07 12:53:14,Efa Karmila,"susah cari driver,pernh udh pesan nunggu lama2 malah dicancel,",gojek,google_play,"susah cari driver,pernh udh pesan nunggu lama2 malah dicancel,",negative
2026-04-07 12:50:43,usn,driver nya jarang ada yang yg ramah ya:),gojek,google_play,driver nya jarang ada yang yg ramah ya:),negative
2026-04-07 12:45:56,Srikandi Jawa,"kesal,pesen go shop untuk belanja obat (urgent),3kali cari driver tdk ada yg mau ambil.sangat kecewa,padahal posisi urgent banget",gojek,google_play,"kesal,pesen go shop untuk belanja obat (urgent),3kali cari driver tdk ada yg mau ambil.sangat kecewa,padahal posisi urgent banget",negative
2026-04-07 12:44:47,Lemoon Teaa,makin lama apk makin lelet masa mau pesen smpe 10 menit buat ngaturnya,gojek,google_play,makin lama apk makin lelet masa mau pesen smpe 10 menit buat ngaturnya,negative
2026-04-07 12:25:54,Apryujanggesal,sangat cocok,gojek,google_play,sangat cocok,positive
2026-04-07 12:25:29,mhal fi,ok,gojek,google_play,ok,negative
2026-04-07 12:22:42,Rancu Ireng,"kok mahal sih gofood argonya, mana ga ada promo",gojek,google_play,"kok mahal sih gofood argonya, mana ga ada promo",negative
2026-04-07 12:22:38,Ray White Priority,ok,gojek,google_play,ok,negative
2026-04-07 12:11:03,Eni Dwi,pengirimanya cepat,gojek,google_play,pengirimanya cepat,positive
2026-04-07 12:05:54,Sukamto Kartadinata,ok,gojek,google_play,ok,negative
2026-04-07 11:57:15,Dera Desti,good job👍👍👍,gojek,google_play,good job👍👍👍,positive
2026-04-07 11:48:32,ella ella,"Sangat membantu keseharian, bagus cekatan,",gojek,google_play,"sangat membantu keseharian, bagus cekatan,",positive
2026-04-07 11:45:48,Desiarianti Desi,sangat puas,gojek,google_play,sangat puas,positive
2026-04-07 11:44:25,Abang Arul,OKE,gojek,google_play,oke,negative
2026-04-07 11:41:17,Ario Antolin,mantapp,gojek,google_play,mantapp,neutral
2026-04-07 11:27:35,Ria Adam,banyak promo,gojek,google_play,banyak promo,positive
2026-04-07 11:25:55,asep mulyana,parah parah paylater masih juga blm di aktipkan balik... sudah lama juga ga pakay......,gojek,google_play,parah parah paylater masih juga blm di aktipkan balik... sudah lama juga ga pakay......,negative
2026-04-07 11:25:13,Kemal Reza,good,gojek,google_play,good,positive
2026-04-07 11:25:13,Daffa Arya,kami sangat membutuhkannya jika kami tidak ada kendaraan/tidak ada yang antar jemput,gojek,google_play,kami sangat membutuhkannya jika kami tidak ada kendaraan/tidak ada yang antar jemput,positive
2026-04-07 11:21:41,siti arhamaeni,so far so good,gojek,google_play,so far so good,positive
2026-04-07 11:04:18,Lala Wijayanti,sangat mudah bepergian,gojek,google_play,sangat mudah bepergian,positive
2026-04-07 10:59:29,Post Gendeng,setelah di update kok malah bug parah.. lelet,gojek,google_play,setelah di update kok malah bug parah.. lelet,negative
2026-04-07 10:34:55,Susi Maulani Wisly,pelayanan cepat,gojek,google_play,pelayanan cepat,positive
2026-04-07 10:14:12,Nasywa Arif,cepat,gojek,google_play,cepat,positive
2026-04-07 10:08:06,Meli Sayekti,"mohon dikoreksi gojek, kalau kami cancel karena driver gak gerak dan dihubungi gak bisa ya jgn kenak potongan dong. moso cancel kena denda 3k. aneh loh",gojek,google_play,"mohon dikoreksi gojek, kalau kami cancel karena driver gak gerak dan dihubungi gak bisa ya jgn kenak potongan dong. moso cancel kena denda 3k. aneh loh",negative
2026-04-07 09:40:31,Aubrielle Adams,"ini kenapa sih sekarang tiap bula gojek tulisannya tidak ada internet, padahal internet lancar kuota ada hadehhh",gojek,google_play,"ini kenapa sih sekarang tiap bula gojek tulisannya tidak ada internet, padahal internet lancar kuota ada hadehhh",negative
2026-04-07 09:36:08,Antonius Andrianto,"loading masih suka lambat, informasi cuaca (hujan) sering tdk sesuai dgn kondisi di lokasi.",gojek,google_play,"loading masih suka lambat, informasi cuaca (hujan) sering tdk sesuai dgn kondisi di lokasi.",negative
2026-04-07 09:31:37,Wahib “Wahib” DF,good,gojek,google_play,good,positive
2026-04-07 09:21:58,Horbo Saragi,bagus,gojek,google_play,bagus,positive
2026-04-07 09:05:26,Ilham bareeq,sangat membantu,gojek,google_play,sangat membantu,positive
2026-04-07 08:56:44,Theo Desta,murah cuy,gojek,google_play,murah cuy,positive
2026-04-07 08:52:15,Rekonfu 87,bagus ... jaketnya baru .. helmnya dibungkus ..harum,gojek,google_play,bagus ... jaketnya baru .. helmnya dibungkus ..harum,positive
2026-04-07 08:47:04,sasha sandra,"kdg pesen makan lama dpt drivernya,bisa 2jam lebih dpt driver klo hujan",gojek,google_play,"kdg pesen makan lama dpt drivernya,bisa 2jam lebih dpt driver klo hujan",positive
2026-04-07 08:30:15,Ptekaya Begaya,Kenapa sulit sekali registrasi nya sekarang? tidak seperti dulu.,gojek,google_play,kenapa sulit sekali registrasi nya sekarang? tidak seperti dulu.,negative
2026-04-07 08:22:04,Sri edi,GOJEK TERLALU MAHAL TURUNIN HARGANYA WOY !.,gojek,google_play,gojek terlalu mahal turunin harganya woy !.,negative
2026-04-07 08:16:40,"BABY AJAIB BOM, Bom",good,gojek,google_play,good,positive
2026-04-07 08:11:40,Iri Anne,ok,gojek,google_play,ok,negative
2026-04-07 07:59:45,kakamba official,untuk kali ini saya beri bintang 5,gojek,google_play,untuk kali ini saya beri bintang 5,positive
2026-04-07 07:58:13,Andri Triyono,sippp,gojek,google_play,sippp,neutral
2026-04-07 07:57:45,Suwonoaja Endang,okay,gojek,google_play,okay,negative
2026-04-07 07:51:47,Haris Winarya,good transportation,gojek,google_play,good transportation,neutral
2026-04-07 07:50:20,didik nurwanto,ok.,gojek,google_play,ok.,negative
2026-04-07 07:48:14,ardi ano,"sangat membantu..cuma akhir"" ini aplikasi suka tiba"" keluar sendiri,jadi harus buka lagi",gojek,google_play,"sangat membantu..cuma akhir"" ini aplikasi suka tiba"" keluar sendiri,jadi harus buka lagi",positive
2026-04-07 07:25:53,Zahirlina Zahirlina,baik berkendara,gojek,google_play,baik berkendara,negative
2026-04-07 07:03:17,Ali Rido,memuaskan sekali,gojek,google_play,memuaskan sekali,positive
2026-04-07 07:00:04,Saepul Hidayat,mantap pelayanan cepat,gojek,google_play,mantap pelayanan cepat,positive
2026-04-07 06:50:00,antoni ian,"Saya pelanggan setia gojek dan sampai hari ini masih setia, tapi kenapa skrg jelek sekali pelayanan aplikasi ini, cari driver susah dan sering sekali dpt driver yg jauh shg harus nunggu lama... kecewa",gojek,google_play,"saya pelanggan setia gojek dan sampai hari ini masih setia, tapi kenapa skrg jelek sekali pelayanan aplikasi ini, cari driver susah dan sering sekali dpt driver yg jauh shg harus nunggu lama... kecewa",negative
2026-04-07 06:47:05,Alqila Nadine,"keren sih,cuma entah kenapa sekarang susah banget nyari ojek nya kek nunggu lama duluu atau kalo ga ditambah gitu.Apa karena BBM naik 🤔",gojek,google_play,"keren sih,cuma entah kenapa sekarang susah banget nyari ojek nya kek nunggu lama duluu atau kalo ga ditambah gitu.apa karena bbm naik 🤔",positive
2026-04-07 06:44:05,Ulyasari Adlhalia,good aplikasi,gojek,google_play,good aplikasi,neutral
2026-04-07 06:40:50,Putri Ayunita,"app lelet, susah dapat driver.",gojek,google_play,"app lelet, susah dapat driver.",negative
2026-04-07 06:38:04,Witio9 Idun,"saya salah order resto, sudah berusaha pake bantuan CS tapi gak bisa di cancel, mungkin kedepannya bisa di bantu proses cancel Krn salah order merugikan customer yang ingin mengganti orderan yg di tuju. kita kesusahan cancel pesanan yg tidak sesuai",gojek,google_play,"saya salah order resto, sudah berusaha pake bantuan cs tapi gak bisa di cancel, mungkin kedepannya bisa di bantu proses cancel krn salah order merugikan customer yang ingin mengganti orderan yg di tuju. kita kesusahan cancel pesanan yg tidak sesuai",negative
2026-04-07 06:22:46,chen bexiuan,mantap,gojek,google_play,mantap,positive
2026-04-07 06:16:59,Rika Desiana,"udah hampir 1 bulan, ga tau kenapa driver gojek susah banget, pdhl sudah di jwb menuju kesana dan tdk gerak. makanan jg sering cancel. payah banget, apalagi kalau urgent.",gojek,google_play,"udah hampir 1 bulan, ga tau kenapa driver gojek susah banget, pdhl sudah di jwb menuju kesana dan tdk gerak. makanan jg sering cancel. payah banget, apalagi kalau urgent.",negative
2026-04-07 06:13:47,Atapuatapumuach,tepat waktu,gojek,google_play,tepat waktu,negative
2026-04-07 05:43:11,Ahmad Khairil,bagus,gojek,google_play,bagus,positive
2026-04-07 05:32:42,Livi Balqis,terimakasih ya pak,gojek,google_play,terimakasih ya pak,neutral
2026-04-07 05:29:49,Dylan Fairuz,aplikasi yg bantu banget,gojek,google_play,aplikasi yg bantu banget,positive
2026-04-07 05:19:00,Dini Anggraeni,kok jelek bgt ya skrg .. beli pulsa aja gagal terus .. devinisi mempersulit bukan mempermudah. kecewa deh. 😭,gojek,google_play,kok jelek bgt ya skrg .. beli pulsa aja gagal terus .. devinisi mempersulit bukan mempermudah. kecewa deh. 😭,negative
2026-04-07 04:54:56,Pebby Toher,ok,gojek,google_play,ok,negative
2026-04-07 04:12:18,Nor Faisol,ok,gojek,google_play,ok,negative
2026-04-07 04:09:52,Farida Siregar,Ok,gojek,google_play,ok,negative
2026-04-07 04:09:50,Ade Saputra,"skarang mkin ribet di buat , kendala suka double orderan ,sama sekali ga bisa cancel",gojek,google_play,"skarang mkin ribet di buat , kendala suka double orderan ,sama sekali ga bisa cancel",negative
2026-04-07 03:49:21,Urip Hadiman,membantu,gojek,google_play,membantu,negative
2026-04-07 03:02:58,indah Larissa,kadang macet sedikit,gojek,google_play,kadang macet sedikit,negative
2026-04-07 01:10:52,Hendri Susanto,ok,gojek,google_play,ok,negative
2026-04-07 01:01:14,Ichsan Nudi,kadang kadang sulit nyari driver,gojek,google_play,kadang kadang sulit nyari driver,negative
2026-04-07 00:49:04,Pradipta Gajendra,nice quality delevery food,gojek,google_play,nice quality delevery food,negative
2026-04-07 00:40:10,TeukuSyah Munthe,ayo buat terus promo menarik,gojek,google_play,ayo buat terus promo menarik,neutral
2026-04-07 00:02:38,Fadill Junior,"saya hampir 6 tahun pake gojek,sekarang gojek g seperti dulu.. pesen food hampir 2 jam baru nyampe rumah pesen goride hemat / reguler sama ajj,dapet driver jauh jauh.. sekarang pesen food lebih enak pake shope lebih cepet. kalau goride pesen indri,dapet driver nya cepet + deket,lah kalau gojek dapet driver nya hampir 3km sampai 4km.. bye bye gojek..",gojek,google_play,"saya hampir 6 tahun pake gojek,sekarang gojek g seperti dulu.. pesen food hampir 2 jam baru nyampe rumah pesen goride hemat / reguler sama ajj,dapet driver jauh jauh.. sekarang pesen food lebih enak pake shope lebih cepet. kalau goride pesen indri,dapet driver nya cepet + deket,lah kalau gojek dapet driver nya hampir 3km sampai 4km.. bye bye gojek..",positive
2026-04-06 23:12:26,7013,cukup membantu...,gojek,google_play,cukup membantu...,positive
2026-04-06 23:04:33,David Bianca,"untuk login saja ribet sudah otp wa otp gmail, nunggu kirim kode otp di gmail 3hari blm ada kabar hadeh makin rusak parah, sudah saatnya gojek bangkrut",gojek,google_play,"untuk login saja ribet sudah otp wa otp gmail, nunggu kirim kode otp di gmail 3hari blm ada kabar hadeh makin rusak parah, sudah saatnya gojek bangkrut",negative
2026-04-06 23:03:51,Saida,terbaik,gojek,google_play,terbaik,positive
2026-04-06 23:02:22,Drjtnty2bah Dibah,okeyy lah,gojek,google_play,okeyy lah,negative
2026-04-06 22:30:59,Yanuar Yayan,"klo mau kasih order ke driver rada ngotak dikit bisa kan......penjemputan jauh jauh ndak ngotak semua....,klo ndk paham situasi di jlannn.....carilah driver terdekat bisa kan.....klo kayak gini terus pelanggan lama lama bisa pindah ke aplikasi lain.......sampai sini PAHAMMMMMMM..........!!¡!!!!!!",gojek,google_play,"klo mau kasih order ke driver rada ngotak dikit bisa kan......penjemputan jauh jauh ndak ngotak semua....,klo ndk paham situasi di jlannn.....carilah driver terdekat bisa kan.....klo kayak gini terus pelanggan lama lama bisa pindah ke aplikasi lain.......sampai sini pahammmmmmm..........!!¡!!!!!!",negative
2026-04-06 22:24:37,Sely Afrina,"gofood makanan, 3x dibatalin mulu",gojek,google_play,"gofood makanan, 3x dibatalin mulu",negative
2026-04-06 22:23:49,Soeharyono,apk nya mudah digunakan,gojek,google_play,apk nya mudah digunakan,positive
2026-04-06 22:23:36,Xry Kru,minimal buat rating customer bisa diliat sama customer sendiri driver rating semena-mena sedangkan customer diminta untuk selalu ngasih bintang 5 ke driver 🤓,gojek,google_play,minimal buat rating customer bisa diliat sama customer sendiri driver rating semena-mena sedangkan customer diminta untuk selalu ngasih bintang 5 ke driver 🤓,negative
2026-04-06 22:04:15,Riko Amran,Bagus,gojek,google_play,bagus,positive
2026-04-06 22:00:15,Ramlih Kholid,pesanan cepat dan dapat di andalkan,gojek,google_play,pesanan cepat dan dapat di andalkan,positive
2026-04-06 21:58:56,galih putra,"jarak di google maps 6km kurang, di aplikasi gojek 9,8km, ko bedanya jauh banget, ini ko bisa seperti ini??? selisih nya lumayan ke ongkos juga jelas beda jauhhhhhh",gojek,google_play,"jarak di google maps 6km kurang, di aplikasi gojek 9,8km, ko bedanya jauh banget, ini ko bisa seperti ini??? selisih nya lumayan ke ongkos juga jelas beda jauhhhhhh",negative
2026-04-06 21:54:19,Edwin Tairas,Aplikasi Mantul,gojek,google_play,aplikasi mantul,neutral
2026-04-06 21:45:39,Kiki Aldiansyah,bagus,gojek,google_play,bagus,positive
2026-04-06 21:40:11,ridho pratama,"Makin jelek pelayanannya, kalau grab makanan siapin makanan dulu nunggu 1 jam ujung2 nya gak dapat driver waktu terbuang nungguin mending pesan lain saja",gojek,google_play,"makin jelek pelayanannya, kalau grab makanan siapin makanan dulu nunggu 1 jam ujung2 nya gak dapat driver waktu terbuang nungguin mending pesan lain saja",negative
2026-04-06 21:37:53,meike senly,memuaskan,gojek,google_play,memuaskan,negative
2026-04-06 21:18:22,Saifulsaiful Saifulsaiful,bagus,gojek,google_play,bagus,positive
2026-04-06 21:18:13,Putri Jumiyanti,"susah banget dapat driver dan itu berkali kali kejadian, pesen makan harus nunggu sampai berjam-jam. masa dari sekian lama nunggu gak nyantol mana gak bisa di cancel",gojek,google_play,"susah banget dapat driver dan itu berkali kali kejadian, pesen makan harus nunggu sampai berjam-jam. masa dari sekian lama nunggu gak nyantol mana gak bisa di cancel",negative
2026-04-06 21:16:34,Febian Tetelay,"membuat pelangfan harus tunggu lama, driver seenaknya suka membatalkan pesanan, tidak pernah ada hadiah untuk pelanggan, suka memberikan voucher hadiah yang tidak bisa digunakan, tidak punya kontak cs yang bisa dihubungi",gojek,google_play,"membuat pelangfan harus tunggu lama, driver seenaknya suka membatalkan pesanan, tidak pernah ada hadiah untuk pelanggan, suka memberikan voucher hadiah yang tidak bisa digunakan, tidak punya kontak cs yang bisa dihubungi",negative
2026-04-06 21:14:13,Aqila Putri,suka ajaa,gojek,google_play,suka ajaa,positive
2026-04-06 20:51:27,fajar choirulb,"rating 4,7 kaya tidak mencerminkan ini aplikasi - Driver ga motor/ mobil pada belagu kaga mau pick up, dichat no respon, maps ga gerak ampun dahh, balik ke taksi konvensional aja - gofood biaya layanan over bgt, minim promo, better shopeefood sekarang",gojek,google_play,"rating 4,7 kaya tidak mencerminkan ini aplikasi - driver ga motor/ mobil pada belagu kaga mau pick up, dichat no respon, maps ga gerak ampun dahh, balik ke taksi konvensional aja - gofood biaya layanan over bgt, minim promo, better shopeefood sekarang",negative
2026-04-06 20:51:05,riyan Alfiansyah,enak pake gojek.,gojek,google_play,enak pake gojek.,positive
2026-04-06 20:50:35,Nisa Siahaan,driver nya gamau Nerima orderan ku lama banget nunggu lebih sejam ga ada driver yang nerima,gojek,google_play,driver nya gamau nerima orderan ku lama banget nunggu lebih sejam ga ada driver yang nerima,negative
2026-04-06 20:47:17,Agung Syah,"GOJEK INI DZALIM KE DRIVERNYA KAK. KALIAN CS BAYAR FULL KAMI DAPET HIKMAH NYA AJA JALAN MACET LUBANG HUJAN BADAI KAMI LALUI. ALASAN KALIAN SUSAH DPT DRIVER KARNA DRIVER MALES DENGAN TARIF YG TIDAK SESUAI, DRIVER SEPERTI KERJA RODI. LEBIH BAIK KALIAN PAKE APLIKASI SEBELAH BIAR MAMPUS GOJEK.",gojek,google_play,"gojek ini dzalim ke drivernya kak. kalian cs bayar full kami dapet hikmah nya aja jalan macet lubang hujan badai kami lalui. alasan kalian susah dpt driver karna driver males dengan tarif yg tidak sesuai, driver seperti kerja rodi. lebih baik kalian pake aplikasi sebelah biar mampus gojek.",negative
2026-04-06 20:42:33,dila36 dila,nicee,gojek,google_play,nicee,negative
2026-04-06 20:37:26,DAVID PRATAMA,keren,gojek,google_play,keren,positive
2026-04-06 20:29:10,FARAS ROG,"user gojek jaman sekarang trlalu manja jalan becek dikit ga mau jemput udh 10x cancel gila 👿👿👎👎😾 padahal user gojeng punya rating 5,0 jalan becek namanya baru slae ujan. emng ujan kita yng atur gblk, kalo pada ga mau roda motor kena jalan becek di pakein sepatu proyek woy",gojek,google_play,"user gojek jaman sekarang trlalu manja jalan becek dikit ga mau jemput udh 10x cancel gila 👿👿👎👎😾 padahal user gojeng punya rating 5,0 jalan becek namanya baru slae ujan. emng ujan kita yng atur gblk, kalo pada ga mau roda motor kena jalan becek di pakein sepatu proyek woy",negative
2026-04-06 20:28:32,Hari Mulyadi,"Kecewa sekali, hanya 1 kali telat bayar Go Paylatter. Akun di blokir dengan alasan di review ntah sampai kapan...",gojek,google_play,"kecewa sekali, hanya 1 kali telat bayar go paylatter. akun di blokir dengan alasan di review ntah sampai kapan...",negative
2026-04-06 20:18:26,Anggyta Fazria,"tiba tiba di cancel dari pihak gojeknya, terus promo hilang semua padahal sudah top up",gojek,google_play,"tiba tiba di cancel dari pihak gojeknya, terus promo hilang semua padahal sudah top up",negative
2026-04-06 20:13:23,Arya Prayuda,suka sekali sama aplikasi ini,gojek,google_play,suka sekali sama aplikasi ini,positive
2026-04-06 20:10:54,Kebal Zatier,bagus pelayanan nya,gojek,google_play,bagus pelayanan nya,positive
2026-04-06 20:09:22,Ahmad Syaifullah,"kelaparan nunggu nyari driver buat jemput makanan, ini gimana sih wilayah Banjarmasin kekurangan driver kah? kalo kurang mending buka rekrut besar besaran buat drivernya, nyari kerja aja udah sulit apalagi jadi mitra ojol",gojek,google_play,"kelaparan nunggu nyari driver buat jemput makanan, ini gimana sih wilayah banjarmasin kekurangan driver kah? kalo kurang mending buka rekrut besar besaran buat drivernya, nyari kerja aja udah sulit apalagi jadi mitra ojol",negative
2026-04-06 20:03:09,Hendra Hadiyono,ok,gojek,google_play,ok,negative
2026-04-06 19:49:53,Rald 08,"aplikasi sering error, tiap kali order semua driver tidak bergerak",gojek,google_play,"aplikasi sering error, tiap kali order semua driver tidak bergerak",negative
2026-04-06 19:48:31,Muhammad Jaelani,sangat membantu di saat emergensi,gojek,google_play,sangat membantu di saat emergensi,positive
2026-04-06 19:36:58,Saputra Dika,"gimana sih udah lama lama nunggu. driver nya ga jalan jalan mana di chat ga di bales bales, klo ga mau ya udah tinggal bilang kan enak jadi ga nunggu lama",gojek,google_play,"gimana sih udah lama lama nunggu. driver nya ga jalan jalan mana di chat ga di bales bales, klo ga mau ya udah tinggal bilang kan enak jadi ga nunggu lama",negative
2026-04-06 19:33:24,bocil 07,"Akhir2 ini kenapa lemot banget ya aplikasinya. Ketetagan internet mati, padahal internet lancar, buka aplikasi sbelah juga lancar",gojek,google_play,"akhir2 ini kenapa lemot banget ya aplikasinya. ketetagan internet mati, padahal internet lancar, buka aplikasi sbelah juga lancar",negative
2026-04-06 19:28:36,Saepul Tile,baik sekali,gojek,google_play,baik sekali,negative
2026-04-06 19:18:53,wahyu bowo,sangat membantu dan bisa diandalkan.,gojek,google_play,sangat membantu dan bisa diandalkan.,positive
2026-04-06 19:16:48,Erma Purnama,"sepanjang perjalanan ini, Alhamdulillah sangat bermanfaat.",gojek,google_play,"sepanjang perjalanan ini, alhamdulillah sangat bermanfaat.",positive
2026-04-06 19:15:00,Maswan 27903,Sekarang lama banget gofood...kalo pilih extra baru cepat dapat driver...,gojek,google_play,sekarang lama banget gofood...kalo pilih extra baru cepat dapat driver...,negative
2026-04-06 19:04:11,Irvan Shodiki,aplikasi sehat,gojek,google_play,aplikasi sehat,neutral
2026-04-06 18:56:23,Gabriel Paulus,"Driver gojek paling males ambil penumpang, selama saya pakai ojol, susah cari driver, kirim barang lewat Tokopedia jg sama ga ada mau ambil pesanan barang dan satu lagi patuhi aturan berkendara di jalan raya ( nyerobot ke jalur busway dan naik ke trotoar)",gojek,google_play,"driver gojek paling males ambil penumpang, selama saya pakai ojol, susah cari driver, kirim barang lewat tokopedia jg sama ga ada mau ambil pesanan barang dan satu lagi patuhi aturan berkendara di jalan raya ( nyerobot ke jalur busway dan naik ke trotoar)",negative
2026-04-06 18:51:54,Dadan Budiana,segini dulu ratingna 👍 dh coba topup 75k dan coba pake ke rumah loading mulu saldo dianggap gak ada kurang malah gimana mau tumbuh berkembang dan bersaing dengan kompetitor layanan n nyamanan kurangnggg,gojek,google_play,segini dulu ratingna 👍 dh coba topup 75k dan coba pake ke rumah loading mulu saldo dianggap gak ada kurang malah gimana mau tumbuh berkembang dan bersaing dengan kompetitor layanan n nyamanan kurangnggg,negative
2026-04-06 18:51:18,Astina Septiani,emang pake ini terus sih.. soalnya jarang gunain.. males instal aplikasi lain.. gojek terus berkembang sejahterakan driver juga ya..,gojek,google_play,emang pake ini terus sih.. soalnya jarang gunain.. males instal aplikasi lain.. gojek terus berkembang sejahterakan driver juga ya..,positive
2026-04-06 18:43:41,haryono Yono,aplikasi yg smart,gojek,google_play,aplikasi yg smart,neutral
2026-04-06 18:37:48,23. Graceanne Lauwrencia,"aku bolak balik pesan pulsa kok bisa transaksi gagal? padahal no telp sama pinnya benar, mohon diperbaiki",gojek,google_play,"aku bolak balik pesan pulsa kok bisa transaksi gagal? padahal no telp sama pinnya benar, mohon diperbaiki",negative
2026-04-06 18:27:55,Mr Cokii,Ongkir mahal driver dapetnya kecil..potongannya gede amat,gojek,google_play,ongkir mahal driver dapetnya kecil..potongannya gede amat,negative
2026-04-06 18:25:24,Bogor Ciomas,sangat bagus.. 👍👍👍,gojek,google_play,sangat bagus.. 👍👍👍,positive
2026-04-06 18:19:31,Dedi Ikhsan,blm puas banyakan lelet ngaco,gojek,google_play,blm puas banyakan lelet ngaco,negative
2026-04-06 17:55:15,Diah Hamberi,mantap,gojek,google_play,mantap,positive
2026-04-06 17:43:58,asrifah kharismaningtyas,sangat membantu sekali... terimakasih gojek dan para driver nya,gojek,google_play,sangat membantu sekali... terimakasih gojek dan para driver nya,positive
2026-04-06 17:37:35,Sonya Angela,"Komplain yang disampaikan tidak bisa diberikan jawaban yang jelas. CS tidak ada gunanya. Dari Windu, Winda, Wataru. Ini 3 nama CS yang proses komplain saya. done uninstall. edit: ka mita, kenapa saya mesti email lagi dengan masalah terkait? Gojek tidak periksa sendiri keluhan yg udah saya sampaikan di aplikasi?? kenapa harus berkali2 ajuin keluhan???",gojek,google_play,"komplain yang disampaikan tidak bisa diberikan jawaban yang jelas. cs tidak ada gunanya. dari windu, winda, wataru. ini 3 nama cs yang proses komplain saya. done uninstall. edit: ka mita, kenapa saya mesti email lagi dengan masalah terkait? gojek tidak periksa sendiri keluhan yg udah saya sampaikan di aplikasi?? kenapa harus berkali2 ajuin keluhan???",negative
2026-04-06 17:27:21,Angga Cahyadi,lama dapet nya terus ambil yang 25 ribu pada gada yang mau aneh,gojek,google_play,lama dapet nya terus ambil yang 25 ribu pada gada yang mau aneh,negative
2026-04-06 17:27:04,Rere Irere,bagus dan keren,gojek,google_play,bagus dan keren,positive
2026-04-06 17:24:08,Aa Owens,"kalau perlu pas mau dijemput driver, plat kendaraan nya di tampilin biar langsung ngerti yang mana driver nya",gojek,google_play,"kalau perlu pas mau dijemput driver, plat kendaraan nya di tampilin biar langsung ngerti yang mana driver nya",neutral
2026-04-06 17:21:14,Luthfi Firmansyah,"driver nya cancel trs aneh,udh itu nyari driver nya lama bgt",gojek,google_play,"driver nya cancel trs aneh,udh itu nyari driver nya lama bgt",negative
2026-04-06 17:03:31,Nurul Ainun,"sekarang kalo di gofood udh gk bisa dibatalin, alhasil kemaren saya pesan makanan tanpa disengaja gara-gara lcd lg trouble",gojek,google_play,"sekarang kalo di gofood udh gk bisa dibatalin, alhasil kemaren saya pesan makanan tanpa disengaja gara-gara lcd lg trouble",negative
2026-04-06 17:01:15,Ayu walinasta,"LELET MAHAL,,CARI DRIVER LAMA BANGET UDAH GITU SEKALINYA DAPET AKU CHAT ORANGNYA KATANYA MOHON DI TUNGGU UDAH DI TUNGGUIN MALAH DI CANCEL SE ENAK UDEL",gojek,google_play,"lelet mahal,,cari driver lama banget udah gitu sekalinya dapet aku chat orangnya katanya mohon di tunggu udah di tungguin malah di cancel se enak udel",negative
2026-04-06 16:59:58,Kanjeng Mami,"amanah ,cepat dan ramah",gojek,google_play,"amanah ,cepat dan ramah",positive
2026-04-06 16:59:28,udi budiman,mantap,gojek,google_play,mantap,positive
2026-04-06 16:45:23,Aji Suwarno,muantap,gojek,google_play,muantap,positive
2026-04-06 16:40:43,Rasyid Hardianto,emang skrng lama ya min dpt nya?,gojek,google_play,emang skrng lama ya min dpt nya?,negative
2026-04-06 16:33:22,Rahmat Hidayat,oke,gojek,google_play,oke,negative
2026-04-06 16:27:23,Rossy sy2022,sangat membantu 🙏,gojek,google_play,sangat membantu 🙏,positive
2026-04-06 16:27:16,Ila Majid,very good boy,gojek,google_play,very good boy,neutral
2026-04-06 16:02:00,Nining Yuningsih,bagus,gojek,google_play,bagus,positive
2026-04-06 16:00:48,Radit Raditya athaya ramadhan,mantab,gojek,google_play,mantab,neutral
2026-04-06 15:57:01,Arsenio shagan,bagus,gojek,google_play,bagus,positive
2026-04-06 15:55:40,Alya Nadhira,"dih gajelas dah gojek,masa gak bisa ganti pembayaran ke gopay, padahal saldo gopay cukup,gak ada limit juga, gak ada pemberitahuan apa2, eh malah gak bisa ganti pembayaran ke gopay, gak rispek wok padahal kan udah di tf in ke gopay, eh ujung2nya make cash shibal😒🤬😠😞😭 padahal udah update,udah nyoba segala cara buat benerin,eh gak bisa",gojek,google_play,"dih gajelas dah gojek,masa gak bisa ganti pembayaran ke gopay, padahal saldo gopay cukup,gak ada limit juga, gak ada pemberitahuan apa2, eh malah gak bisa ganti pembayaran ke gopay, gak rispek wok padahal kan udah di tf in ke gopay, eh ujung2nya make cash shibal😒🤬😠😞😭 padahal udah update,udah nyoba segala cara buat benerin,eh gak bisa",negative
2026-04-06 14:54:56,Clarissa An,"ngeselin tiba tiba saya pesen ojek jadi 2 kali padahal saya pesen satu untuk lokasi berbeda malah tiba tiba kepesen kedua kali dengan lokasi yg berbeda juga, ni kenapa si kalau banyak yg make suka error gitu malu malu in aja",gojek,google_play,"ngeselin tiba tiba saya pesen ojek jadi 2 kali padahal saya pesen satu untuk lokasi berbeda malah tiba tiba kepesen kedua kali dengan lokasi yg berbeda juga, ni kenapa si kalau banyak yg make suka error gitu malu malu in aja",negative
2026-04-06 14:52:35,Fendy bagus Dewa Pamungkas,mantap,gojek,google_play,mantap,positive
2026-04-06 14:47:06,EZRA KEREN,sangat baik,gojek,google_play,sangat baik,positive
2026-04-06 14:43:49,Nana Salsabila,lebih cepat,gojek,google_play,lebih cepat,positive
2026-04-06 14:37:12,Ika,terima kasih atas pelayanannya,gojek,google_play,terima kasih atas pelayanannya,positive
2026-04-06 14:33:37,Zahra Adilla,good,gojek,google_play,good,positive
2026-04-06 14:30:03,Eddy Prw,oke,gojek,google_play,oke,negative
2026-04-06 14:18:57,Haneko,Mantap,gojek,google_play,mantap,positive
2026-04-06 14:13:10,Abdul Gani,lumayan,gojek,google_play,lumayan,positive
2026-04-06 14:09:10,Hana Tiwi,"woy gojek jgn terlalu byk potongan buat driver, yg susah customer!!! skg susah buat dpt in driver",gojek,google_play,"woy gojek jgn terlalu byk potongan buat driver, yg susah customer!!! skg susah buat dpt in driver",negative
2026-04-06 14:05:13,wasgembok,Driver tepat waktu,gojek,google_play,driver tepat waktu,neutral
2026-04-06 13:52:40,Salman Faris,bagus bagus bagus,gojek,google_play,bagus bagus bagus,positive
2026-04-06 13:49:12,Matteo Uccheddu,sangat membantu terutama untuk orang mageran seperti saya 😂,gojek,google_play,sangat membantu terutama untuk orang mageran seperti saya 😂,positive
2026-04-06 13:42:06,Ahmad Saidi,sikap dan pelayan baik,gojek,google_play,sikap dan pelayan baik,positive
2026-04-06 13:31:17,Secret,"ngelag banget njim, aku pakai grab aja lancar",gojek,google_play,"ngelag banget njim, aku pakai grab aja lancar",positive
2026-04-06 13:28:47,Dedy Gusriadi,ok,gojek,google_play,ok,negative
2026-04-06 13:22:05,rizky hidayat,👍,gojek,google_play,👍,negative
2026-04-06 13:16:39,coprex zoxuzan,mantap,gojek,google_play,mantap,positive
2026-04-06 13:05:50,Nurkholis Azmi,ok,gojek,google_play,ok,negative
2026-04-06 12:50:13,Prawira Dijaya,kecewa sama aplikasi ini.. 1 jam gak dapet2 driver. padahal di medan kota. tolong lah perbaiki kinerjanya.... jangan sampe pelanggan pada lari ke aplikasi sebelah !!!!!!,gojek,google_play,kecewa sama aplikasi ini.. 1 jam gak dapet2 driver. padahal di medan kota. tolong lah perbaiki kinerjanya.... jangan sampe pelanggan pada lari ke aplikasi sebelah !!!!!!,negative
2026-04-06 12:49:28,Dedeh Komala,tepat waktu is the best,gojek,google_play,tepat waktu is the best,positive
2026-04-06 12:48:33,Skyzo Deep,aplikasi sering error,gojek,google_play,aplikasi sering error,negative
2026-04-06 12:43:33,BKL FF,lama nyari driver nya,gojek,google_play,lama nyari driver nya,negative
2026-04-06 12:36:46,Ananda Kaison,muantap,gojek,google_play,muantap,positive
2026-04-06 12:19:13,Ari Ando,"disc promo digofood tidak ada, gojek plus tidak ada.. pesen makanan jadi mahal banget.. sedangkan di aplikasi teman saya ada disc makanan",gojek,google_play,"disc promo digofood tidak ada, gojek plus tidak ada.. pesen makanan jadi mahal banget.. sedangkan di aplikasi teman saya ada disc makanan",negative
2026-04-06 12:17:22,Budiono Prayogo,bagus.bintang *****,gojek,google_play,bagus.bintang *****,positive
2026-04-06 12:13:43,Pikia Wati,"tolong fitur telp nya di perbaiki, buat angkat telp susah matiin susah, suara jadi gak jelas. jadi kita susah komunikasi sama driver",gojek,google_play,"tolong fitur telp nya di perbaiki, buat angkat telp susah matiin susah, suara jadi gak jelas. jadi kita susah komunikasi sama driver",negative
2026-04-06 12:11:44,Marlen Sutopo,top global,gojek,google_play,top global,neutral
2026-04-06 12:09:16,Sayuti Mar,sangat membantu perjalanan aman nyaman 👍,gojek,google_play,sangat membantu perjalanan aman nyaman 👍,positive
2026-04-06 12:08:42,Farsyah Mail,aplikasi nya mantap,gojek,google_play,aplikasi nya mantap,positive
2026-04-06 12:05:31,DRS Sunardi sunardi,mantul tul tul....,gojek,google_play,mantul tul tul....,negative
2026-04-06 11:51:20,Saiful Huda,membantu,gojek,google_play,membantu,negative
2026-04-06 11:45:47,Rodli Dio,"sampah ,gofood Udah disuruh konfirmasi rumah dan orang nya yg mana,fitur chat fungsi nya apa kalo didiemin?disuruh minta foto buat konfirmasi apa susah nya sih ,Duit ga dibalikin juga main antar ke orang yg salah",gojek,google_play,"sampah ,gofood udah disuruh konfirmasi rumah dan orang nya yg mana,fitur chat fungsi nya apa kalo didiemin?disuruh minta foto buat konfirmasi apa susah nya sih ,duit ga dibalikin juga main antar ke orang yg salah",negative
2026-04-06 11:43:33,Cazz,"paling gak suka kalau udah bayar mahal untuk pesanan makanan express, kan niatnya agar datangnya cepat ya, tapi driver selalu saja lama untuk mengambil makanan. Akhirnya, jadi sama aja kayak reguler tapi lebih mahal saja. Menyebalkan sekali.",gojek,google_play,"paling gak suka kalau udah bayar mahal untuk pesanan makanan express, kan niatnya agar datangnya cepat ya, tapi driver selalu saja lama untuk mengambil makanan. akhirnya, jadi sama aja kayak reguler tapi lebih mahal saja. menyebalkan sekali.",negative
2026-04-06 11:43:27,Slamet Widodo,nice app,gojek,google_play,nice app,negative
2026-04-06 11:28:42,Arie Yanz,ok,gojek,google_play,ok,negative
2026-04-06 11:28:08,Wiwied Lelyati Setyawan,mantap,gojek,google_play,mantap,positive
2026-04-06 11:27:24,Ray Rizaldi amanda,susah dpet driver,gojek,google_play,susah dpet driver,negative
2026-04-06 11:26:49,Rezza Falefi,bagus,gojek,google_play,bagus,positive
2026-04-06 11:25:44,Murti Itnisia,memuaskan. mohon diperbanyak.promonya untuk yang menggunakan pembayaran cash,gojek,google_play,memuaskan. mohon diperbanyak.promonya untuk yang menggunakan pembayaran cash,positive
2026-04-06 11:23:44,Tiara Maniezz,"aplikasi go invest,terjadi kendala di penjualan. tolong di bantu yaa admin",gojek,google_play,"aplikasi go invest,terjadi kendala di penjualan. tolong di bantu yaa admin",neutral
2026-04-06 11:12:52,Sus Prasetyo,good job,gojek,google_play,good job,neutral
2026-04-06 11:00:55,Wiedya Wiedya,"nyari driver kaya nunggu jodoh dateng lamaaaaaaaa pdhl yg dkt byk, gojeg skr beda sk yg dulu kasian driver & custumer alhasil uninstal aplikaai n pindah k apj lain baayyy👎",gojek,google_play,"nyari driver kaya nunggu jodoh dateng lamaaaaaaaa pdhl yg dkt byk, gojeg skr beda sk yg dulu kasian driver & custumer alhasil uninstal aplikaai n pindah k apj lain baayyy👎",negative
2026-04-06 10:55:08,Lutfa Putfa,Menyenag kan,gojek,google_play,menyenag kan,neutral
2026-04-06 10:53:50,Udin Cantuk,bagus banget jadi gk pusing lgi berpegian dengen aplikasi gojek,gojek,google_play,bagus banget jadi gk pusing lgi berpegian dengen aplikasi gojek,positive
2026-04-06 10:53:48,Farul Albert,puas,gojek,google_play,puas,negative
2026-04-06 10:50:57,Jaslin Salifah,driver selalu ramah dan asafeti,gojek,google_play,driver selalu ramah dan asafeti,positive
2026-04-06 10:46:51,shochib Munawaroh,ok,gojek,google_play,ok,negative
2026-04-06 10:45:06,Rifky Aldi,"kocak jir posisi driver ada yang dekat, tapi malah di dapetin yang jaraknya jauh bukan sekali dua kali",gojek,google_play,"kocak jir posisi driver ada yang dekat, tapi malah di dapetin yang jaraknya jauh bukan sekali dua kali",negative
2026-04-06 10:31:36,Dwie Yantie,ok,gojek,google_play,ok,negative
2026-04-06 10:31:13,Ezal 0099,bagus,gojek,google_play,bagus,positive
2026-04-06 10:15:30,Saja Saomiharja,ok,gojek,google_play,ok,negative
2026-04-06 09:59:04,Lucia Merry Wahyu W,Gooood,gojek,google_play,gooood,neutral
2026-04-06 09:56:03,Kolp Polo,sangat membantu,gojek,google_play,sangat membantu,positive
2026-04-06 09:53:36,Elle,Sangat membantu mempermudah hidup. ❤️,gojek,google_play,sangat membantu mempermudah hidup. ❤️,positive
2026-04-06 09:52:56,Olip Saja,mempernudah hidup 🥰,gojek,google_play,mempernudah hidup 🥰,negative
2026-04-06 09:43:17,Nanang shaw lin,"gojek aplikasi parah mau pesen tiket KAI engga bisa terus, mau di batalain sama aja engga bisa, sedangkan uang nya sudh masuk kacauuuuuuuu",gojek,google_play,"gojek aplikasi parah mau pesen tiket kai engga bisa terus, mau di batalain sama aja engga bisa, sedangkan uang nya sudh masuk kacauuuuuuuu",negative
2026-04-06 09:41:00,Zapscape,IKLANNYA SANGAT MENGGANGGU 🙏🏻,gojek,google_play,iklannya sangat mengganggu 🙏🏻,negative
2026-04-06 09:36:09,Muhammad Yusuf Anwar Pane,membantu di saat anu😊,gojek,google_play,membantu di saat anu😊,negative
2026-04-06 09:35:33,Ahmad Syafei,ok,gojek,google_play,ok,negative
2026-04-06 09:28:32,advenia abel,driver nya baik semua,gojek,google_play,driver nya baik semua,positive
2026-04-06 09:24:43,Andry Kurniawan,Pengemudi Gojek Di Purwokerto Banyumas Drivernya Kurang Banyak Dan Masih Banyak Driver Terlambat Dalam Penjemputan,gojek,google_play,pengemudi gojek di purwokerto banyumas drivernya kurang banyak dan masih banyak driver terlambat dalam penjemputan,negative
2026-04-06 09:23:36,Atep 220,"trims, untuk kenyamanan dan keselamatan pengguna. drivernya ramah dan cepat respon untuk pencarian cepat. semoga tetap sukses di tengah persaingan. salam sehat untuk semua team",gojek,google_play,"trims, untuk kenyamanan dan keselamatan pengguna. drivernya ramah dan cepat respon untuk pencarian cepat. semoga tetap sukses di tengah persaingan. salam sehat untuk semua team",positive
2026-04-06 09:21:18,Rayyandha Atharizky,simpel,gojek,google_play,simpel,negative
2026-04-06 09:19:46,syamlan akbal,"kenapa ini kok tiba2 semua promo hilang di gojek, gak ada satupun resto yang pake, walaupun nyari di kategori ""banyak promo""",gojek,google_play,"kenapa ini kok tiba2 semua promo hilang di gojek, gak ada satupun resto yang pake, walaupun nyari di kategori ""banyak promo""",negative
2026-04-06 09:14:47,RiRe SamidTV,Mantap Gojek setiap Rejeki datang Jangan pernah kau tolak karena Anda Memang Butuh Itu,gojek,google_play,mantap gojek setiap rejeki datang jangan pernah kau tolak karena anda memang butuh itu,positive
2026-04-06 09:04:50,Lintang Sevriana,"Udah booking dua hari lalu , berharap dapat cepet , eh tetep aja nunggu lama , mana sampai kena cancel dua kali , 😞😞😞",gojek,google_play,"udah booking dua hari lalu , berharap dapat cepet , eh tetep aja nunggu lama , mana sampai kena cancel dua kali , 😞😞😞",negative
2026-04-06 08:57:09,Maulana Anwar,"kalo bisa lebih intuitif, lebih ringan aplikasinya",gojek,google_play,"kalo bisa lebih intuitif, lebih ringan aplikasinya",positive
2026-04-06 08:50:42,Andangg,bagus banget,gojek,google_play,bagus banget,positive
2026-04-06 08:46:45,Rahmatiah Tiyaah,"okelah permudah kita yg butuh beli makan butuh kendaraan tpi mls keluar dan malas jln nyari kendaraan ,tpi lbh ok lgi klu byk discount nya 😁",gojek,google_play,"okelah permudah kita yg butuh beli makan butuh kendaraan tpi mls keluar dan malas jln nyari kendaraan ,tpi lbh ok lgi klu byk discount nya 😁",positive
2026-04-06 08:46:08,ER EF,sangat membantu sekali 🙏🏻,gojek,google_play,sangat membantu sekali 🙏🏻,positive
2026-04-06 08:38:45,Fris Eliyansyah,tingkatkan terus aplikasi gojek👍,gojek,google_play,tingkatkan terus aplikasi gojek👍,positive
2026-04-06 08:28:03,edelweiss marbun,"makin kesini gjls,di apps tinggal 2 menit lg nyatanya sampe 10 menit masi ga dtg2",gojek,google_play,"makin kesini gjls,di apps tinggal 2 menit lg nyatanya sampe 10 menit masi ga dtg2",negative
2026-04-06 08:10:26,Nisrina Fauziah,banyak promo dan aplikasi nya bagus sih bahasanya mudah di mengerti,gojek,google_play,banyak promo dan aplikasi nya bagus sih bahasanya mudah di mengerti,positive
2026-04-06 08:09:50,Rora Aurora,gojek tolong tanggungjawabnya. gosend kalian gk aman sama seklia. saya kirim parcel sehrga 500 rb ilang gk ada tnggung jawab. katanya mediasi tapi susah kusebutkn tgl jam malah jatanya aku gk respin. gila kalian ya. gk amanah mending pakai SPX,gojek,google_play,gojek tolong tanggungjawabnya. gosend kalian gk aman sama seklia. saya kirim parcel sehrga 500 rb ilang gk ada tnggung jawab. katanya mediasi tapi susah kusebutkn tgl jam malah jatanya aku gk respin. gila kalian ya. gk amanah mending pakai spx,negative
2026-04-06 08:07:33,eko prasetyo,"apalah gak jelas, gopaylater tiba2 bs, pas urgent gak bisa, layanan goride tiba2 lagi ramai, masa gak ada 1 driverpun.",gojek,google_play,"apalah gak jelas, gopaylater tiba2 bs, pas urgent gak bisa, layanan goride tiba2 lagi ramai, masa gak ada 1 driverpun.",negative
2026-04-06 08:02:58,Ade Ety,tepat waktu,gojek,google_play,tepat waktu,negative
2026-04-06 07:59:07,DEWI AYU,"mantap membantu sekali , top gojek indonesia",gojek,google_play,"mantap membantu sekali , top gojek indonesia",positive
2026-04-06 07:52:51,Saskia Karimah NP,"terpercaya, cepat, sangat membantu",gojek,google_play,"terpercaya, cepat, sangat membantu",positive
2026-04-06 07:51:30,Husnan Damanik,"sekarang cari driver susah banget, padahal driver di Deket gw banyak banget. mana harga normal sama harga hematnya jauh bgt bedanya. ini emang sistemnya yg konyol atau gimana?",gojek,google_play,"sekarang cari driver susah banget, padahal driver di deket gw banyak banget. mana harga normal sama harga hematnya jauh bgt bedanya. ini emang sistemnya yg konyol atau gimana?",negative
2026-04-06 07:50:19,emon sudarman,ok,gojek,google_play,ok,negative
2026-04-06 07:42:19,Syarifah Hidayah,ramah dan nyaman,gojek,google_play,ramah dan nyaman,positive
2026-04-06 07:26:59,Engla Deliany,ok bgt,gojek,google_play,ok bgt,negative
2026-04-06 07:19:03,Maruta Sda,oke,gojek,google_play,oke,negative
2026-04-06 06:56:32,Awan Store,oke,gojek,google_play,oke,negative
2026-04-06 06:53:48,sutarno x,"setiap bulan pasti naik ini,,,",gojek,google_play,"setiap bulan pasti naik ini,,,",negative
2026-04-06 06:50:13,Irwan,memuaskan,gojek,google_play,memuaskan,negative
2026-04-06 06:47:30,Ukasah Ibnu,"untuk patokan harga kemahalan, lebih mahal dari kompetitor sebelah, sering for close apk nya, banyak masalahnya nih.",gojek,google_play,"untuk patokan harga kemahalan, lebih mahal dari kompetitor sebelah, sering for close apk nya, banyak masalahnya nih.",negative
2026-04-06 06:32:06,Fariz Noval Rabbani,sangat memudahkan perjalanan,gojek,google_play,sangat memudahkan perjalanan,positive
2026-04-06 06:25:38,rahmat saepulloh,"dikasih voucher goride hemat,tetep susah cari driver akhirnya tetep pake reguler. mending langsung reguler aza tapi driver deket sama posisi custumer. ga harus nunggu lama.",gojek,google_play,"dikasih voucher goride hemat,tetep susah cari driver akhirnya tetep pake reguler. mending langsung reguler aza tapi driver deket sama posisi custumer. ga harus nunggu lama.",positive
2026-04-06 06:25:02,Yenny Wati,gojek paling murah apa KRNA sering pakai gojek.,gojek,google_play,gojek paling murah apa krna sering pakai gojek.,positive
2026-04-06 06:21:46,Istikomah Istikomah,"gojek sekarang kok beda Ama yang dulu dulunyA cepat sekarang kok lemot lama Skali dapat drivernya, Skali dapat jauh drivernya lama lama 😡",gojek,google_play,"gojek sekarang kok beda ama yang dulu dulunya cepat sekarang kok lemot lama skali dapat drivernya, skali dapat jauh drivernya lama lama 😡",negative
2026-04-06 06:21:08,Fitrian Noor,mantap,gojek,google_play,mantap,positive
2026-04-06 06:15:18,Budi Adi,Alhamdulillah semoga selalu mendapatkan berkah amiin.,gojek,google_play,alhamdulillah semoga selalu mendapatkan berkah amiin.,positive
2026-04-06 06:10:43,ani ana2874,pelayanannya cepat sampai tujuan dengan selamat terimakasih,gojek,google_play,pelayanannya cepat sampai tujuan dengan selamat terimakasih,positive
2026-04-06 06:10:36,Almira Qalesha,"tolong manajemen drivernya lebih diperhatikan, ini saya sudah pesen sebelum jam rame ttp gak dapet. gak tau emang drivernya gk bersyukur ato emg dari pihak gojeknya saya gak tau tapi ini jelas menyusahkan saya",gojek,google_play,"tolong manajemen drivernya lebih diperhatikan, ini saya sudah pesen sebelum jam rame ttp gak dapet. gak tau emang drivernya gk bersyukur ato emg dari pihak gojeknya saya gak tau tapi ini jelas menyusahkan saya",negative
2026-04-06 06:08:59,sito nugroho,sering merasa tertolong dgn adanya gojek,gojek,google_play,sering merasa tertolong dgn adanya gojek,positive
2026-04-06 05:22:46,Purwita Putri Mihdadiya,mantab boss,gojek,google_play,mantab boss,neutral
2026-04-06 05:15:06,Diana Rizki,"min tolong sekali utk para driver jika tidak bersedia ambil orderan segera fast respon balas chat. setidaknya jgn buang waktu customer utk menunggu supaya bisa cari driver lainnya. karna kan kita tidak tau waktu customer itu sedang buru2 atau tidak. oke lah jika menunggu 5-10 utk balasan, ini 20 sampai 30menit lebih, menurut saya itu cukup buang waktu yg seharusnya bisa dapet driver lain ini malah tidak ada jawaban.",gojek,google_play,"min tolong sekali utk para driver jika tidak bersedia ambil orderan segera fast respon balas chat. setidaknya jgn buang waktu customer utk menunggu supaya bisa cari driver lainnya. karna kan kita tidak tau waktu customer itu sedang buru2 atau tidak. oke lah jika menunggu 5-10 utk balasan, ini 20 sampai 30menit lebih, menurut saya itu cukup buang waktu yg seharusnya bisa dapet driver lain ini malah tidak ada jawaban.",negative
2026-04-06 05:06:45,Sawah sumur,bisa d bantu untuk daftar,gojek,google_play,bisa d bantu untuk daftar,neutral
2026-04-06 05:05:36,Rahmat Rahmat36,👍👍,gojek,google_play,👍👍,negative
2026-04-06 04:56:23,zamzam rasyid,ok,gojek,google_play,ok,negative
2026-04-06 02:43:57,Rudi Pasya,ok,gojek,google_play,ok,negative
2026-04-06 02:26:56,SutrisnoTM,driver goride sekarang banyak yang tidak punya uang kembalian. di tarif 37 ribu ahirnya malah mbayar 45 ribu. kere semua dan bikin tidak nyaman,gojek,google_play,driver goride sekarang banyak yang tidak punya uang kembalian. di tarif 37 ribu ahirnya malah mbayar 45 ribu. kere semua dan bikin tidak nyaman,negative
2026-04-06 02:02:43,asep hendra,ok,gojek,google_play,ok,negative
2026-04-06 01:46:46,Raja 0508,mntap,gojek,google_play,mntap,neutral
2026-04-06 01:41:40,Eldani Gultom,"gofood nya ga jelas, buat waktu habis, alasan sudah jelas tapi pas buat laporan , hasilnya mengecewakan, kalau bisa hapus aja gofood nya ini, pengembang nya busuk ga bagus ngatur nya, hapus aja gofood nya dari sistem",gojek,google_play,"gofood nya ga jelas, buat waktu habis, alasan sudah jelas tapi pas buat laporan , hasilnya mengecewakan, kalau bisa hapus aja gofood nya ini, pengembang nya busuk ga bagus ngatur nya, hapus aja gofood nya dari sistem",negative
2026-04-06 01:30:40,Abizhar Rezky,"pesen gomart udh sejaman driver nya 3 kali ganti ngga ada yg mau Nerima,keburu kaper",gojek,google_play,"pesen gomart udh sejaman driver nya 3 kali ganti ngga ada yg mau nerima,keburu kaper",negative
2026-04-06 00:44:00,yayah yauau,"gak bisa claim voucher GORIDEAJA sekarng katanya udah di claim padahal belum, waktu itu 2 minggu gak bisa klaim juga yang GORIDEAJA dengan alasan tidak memenuhi syarat. Tolong ya",gojek,google_play,"gak bisa claim voucher gorideaja sekarng katanya udah di claim padahal belum, waktu itu 2 minggu gak bisa klaim juga yang gorideaja dengan alasan tidak memenuhi syarat. tolong ya",negative
2026-04-06 00:39:47,Muhammad Fajar,sangat membantu👍,gojek,google_play,sangat membantu👍,positive
2026-04-06 00:30:48,Webo As,mantap n oke,gojek,google_play,mantap n oke,positive
2026-04-06 00:29:24,yudhi Permana,🙏🙏🙏terimakasih gojeg...,gojek,google_play,🙏🙏🙏terimakasih gojeg...,positive
2026-04-06 00:16:15,Saptaadi1972,mudah cepat dan singkat,gojek,google_play,mudah cepat dan singkat,negative
2026-04-05 23:50:58,Zaky Salman,bagus,gojek,google_play,bagus,positive
2026-04-05 23:48:04,Aghitia Ardis,"untuk pemesanan gofood harus menunggu sangat lama mendapatkan driver, dan opsi pembatalan juga menunggu sangat lama",gojek,google_play,"untuk pemesanan gofood harus menunggu sangat lama mendapatkan driver, dan opsi pembatalan juga menunggu sangat lama",negative
2026-04-05 23:26:24,Rahman Ajie,"udah nunggu lama, driver ga dpt"" sekalinya dpt langsung dincancel, punya driver milih"" pada nolak rejeki, prioritas ataupun express ga ada gunanya kyk sama aja dengan biasa, memesan makan hampir 3 jam drivernya pada ngecancle ada masalah apa sii gojek dan gofood",gojek,google_play,"udah nunggu lama, driver ga dpt"" sekalinya dpt langsung dincancel, punya driver milih"" pada nolak rejeki, prioritas ataupun express ga ada gunanya kyk sama aja dengan biasa, memesan makan hampir 3 jam drivernya pada ngecancle ada masalah apa sii gojek dan gofood",negative
2026-04-05 23:24:06,Rico Harianto,"apk ini baguss banget, dan memiliki banyak promo setiap hari nya😇",gojek,google_play,"apk ini baguss banget, dan memiliki banyak promo setiap hari nya😇",positive
2026-04-05 23:10:25,muhamad ramadan,setiap order gofood lama terus dapetin drivernya sampe di cancel resto terus,gojek,google_play,setiap order gofood lama terus dapetin drivernya sampe di cancel resto terus,negative
2026-04-05 22:49:21,susanto yoi,ok,gojek,google_play,ok,negative
2026-04-05 22:38:58,iqbal maulana,buruk. penemuan driver lama. pembatalan sulit,gojek,google_play,buruk. penemuan driver lama. pembatalan sulit,negative
2026-04-05 22:35:49,Andre _Yoga,kasih ongkir lebih murah dong,gojek,google_play,kasih ongkir lebih murah dong,positive
2026-04-05 22:29:07,Muhammad Ilyas Ilyas,terima kasih,gojek,google_play,terima kasih,positive
2026-04-05 22:25:03,Mohamad Zainulloh (Zyn),makin susah dapet driver,gojek,google_play,makin susah dapet driver,negative
2026-04-05 22:12:38,Pinky Lala,parah bgt driver pada ga mau ambil padahal msh jam 10 mlm beda kayak grab,gojek,google_play,parah bgt driver pada ga mau ambil padahal msh jam 10 mlm beda kayak grab,negative
2026-04-05 21:53:02,Fahrur Rosi,mantap,gojek,google_play,mantap,positive
2026-04-05 21:52:15,Wira Mulia,aplikasi sangat bagus,gojek,google_play,aplikasi sangat bagus,positive
2026-04-05 21:46:04,margonus,SUSAH BANGET DAPET DRIVER GORIDENHA MAU HEMAT ATAU BIASA SEKALIPUNNYA APALAGI SAAT UJAN. KALOPUN ADA DI CANCEL SM DRIVERNYA. TLG YA GOJEKK PERBAIKIII. TLG BGT PERBAIKIII INIMAH HUHUHU GABISA PULANG GUE JADINYA DN BERALIH KE APLIKASI LAIN😭🙏🏻,gojek,google_play,susah banget dapet driver goridenha mau hemat atau biasa sekalipunnya apalagi saat ujan. kalopun ada di cancel sm drivernya. tlg ya gojekk perbaikiii. tlg bgt perbaikiii inimah huhuhu gabisa pulang gue jadinya dn beralih ke aplikasi lain😭🙏🏻,negative
2026-04-05 21:39:31,Penjual Gorengan,"Aplikasi paling lelet, selalu tdk sesuai titik jemputan. Go food parah, sering menampilkan pengantaran TEPAT WAKTU, padahal lebih sering TELAT. Dan sulit membatalkan pesanan kecuali melewati dari batas waktu estimasi pengantaran makanan. Ini penipuan. Jika saja masyarakat bisa dgn mudah menuntut, kalian sudah pasti gulung tikar. Lucunya lagi, kalian dari pihat gojek cuma bisa balas ulasan kritik dgn kalimat mohon maaf atas ketidaknyamanan anda. Parah....",gojek,google_play,"aplikasi paling lelet, selalu tdk sesuai titik jemputan. go food parah, sering menampilkan pengantaran tepat waktu, padahal lebih sering telat. dan sulit membatalkan pesanan kecuali melewati dari batas waktu estimasi pengantaran makanan. ini penipuan. jika saja masyarakat bisa dgn mudah menuntut, kalian sudah pasti gulung tikar. lucunya lagi, kalian dari pihat gojek cuma bisa balas ulasan kritik dgn kalimat mohon maaf atas ketidaknyamanan anda. parah....",negative
2026-04-05 21:34:53,Imamlavesi L,👌,gojek,google_play,👌,negative
2026-04-05 21:30:25,Syela Nur Fitria,"diskonnya banyak banget, dan murah murah, lebih mudah mendapat mobil dari aplikasi gojek di banding kan maxim",gojek,google_play,"diskonnya banyak banget, dan murah murah, lebih mudah mendapat mobil dari aplikasi gojek di banding kan maxim",positive
2026-04-05 21:27:51,Ganantara_Yurie Kurniawan _MAN 1 Jombang,gacor,gojek,google_play,gacor,neutral
2026-04-05 21:25:46,Nelly Ana,"susah dapet driver nya, pdhl dulu gampang. kecewa dengan layanan yang sekarang!",gojek,google_play,"susah dapet driver nya, pdhl dulu gampang. kecewa dengan layanan yang sekarang!",negative
2026-04-05 21:19:53,Tiaraisnalia,gbs didownload,gojek,google_play,gbs didownload,neutral
2026-04-05 21:09:45,Yuli,aplikasi yg bagus,gojek,google_play,aplikasi yg bagus,positive
2026-04-05 21:09:16,Siti Rahmah,nice,gojek,google_play,nice,negative
2026-04-05 21:08:55,Ade Hasanah,hehee berguna bangett.. tapi kadang-kadang suka males kalo dapet driver jutek.. tapi aplikasi inii bergunaa bangettt,gojek,google_play,hehee berguna bangett.. tapi kadang-kadang suka males kalo dapet driver jutek.. tapi aplikasi inii bergunaa bangettt,positive
2026-04-05 20:58:38,Emirensiana Dwi,"pihak gojek yg terhormat sebenarnya saya ngak suka review jelek karena bisa merusak rejeki orang ,tapi yg ini keterlaluan sekali hari ini saya order go ride dan selama hampir 3 atau 4 kali para driver seperti tidak mau melakukan penjemputan dengan sengaja mengambil jalan memutar sampai lebih dari 15 menit padahal titik awal penjemputan hanya 3-4 menit. begitu terus sampai berkali-kali. jadi saran saya lain kali mohon dikenakan sangsi bila ada driver yg seperti itu karna saya udah langganan",gojek,google_play,"pihak gojek yg terhormat sebenarnya saya ngak suka review jelek karena bisa merusak rejeki orang ,tapi yg ini keterlaluan sekali hari ini saya order go ride dan selama hampir 3 atau 4 kali para driver seperti tidak mau melakukan penjemputan dengan sengaja mengambil jalan memutar sampai lebih dari 15 menit padahal titik awal penjemputan hanya 3-4 menit. begitu terus sampai berkali-kali. jadi saran saya lain kali mohon dikenakan sangsi bila ada driver yg seperti itu karna saya udah langganan",negative
2026-04-05 20:55:02,Elvira Azriani Agustin,"udah skrg tarifnya mahal, susah dpt driver, udh gitu kadang pesanan digantung sama drivernya",gojek,google_play,"udah skrg tarifnya mahal, susah dpt driver, udh gitu kadang pesanan digantung sama drivernya",negative
2026-04-05 20:54:18,M. Yusuf,"aplikasi tidak menghargai customer. udah 1 jam lebih nunggu pesanan makanan tiba tiba nggak ada driver yang bisa pick up makanan nya. pesan ulang disuruh nunggu sejam lagi, nggak ada kompensasi pula dari pihak sana.",gojek,google_play,"aplikasi tidak menghargai customer. udah 1 jam lebih nunggu pesanan makanan tiba tiba nggak ada driver yang bisa pick up makanan nya. pesan ulang disuruh nunggu sejam lagi, nggak ada kompensasi pula dari pihak sana.",negative
2026-04-05 20:51:32,Churotul Dewi Anjani,"PENIPUAN GO PAYLATER!!! sudah hubungi pihak nya malah mempersulit, tidak ada solusi!! Kronologi : pesan gofood suda dapat driver tp tidak jg jalan drivernya, hubungi pihak resto jg gabisa bantu, pesanan tidak bisa dicancel, aplikasi stuck. lapor ke pihak gojek nya gabisa bantu juga apa apaan, tiba tiba hari ini ada tagihan paylater 500.000 padaha tidak pernah sekalipun menyebarkan pin/sandi dll. TANGGUNG JAWAB DONG klo bisa rating 0 ataupun minus pasti saya rating 0/- SEMOGA BISA LEBIH RESPONSIF",gojek,google_play,"penipuan go paylater!!! sudah hubungi pihak nya malah mempersulit, tidak ada solusi!! kronologi : pesan gofood suda dapat driver tp tidak jg jalan drivernya, hubungi pihak resto jg gabisa bantu, pesanan tidak bisa dicancel, aplikasi stuck. lapor ke pihak gojek nya gabisa bantu juga apa apaan, tiba tiba hari ini ada tagihan paylater 500.000 padaha tidak pernah sekalipun menyebarkan pin/sandi dll. tanggung jawab dong klo bisa rating 0 ataupun minus pasti saya rating 0/- semoga bisa lebih responsif",negative
2026-04-05 20:49:35,Alif Ali rendra,susah nyari drivernya,gojek,google_play,susah nyari drivernya,negative
2026-04-05 20:26:21,Siti Nurazila,sekarang kalo mesen gak pernah dapet susah banget dapat nya sekali dapet jauh banget gimana sih padahal saya mesen mlm sekali pun tetep ada pas saya mau pulang ini kok di persulit ya saya tinggal di Sumatra sulit sekali rasanya dapet drive oke lah kalo mlm aja ini terkadang sore pun susah dapet,gojek,google_play,sekarang kalo mesen gak pernah dapet susah banget dapat nya sekali dapet jauh banget gimana sih padahal saya mesen mlm sekali pun tetep ada pas saya mau pulang ini kok di persulit ya saya tinggal di sumatra sulit sekali rasanya dapet drive oke lah kalo mlm aja ini terkadang sore pun susah dapet,negative
2026-04-05 20:21:24,Boim Naif3,mantab,gojek,google_play,mantab,neutral
2026-04-05 20:15:06,Eka Yuliana,mempermudah,gojek,google_play,mempermudah,neutral
2026-04-05 20:14:31,Thv,"jelek bgt, masa udah pesen makanan nunggu 1 jam an ttp ga dapet driver mau cancel gabisa, giliran pesen lagi ttp kaya awal, dih",gojek,google_play,"jelek bgt, masa udah pesen makanan nunggu 1 jam an ttp ga dapet driver mau cancel gabisa, giliran pesen lagi ttp kaya awal, dih",negative
2026-04-05 20:05:11,Bobby,Ongkir penipuan diubah ketika order. Menunggu driver sejam tidak bisa dibatalin. Makin lama makin kacau.,gojek,google_play,ongkir penipuan diubah ketika order. menunggu driver sejam tidak bisa dibatalin. makin lama makin kacau.,negative
2026-04-05 20:04:48,Ayu Lely,"ya allah driver gojek knapa sih, susah bngt dpet buat gofood smpai di batalin. pdhal cuman beli nasi padang yang notabennya gak antri dan lngsung d bngkus gak nunggu masak , orderan jga gk sdkit 🥲",gojek,google_play,"ya allah driver gojek knapa sih, susah bngt dpet buat gofood smpai di batalin. pdhal cuman beli nasi padang yang notabennya gak antri dan lngsung d bngkus gak nunggu masak , orderan jga gk sdkit 🥲",negative
2026-04-05 19:54:35,Olivia Febyola,buruk,gojek,google_play,buruk,negative
2026-04-05 19:43:21,Hendra Zaky,puas,gojek,google_play,puas,negative
2026-04-05 19:43:09,Darmillah Millasari,"kenapa susah banget dapet driver nunggu 1 jam gak dapet dapet sampe harus di cancel. kasihan buat resto yang udah masakin makanannya, dan voucher juga hangus jadinya. padahal lokasi Deket dan strategis tetap gak dapet²",gojek,google_play,"kenapa susah banget dapet driver nunggu 1 jam gak dapet dapet sampe harus di cancel. kasihan buat resto yang udah masakin makanannya, dan voucher juga hangus jadinya. padahal lokasi deket dan strategis tetap gak dapet²",negative
2026-04-05 19:39:32,Iis Mujiyati,mantap,gojek,google_play,mantap,positive
2026-04-05 19:39:09,Fajar Asta perdana,"jangan pake gojek susah dapet driver food nya terus lama pula, cc gojek sukabumi",gojek,google_play,"jangan pake gojek susah dapet driver food nya terus lama pula, cc gojek sukabumi",negative
2026-04-05 19:20:06,P. Faisal,"lama bet, walaupun yang mahal juga, dasar ngerugiin waktu, maaf tidak jadi sebuah alasan, karna kau dah buang waktu ku",gojek,google_play,"lama bet, walaupun yang mahal juga, dasar ngerugiin waktu, maaf tidak jadi sebuah alasan, karna kau dah buang waktu ku",negative
2026-04-05 19:15:27,yohanes depari,"tidak ada respon dan lama, sekali cancel harga naik tidak wajar",gojek,google_play,"tidak ada respon dan lama, sekali cancel harga naik tidak wajar",negative
2026-04-05 19:13:36,ansori_poenya,bug di game gocats jika klaim gopay coins di tugas--tantangan. gopay coins tidak masuk ke riwayat transaksi,gojek,google_play,bug di game gocats jika klaim gopay coins di tugas--tantangan. gopay coins tidak masuk ke riwayat transaksi,negative
2026-04-05 19:12:28,Beryl Ahmad,aplikasi aneh.. orang2 pada mikir lebih mending aplikasi lain... asli ga bohong gw.. dzolim ke mitra juga kan elu.. ckckck,gojek,google_play,aplikasi aneh.. orang2 pada mikir lebih mending aplikasi lain... asli ga bohong gw.. dzolim ke mitra juga kan elu.. ckckck,negative
2026-04-05 19:10:19,Ng Suphing,"parah. sudah bbrp x susah bgt dpt driver saat malam. pdhl masih jam 18.00 pun udh susah dpt. blm lagi harus tunggu +- 50 menit lebih baru bs di batalkan. orang kelaparan lalu tunggu 1 jam baru batal, ujung2 harus pesan ulang nunggu 1 jam lg. tolong lah perbaiki sistemnya",gojek,google_play,"parah. sudah bbrp x susah bgt dpt driver saat malam. pdhl masih jam 18.00 pun udh susah dpt. blm lagi harus tunggu +- 50 menit lebih baru bs di batalkan. orang kelaparan lalu tunggu 1 jam baru batal, ujung2 harus pesan ulang nunggu 1 jam lg. tolong lah perbaiki sistemnya",negative
2026-04-05 19:09:36,gadhavi hermawan,mantap,gojek,google_play,mantap,positive
2026-04-05 19:03:53,Arofah Mukarromah,keren,gojek,google_play,keren,positive
2026-04-05 19:01:02,Moch Andi Hariyanto,sangat susah mendapatkan driver baik goride ataupun gofood sekali dapat driver ehh lama banget tolong diselesaiin permasalahan driver untuk gojek,gojek,google_play,sangat susah mendapatkan driver baik goride ataupun gofood sekali dapat driver ehh lama banget tolong diselesaiin permasalahan driver untuk gojek,negative
2026-04-05 18:54:29,Aji Ara yudha,sudah berap kali mesen go food udah lama naunggunya ngga taunya ngga ado sriver yg ambil pesanan. kecewa banget dengan gojek..,gojek,google_play,sudah berap kali mesen go food udah lama naunggunya ngga taunya ngga ado sriver yg ambil pesanan. kecewa banget dengan gojek..,negative
2026-04-05 18:51:03,Sindi Slanky,"Pesan food nggak sampai 1km tapi mahal bgt sampai 14000, mana masih nunggu lama bgt lagi, belum lagi nanti kalau batal tidak dapat driver Udah nunggu lama, bayar mahal masih tidak dapat driver Mohon banget di perbaiki lagi !!",gojek,google_play,"pesan food nggak sampai 1km tapi mahal bgt sampai 14000, mana masih nunggu lama bgt lagi, belum lagi nanti kalau batal tidak dapat driver udah nunggu lama, bayar mahal masih tidak dapat driver mohon banget di perbaiki lagi !!",negative
2026-04-05 18:50:42,Sanny Apituley,intinya bintang 5,gojek,google_play,intinya bintang 5,negative
2026-04-05 18:41:23,WAHyu u,puass,gojek,google_play,puass,positive
2026-04-05 18:40:55,Mega Sanjaya,"gojek sistem aplikasi nya diperbaikin lagi donk, kasian drivernya pada jemput nya jauh2 saya dapet driver dtg ketempat titik saya masa nya jauh banget,jemput nya bisa 4kg sampe 5kg hrus nunggu lama",gojek,google_play,"gojek sistem aplikasi nya diperbaikin lagi donk, kasian drivernya pada jemput nya jauh2 saya dapet driver dtg ketempat titik saya masa nya jauh banget,jemput nya bisa 4kg sampe 5kg hrus nunggu lama",negative
2026-04-05 18:34:25,Arif Widarsah,sangat baik dan bagus,gojek,google_play,sangat baik dan bagus,positive
2026-04-05 18:31:13,putra siagian,tolong kemanan ya di tingkatkan dan penyelesaian masalah tolong cepat,gojek,google_play,tolong kemanan ya di tingkatkan dan penyelesaian masalah tolong cepat,neutral
2026-04-05 18:27:03,Laily Sa'adah,Susah buat cari driver,gojek,google_play,susah buat cari driver,negative
2026-04-05 18:26:47,Embay Bahriyah,"setiap nyari driver pasti lama banget alasannya banyak yang booking lah, trus pas udah dapet driver pasti yang jauh jauh dan suka cancel? kaya kalo gamau di cancel gausa cancel anjirr bikin lama aja trus juga nyari 1 jam lebih padahal di Indonesia banyak banget ojol masa sibuk semua engga kan? heran banget sama ojek ojek yang ga nerima orderan cuman karna jauh/gamau tapi giliran gofood aja pasti tuh cepet mending pindah maxim aja dah asli",gojek,google_play,"setiap nyari driver pasti lama banget alasannya banyak yang booking lah, trus pas udah dapet driver pasti yang jauh jauh dan suka cancel? kaya kalo gamau di cancel gausa cancel anjirr bikin lama aja trus juga nyari 1 jam lebih padahal di indonesia banyak banget ojol masa sibuk semua engga kan? heran banget sama ojek ojek yang ga nerima orderan cuman karna jauh/gamau tapi giliran gofood aja pasti tuh cepet mending pindah maxim aja dah asli",negative
2026-04-05 18:19:19,Umah Sambie,makin kesini makin mahaaaall aja lu!! tapi buat drivernya potongan gila banget gedenya... kasihan driver.. masih enak zaman nadim laaahhh.... sekarang mah banyak tikus² rakusnya.,gojek,google_play,makin kesini makin mahaaaall aja lu!! tapi buat drivernya potongan gila banget gedenya... kasihan driver.. masih enak zaman nadim laaahhh.... sekarang mah banyak tikus² rakusnya.,negative
2026-04-05 18:18:13,Pengguna Google,terus tingkatkan pelayanan & kwalitasnya jadilah ojol terbaik masa kini,gojek,google_play,terus tingkatkan pelayanan & kwalitasnya jadilah ojol terbaik masa kini,positive
2026-04-05 18:18:04,Lenta 16,"drivernya baik dan ramah ,mobilnya bersih",gojek,google_play,"drivernya baik dan ramah ,mobilnya bersih",positive
2026-04-05 18:17:58,Risma Ambar23,ok,gojek,google_play,ok,negative
2026-04-05 18:15:52,Winanda,"makin mahal, wkwk",gojek,google_play,"makin mahal, wkwk",negative
2026-04-05 18:14:39,Yulia Sasciya,tolong nih ya kalo drivernya gk mau nerima harga yg mode hemat mending gak usah di adain deh pake segala protes ke penunpang. kan apknya sendiri yg nyediain yah harus terima dong lagian org waras mana yang milih harga mahal padahal ada yg lebih murah. gak semua manusia Sultan bro,gojek,google_play,tolong nih ya kalo drivernya gk mau nerima harga yg mode hemat mending gak usah di adain deh pake segala protes ke penunpang. kan apknya sendiri yg nyediain yah harus terima dong lagian org waras mana yang milih harga mahal padahal ada yg lebih murah. gak semua manusia sultan bro,negative
2026-04-05 18:12:41,Gokil Abis new,mantap,gojek,google_play,mantap,positive
2026-04-05 18:11:41,Ade Amin,terima kasih,gojek,google_play,terima kasih,positive
2026-04-05 18:03:55,Aalviandra Bagas pratama,Pesanan Selalu Di Tolak Oleh Pihak Gofood Nunggu Pesanan Makanan Saya Hampir 1 Jam Kecewa Saya Di Kasih Rezeki Nolak,gojek,google_play,pesanan selalu di tolak oleh pihak gofood nunggu pesanan makanan saya hampir 1 jam kecewa saya di kasih rezeki nolak,negative
2026-04-05 17:56:54,Nadia Anjani,aplikasi tolol,gojek,google_play,aplikasi tolol,negative
2026-04-05 17:53:21,Dedy Tri,Alhamdulillah.. Mantapp 👍,gojek,google_play,alhamdulillah.. mantapp 👍,positive
2026-04-05 17:44:50,Iwan Abdul,"lama lama pindah aplikasi , nyari driver susah sekarang yang ride",gojek,google_play,"lama lama pindah aplikasi , nyari driver susah sekarang yang ride",negative
2026-04-05 17:34:26,Muhammad Habibi,diskon nya mana anj,gojek,google_play,diskon nya mana anj,negative
2026-04-05 17:24:14,Aku Rudi,mantap,gojek,google_play,mantap,positive
2026-04-05 17:21:04,Jajang Nurjaman,Mantap,gojek,google_play,mantap,positive
2026-04-05 17:20:38,Achmad Diof Aditya Putra,Dari terakhir bulan puasa sampai sekarang susah dpt driver dan selalu lama nunggu nya. Ini udh nunggu 30 menit driver GK DTG jg ke lokasi jemput dan 30 menit tunggu buat dpt driver,gojek,google_play,dari terakhir bulan puasa sampai sekarang susah dpt driver dan selalu lama nunggu nya. ini udh nunggu 30 menit driver gk dtg jg ke lokasi jemput dan 30 menit tunggu buat dpt driver,negative
2026-04-05 17:19:07,Opik kipopik (Goliat),"sekarang susah banget dapat driver, tolong dicek mitra kalian, udah kalian gaji sesuai engga!!!!!",gojek,google_play,"sekarang susah banget dapat driver, tolong dicek mitra kalian, udah kalian gaji sesuai engga!!!!!",negative
2026-04-05 17:01:33,Asep bobby Yudhiarina Sudjoko,mantap,gojek,google_play,mantap,positive
2026-04-05 16:50:22,Gesna Adji Santoso,"makin parah potongan gedhe banget, 19.500 bersihnya 11.200 kepotong 8.300, 42%",gojek,google_play,"makin parah potongan gedhe banget, 19.500 bersihnya 11.200 kepotong 8.300, 42%",negative
2026-04-05 16:43:23,Dino Junior,lama dapet ojolnya parah dan udah lama nunggu d cancel,gojek,google_play,lama dapet ojolnya parah dan udah lama nunggu d cancel,negative
2026-04-05 16:39:21,HERY DANIS PRASETYA,ok,gojek,google_play,ok,negative
2026-04-05 16:27:22,Nova Fiandi,Tepat waktunya,gojek,google_play,tepat waktunya,negative
2026-04-05 16:26:54,Yudi Pranajaya,sangat membantu aktivitas saya. terimakasih,gojek,google_play,sangat membantu aktivitas saya. terimakasih,positive
2026-04-05 16:24:11,Didy Reza,lelet.. susah dpt driver.. pesan makanan hrs nunggu berjam2..,gojek,google_play,lelet.. susah dpt driver.. pesan makanan hrs nunggu berjam2..,negative
2026-04-05 16:23:14,Wawan Setiawan,pokoknya bagus dan layak 5 bintang!,gojek,google_play,pokoknya bagus dan layak 5 bintang!,positive
2026-04-05 16:21:21,Aulia Rachmawati,"sekarang gojek kalau pesan makanan lama dapat drivernya, biasa bisa sampai 1 jam. selama ituu dapat driver. kirain bakal sekali aja lamanya, ini setiap mau pesan lamaaaa. bisa sampai 1 jaman, mana gak bisa di batalin lagii. udah minta bantuan di cs ny tetap gak ada solusi, malah ttp disuruh nunggu sampai 1 jam duluu, adohhhh jelek sekarang aplikasinya. tidak worth it untuk dipakai, bukannya memudahkan malah menyusahkan",gojek,google_play,"sekarang gojek kalau pesan makanan lama dapat drivernya, biasa bisa sampai 1 jam. selama ituu dapat driver. kirain bakal sekali aja lamanya, ini setiap mau pesan lamaaaa. bisa sampai 1 jaman, mana gak bisa di batalin lagii. udah minta bantuan di cs ny tetap gak ada solusi, malah ttp disuruh nunggu sampai 1 jam duluu, adohhhh jelek sekarang aplikasinya. tidak worth it untuk dipakai, bukannya memudahkan malah menyusahkan",negative
2026-04-05 16:20:22,zaim ukhrowi,"belakangan driver dan penumpang diberikan layanan yg jauh, minimal 1 km. bukan berarti tidak sabar menunggu, tp kalo pelayanannya harus menunggu lama (1 km di tengah transportasi) maka saya kemungkinan akan menggunakan layanan lain yg lebih mudah mendapatkan driver dekat dan lebih murah",gojek,google_play,"belakangan driver dan penumpang diberikan layanan yg jauh, minimal 1 km. bukan berarti tidak sabar menunggu, tp kalo pelayanannya harus menunggu lama (1 km di tengah transportasi) maka saya kemungkinan akan menggunakan layanan lain yg lebih mudah mendapatkan driver dekat dan lebih murah",negative
2026-04-05 16:19:09,ipehhh,"aplikasinya sih bagu, tapi kadang driver nya di acc tapi engga jalan. itu sih bikin kesel min, makan waktu juga udah di telfon di chat gak di bales.",gojek,google_play,"aplikasinya sih bagu, tapi kadang driver nya di acc tapi engga jalan. itu sih bikin kesel min, makan waktu juga udah di telfon di chat gak di bales.",negative
2026-04-05 16:06:11,Lintang Chennal,"siap"" sebntar lagi aplikasi sampah ini susah dpt driver wkwkwk terutama food",gojek,google_play,"siap"" sebntar lagi aplikasi sampah ini susah dpt driver wkwkwk terutama food",negative
2026-04-05 16:04:00,Fikri Dwinanto,"Oke, terus tingkatkan promo/diskon 🙂👍🏼👍🏼",gojek,google_play,"oke, terus tingkatkan promo/diskon 🙂👍🏼👍🏼",positive
2026-04-05 16:03:25,Kennisha Zinnia,"gojek makin jelekkkkkkkk, sistem eror terus, mau bayar pake gopay tp dibilang saldo gak cukup pdhl jelas2 cukup",gojek,google_play,"gojek makin jelekkkkkkkk, sistem eror terus, mau bayar pake gopay tp dibilang saldo gak cukup pdhl jelas2 cukup",negative
2026-04-05 16:01:15,Septian 15,pergantian nomor hp hilang gagal terus,gojek,google_play,pergantian nomor hp hilang gagal terus,neutral
2026-04-05 15:59:45,Sua Ardi,Makasih,gojek,google_play,makasih,positive
2026-04-05 15:58:07,Hasta Bramsovia,ok,gojek,google_play,ok,negative
2026-04-05 15:56:58,ajiji Basir,lama nyari driver nya di cancel Mulu sok iya bgt,gojek,google_play,lama nyari driver nya di cancel mulu sok iya bgt,negative
2026-04-05 15:56:18,Acoh Dasoh,Aplikasi jelek! Gara-gara lu terlalu kapitalis sama sistem dampaknya jadi merugikan driver bahkan customer! Gue jadi harus nunggu lama gara-gara lu seringkali lempar orderan gue ke driver yang JAUH dari titik jemput.,gojek,google_play,aplikasi jelek! gara-gara lu terlalu kapitalis sama sistem dampaknya jadi merugikan driver bahkan customer! gue jadi harus nunggu lama gara-gara lu seringkali lempar orderan gue ke driver yang jauh dari titik jemput.,negative
2026-04-05 15:55:26,Lulus Suprayogo,cepat dan nyaman,gojek,google_play,cepat dan nyaman,positive
2026-04-05 15:55:24,Dea Suryani,pelayanan yg selalu okeee mantappp gercep gerak cepat,gojek,google_play,pelayanan yg selalu okeee mantappp gercep gerak cepat,positive
2026-04-05 15:33:35,Jauharotul Mufidah,tidak bisa memberi respon ketika sudah memesan driver,gojek,google_play,tidak bisa memberi respon ketika sudah memesan driver,negative
2026-04-05 15:32:10,Khanza Khanza,"selama saya menggunakan aplikasi ini sangat membantu saya jika ingin berpergian jauh, sangat di rekomendasi untuk download apk gojek. sukses trs buat para gojek di seluruh Indonesia!!!",gojek,google_play,"selama saya menggunakan aplikasi ini sangat membantu saya jika ingin berpergian jauh, sangat di rekomendasi untuk download apk gojek. sukses trs buat para gojek di seluruh indonesia!!!",positive
2026-04-05 15:30:35,Fatma Wati,lumayan,gojek,google_play,lumayan,positive
2026-04-05 15:26:31,Danz Hamdanz,Good,gojek,google_play,good,positive
2026-04-05 15:20:32,Muhamad Giri R,kegedean ambil keuntungan dari driver nya,gojek,google_play,kegedean ambil keuntungan dari driver nya,negative
2026-04-05 15:18:54,Siti Siti,aman & nyaman,gojek,google_play,aman & nyaman,positive
2026-04-05 15:14:44,Ahmad Paidi,"good applikasi, sangat membantu sekali",gojek,google_play,"good applikasi, sangat membantu sekali",positive
2026-04-05 15:12:05,Eny Sety4th 9 clip intoawati,cepat dan sopan,gojek,google_play,cepat dan sopan,positive
2026-04-05 14:59:39,Anindya Qurotul ain,tambah aneh perjalanan driver gak bisa di lacak,gojek,google_play,tambah aneh perjalanan driver gak bisa di lacak,negative
2026-04-05 14:54:14,Teni Yulianti,terimaksih banyak...,gojek,google_play,terimaksih banyak...,positive
2026-04-05 14:49:40,Evandy meilan,Oke Oke.sip,gojek,google_play,oke oke.sip,negative
2026-04-05 14:48:16,arsyak javas bramasta,top,gojek,google_play,top,positive
2026-04-05 14:46:39,Tiktok02,mantap,gojek,google_play,mantap,positive
2026-04-05 14:40:53,Syah Weni,"gojek, tolonglah dibuat cepat datang nya lagi perlu kyak gini malah booking rame",gojek,google_play,"gojek, tolonglah dibuat cepat datang nya lagi perlu kyak gini malah booking rame",negative
2026-04-05 14:37:37,Alvian syiah,hapus program blitz,gojek,google_play,hapus program blitz,negative
2026-04-05 14:36:52,Nova Aniska,"driver ny kaya ga niat cari uangg, nyari driver kaya nyari harta karun saking susah nya. antara susah/driver milih milih wkwkwk",gojek,google_play,"driver ny kaya ga niat cari uangg, nyari driver kaya nyari harta karun saking susah nya. antara susah/driver milih milih wkwkwk",negative
2026-04-05 14:35:32,Ariel Taufik,SISTEMNYA LOLOT BGT MESEN MAKANAN SEJAM LEBIH GA DPT DPT DRIVER,gojek,google_play,sistemnya lolot bgt mesen makanan sejam lebih ga dpt dpt driver,negative
2026-04-05 14:34:28,Adi_ pratama004,👌👌👌👌,gojek,google_play,👌👌👌👌,negative
2026-04-05 14:34:02,Ana purba Ana,di pesan gk ada respon,gojek,google_play,di pesan gk ada respon,negative
2026-04-05 14:33:42,Rudi Juanda,oke,gojek,google_play,oke,negative
2026-04-05 14:22:44,Alden Setychrista,"saya mau protes. saya sudah bermain pawsome catch 2 kali dapet bonus win skornya 650, kenapa 200 gopay coinnya tidak masuk?. saya sudah cross-check berkali kali tapi ternyata gopay coinnya memang tidak masuk",gojek,google_play,"saya mau protes. saya sudah bermain pawsome catch 2 kali dapet bonus win skornya 650, kenapa 200 gopay coinnya tidak masuk?. saya sudah cross-check berkali kali tapi ternyata gopay coinnya memang tidak masuk",negative
2026-04-05 14:17:43,Zulfa Germila,Fast Respon,gojek,google_play,fast respon,negative
2026-04-05 14:05:15,raisya putri,jelek banget,gojek,google_play,jelek banget,negative
2026-04-05 14:04:53,Defan,"padhl ga dh pecet cancel eh ga ke cancel, sengaja apa gmn nih",gojek,google_play,"padhl ga dh pecet cancel eh ga ke cancel, sengaja apa gmn nih",negative
2026-04-05 14:01:38,Ajizul Hakim,selalu lama kalau mencari driver,gojek,google_play,selalu lama kalau mencari driver,negative
2026-04-05 14:01:00,Ahmad reyhan Saputra,nyaman,gojek,google_play,nyaman,negative
2026-04-05 13:55:38,MUHAMMAD MAHFUD,baik,gojek,google_play,baik,positive
2026-04-05 13:50:38,Anni Nuraini,"makin lama bukannya makin merakyat malah makin menguras lho GOJEK ini. terutama, menu harga di GOFOOD terlalu sadis padahal diresto harganya ngga sesadis itu & para driver pun juga ngga dibayar sebanyak itu.",gojek,google_play,"makin lama bukannya makin merakyat malah makin menguras lho gojek ini. terutama, menu harga di gofood terlalu sadis padahal diresto harganya ngga sesadis itu & para driver pun juga ngga dibayar sebanyak itu.",negative
2026-04-05 13:38:57,Ida Eliza,"Bertahun2 pake aplikasi ini hal paling menyebalkan yg gprnh di benerin sm aplikasinya itu soal chat, knp sllu centang 1 klw lg urgent ad ap2 dikbrin susah drivernya yg bkin kita cekcok sm driver, tlong dong jgn rating doang bagus tp ampas sistemnya",gojek,google_play,"bertahun2 pake aplikasi ini hal paling menyebalkan yg gprnh di benerin sm aplikasinya itu soal chat, knp sllu centang 1 klw lg urgent ad ap2 dikbrin susah drivernya yg bkin kita cekcok sm driver, tlong dong jgn rating doang bagus tp ampas sistemnya",negative
2026-04-05 13:35:13,Bayu Fauzan,gojek mantap,gojek,google_play,gojek mantap,positive
2026-04-05 13:28:39,Nanang Sunadi,kenapa gojek makin jelek. gofood maps nya ga gerak gerak. 1 menit lagi tapi posisi driver ga ada di maps. infonya 1 menit lagi tapi udh 45 menitbga nyampe nyampe.,gojek,google_play,kenapa gojek makin jelek. gofood maps nya ga gerak gerak. 1 menit lagi tapi posisi driver ga ada di maps. infonya 1 menit lagi tapi udh 45 menitbga nyampe nyampe.,negative
2026-04-05 13:26:02,Langgeng Wiharto,bagus,gojek,google_play,bagus,positive
2026-04-05 13:12:50,Maulana malik Ibrahim,"Sering telat, bobrok banget",gojek,google_play,"sering telat, bobrok banget",negative
2026-04-05 13:11:01,ani aryani,best,gojek,google_play,best,positive
2026-04-05 13:07:46,Muhamad Rizki Ramdhani,sekarang kok loading nya lama bnget padahal jaringan hp bagus,gojek,google_play,sekarang kok loading nya lama bnget padahal jaringan hp bagus,negative
2026-04-05 13:05:41,Pe Pe,"kalau emang gak ada driver kasih kita cancel bukan malah nyuruh nunggu sejam itu pun belum tentu ada driver, karna gw sering nih driver baru ada pas dha nunggu sejam trs harus nunggu lagi makanannya siap, padahal kalau dari awal bisa cancel juga resto gak akan rugi orang makanan juga belum buat, mau untung, cs juga di komplain slowresp tidak mendengar keluhan cust dan bahkan jwb sangat tidak membantu suruh tunggu bapak dia ku suruh tunggu, buang' waktu saya sejam nunggu mikir kalau ada otak",gojek,google_play,"kalau emang gak ada driver kasih kita cancel bukan malah nyuruh nunggu sejam itu pun belum tentu ada driver, karna gw sering nih driver baru ada pas dha nunggu sejam trs harus nunggu lagi makanannya siap, padahal kalau dari awal bisa cancel juga resto gak akan rugi orang makanan juga belum buat, mau untung, cs juga di komplain slowresp tidak mendengar keluhan cust dan bahkan jwb sangat tidak membantu suruh tunggu bapak dia ku suruh tunggu, buang' waktu saya sejam nunggu mikir kalau ada otak",negative
2026-04-05 12:56:31,Ahmad Sidik,"sangat baik, cuma kenapa internet hilang2 terus",gojek,google_play,"sangat baik, cuma kenapa internet hilang2 terus",positive
2026-04-05 12:53:30,Dian Purwanti,kok di manja malah makin jadi..promonya malah sama sekali GK ada lagi di aku,gojek,google_play,kok di manja malah makin jadi..promonya malah sama sekali gk ada lagi di aku,negative
2026-04-05 12:47:44,Cumbrotmu Oleng,semakin mahal ongkosnya.,gojek,google_play,semakin mahal ongkosnya.,negative
2026-04-05 12:45:33,Boncel Gaming,mantap,gojek,google_play,mantap,positive
2026-04-05 12:29:45,Dawi Dawi,"apk dan cs nya sama-sama ga bisa diandelin. Gua nunggu driver selama satu jam, padahal dari posisi driver ke titik jemput cuma 8 menit. Dan setelah gua nunggu slama hampir satu jam, pesanan gua dicancel. Ngerugiin orang bgt",gojek,google_play,"apk dan cs nya sama-sama ga bisa diandelin. gua nunggu driver selama satu jam, padahal dari posisi driver ke titik jemput cuma 8 menit. dan setelah gua nunggu slama hampir satu jam, pesanan gua dicancel. ngerugiin orang bgt",negative
2026-04-05 12:17:51,Muhammad Miftah,bagus,gojek,google_play,bagus,positive
2026-04-05 12:04:43,Bille Vo405,"driver lu jagoan semua ya,dh tau salah tp ngotot",gojek,google_play,"driver lu jagoan semua ya,dh tau salah tp ngotot",negative
2026-04-05 12:04:00,Josef Argya Satria Putra Pratama,"banyak mitra yang melakukan vandalisme dijalan raya, tolong ditindak tegas mitra yang buruk.",gojek,google_play,"banyak mitra yang melakukan vandalisme dijalan raya, tolong ditindak tegas mitra yang buruk.",negative
2026-04-05 11:59:43,Fadila Dwi,oke,gojek,google_play,oke,negative
2026-04-05 11:54:07,Fitria Ramadhan,"uda beberapa hari ini digofood ga ada promo sama sekali, semuanya ga ada, gocar goride semua mahal juga",gojek,google_play,"uda beberapa hari ini digofood ga ada promo sama sekali, semuanya ga ada, gocar goride semua mahal juga",negative
2026-04-05 11:51:38,Sea Romance,👍,gojek,google_play,👍,negative
2026-04-05 11:32:58,HDHD VLOG,good drive with gojek id,gojek,google_play,good drive with gojek id,neutral
2026-04-05 11:26:54,Rumiyani Suparman,bulat bulet,gojek,google_play,bulat bulet,negative
2026-04-05 11:25:32,Nauval Faza,langanan❤,gojek,google_play,langanan❤,positive
2026-04-05 11:24:53,Dean Arga,"ngga bakal pakai gojek lagi, 1 jam nyari driver ngga ada yg nerima dan sekali ada yg nerima langsung di cancel, karna itu hampir ketinggalan bis, kalo cuaca mendung goride dan gocar pada ngga mau ambil order mending suruh keluar aja dari pihak gojek, customer buru2 dan butuh eh drivernya seenak jidat cancel",gojek,google_play,"ngga bakal pakai gojek lagi, 1 jam nyari driver ngga ada yg nerima dan sekali ada yg nerima langsung di cancel, karna itu hampir ketinggalan bis, kalo cuaca mendung goride dan gocar pada ngga mau ambil order mending suruh keluar aja dari pihak gojek, customer buru2 dan butuh eh drivernya seenak jidat cancel",negative
2026-04-05 11:17:46,Shafa Putri Falisha,semua cs nya tidak sopan,gojek,google_play,semua cs nya tidak sopan,negative
2026-04-05 11:10:17,wanda uye,nice drive,gojek,google_play,nice drive,negative
2026-04-05 11:08:33,Muhammad,"aplikasi tidak bisa membantu, sy download gopay plus selalu ditolak trus",gojek,google_play,"aplikasi tidak bisa membantu, sy download gopay plus selalu ditolak trus",negative
2026-04-05 11:03:28,Erwin Online,coba dong sambungin ke ovo juga biar kalo saldo gopay hbis kan bisa pake ovo,gojek,google_play,coba dong sambungin ke ovo juga biar kalo saldo gopay hbis kan bisa pake ovo,neutral
2026-04-05 11:03:05,dimas Agung prakoso,topppo,gojek,google_play,topppo,neutral
2026-04-05 10:51:58,Nurul Awaliyah,goodddd,gojek,google_play,goodddd,neutral
2026-04-05 10:51:05,RI S KI,suka sekali,gojek,google_play,suka sekali,positive
2026-04-05 10:44:33,abdulah Fadli,sangat membantu dalam aktivitas sehari-hari,gojek,google_play,sangat membantu dalam aktivitas sehari-hari,positive
2026-04-05 10:41:48,Nur Inayah,bagus,gojek,google_play,bagus,positive
2026-04-05 10:39:46,1318013-Alvin Chandra Hadiyanto,apaan internetmu mati pas otp gmail terus otp wa pake apa? ga pake internet,gojek,google_play,apaan internetmu mati pas otp gmail terus otp wa pake apa? ga pake internet,negative
2026-04-05 10:38:27,Fakhruzy Alvin,mantab cepat,gojek,google_play,mantab cepat,positive
2026-04-05 10:37:51,Kamal Caem,biaya penanganan.. semakin lama semakin mahal,gojek,google_play,biaya penanganan.. semakin lama semakin mahal,negative
2026-04-05 10:32:02,Galih Fg,"keren, terima kasih",gojek,google_play,"keren, terima kasih",positive
2026-04-05 10:31:52,Elissa Wahyu Pratiwi (Lisa),"dituduh penyalahgunaan promo, kita ini tinggal beli dan pakai promo aja, tapi kalian semena mena bekuin akun orang. yang bikin tombol kan kalian, sesuai prosedur kalian, tapi kita yang disalahkan. ga bakal saya pakai aplikasi ini, padahal saya sering beli pakai gofood dan langganan gojek plus, tapi kalian gak tau terimakasih sama customer. pelayanan buruk, cs buruk.",gojek,google_play,"dituduh penyalahgunaan promo, kita ini tinggal beli dan pakai promo aja, tapi kalian semena mena bekuin akun orang. yang bikin tombol kan kalian, sesuai prosedur kalian, tapi kita yang disalahkan. ga bakal saya pakai aplikasi ini, padahal saya sering beli pakai gofood dan langganan gojek plus, tapi kalian gak tau terimakasih sama customer. pelayanan buruk, cs buruk.",negative
2026-04-05 10:31:51,Mutia Ananda,semoga ga susah cari driver,gojek,google_play,semoga ga susah cari driver,neutral
2026-04-05 10:30:07,Putri Widyaningsih,mantap,gojek,google_play,mantap,positive
2026-04-05 10:29:32,sigit wahyu,untuk saat ini oke pemakaian aplikasinya,gojek,google_play,untuk saat ini oke pemakaian aplikasinya,neutral
2026-04-05 10:12:13,Zai Nab,ok,gojek,google_play,ok,negative
2026-04-05 10:11:13,Akane Yui,"Saya pesan Mi aceh di sebuah resto, tapi yang datang ifumie dengan pengantaran prioritas dan terlambat. Nah muncullah notifikasi bahwasannya bakal dapat voucher atas keterlambatannya, tapi tidak ada voucher tersebut setelah saya cari. Komplain lah saya dan kasih bukti juga, tetapi dari pihak cs nya malah bilang tepat waktu. Selanjutnya saya komplain tentang menu yang salah, eh dibilangnya malah sesuai. Bukan bermaksud apa², saya udah bayar untuk gojek plus dan memilih prioritas",gojek,google_play,"saya pesan mi aceh di sebuah resto, tapi yang datang ifumie dengan pengantaran prioritas dan terlambat. nah muncullah notifikasi bahwasannya bakal dapat voucher atas keterlambatannya, tapi tidak ada voucher tersebut setelah saya cari. komplain lah saya dan kasih bukti juga, tetapi dari pihak cs nya malah bilang tepat waktu. selanjutnya saya komplain tentang menu yang salah, eh dibilangnya malah sesuai. bukan bermaksud apa², saya udah bayar untuk gojek plus dan memilih prioritas",negative
2026-04-05 10:06:16,A'Myoongi,sangat membantu,gojek,google_play,sangat membantu,positive
2026-04-05 10:03:33,Nur Khikmah,ok,gojek,google_play,ok,negative
2026-04-05 10:00:04,Suyatno Ahmad,"Gojeg tak mampu mendeteksi alamat gang, jalan sempit , jadi kalau kita mau kirim barang yg muncul alamat jln besar",gojek,google_play,"gojeg tak mampu mendeteksi alamat gang, jalan sempit , jadi kalau kita mau kirim barang yg muncul alamat jln besar",negative
2026-04-05 09:59:05,AL-LEA MUSIC,mantap,gojek,google_play,mantap,positive
2026-04-05 09:55:10,bangkuang 9944,Bagus. Baik.,gojek,google_play,bagus. baik.,positive
2026-04-05 09:53:26,saski,"driver lo penipu, bilangnya ga ketemu titik udah disamperin malah malak, habis itu bilangnya aplikasi ga bisa dipake sampe senin karna pengiriman barang tidak bisa diselesaikan, pas gw tf malah pengiriman selesai.",gojek,google_play,"driver lo penipu, bilangnya ga ketemu titik udah disamperin malah malak, habis itu bilangnya aplikasi ga bisa dipake sampe senin karna pengiriman barang tidak bisa diselesaikan, pas gw tf malah pengiriman selesai.",negative
2026-04-05 09:48:23,rusliansyah alifi,menyenangkan. makasih,gojek,google_play,menyenangkan. makasih,positive
2026-04-05 09:37:03,Zaki Alwi,good,gojek,google_play,good,positive
2026-04-05 09:34:16,Ahmad Sobari,mantap,gojek,google_play,mantap,positive
2026-04-05 09:29:23,Yadi Kamarudin,apk perjalanan terbaik👍,gojek,google_play,apk perjalanan terbaik👍,positive
2026-04-05 09:24:23,Bagas Raditya Dz,Aplikasi yang bagus,gojek,google_play,aplikasi yang bagus,positive
2026-04-05 09:15:19,Basuki Rahmat,Joss..memudahkan,gojek,google_play,joss..memudahkan,positive
2026-04-05 08:55:39,Huda Arridwan,mantap,gojek,google_play,mantap,positive
2026-04-05 08:53:20,Paulus Christian,sangat kecewa dengan aplikasi dan Mitra GO-JEK.,gojek,google_play,sangat kecewa dengan aplikasi dan mitra go-jek.,negative
2026-04-05 08:46:20,Rochmat Nuryadi,"biasa aja,",gojek,google_play,"biasa aja,",negative
2026-04-05 08:44:59,URANG aring,aplikasi lelet.. gambar GK muncul.. mau pesan gofood GK ada gambarnya sama sekali..,gojek,google_play,aplikasi lelet.. gambar gk muncul.. mau pesan gofood gk ada gambarnya sama sekali..,negative
2026-04-05 08:41:53,JOST_LAILA,mudah bangett,gojek,google_play,mudah bangett,positive
2026-04-05 08:13:18,Suhail Exe,bintang lima,gojek,google_play,bintang lima,neutral
2026-04-05 08:11:47,hasani sani,bagus oke,gojek,google_play,bagus oke,positive
2026-04-05 08:01:58,Andika Pratama,nice,gojek,google_play,nice,negative
2026-04-05 07:58:06,Refandy Refandy,sangar bermanfaat guys buat pakai aplikasi ini karena lebih mudah dan murah,gojek,google_play,sangar bermanfaat guys buat pakai aplikasi ini karena lebih mudah dan murah,positive
2026-04-05 07:55:56,Luhur Setyowati,baik,gojek,google_play,baik,positive
2026-04-05 07:54:02,bocim 1933,pelayanan bagus dan ramah,gojek,google_play,pelayanan bagus dan ramah,positive
2026-04-05 07:47:19,khaula nurqadri,memberikan kemudahan dalam tansaksi,gojek,google_play,memberikan kemudahan dalam tansaksi,positive
2026-04-05 07:44:17,Bsk Baban,TERBAIKK,gojek,google_play,terbaikk,positive
2026-04-05 07:38:11,nabila atmariani 9A 22,Sang Penyelamat,gojek,google_play,sang penyelamat,neutral
2026-04-05 07:25:24,Ahmad Solihin,mudah2n Gojek bangkrut,gojek,google_play,mudah2n gojek bangkrut,negative
2026-04-05 07:09:43,Bandi Alfacino,bagus... penjemputan cepat..,gojek,google_play,bagus... penjemputan cepat..,positive
2026-04-05 07:06:56,Agung Prasetya,nyaman,gojek,google_play,nyaman,negative
2026-04-05 07:05:52,Zahra Aulia,best,gojek,google_play,best,positive
2026-04-05 06:59:34,Bramsida Prabono Saleh,sangat bagus dan membantu,gojek,google_play,sangat bagus dan membantu,positive
2026-04-05 06:40:50,Syam Hoed,yang paling murah,gojek,google_play,yang paling murah,negative
2026-04-05 06:14:26,Aqila Algoni,oke,gojek,google_play,oke,negative
2026-04-05 05:58:22,Andi Faisal,mati kelaparan nunggu makanan via gofood mana gak tau hub cs harus bagaimana.,gojek,google_play,mati kelaparan nunggu makanan via gofood mana gak tau hub cs harus bagaimana.,negative
2026-04-05 05:57:36,Abdus Salam,mantap jayaa,gojek,google_play,mantap jayaa,positive
2026-04-05 04:53:51,Diding Sbn,klu cuma bikin kastamer nunggu lama mending hapus aplikasi ini,gojek,google_play,klu cuma bikin kastamer nunggu lama mending hapus aplikasi ini,negative
2026-04-05 03:41:16,Ari Widodo,bagus dan nyaman,gojek,google_play,bagus dan nyaman,positive
2026-04-05 02:10:06,Irwansyah Putra,setelah di download knp hp saya langsung down ya. di hapus aplikasi nya lancar jaya. koq bisa seperti ini gojek,gojek,google_play,setelah di download knp hp saya langsung down ya. di hapus aplikasi nya lancar jaya. koq bisa seperti ini gojek,negative
2026-04-05 01:58:53,Leo Rizki,"gofood nya bermasalah,udah pesan makanan,udah nunggu 1 jam an ehh tiba tiba dibatalin sama sistemnya,eror x,bintang 1 broooh,tolong di perbaiki laa,kalok emang ga bisa yaudaa ga bisa gitu,ini udah nunggu lama lamaa kan",gojek,google_play,"gofood nya bermasalah,udah pesan makanan,udah nunggu 1 jam an ehh tiba tiba dibatalin sama sistemnya,eror x,bintang 1 broooh,tolong di perbaiki laa,kalok emang ga bisa yaudaa ga bisa gitu,ini udah nunggu lama lamaa kan",negative
2026-04-05 01:26:03,iksan al,aplikasi ini tidak mau nolong hati hati kepada bapak ibu jangan pernah pakai aplikasi inib,gojek,google_play,aplikasi ini tidak mau nolong hati hati kepada bapak ibu jangan pernah pakai aplikasi inib,negative
2026-04-05 01:10:42,Ryan Akiyama Official,jos,gojek,google_play,jos,negative
2026-04-05 01:07:29,iwan baroengs,gak banyak membantu...,gojek,google_play,gak banyak membantu...,negative
2026-04-05 00:56:57,Tania Tanu widjaya,oke punya,gojek,google_play,oke punya,negative
2026-04-05 00:40:06,Muhammad Ardyansyah Pratama,"Aplikasi ini makin lama makin nyusahin. Gara gara kebijakanmu yg gajelas bikin promo gajelas yg motong dari uang driver akhirnya banyak driver ogah ambil orderan , dan cust susah dapat driver. Kebangetan !!. Dikaji lagi deh tu kebijakan tarif nya , ini aplikasi mau mempermudah apa nyusahin ?",gojek,google_play,"aplikasi ini makin lama makin nyusahin. gara gara kebijakanmu yg gajelas bikin promo gajelas yg motong dari uang driver akhirnya banyak driver ogah ambil orderan , dan cust susah dapat driver. kebangetan !!. dikaji lagi deh tu kebijakan tarif nya , ini aplikasi mau mempermudah apa nyusahin ?",negative
2026-04-05 00:27:35,tomblok ae,sangat membantu banget,gojek,google_play,sangat membantu banget,positive
2026-04-04 23:54:26,Naufal Adiyat,tolong kalo sudah lewat 30 menit tanpa dapat driver otomatis batalkan orderan gofood jangan biarkan kami customer menunggu lama tanpa kepastian dan kelaparan,gojek,google_play,tolong kalo sudah lewat 30 menit tanpa dapat driver otomatis batalkan orderan gofood jangan biarkan kami customer menunggu lama tanpa kepastian dan kelaparan,negative
2026-04-04 23:54:17,Fikran tanjung12,"bagus tapi tolong buat apk gojek nya kalau nyari driver menit nya jangan lama"" karena orang juga punya urusan pribadi buat apa lama"" ujung"" nya ke cancel juga kalau gaada driver",gojek,google_play,"bagus tapi tolong buat apk gojek nya kalau nyari driver menit nya jangan lama"" karena orang juga punya urusan pribadi buat apa lama"" ujung"" nya ke cancel juga kalau gaada driver",negative
2026-04-04 23:47:57,Big Smoke,"muak banget sama aplikasi ini,udah pakai layanan express tapi lama banget dapet drivernya, gabisa batalin pesanan tapi malah disuruh nunggu 30 menit lebih, kalau ada kendala disuruh pakai bantuan chat tapi cuma muter-muter doang pembahasannya, mending pakai aplikasi sebelah",gojek,google_play,"muak banget sama aplikasi ini,udah pakai layanan express tapi lama banget dapet drivernya, gabisa batalin pesanan tapi malah disuruh nunggu 30 menit lebih, kalau ada kendala disuruh pakai bantuan chat tapi cuma muter-muter doang pembahasannya, mending pakai aplikasi sebelah",negative
2026-04-04 23:47:28,Together // End,"jelek banget, nunggu 3 jam lebih driver gofood ga dapat dapat. mana orang lapar lagi",gojek,google_play,"jelek banget, nunggu 3 jam lebih driver gofood ga dapat dapat. mana orang lapar lagi",negative
2026-04-04 23:41:01,anka Syauqii albari,"jelek ga ada solusi, udah nunggu 2 jam udah mau di anter malah di cancel dri sistem udah tau orang lapar, cs ga ada solusi, gausah make gojek lagi",gojek,google_play,"jelek ga ada solusi, udah nunggu 2 jam udah mau di anter malah di cancel dri sistem udah tau orang lapar, cs ga ada solusi, gausah make gojek lagi",negative
2026-04-04 23:33:35,araa klaten,gofood cari driver lama 1 jam pengambilan makin jauh yg deket ada padahal,gojek,google_play,gofood cari driver lama 1 jam pengambilan makin jauh yg deket ada padahal,negative
2026-04-04 23:24:35,Edi Edi,update teruss,gojek,google_play,update teruss,positive
2026-04-04 23:15:11,Rena Mardiana,"keamanan kurang, pengaduan barang tertinggal call centre hanya menggunakan robot. sampe skrg hp sya yg tertinggal di gocar Tdk di kembalikan oleh driver",gojek,google_play,"keamanan kurang, pengaduan barang tertinggal call centre hanya menggunakan robot. sampe skrg hp sya yg tertinggal di gocar tdk di kembalikan oleh driver",negative
2026-04-04 23:04:39,ZZrabiatul adawiyah,"sangat membantu bagi saya yang ke mana-mana sendiri, harganya cukup terjangkau",gojek,google_play,"sangat membantu bagi saya yang ke mana-mana sendiri, harganya cukup terjangkau",positive
2026-04-04 23:04:01,dewi rahmawati,good,gojek,google_play,good,positive
2026-04-04 23:01:43,vicko agung wiyono,"Sopir nya pada belagu, pada ga punya sopan santun, nunggu blm smpe 10 menit dicancel, agak jauh dikit jemput nya, ga mau ambil, suka kebut kebutan, suka marah marah, mobil bau rokok, ga punya etika. Ajarin etika dong sopir sopir lo. Jgn cuma nyari untung doang lo.",gojek,google_play,"sopir nya pada belagu, pada ga punya sopan santun, nunggu blm smpe 10 menit dicancel, agak jauh dikit jemput nya, ga mau ambil, suka kebut kebutan, suka marah marah, mobil bau rokok, ga punya etika. ajarin etika dong sopir sopir lo. jgn cuma nyari untung doang lo.",negative
2026-04-04 23:00:08,Mumtaz Daffa,"segini dulu, jelek soalnya",gojek,google_play,"segini dulu, jelek soalnya",negative
2026-04-04 22:57:15,Zero,parah nunggu lama d chat gk d respon driver tiba2 gk mau jemput parah2,gojek,google_play,parah nunggu lama d chat gk d respon driver tiba2 gk mau jemput parah2,negative
2026-04-04 22:46:03,saya,woii adain pembayaran via danaa!!!! oiya lupa ongkirnya juga murahinnn!!!,gojek,google_play,woii adain pembayaran via danaa!!!! oiya lupa ongkirnya juga murahinnn!!!,positive
2026-04-04 22:36:22,Mohammad Usman Asegaf,"hmmm sekarang udah lebih stabil tapi belum ada penjelasan beda perdetik waktu itu malah naik 1800 tiap kali ubah order. ya kali naik keadaan sama cuaca tambah parah berkali kali dalam kurun waktu 30 detikan, jadi waktu itu gk jadi.",gojek,google_play,"hmmm sekarang udah lebih stabil tapi belum ada penjelasan beda perdetik waktu itu malah naik 1800 tiap kali ubah order. ya kali naik keadaan sama cuaca tambah parah berkali kali dalam kurun waktu 30 detikan, jadi waktu itu gk jadi.",negative
2026-04-04 22:35:56,Meilani Ellyarosa,"terimakasih Gofood, Go-Jek",gojek,google_play,"terimakasih gofood, go-jek",positive
2026-04-04 22:27:15,sonysumarsono sumarsono,gojek oklah,gojek,google_play,gojek oklah,neutral
2026-04-04 22:27:12,Tito Dimas Fadillah,"settt susah bgt nyari driver, padahal bersliweran di sekitar, ngehe lahh buang buangin waktu, mending di apk sebelah sekarang pdhl dari dulu pakenya gojek",gojek,google_play,"settt susah bgt nyari driver, padahal bersliweran di sekitar, ngehe lahh buang buangin waktu, mending di apk sebelah sekarang pdhl dari dulu pakenya gojek",negative
2026-04-04 22:18:51,Rubiatun,"mudah, murah dan aman",gojek,google_play,"mudah, murah dan aman",positive
2026-04-04 22:18:32,Nayverr,"kenapa setiap aku pesan makanan di Gofood itu selalu di arahin ke kota? padahal rumahku kabupaten. mana di tulisannya jaraknya 2-3 Kilometer an, tapi pas di chek out malah 23 Kilometer. kasihan ke ojolnya harus jalan sejauh itu. perbaiki lah, padahal aku aktifin lokasi sama dah kasih lokasi rumahku malah di arahin ke kota.",gojek,google_play,"kenapa setiap aku pesan makanan di gofood itu selalu di arahin ke kota? padahal rumahku kabupaten. mana di tulisannya jaraknya 2-3 kilometer an, tapi pas di chek out malah 23 kilometer. kasihan ke ojolnya harus jalan sejauh itu. perbaiki lah, padahal aku aktifin lokasi sama dah kasih lokasi rumahku malah di arahin ke kota.",negative
2026-04-04 22:08:34,Beni Sucipto03,ok bgt,gojek,google_play,ok bgt,negative
2026-04-04 22:07:20,Yutrie Endet,penolong disaat kepepet,gojek,google_play,penolong disaat kepepet,negative
2026-04-04 22:01:31,Diah Susilowati,"aman, nyaman dalam perjalanan",gojek,google_play,"aman, nyaman dalam perjalanan",positive
2026-04-04 21:58:58,Marden Marden,salam satu aspal,gojek,google_play,salam satu aspal,neutral
2026-04-04 21:58:35,Astrid Septyanti,Subhaanalloh.. Hari ini sungguh mengecewakan. Sebenarnya ini sudah bbrp kali sy alami. Energi sy sudah habis mau cerita. Udahlah. Rating 1 aja. Capek banget,gojek,google_play,subhaanalloh.. hari ini sungguh mengecewakan. sebenarnya ini sudah bbrp kali sy alami. energi sy sudah habis mau cerita. udahlah. rating 1 aja. capek banget,negative
2026-04-04 21:46:37,Pau Llus 03,Suka dr dlu sm aplikasi ini,gojek,google_play,suka dr dlu sm aplikasi ini,negative
2026-04-04 21:43:42,Akun sementara,"yg bnr aj lh, saya udh masukin 2nomor yang berbeda (itu nomor saya), tp malah masuk akun org, gmn ceritanya cb (gmail jg punya saya), tp tiba² beda gmail. jd gmn saya mau buat akun?, pake akun org lain? saya pesennya?",gojek,google_play,"yg bnr aj lh, saya udh masukin 2nomor yang berbeda (itu nomor saya), tp malah masuk akun org, gmn ceritanya cb (gmail jg punya saya), tp tiba² beda gmail. jd gmn saya mau buat akun?, pake akun org lain? saya pesennya?",negative
2026-04-04 21:42:35,Adhitya Maryam,"lelet banget gofood nunggu sejam bru bisa cancel, buang buang waktu",gojek,google_play,"lelet banget gofood nunggu sejam bru bisa cancel, buang buang waktu",negative
2026-04-04 21:42:32,Stein Amsikan,driver lu kemana?? pada tewas kah??,gojek,google_play,driver lu kemana?? pada tewas kah??,negative
2026-04-04 21:41:06,Iqoo Z9x,sangat membantu Terima kasih,gojek,google_play,sangat membantu terima kasih,positive
2026-04-04 21:30:53,Asep Purnama,"Mengecewakan, kalau tidak bisa diperbaiki saya pertimbangkan UN install, pindah ke apk lain.",gojek,google_play,"mengecewakan, kalau tidak bisa diperbaiki saya pertimbangkan un install, pindah ke apk lain.",negative
2026-04-04 21:29:03,muhammad arif,lama dapet driver gofood,gojek,google_play,lama dapet driver gofood,negative
2026-04-04 21:20:52,Izzah Kamila,"Saya cukup kecewa sebagai user yang baru kembali menggunakan Gojek . Hari ini Saya menggunakan fitur beli barang di apk Gojek , Namun Saya tidak dapat driver untuk membelikan barang . Awalnya harga yang tertera normal , kisaran harga juga sesuai seperti yang saya cantumkan. Namun setelah beberapa saat , setelah mencari driver ke dua kalinya , Harga yang saya cantumkan jadi 3 kali lipat . Alhasil setelah barangnya datang , Saya harus membayar dengan harga diluar nalar tsb.:) 💔",gojek,google_play,"saya cukup kecewa sebagai user yang baru kembali menggunakan gojek . hari ini saya menggunakan fitur beli barang di apk gojek , namun saya tidak dapat driver untuk membelikan barang . awalnya harga yang tertera normal , kisaran harga juga sesuai seperti yang saya cantumkan. namun setelah beberapa saat , setelah mencari driver ke dua kalinya , harga yang saya cantumkan jadi 3 kali lipat . alhasil setelah barangnya datang , saya harus membayar dengan harga diluar nalar tsb.:) 💔",negative
2026-04-04 21:16:56,agung budianto,👌,gojek,google_play,👌,negative
2026-04-04 21:16:41,Wahdinah Sarip,"top up gopay duit gak masuk, complain gak ada follow up, emang gampang cari duit?",gojek,google_play,"top up gopay duit gak masuk, complain gak ada follow up, emang gampang cari duit?",negative
2026-04-04 21:16:09,Idzawahyuning Putri,"Baru nyoba pesan gak dapat driver ini bagaimana??? Tolong di tingkatkan driver nya,emang pada sibuk kah??🙏🙏🙏",gojek,google_play,"baru nyoba pesan gak dapat driver ini bagaimana??? tolong di tingkatkan driver nya,emang pada sibuk kah??🙏🙏🙏",negative
2026-04-04 21:13:34,Ira Maya yanti,bagus,gojek,google_play,bagus,positive
2026-04-04 21:11:44,Call Me Dudex,2026 cari driver go food makin syuliit!!!,gojek,google_play,2026 cari driver go food makin syuliit!!!,negative
2026-04-04 21:08:43,yutt Borneo,"gak jelas nih gofood 3 kali order pske harga ongkir mahal tetep gak dapet driver , nungguin kalian pesan makan keburu asam lambung naik bangke emang",gojek,google_play,"gak jelas nih gofood 3 kali order pske harga ongkir mahal tetep gak dapet driver , nungguin kalian pesan makan keburu asam lambung naik bangke emang",negative
2026-04-04 21:07:14,Catur Tjah Cityzen,aplikasi jelek programnya jg jelek.....,gojek,google_play,aplikasi jelek programnya jg jelek.....,negative
2026-04-04 21:05:52,Fina Project,sudah 5 kali pesan gofood. selama 2 jam an tapi nda ada yg ambil oleh drivernya. saya kecewa berat,gojek,google_play,sudah 5 kali pesan gofood. selama 2 jam an tapi nda ada yg ambil oleh drivernya. saya kecewa berat,negative
2026-04-04 21:00:13,Dengan Jejak,"sistem kapitalis yang tidak masuk akal,membuat aplikator mengkambing hitamkan driver. Kalau punya hati,lebih baik perbaiki bukan mencaci",gojek,google_play,"sistem kapitalis yang tidak masuk akal,membuat aplikator mengkambing hitamkan driver. kalau punya hati,lebih baik perbaiki bukan mencaci",negative
2026-04-04 20:50:32,Nandang PermNa,ok,gojek,google_play,ok,negative
2026-04-04 20:41:47,Yudha Wijaya,"pesan makanan lewat gofood. pakai pengiriman express yang dijamin tepat waktu, udah nunggu sejam lebih. ternyata dibatalin sepihak sama gojek nya. padahal di chatbot pilih lanjutkan pembelian berkali2, bersabar menunggu. ternyata direspon sama gojek dengan status ""diBATAL-in"" oleh gojek nya sueddiihhh nya perut ku, meronta-ronta",gojek,google_play,"pesan makanan lewat gofood. pakai pengiriman express yang dijamin tepat waktu, udah nunggu sejam lebih. ternyata dibatalin sepihak sama gojek nya. padahal di chatbot pilih lanjutkan pembelian berkali2, bersabar menunggu. ternyata direspon sama gojek dengan status ""dibatal-in"" oleh gojek nya sueddiihhh nya perut ku, meronta-ronta",negative
2026-04-04 20:38:16,Komang Norista,pokoknya makasi banyak untuk gojek,gojek,google_play,pokoknya makasi banyak untuk gojek,positive
2026-04-04 20:36:27,Wanto Chicken,Jooss pokok nya,gojek,google_play,jooss pokok nya,negative
2026-04-04 20:33:20,Flaminggo Tocoz,"pelayanan pencarian driver sangat buruk , bisa sampe hampir 1 jam ga dapet² gilaaa, mending pindah ke sebelah sih ini lelet bener",gojek,google_play,"pelayanan pencarian driver sangat buruk , bisa sampe hampir 1 jam ga dapet² gilaaa, mending pindah ke sebelah sih ini lelet bener",negative
2026-04-04 20:32:54,Git n Nay family,memuaskan,gojek,google_play,memuaskan,negative
2026-04-04 20:24:04,Joker 5,baguss,gojek,google_play,baguss,positive
2026-04-04 20:19:25,Agus Budiadi,aplikasinya jelek merugikan penggun dan driver jgn di dunlon ya ntr hapi di haiker,gojek,google_play,aplikasinya jelek merugikan penggun dan driver jgn di dunlon ya ntr hapi di haiker,negative
2026-04-04 20:18:10,doy 15,"untuk gocar nya knapa ya kalo sekiranya ga ada niat buat narik aplikasinya ga di matiin aja , bikin php orang sama buang buang waktu aja 3x pesan dapet ga di batalin langsung, giliran udah lama nunggu baru ngebatalin jemputan aneh , tolong dong yg gitu gitu di benahin lagi , inget waktu adalah uang dan hargai customer jangan sampe bikin kesel customer . .",gojek,google_play,"untuk gocar nya knapa ya kalo sekiranya ga ada niat buat narik aplikasinya ga di matiin aja , bikin php orang sama buang buang waktu aja 3x pesan dapet ga di batalin langsung, giliran udah lama nunggu baru ngebatalin jemputan aneh , tolong dong yg gitu gitu di benahin lagi , inget waktu adalah uang dan hargai customer jangan sampe bikin kesel customer . .",negative
2026-04-04 20:17:29,Sutisna Patas,thank aman berkendaranya,gojek,google_play,thank aman berkendaranya,neutral
2026-04-04 20:14:46,Muhammad Munadi Al khairi (Munadikuy),"jadi susah cari driver, dapet nya jauh jauh mulu",gojek,google_play,"jadi susah cari driver, dapet nya jauh jauh mulu",negative
2026-04-04 20:09:11,Gerald Armando,nunggu drivernya lama bgttt ada kali sejaman hadehhh,gojek,google_play,nunggu drivernya lama bgttt ada kali sejaman hadehhh,negative
2026-04-04 20:09:05,Adin Abdilah,masa nunggu sampe satu jam masih gk sampe² yang bnr dong seleksi orang jadi driver,gojek,google_play,masa nunggu sampe satu jam masih gk sampe² yang bnr dong seleksi orang jadi driver,negative
2026-04-04 20:05:14,Albertino Albertino,mantp,gojek,google_play,mantp,neutral
2026-04-04 19:57:39,Ninan Intantoro,bagus,gojek,google_play,bagus,positive
2026-04-04 19:56:47,Dewo Prasetyo,ok,gojek,google_play,ok,negative
2026-04-04 19:52:45,Rizki S,ini kenapa map nya nge bug lokasi di map udh bener tapi tulisan lok nya salah,gojek,google_play,ini kenapa map nya nge bug lokasi di map udh bener tapi tulisan lok nya salah,negative
2026-04-04 19:52:16,Cicih Ratnaningsih,"Mudah,,Cepat",gojek,google_play,"mudah,,cepat",positive
2026-04-04 19:51:40,Anggi Tampubolon,ongkir gofood mahal banget🥲🥲,gojek,google_play,ongkir gofood mahal banget🥲🥲,negative
2026-04-04 19:50:38,Sugeng Noviansyah,"makin ke sini makin lemot, pengen liar riwayat aje muter muluuu",gojek,google_play,"makin ke sini makin lemot, pengen liar riwayat aje muter muluuu",negative
2026-04-04 19:46:13,Windri Septian,ngsih driver jng yg jauh kasian penumpang dan drivernya,gojek,google_play,ngsih driver jng yg jauh kasian penumpang dan drivernya,negative
2026-04-04 19:44:43,Arr saputra,bagus,gojek,google_play,bagus,positive
2026-04-04 19:37:51,Miqdad Hassan,ngelunjak,gojek,google_play,ngelunjak,negative
2026-04-04 19:37:38,Zahal Mahfudz,lelet cari orderan kalau sekarang mah,gojek,google_play,lelet cari orderan kalau sekarang mah,negative
2026-04-04 19:32:47,griezy,driver gofood lu pada males semua,gojek,google_play,driver gofood lu pada males semua,negative
2026-04-04 19:31:42,Thomy zig'zag,kendaraan banyak gak mau ambil padahal jarak cuma.3km ongkos 20k pada gk mau ambil pihak gojeg kurang bagus ke pelanggan yah,gojek,google_play,kendaraan banyak gak mau ambil padahal jarak cuma.3km ongkos 20k pada gk mau ambil pihak gojeg kurang bagus ke pelanggan yah,negative
2026-04-04 19:30:18,wahyudi 7777,"susah dapat driver kalau memang sdh ga mau kerja lagi nanti kita buat aplikasi lokal saja, alasannya jam sibuk pdhl sdh jam 23.00 dan saya melihat ada driver yg dilokasi. untuk beli gofood jg susah mau dibatalkan sdh buang waktu",gojek,google_play,"susah dapat driver kalau memang sdh ga mau kerja lagi nanti kita buat aplikasi lokal saja, alasannya jam sibuk pdhl sdh jam 23.00 dan saya melihat ada driver yg dilokasi. untuk beli gofood jg susah mau dibatalkan sdh buang waktu",negative
2026-04-04 19:29:35,Widiyatno M,drivernya pilih². tidak mau jarak dekat. cari driver 10 menit tdk ada yg mau ambil,gojek,google_play,drivernya pilih². tidak mau jarak dekat. cari driver 10 menit tdk ada yg mau ambil,negative
2026-04-04 19:28:03,Pengguna Google,mantep,gojek,google_play,mantep,negative
2026-04-04 19:15:59,siti Jubaidah,sangat membantu,gojek,google_play,sangat membantu,positive
2026-04-04 19:12:26,Risma Wati,sebenarnya mah ongkir nya mahal banget di bandingkan harga beli nya,gojek,google_play,sebenarnya mah ongkir nya mahal banget di bandingkan harga beli nya,negative
2026-04-04 19:07:40,Hanif Saputra,"tolong buat driver yg udah tua"" di berhenti kan kasian masih byk yg mudah"" gesit",gojek,google_play,"tolong buat driver yg udah tua"" di berhenti kan kasian masih byk yg mudah"" gesit",negative
2026-04-04 19:03:41,Septiyan Hendiyana,"biaya2 di gofood udh ga masuk akal! jasa antarnya dekat masih wajar, tp bayangkan, beli makanan 30rb, kena biaya jasa ga jelas 25rb. orang gila mana yg mau order?",gojek,google_play,"biaya2 di gofood udh ga masuk akal! jasa antarnya dekat masih wajar, tp bayangkan, beli makanan 30rb, kena biaya jasa ga jelas 25rb. orang gila mana yg mau order?",negative
2026-04-04 18:55:12,Ganda Priscilla,"heran, gw yg gak di respon driver tp justru tarifnya makin di naikkin terus setiap mau order ulang. kocakkk",gojek,google_play,"heran, gw yg gak di respon driver tp justru tarifnya makin di naikkin terus setiap mau order ulang. kocakkk",negative
2026-04-04 18:54:07,Ismaika Nur Baety,"saya pesan gofood dari jam 18.00 baru dapet driver jam 18.51 ,sudah saya chat ke Cs nya buat batalin malah muter"" gak jelas penjelasanya .. lamaaaa dapat drivernya !!!!!",gojek,google_play,"saya pesan gofood dari jam 18.00 baru dapet driver jam 18.51 ,sudah saya chat ke cs nya buat batalin malah muter"" gak jelas penjelasanya .. lamaaaa dapat drivernya !!!!!",negative
2026-04-04 18:52:44,Laudya Shafiqha salwa,sehat2 ya pak,gojek,google_play,sehat2 ya pak,positive
2026-04-04 18:50:54,Desi Astika,sejauh ini cukup bagus dan membantu👍🏻,gojek,google_play,sejauh ini cukup bagus dan membantu👍🏻,positive
2026-04-04 18:50:43,Siti Nabila,"akun baru tiba-tiba di blokir karna katanya ngelakuin pelanggaran, di pake juga belom",gojek,google_play,"akun baru tiba-tiba di blokir karna katanya ngelakuin pelanggaran, di pake juga belom",negative
2026-04-04 18:35:33,naeraimutkiyut,"bagus,cuma kadang ngelag,amanah jugaa",gojek,google_play,"bagus,cuma kadang ngelag,amanah jugaa",positive
2026-04-04 18:32:04,F2_Fauzy Rizky Ramadhan,penggunaaan mudah cepat dan menyenangkan,gojek,google_play,penggunaaan mudah cepat dan menyenangkan,positive
2026-04-04 18:25:42,Mas Bro,Suka sekali,gojek,google_play,suka sekali,positive
2026-04-04 18:22:10,Zuanita Az - Zahra,"ongkos terlalu mahal, padahal sudah berlangganan gojek plus",gojek,google_play,"ongkos terlalu mahal, padahal sudah berlangganan gojek plus",negative
2026-04-04 18:15:38,IndraFatriansah,membantu bgt,gojek,google_play,membantu bgt,positive
2026-04-04 18:13:44,Habibi Kakaka,aplikasi bego lemot responya ga ada gafaham dah gimana ini sistemnya,gojek,google_play,aplikasi bego lemot responya ga ada gafaham dah gimana ini sistemnya,negative
2026-04-04 18:12:29,Syifa Latifah,adakan pembayaran via dana pls 🙏,gojek,google_play,adakan pembayaran via dana pls 🙏,neutral
2026-04-04 18:02:04,Widya Rahayu,"Gue belakangan asli kesel banget, kalo pilih mitra yang emang niat kerja gitu loh. Sering banget udah dapet driver tapi driver gak jalan terus dengan seribu alesan gak bisa ambil orderan, ujung-ujungnya minta cancel. Padahal menurut gue tarif juga sesuai bahkan gue kalo bayar itu gue lebihin bisa sampe 2x lipat, dievaluasi lagi mitra mintranya yang memang sering di cancel atau mengcancel customer. Merugikan customer banget, gue pake GRAB langsung dijemput tanpa BaBiBu",gojek,google_play,"gue belakangan asli kesel banget, kalo pilih mitra yang emang niat kerja gitu loh. sering banget udah dapet driver tapi driver gak jalan terus dengan seribu alesan gak bisa ambil orderan, ujung-ujungnya minta cancel. padahal menurut gue tarif juga sesuai bahkan gue kalo bayar itu gue lebihin bisa sampe 2x lipat, dievaluasi lagi mitra mintranya yang memang sering di cancel atau mengcancel customer. merugikan customer banget, gue pake grab langsung dijemput tanpa babibu",negative
2026-04-04 18:00:26,Nicholas Gregson,"driver nya gak jelas, suka sengaja menjauh dari titik",gojek,google_play,"driver nya gak jelas, suka sengaja menjauh dari titik",negative
2026-04-04 17:57:27,Rio Kristian,"Pesanan Go food sering telat, CS bisanya Maaf doang",gojek,google_play,"pesanan go food sering telat, cs bisanya maaf doang",negative
2026-04-04 17:50:08,Davina Elshanum,sangat membatu di saat di butuh kan hingga semua beres,gojek,google_play,sangat membatu di saat di butuh kan hingga semua beres,positive
2026-04-04 17:43:46,Indra Ahmad Ryansyah,"setiap kali pesen gocar, gocar tidak bergerak dan sopir di telpon tidak bisa di hubungin tolong di perbaiki lagi",gojek,google_play,"setiap kali pesen gocar, gocar tidak bergerak dan sopir di telpon tidak bisa di hubungin tolong di perbaiki lagi",negative
2026-04-04 17:30:47,Heroes Cell,jadi aplikasi sampah ga guna..nunggu driver lama...makanya jgn orientasi cari untung aja...,gojek,google_play,jadi aplikasi sampah ga guna..nunggu driver lama...makanya jgn orientasi cari untung aja...,negative
2026-04-04 17:28:18,Sakhi Muhammad,ok mantap,gojek,google_play,ok mantap,positive
2026-04-04 17:26:42,Adisti Madaniah Islami,"Susah cari gocar, sudah dapetpun sampe nunggu 2 jam. Cari yang lain masih nunggu lama, terpaksa di cancel dan naik taxi aja.",gojek,google_play,"susah cari gocar, sudah dapetpun sampe nunggu 2 jam. cari yang lain masih nunggu lama, terpaksa di cancel dan naik taxi aja.",negative
2026-04-04 17:24:16,Akmal Rafi Athallah,Desain aplikasinya mantap dan layanannya memuaskan 👍,gojek,google_play,desain aplikasinya mantap dan layanannya memuaskan 👍,positive
2026-04-04 17:14:40,Memet Kusrin,bagus,gojek,google_play,bagus,positive
2026-04-04 17:09:53,Aulia Tushiva,tolong perbaiki map delay,gojek,google_play,tolong perbaiki map delay,neutral
2026-04-04 17:05:51,Riki Riki,bagus,gojek,google_play,bagus,positive
2026-04-04 17:04:51,Junaedi,hebat,gojek,google_play,hebat,negative
2026-04-04 16:54:30,Arnine Nobell,ADS,gojek,google_play,ads,neutral
2026-04-04 16:54:24,Novita Syafriani,keren,gojek,google_play,keren,positive
2026-04-04 16:50:59,Yono disconnectted,samgat puas,gojek,google_play,samgat puas,positive
2026-04-04 16:35:26,Ihsan Jk Muhamad Ihsan ramadhan,bagussss,gojek,google_play,bagussss,positive
2026-04-04 16:32:35,Tia Bali galeria,"susah cari driver, driver bisa cancel seenaknya",gojek,google_play,"susah cari driver, driver bisa cancel seenaknya",negative
2026-04-04 16:23:01,W. nurainiii,tiap pesan gocar selalu lama dapatnya lalu diterima tapi tidak jalan-jalan. kecewa bgt !!!,gojek,google_play,tiap pesan gocar selalu lama dapatnya lalu diterima tapi tidak jalan-jalan. kecewa bgt !!!,negative
2026-04-04 16:21:39,Monika Aas,bagusss,gojek,google_play,bagusss,positive
2026-04-04 16:03:13,Dellya Winda Yuniar,"Please, Gojek, adain FITUR 'Jangan ajak ngobrol'. Soalnya kadang capek ngeladenin driver yg sering curhat. Malah pernah juga dicurhatin masalah selingkuhannya. Masalahnya aku tuh ga enakan kalo mau cuek tuh. Please, lah, yg ini butuh banget. Apalagi kalo pas lagi capek di jalan. Males ngobrol bawaannya.",gojek,google_play,"please, gojek, adain fitur 'jangan ajak ngobrol'. soalnya kadang capek ngeladenin driver yg sering curhat. malah pernah juga dicurhatin masalah selingkuhannya. masalahnya aku tuh ga enakan kalo mau cuek tuh. please, lah, yg ini butuh banget. apalagi kalo pas lagi capek di jalan. males ngobrol bawaannya.",negative
2026-04-04 15:52:35,verza duck,"kenapa kok jalan yang pendek gabisa rusak apa gimana apk ini tolong diperbaiki ya, sampah banget padahal cuma deket suruh pastikan jarak jangan tolol deh klo buat apk ya sebagai pengguna ya menyesuaikan jarak dia mau kemana kenapa kok malah gabisa suruh pastikan jarak dan gabisa dilanjutkan pilihan saya TERUNTUK DEVELOPER TOLONG DIBENAHI APK NYA JANGAN ASAL MAIN PASTIKAN LOKASI LAGI DAN GABISA MILIH YANG UDAH KITA CANTUMKAN PADAHAL DARI PENGGUNA SUDAH MEMASUKKAN JARAK YANG MAU DI TEMPUH.",gojek,google_play,"kenapa kok jalan yang pendek gabisa rusak apa gimana apk ini tolong diperbaiki ya, sampah banget padahal cuma deket suruh pastikan jarak jangan tolol deh klo buat apk ya sebagai pengguna ya menyesuaikan jarak dia mau kemana kenapa kok malah gabisa suruh pastikan jarak dan gabisa dilanjutkan pilihan saya teruntuk developer tolong dibenahi apk nya jangan asal main pastikan lokasi lagi dan gabisa milih yang udah kita cantumkan padahal dari pengguna sudah memasukkan jarak yang mau di tempuh.",negative
2026-04-04 15:50:57,Hasna,yeeyy kenyangggg,gojek,google_play,yeeyy kenyangggg,positive
2026-04-04 15:48:14,akunpreziku2 fuuu,driver nya baik,gojek,google_play,driver nya baik,positive
2026-04-04 15:42:11,Zaini Mubarok,aplikasi aneh bin ajaib. kasih rating 1 saja,gojek,google_play,aplikasi aneh bin ajaib. kasih rating 1 saja,negative
2026-04-04 15:40:57,Marsono,Mantab dan lancar,gojek,google_play,mantab dan lancar,positive
2026-04-04 15:37:22,Gilang Realme,"mantap, semoga Istiqomah",gojek,google_play,"mantap, semoga istiqomah",positive
2026-04-04 15:36:22,aditya syachrezzy,Ok,gojek,google_play,ok,negative
2026-04-04 15:31:03,Ridho Putra Purnomo,Makin kesini makin susah dapat driver,gojek,google_play,makin kesini makin susah dapat driver,negative
2026-04-04 15:28:26,Nur Asiyah Asiyah,bagus banget..cepet sampai nya,gojek,google_play,bagus banget..cepet sampai nya,positive
2026-04-04 15:26:12,vivi vindie,👌,gojek,google_play,👌,negative
2026-04-04 15:20:04,Wawan Wanisar,bagus,gojek,google_play,bagus,positive
2026-04-04 15:19:29,Riska Mung,kenapa siih driver mobil itu selalu cancel kalau order hujan2. emang ga niat banget kerja.,gojek,google_play,kenapa siih driver mobil itu selalu cancel kalau order hujan2. emang ga niat banget kerja.,negative
2026-04-04 15:15:31,Yustika Nurul Fadillah,"kenapa jadi kaya gini yaa gojek? lemot, belum lagi lama dapat drivernya, udah milih harga biasa jga tetep lama dapat drivernya. ada masalah apa ya?",gojek,google_play,"kenapa jadi kaya gini yaa gojek? lemot, belum lagi lama dapat drivernya, udah milih harga biasa jga tetep lama dapat drivernya. ada masalah apa ya?",negative
2026-04-04 15:08:49,Eka Agus,saya kecewa dengan gojek uang saya di bawa pergi katanya mau di tukarkan tapi sampai saat ini ridaki kembali,gojek,google_play,saya kecewa dengan gojek uang saya di bawa pergi katanya mau di tukarkan tapi sampai saat ini ridaki kembali,negative
2026-04-04 15:05:53,Rindang Nailah,"kesalahan pada orderan dan respon lama, minta foto makanan yg diorder, tapi respon lama. yaa sudah dikasih ke orang makanan yg ga sesuai orderan. keburu basi, uninstal dahh ga rekom",gojek,google_play,"kesalahan pada orderan dan respon lama, minta foto makanan yg diorder, tapi respon lama. yaa sudah dikasih ke orang makanan yg ga sesuai orderan. keburu basi, uninstal dahh ga rekom",negative
2026-04-04 14:58:13,RandyWilliam Pangestu,anjay,gojek,google_play,anjay,negative
2026-04-04 14:57:52,Tokopedia alimaro,admin nya sampah,gojek,google_play,admin nya sampah,negative
2026-04-04 14:57:23,Lenny Haryati,setiap nyari gosend sering dicancel...,gojek,google_play,setiap nyari gosend sering dicancel...,negative
2026-04-04 14:51:17,Iqbal Maulana,bagus,gojek,google_play,bagus,positive
2026-04-04 14:41:22,Robi Habarita,mantap,gojek,google_play,mantap,positive
2026-04-04 14:25:58,洪菱锹,"kalo pesen gofood udh nunggu lama, trs dibatalin, gadpt kompensasi apaapa",gojek,google_play,"kalo pesen gofood udh nunggu lama, trs dibatalin, gadpt kompensasi apaapa",negative
2026-04-04 14:25:44,Teryyana wijaya,pesenan aku sering di batalin huh😡😡😡😡😡😡😡😡😡😡😡😡😡😡😡😡😡😡😡😡😡😡😡😡😡😡😡😡😡😡😡😡,gojek,google_play,pesenan aku sering di batalin huh😡😡😡😡😡😡😡😡😡😡😡😡😡😡😡😡😡😡😡😡😡😡😡😡😡😡😡😡😡😡😡😡,negative
2026-04-04 14:17:55,Syaiful Poya,on time,gojek,google_play,on time,negative
2026-04-04 14:10:49,Burhanuddin Rabbani,"tidak transparan dalam ratting costumer, sedangkan driver dengan mudah mengetahui ratting nya. sangat tidak adil.",gojek,google_play,"tidak transparan dalam ratting costumer, sedangkan driver dengan mudah mengetahui ratting nya. sangat tidak adil.",negative
2026-04-04 14:07:34,Mulyono Rasta,"tolong dong diperbaiki jangan iklan doang yg di bagusin, 2 hari paket instan saya baru di pu, orderan paket ga ada yg ambil",gojek,google_play,"tolong dong diperbaiki jangan iklan doang yg di bagusin, 2 hari paket instan saya baru di pu, orderan paket ga ada yg ambil",negative
2026-04-04 13:59:23,Yuli Ulee,nhebantu bgt kalo saya lagi ribet,gojek,google_play,nhebantu bgt kalo saya lagi ribet,negative
2026-04-04 13:55:52,Haura Kamila,bgus,gojek,google_play,bgus,neutral
2026-04-04 13:45:08,Iskandar Maulana,bagus mengentas pengangguran,gojek,google_play,bagus mengentas pengangguran,negative
2026-04-04 13:42:09,Eyesnasyaa,huhhh,gojek,google_play,huhhh,negative
2026-04-04 13:38:26,dhifa nadhifa,bantu bgt kalo laper TPI males keluar atau masak,gojek,google_play,bantu bgt kalo laper tpi males keluar atau masak,positive
2026-04-04 13:24:14,albert setiana,terlalu lama vlcari drivernya padahal didepan Mall cityplazza banyak driver sudah nunggu 30 menit mau kirim paket.masih gak dapet driver,gojek,google_play,terlalu lama vlcari drivernya padahal didepan mall cityplazza banyak driver sudah nunggu 30 menit mau kirim paket.masih gak dapet driver,negative
2026-04-04 13:24:06,Samiddd 05,aplikasi gak jelas,gojek,google_play,aplikasi gak jelas,negative
2026-04-04 13:13:51,Reni Ulfa,keamanan kurang yang gampang dicuri,gojek,google_play,keamanan kurang yang gampang dicuri,negative
2026-04-04 13:05:12,Iwan Putra,mantap,gojek,google_play,mantap,positive
2026-04-04 13:00:32,Baa Nii,"saya sudah menghentikan iklan di amplifikasi, dan mengajukan penghentian iklan di bantuan. tapi tagihan masih berjalan kok di anggap tidak ada apa apa. masalah nya saya sangat keberatan dengan biaya iklan karena tidak ada pesanan sama sekali selama ikut iklan. dalam satu tahun saja hanya beberapa pesanan yang masuk",gojek,google_play,"saya sudah menghentikan iklan di amplifikasi, dan mengajukan penghentian iklan di bantuan. tapi tagihan masih berjalan kok di anggap tidak ada apa apa. masalah nya saya sangat keberatan dengan biaya iklan karena tidak ada pesanan sama sekali selama ikut iklan. dalam satu tahun saja hanya beberapa pesanan yang masuk",negative
2026-04-04 12:51:02,Endri Wibowo,bagus,gojek,google_play,bagus,positive
2026-04-04 12:38:46,Fauziah Ika Mawarni,Susah banget sekarang kalo pesen gofood ga dapet driver hampir 2 jam..,gojek,google_play,susah banget sekarang kalo pesen gofood ga dapet driver hampir 2 jam..,negative
2026-04-04 12:38:28,NuruL Dimas,mantap pakai gojek,gojek,google_play,mantap pakai gojek,positive
2026-04-04 12:32:11,An Dina,sangat membantu,gojek,google_play,sangat membantu,positive
2026-04-04 12:32:11,Suhelmi Manullang,"“Driver sangat ramah, sopan, dan profesional. Berkendara dengan aman serta memperhatikan kenyamanan penumpang selama perjalanan. Komunikasi juga sangat baik dan tepat waktu saat penjemputan. Terima kasih atas pelayanannya yang sangat memuaskan. Semoga selalu diberikan kelancaran dan semakin sukses ke depannya.”",gojek,google_play,"“driver sangat ramah, sopan, dan profesional. berkendara dengan aman serta memperhatikan kenyamanan penumpang selama perjalanan. komunikasi juga sangat baik dan tepat waktu saat penjemputan. terima kasih atas pelayanannya yang sangat memuaskan. semoga selalu diberikan kelancaran dan semakin sukses ke depannya.”",positive
2026-04-04 12:25:15,Ral Yviaa,bagus,gojek,google_play,bagus,positive
2026-04-04 12:22:52,susila moralia,mantab,gojek,google_play,mantab,neutral
2026-04-04 12:16:42,fernando girsang,susah dapat driver di medan,gojek,google_play,susah dapat driver di medan,negative
2026-04-04 12:15:17,Samsiir Kombiih7,muaanntap,gojek,google_play,muaanntap,neutral
2026-04-04 12:09:16,Sutrisno Trisno,ramah tepat waktu,gojek,google_play,ramah tepat waktu,positive
2026-04-04 12:04:13,yudhi harry,👍,gojek,google_play,👍,negative
2026-04-04 12:03:05,Gopar ismail,terimakasih,gojek,google_play,terimakasih,neutral
2026-04-04 11:54:23,Abdul Matin,makin susah dapet driver. sekalinya dapet dikasih yang jauh. udah gitu malah dikasih opsi pencarian cepat yang musti ngasih buiaya tambahan.,gojek,google_play,makin susah dapet driver. sekalinya dapet dikasih yang jauh. udah gitu malah dikasih opsi pencarian cepat yang musti ngasih buiaya tambahan.,negative
2026-04-04 11:21:47,BaeCell BaeCell,mantap,gojek,google_play,mantap,positive
2026-04-04 11:19:45,Yosihiro Tamaru,sangat membantu,gojek,google_play,sangat membantu,positive
2026-04-04 11:19:04,Andhika Subono,bagus & sangat membantu,gojek,google_play,bagus & sangat membantu,positive
2026-04-04 11:17:12,Anna Purnama,oke,gojek,google_play,oke,negative
2026-04-04 11:04:10,Kaysha Khairani,membantu,gojek,google_play,membantu,negative
2026-04-04 10:53:30,Justin Axelle12,mantap,gojek,google_play,mantap,positive
2026-04-04 10:41:57,Sarjono Luwu,siip,gojek,google_play,siip,negative
2026-04-04 10:40:27,rangga Setiawan,aplikasi apaan dah ini lemot bener Uda beberapa Minggu,gojek,google_play,aplikasi apaan dah ini lemot bener uda beberapa minggu,negative
2026-04-04 10:36:14,Julius Salaijang,mantap,gojek,google_play,mantap,positive
2026-04-04 10:30:34,Fatimah Fat,sangat membantu dalam urusan bertransportasi,gojek,google_play,sangat membantu dalam urusan bertransportasi,positive
2026-04-04 10:23:54,koharudin koharudin,saya menyesal dan kecewa pesan gocar bawa bayi tapi AC nya panas seperti ga pake AC..,gojek,google_play,saya menyesal dan kecewa pesan gocar bawa bayi tapi ac nya panas seperti ga pake ac..,negative
2026-04-04 10:23:34,bolot binbudeg,bahan bakar adalah kunci utama.ongkos goceng hari gini beli kopi seduh doank.,gojek,google_play,bahan bakar adalah kunci utama.ongkos goceng hari gini beli kopi seduh doank.,positive
2026-04-04 10:06:55,novita sari,saya suka aplikasi gojek Krn mudah mencari titik penjemputan dan tujuan. drivernya slalu mau mengantar sampai ketempat tujuan walau titik tujuannya Gak sesuai GPS.,gojek,google_play,saya suka aplikasi gojek krn mudah mencari titik penjemputan dan tujuan. drivernya slalu mau mengantar sampai ketempat tujuan walau titik tujuannya gak sesuai gps.,positive
2026-04-04 09:57:27,meiza dzulka,👍,gojek,google_play,👍,negative
2026-04-04 09:43:02,Sugiono456 Ajus,suka,gojek,google_play,suka,negative
2026-04-04 09:40:06,wira santa,bagus,gojek,google_play,bagus,positive
2026-04-04 09:17:44,Hamdani Wijaya,mohon bertanya ini untuk amplikasi naik antar jemput kah,gojek,google_play,mohon bertanya ini untuk amplikasi naik antar jemput kah,neutral
2026-04-04 09:15:57,Deden Iskandar,aman dan cepat,gojek,google_play,aman dan cepat,positive
2026-04-04 08:55:40,Rofiah,"sangat sangat sukaaa, aplikasinya sangat memudahkan segala urusan mulai dari antar jemput, pesan makanan,beli kebutuhan dapur dll. Pokoknya manteplah👍🏻👍🏻",gojek,google_play,"sangat sangat sukaaa, aplikasinya sangat memudahkan segala urusan mulai dari antar jemput, pesan makanan,beli kebutuhan dapur dll. pokoknya manteplah👍🏻👍🏻",positive
2026-04-04 08:19:54,Nada D.Islami,"susah dapat driver, dpt pun g direspon sama driver nunggu lama banget eh trnyta g ada niatan jemput.. parah emang. aplikasi sebelah drivernya responsif kalo emang g bs jemput ya hub.pelanggan..",gojek,google_play,"susah dapat driver, dpt pun g direspon sama driver nunggu lama banget eh trnyta g ada niatan jemput.. parah emang. aplikasi sebelah drivernya responsif kalo emang g bs jemput ya hub.pelanggan..",negative
2026-04-04 08:06:19,Rangga Hidayat,bagus lahh aplikasinya krna bnyk voucher,gojek,google_play,bagus lahh aplikasinya krna bnyk voucher,positive
2026-04-04 07:43:58,Setia Wati,"keluhan ttg susah dpt goride ditampung IMAM GHOZALI opertor malah kita dibilang gak paham aplikasi gak paham pdhal kami setiap hari bergulat dg komputer & kami py D1 komputer, kalau memang aplikasinya bermasalah knp tidak mengakui saja!!!!!gak heran knapa pd pindah ke Grab, Maxim & aplikasi ojol lainnya.",gojek,google_play,"keluhan ttg susah dpt goride ditampung imam ghozali opertor malah kita dibilang gak paham aplikasi gak paham pdhal kami setiap hari bergulat dg komputer & kami py d1 komputer, kalau memang aplikasinya bermasalah knp tidak mengakui saja!!!!!gak heran knapa pd pindah ke grab, maxim & aplikasi ojol lainnya.",negative
2026-04-04 07:43:50,Syabil Mahrez,ok,gojek,google_play,ok,negative
2026-04-04 07:28:34,Sanemi Shinazugawa,ok,gojek,google_play,ok,negative
2026-04-04 07:23:20,Mohamad Ramdan,"Very good, selalu bisa diandalkan",gojek,google_play,"very good, selalu bisa diandalkan",positive
2026-04-04 07:16:21,Ali Robert,cepat tepat smart,gojek,google_play,cepat tepat smart,negative
2026-04-04 07:06:34,Berton Sirait,ok,gojek,google_play,ok,negative
2026-04-04 06:54:35,Ramon Ptm,parah lu punya driver gua nungguin 30 menit kaga ada datang KLO lu punya driver kaga niat mending bloking nyesel gua donlod app gojek,gojek,google_play,parah lu punya driver gua nungguin 30 menit kaga ada datang klo lu punya driver kaga niat mending bloking nyesel gua donlod app gojek,negative
2026-04-04 06:27:22,Aisyah Zahra delia,jujur kurang enak pake aplikasi gojek karna dapet pengalaman ga enak banget dari driver nya udah bokiing yang prioritas ttp lama di jemputnya minimal sesuai lh ya,gojek,google_play,jujur kurang enak pake aplikasi gojek karna dapet pengalaman ga enak banget dari driver nya udah bokiing yang prioritas ttp lama di jemputnya minimal sesuai lh ya,negative
2026-04-04 05:18:51,Abidullah Abidullah,sangat membantu,gojek,google_play,sangat membantu,positive
2026-04-04 05:18:12,Ibnu Junior,oke,gojek,google_play,oke,negative
2026-04-04 04:05:36,veeiling23,mantapp,gojek,google_play,mantapp,neutral
2026-04-04 03:42:57,priyo setiawan,Ok,gojek,google_play,ok,negative
2026-04-04 03:21:03,Nur Ikhsan,"lu bikin map pengantaran gofood gimana sih? map lu kaga gerak bro, gw kaga bisa ngeliat pergerakan si Drivernya secara real time, gw kasih bintang 2",gojek,google_play,"lu bikin map pengantaran gofood gimana sih? map lu kaga gerak bro, gw kaga bisa ngeliat pergerakan si drivernya secara real time, gw kasih bintang 2",negative
2026-04-04 03:07:18,yoga putrasabaya,lanjut,gojek,google_play,lanjut,neutral
2026-04-04 01:51:52,Abu Hasan Alansari,"kasian kali Para driver Gocar gojek, info nya Mereka dapat Dikit Untung ongkos dari uang penumpang bayar di aplikasi gojek. contoh aja, SAYA BAYAR PAKAI GOPAY pesan gocar dikenahkan 54.000 , dan si driver hanya dapat 30.000 kasian kali kan banyak kali potongan ongkos dilakukan PIHAK APLIKASI GOJEK merugikan driver. tolong lah bantu UP dan evaluasi potongan nya agar Nyama para driver, kasian melihat mereka bensin mobil + AC mobil lagi diberikan driver kepada kami penumpang agar nyaman.",gojek,google_play,"kasian kali para driver gocar gojek, info nya mereka dapat dikit untung ongkos dari uang penumpang bayar di aplikasi gojek. contoh aja, saya bayar pakai gopay pesan gocar dikenahkan 54.000 , dan si driver hanya dapat 30.000 kasian kali kan banyak kali potongan ongkos dilakukan pihak aplikasi gojek merugikan driver. tolong lah bantu up dan evaluasi potongan nya agar nyama para driver, kasian melihat mereka bensin mobil + ac mobil lagi diberikan driver kepada kami penumpang agar nyaman.",negative
2026-04-04 01:34:55,Muhammad Ade,cukup membantu ketika mager hee,gojek,google_play,cukup membantu ketika mager hee,positive
2026-04-04 01:30:33,sella ella,"kecewa parah bgt sm ini apk, udah 2x di cancel gtu aja pas mesen makanan. mana lama nungguin nya, org mana yg tahan nahan rasa lapar berjam"" . di perbaiki lg y untuk servis ny. mau gnti apk dan gaakan pernah pke gjek lg thks 🙂",gojek,google_play,"kecewa parah bgt sm ini apk, udah 2x di cancel gtu aja pas mesen makanan. mana lama nungguin nya, org mana yg tahan nahan rasa lapar berjam"" . di perbaiki lg y untuk servis ny. mau gnti apk dan gaakan pernah pke gjek lg thks 🙂",negative
2026-04-04 01:19:40,wendra wendra,mantap,gojek,google_play,mantap,positive
2026-04-04 01:12:31,faried prass,istimewa,gojek,google_play,istimewa,neutral
2026-04-04 01:11:03,Zack Arya,"makin kesini makin gk bener nih aplikasi, byk yg komplain susahnya cari driver, argo gk ngotak, perbaikan layanannya mu woooy",gojek,google_play,"makin kesini makin gk bener nih aplikasi, byk yg komplain susahnya cari driver, argo gk ngotak, perbaikan layanannya mu woooy",negative
2026-04-04 00:15:55,Jember Jember,👍,gojek,google_play,👍,negative
2026-04-03 23:45:50,Indonesia Glory,GO MART SUDAH MEMBUAT TITIK KE ASTON TAPI SAAT PESAN GESER KE SUN CITY INI GAK BISA DI CANCEL SUDAH BERJAM JAM. BAGAIMANA IN TANGGUNG JAWABNYA,gojek,google_play,go mart sudah membuat titik ke aston tapi saat pesan geser ke sun city ini gak bisa di cancel sudah berjam jam. bagaimana in tanggung jawabnya,negative
2026-04-03 23:39:09,ustadza,trimakasih gojek,gojek,google_play,trimakasih gojek,neutral
2026-04-03 23:33:32,Arum Sekar Kinasih,"Gojek/Gocar makin lama dptnya. Sekalinya dpt jaraknya jauh. Saya liat postingan di ig, algoritma gojek diubah. Driver disuruh bayar 20k per hari bwt bisa dpt order, satu driver terima gofood lebih dr 1, dll. Zalim. Makin kapitalis minim humanis. Smoga manajemennya diganti dgn manusia yg punya hati nurani. Aamiin.",gojek,google_play,"gojek/gocar makin lama dptnya. sekalinya dpt jaraknya jauh. saya liat postingan di ig, algoritma gojek diubah. driver disuruh bayar 20k per hari bwt bisa dpt order, satu driver terima gofood lebih dr 1, dll. zalim. makin kapitalis minim humanis. smoga manajemennya diganti dgn manusia yg punya hati nurani. aamiin.",negative
2026-04-03 23:30:21,Fira Oi,good best,gojek,google_play,good best,positive
2026-04-03 23:09:29,Revita Dewi,"Layanan semakin menurun kualitasnya. Semakin lama cari driver, pembatalan gofood sangat dipersulit sementara pesanan makin lama dapat driver, sangat membuang waktu.",gojek,google_play,"layanan semakin menurun kualitasnya. semakin lama cari driver, pembatalan gofood sangat dipersulit sementara pesanan makin lama dapat driver, sangat membuang waktu.",negative
2026-04-03 23:05:17,Muhammad Adittya,nyari driver motor dikala hujan susah,gojek,google_play,nyari driver motor dikala hujan susah,negative
2026-04-03 22:58:08,Dian Tanjak,"tindak driver arogan, plat B 5685 TXD",gojek,google_play,"tindak driver arogan, plat b 5685 txd",negative
2026-04-03 22:48:41,Nurmayanii Maya,sangat gak sesuai ekspektasi,gojek,google_play,sangat gak sesuai ekspektasi,negative
2026-04-03 22:48:05,Welly Cemong,percuma ada aplikasi susah cari driver,gojek,google_play,percuma ada aplikasi susah cari driver,negative
2026-04-03 22:43:26,Initial D,smakin parah klo pesen makanan/goride... sering dapat driver jaraknya jauh-jauh. padahal normal gk pakai voucher. bayar mahal pelayanan gk optimal.,gojek,google_play,smakin parah klo pesen makanan/goride... sering dapat driver jaraknya jauh-jauh. padahal normal gk pakai voucher. bayar mahal pelayanan gk optimal.,negative
2026-04-03 22:41:45,Ali Syam,sangat baik,gojek,google_play,sangat baik,positive
2026-04-03 22:41:16,Trisna Yahya,bagus,gojek,google_play,bagus,positive
2026-04-03 22:31:04,Sofyan Daelami,okbgd om,gojek,google_play,okbgd om,negative
2026-04-03 22:17:13,Muhammad Syahril Ramdani,"Aplikasi tidak ada masalah. Hanya saja, jika ingin order susah banget dapat pengemudinya. Sepertinya para drivernya yang menghilang ditelan bumi atau para drivernya rasis/fasis (memilih pelangan sesuai selera pengemudinya..walah3.",gojek,google_play,"aplikasi tidak ada masalah. hanya saja, jika ingin order susah banget dapat pengemudinya. sepertinya para drivernya yang menghilang ditelan bumi atau para drivernya rasis/fasis (memilih pelangan sesuai selera pengemudinya..walah3.",negative
2026-04-03 22:14:20,Ayoe Wahyuningsih,"sudah beberapa Minggu belakangan ini banyak kekecawan yang customer alami (hasil berbincang - bincang dengan semua teman yg menggunakan aplikasi gojek): order gojek motor, mobil, gofood & gosend sangat lama sekali dapat driver, padahal titik driver banyak tetapi tidak ada yg mau pick up sudah pesan prioritas tetap lama bahkan pesan gosend sudah ditunggu sampai 3 jam tidak juga dapat akhirnya pindah aplikasi. pernah pesan gofood ditolak terus & sekali nya dapat bisa sampai 2 jam. kecewa berat",gojek,google_play,"sudah beberapa minggu belakangan ini banyak kekecawan yang customer alami (hasil berbincang - bincang dengan semua teman yg menggunakan aplikasi gojek): order gojek motor, mobil, gofood & gosend sangat lama sekali dapat driver, padahal titik driver banyak tetapi tidak ada yg mau pick up sudah pesan prioritas tetap lama bahkan pesan gosend sudah ditunggu sampai 3 jam tidak juga dapat akhirnya pindah aplikasi. pernah pesan gofood ditolak terus & sekali nya dapat bisa sampai 2 jam. kecewa berat",negative
2026-04-03 22:10:02,Oktavia Gisella,bagus layananya cepat,gojek,google_play,bagus layananya cepat,positive
2026-04-03 22:02:16,Yatii Gemoy,belum pernah kecewa,gojek,google_play,belum pernah kecewa,positive
2026-04-03 21:58:20,Imam Budiman,tidak adil untuk mitranya,gojek,google_play,tidak adil untuk mitranya,negative
2026-04-03 21:46:40,Eko Wardono,baik,gojek,google_play,baik,positive
2026-04-03 21:33:40,Fifa Fifa,"mengecewakan! re connect mulukkkk,gak bisa munculin lokasi juga,kacauuuuuuu",gojek,google_play,"mengecewakan! re connect mulukkkk,gak bisa munculin lokasi juga,kacauuuuuuu",negative
2026-04-03 21:29:02,Didi Cahyanto,"aplikasi tolol drivernya kgk ada yang mau jemput, kocak padahal nggak pernah kendala tuh gw ma driver.",gojek,google_play,"aplikasi tolol drivernya kgk ada yang mau jemput, kocak padahal nggak pernah kendala tuh gw ma driver.",negative
2026-04-03 21:27:53,Nandy Franata,mantap,gojek,google_play,mantap,positive
2026-04-03 21:13:44,Narbito Narbito,tarif ekonomis pelayanan cepat responsive,gojek,google_play,tarif ekonomis pelayanan cepat responsive,positive
2026-04-03 21:07:29,andi doetoez,keren,gojek,google_play,keren,positive
2026-04-03 21:01:32,Ogie Esse,nice try,gojek,google_play,nice try,negative
2026-04-03 20:53:28,revlon ngl,good job,gojek,google_play,good job,neutral
2026-04-03 20:37:05,Sabar Triyono,Sikap Driver dan cara mengemudinya baik,gojek,google_play,sikap driver dan cara mengemudinya baik,positive
2026-04-03 20:35:25,keanu abdillah,map nya sangat tidak akurat,gojek,google_play,map nya sangat tidak akurat,negative
2026-04-03 20:30:46,katenun Katenun,nyaman dan tepat jga aman.cepat.,gojek,google_play,nyaman dan tepat jga aman.cepat.,positive
2026-04-03 20:30:23,Violla Gisca,"driver pilih-pilih, selalu bertambah mahal, driver mudah nge cancel tanpa bilang",gojek,google_play,"driver pilih-pilih, selalu bertambah mahal, driver mudah nge cancel tanpa bilang",negative
2026-04-03 20:23:40,Mas Wi,rumit skarang gak kaya dulu .masa tiap pesen goride dapat jauh terus .dari pada dapat jauh terus jdi pindah ke sebelah,gojek,google_play,rumit skarang gak kaya dulu .masa tiap pesen goride dapat jauh terus .dari pada dapat jauh terus jdi pindah ke sebelah,negative
2026-04-03 20:18:47,Asri Asri Haryatun,memudahkan utk pergi kemana saja👍👍,gojek,google_play,memudahkan utk pergi kemana saja👍👍,positive
2026-04-03 20:16:28,Swahyuni Md,susah bgt nyari driver nya. udah nunggu lama bgt ternyata gaada 1pun yang nyantol. ngebatalinnya jangan nunggu sejam donggg! ntar ditinggal nyari yg lain malah dapet driver!!,gojek,google_play,susah bgt nyari driver nya. udah nunggu lama bgt ternyata gaada 1pun yang nyantol. ngebatalinnya jangan nunggu sejam donggg! ntar ditinggal nyari yg lain malah dapet driver!!,negative
2026-04-03 20:14:52,oshie alexis,"KASIH EDUKASI DRIVER NYA, KALO MAU CANCEL ATAU GA MAU AMBIL ORDERAN KARNA ARGO KECIL BILANG KE CUSTOMER NYA KONFIRMASI BAIK BAIK, KAMI KASIH TIPS KO YANG LAYAK. JANGAN DIEM GA GERAK GA ADA KONFIRMASI TUNGGU DI CANCEL SAMA CUSTOMER. ADA YANG URGENT, BAWA BAYI, BAWA ORANG TUA. EDUKASI LAGI DRIVER NYA. KASIH WAKTU KALO DIA GA GERAK GA ADA KONFIRMASI SYSTEM KALIAN YANG KASIH AUTOTEXT.",gojek,google_play,"kasih edukasi driver nya, kalo mau cancel atau ga mau ambil orderan karna argo kecil bilang ke customer nya konfirmasi baik baik, kami kasih tips ko yang layak. jangan diem ga gerak ga ada konfirmasi tunggu di cancel sama customer. ada yang urgent, bawa bayi, bawa orang tua. edukasi lagi driver nya. kasih waktu kalo dia ga gerak ga ada konfirmasi system kalian yang kasih autotext.",negative
2026-04-03 20:14:50,Ufi Taruna,"tolong biaya Ongkosnya Lebih murah dr Tetangga Sebelah, Biar banyak Peminatnya.",gojek,google_play,"tolong biaya ongkosnya lebih murah dr tetangga sebelah, biar banyak peminatnya.",positive
2026-04-03 20:12:18,aight thea,"perubahan harga yang sangat signifikan,beberapa hari yang lalu goride ke tempat yg sama 35k,dua hari kemudian 55k,kayaknya seminggu kemudian naik lagi jadi 100k🤣🤣🤣",gojek,google_play,"perubahan harga yang sangat signifikan,beberapa hari yang lalu goride ke tempat yg sama 35k,dua hari kemudian 55k,kayaknya seminggu kemudian naik lagi jadi 100k🤣🤣🤣",positive
2026-04-03 20:10:46,USERSIGN_ID,lokasi leles kab garut kalo gak ada driver atau penjual gak bisa nerima oderan jangan di iming iming paket exprees percuma exprees kalo makanan tetep aja lebih dari 1 jam . padahal distu tertulis 20 menit deket itu,gojek,google_play,lokasi leles kab garut kalo gak ada driver atau penjual gak bisa nerima oderan jangan di iming iming paket exprees percuma exprees kalo makanan tetep aja lebih dari 1 jam . padahal distu tertulis 20 menit deket itu,negative
2026-04-03 20:06:15,Riky Martino,"payah, sering error",gojek,google_play,"payah, sering error",negative
2026-04-03 20:00:56,Suhendra Putra,derever nya asik,gojek,google_play,derever nya asik,positive
2026-04-03 19:56:14,Mikha Nita,skarang pesen gojek pas ujan gerimis..susah banget dapet drivernya.pdahal mmng butuhnya karna ujan...harus nya di out aja driver yg menolak orderan ketika hujan...,gojek,google_play,skarang pesen gojek pas ujan gerimis..susah banget dapet drivernya.pdahal mmng butuhnya karna ujan...harus nya di out aja driver yg menolak orderan ketika hujan...,negative
2026-04-03 19:55:14,Yayit Ardyon,Murah dan terpercaya,gojek,google_play,murah dan terpercaya,positive
2026-04-03 19:51:27,Leo Hutama,"Pesanan Go-Food, tidak ada driver, lama sekali pencarian driver, tapi tidak bisa dibatalkan. Kalau memang tidak ada driver sebaiknya bisa di batalkan dan mencari alternatif lain.",gojek,google_play,"pesanan go-food, tidak ada driver, lama sekali pencarian driver, tapi tidak bisa dibatalkan. kalau memang tidak ada driver sebaiknya bisa di batalkan dan mencari alternatif lain.",negative
2026-04-03 19:33:43,RIZKY MULYADI OFFICIAL,sangat membantu,gojek,google_play,sangat membantu,positive
2026-04-03 19:27:46,Dian,"GOCARNYA pada banyak duit gak ada yg mau nerima😃 jauh dikit pada minta cancel..sekalinya diterima banyak alesan. klo gak mau macet ya jangan narik mobil..narik aja sepeda goes kita mh kasian pesen biar dapet order,tapi pada males² nerimanya😄",gojek,google_play,"gocarnya pada banyak duit gak ada yg mau nerima😃 jauh dikit pada minta cancel..sekalinya diterima banyak alesan. klo gak mau macet ya jangan narik mobil..narik aja sepeda goes kita mh kasian pesen biar dapet order,tapi pada males² nerimanya😄",negative
2026-04-03 19:20:54,Rida Hasanah,oke banget,gojek,google_play,oke banget,negative
2026-04-03 19:18:10,Jefri Rizaldy,kembalikan uang saya woii,gojek,google_play,kembalikan uang saya woii,negative
2026-04-03 19:18:08,draaa,susah bet nyari driver taila,gojek,google_play,susah bet nyari driver taila,negative
2026-04-03 19:12:10,Martin Aruan,harga nya sihh lumayan terjangkau,gojek,google_play,harga nya sihh lumayan terjangkau,positive
2026-04-03 19:00:09,Ilham Fauzan,mantaapp,gojek,google_play,mantaapp,neutral
2026-04-03 19:00:00,andika yudistira,bagus banget tiap hari ada diskon jadi ongkos nya tetap sesuai dompet,gojek,google_play,bagus banget tiap hari ada diskon jadi ongkos nya tetap sesuai dompet,positive
2026-04-03 18:56:30,Alvaro.S.O.Situmorang,mantap sekali,gojek,google_play,mantap sekali,positive
2026-04-03 18:52:24,Agus Herry Covral,mantab,gojek,google_play,mantab,neutral
2026-04-03 18:51:13,Ade Ganteng,bagus banget buat yang mager,gojek,google_play,bagus banget buat yang mager,positive
2026-04-03 18:47:58,Moorisa Reina,memudahkan alat transportasi,gojek,google_play,memudahkan alat transportasi,neutral
2026-04-03 18:39:21,Khasan Ubaidillah,sangat membantu,gojek,google_play,sangat membantu,positive
2026-04-03 18:37:07,Haidar Asfahani,mantap,gojek,google_play,mantap,positive
2026-04-03 18:22:33,Udiono Mukti Wibowo,sangat membantu disegala kondisi,gojek,google_play,sangat membantu disegala kondisi,positive
2026-04-03 18:19:48,Nur hidayani,good,gojek,google_play,good,positive
2026-04-03 18:19:10,Andy Yuwono,pelayanan ok,gojek,google_play,pelayanan ok,neutral
2026-04-03 18:01:14,Herni Mulyani,aman nyaman,gojek,google_play,aman nyaman,positive
2026-04-03 18:00:28,Said Bin Ishak,saldo dari dana CUSTOMER g amsuk ke gopay ku..parah ini siii,gojek,google_play,saldo dari dana customer g amsuk ke gopay ku..parah ini siii,negative
2026-04-03 17:47:26,Nur Ardika,"belakangan nyari driver susah, lemot, kebanyakan nolak",gojek,google_play,"belakangan nyari driver susah, lemot, kebanyakan nolak",negative
2026-04-03 17:44:42,Ananda Songming,driver nya jangan ngaret,gojek,google_play,driver nya jangan ngaret,negative
2026-04-03 17:32:57,Mortal Kombat,"Makin sering update makin lama dapet driver, mending gk usah update aja sekalian kalau malah jadi lebih buruk",gojek,google_play,"makin sering update makin lama dapet driver, mending gk usah update aja sekalian kalau malah jadi lebih buruk",negative
2026-04-03 17:31:29,Azzahra Chairunnisa,aneh makin kesini drivernya pada gajelas bgt,gojek,google_play,aneh makin kesini drivernya pada gajelas bgt,negative
2026-04-03 17:25:54,SUNDE RIYADI,oke bagus dari pelayanan,gojek,google_play,oke bagus dari pelayanan,positive
2026-04-03 17:23:39,Saya Marwan90,"gojek emang selalu bisa di andalin, banyak promo nya terus di kasih gratis ongkir, top markotop pokoknya",gojek,google_play,"gojek emang selalu bisa di andalin, banyak promo nya terus di kasih gratis ongkir, top markotop pokoknya",positive
2026-04-03 17:22:40,Hadi Patidolken,alhamdulillah driver yang saya pesan selalu baik,gojek,google_play,alhamdulillah driver yang saya pesan selalu baik,positive
2026-04-03 17:14:14,AAFIYAH FIYAH,top yessss,gojek,google_play,top yessss,negative
2026-04-03 17:10:23,Mochammad Choirudin,siip,gojek,google_play,siip,negative
2026-04-03 17:09:59,Arini Putri Salsabila,"tolong dong gojek masa iya aku mau ngampus jadi susah banget dapet driver sekarang? 😭 mau beli makan juga jadi ga affordable buat aku sebagai mahasiswa, maaf bgt tapi pake gojek suka jadi lebih mahal daripada aplikasi lain buat order makan😔💔 update: demiii apaaa gua udah langganan gojek plus dari tahun kemarin tapi malah nambah mahal?? pas ngecek di akun sodara aku yang ga langganan malah lebih murah? sakit hati banget ah unsubs deh jadinya😭😭💔",gojek,google_play,"tolong dong gojek masa iya aku mau ngampus jadi susah banget dapet driver sekarang? 😭 mau beli makan juga jadi ga affordable buat aku sebagai mahasiswa, maaf bgt tapi pake gojek suka jadi lebih mahal daripada aplikasi lain buat order makan😔💔 update: demiii apaaa gua udah langganan gojek plus dari tahun kemarin tapi malah nambah mahal?? pas ngecek di akun sodara aku yang ga langganan malah lebih murah? sakit hati banget ah unsubs deh jadinya😭😭💔",negative
2026-04-03 16:58:47,Rakhwadi Brebes,top,gojek,google_play,top,positive
2026-04-03 16:55:47,RennLyoneree`,"#GOFOOD anehh harusnya tu dapetin dlu driver nya baru bisa mesen makanan,ini udah mah ditungguin lama lama lagii laper ginii malah disuruh batalin aja karena ga dapet drives nya,bisa si diganti pickup masalahnya sini tu mau praktis mpruyyy,malaaa disuru batalin aja. dii perbarui napa sistem nya,kaloo belom dpt driver gabisa mesen gitu dongo.yeuu org lapar gini dibuat emosi gw obrak abrik juga ni apk",gojek,google_play,"anehh harusnya tu dapetin dlu driver nya baru bisa mesen makanan,ini udah mah ditungguin lama lama lagii laper ginii malah disuruh batalin aja karena ga dapet drives nya,bisa si diganti pickup masalahnya sini tu mau praktis mpruyyy,malaaa disuru batalin aja. dii perbarui napa sistem nya,kaloo belom dpt driver gabisa mesen gitu dongo.yeuu org lapar gini dibuat emosi gw obrak abrik juga ni apk",negative
2026-04-03 16:54:40,tunggal kreatifindo,"makin jelek layanannya, susah dapat orderan",gojek,google_play,"makin jelek layanannya, susah dapat orderan",negative
2026-04-03 16:53:24,niken sumiyarsini,drivernya sopan,gojek,google_play,drivernya sopan,positive
2026-04-03 16:50:41,Silvia Sartika,"makin sulit dpat gocar, seringkali driver tdk respon, tau2 titik menjauh, kota yg cancel, tarif lgsg 2 x lipat",gojek,google_play,"makin sulit dpat gocar, seringkali driver tdk respon, tau2 titik menjauh, kota yg cancel, tarif lgsg 2 x lipat",negative
2026-04-03 16:48:51,Yayan Taryana,mencari driver lama,gojek,google_play,mencari driver lama,negative
2026-04-03 16:38:30,Retno Heny,Alhamdulillah 🤲 nyaman...dan terus berkembang,gojek,google_play,alhamdulillah 🤲 nyaman...dan terus berkembang,positive
2026-04-03 16:33:53,Alfin Ardiananta,"sering dapet driver tidak jalan ditunggu sekitar 30menit, dedangkan kita sudah ditunggu bis....sangat kecewaa",gojek,google_play,"sering dapet driver tidak jalan ditunggu sekitar 30menit, dedangkan kita sudah ditunggu bis....sangat kecewaa",negative
2026-04-03 15:55:01,iwan Kartiwa,aturan gak jelas driver banyak yg off..order jadi terbengkalai...customer pindah ke aplikasi lain,gojek,google_play,aturan gak jelas driver banyak yg off..order jadi terbengkalai...customer pindah ke aplikasi lain,negative
2026-04-03 15:50:37,widie widiee,cepat dan tepat sasaran,gojek,google_play,cepat dan tepat sasaran,positive
2026-04-03 15:49:15,rayya shofasalsabila,susah dicari,gojek,google_play,susah dicari,negative
2026-04-03 15:45:20,Sobat Bro,banyak orang dan ramah,gojek,google_play,banyak orang dan ramah,positive
2026-04-03 15:34:47,Daslim WS Medan,mantap bgt,gojek,google_play,mantap bgt,positive
2026-04-03 15:30:24,Vallent365 Gaiiotz,service ya sat set mantapzzz,gojek,google_play,service ya sat set mantapzzz,positive
2026-04-03 15:25:38,Upan Tek,excellent,gojek,google_play,excellent,neutral
2026-04-03 15:21:53,Predibanten,manfaat,gojek,google_play,manfaat,neutral
2026-04-03 15:10:20,Ucu Mulyawati,"aplikasi nyebelin, gojeknya ga maju2 terus padahal udah majuuuu, gabisa dicancel dari gojeknya juga lagiiiii. udah nunggu berjam jam!!!!!!",gojek,google_play,"aplikasi nyebelin, gojeknya ga maju2 terus padahal udah majuuuu, gabisa dicancel dari gojeknya juga lagiiiii. udah nunggu berjam jam!!!!!!",negative
2026-04-03 15:01:48,kang jangkung,Sangat kecewa khususnya untuk driver mobil grab.. banyak yang nolak pesanan..carinya susah giliran dapat minta dicancel dengan alasan lokasi jemput jauh.,gojek,google_play,sangat kecewa khususnya untuk driver mobil grab.. banyak yang nolak pesanan..carinya susah giliran dapat minta dicancel dengan alasan lokasi jemput jauh.,negative
2026-04-03 15:00:42,Nur Asyiah,driver y sopan,gojek,google_play,driver y sopan,negative
2026-04-03 14:51:44,Afsha Kurniawan (Afsha),saya pengguna gojek setia tapi akhir2 ini cari driver susah bgt banyak driver yg cancel akhirnya saya pindah ke aplikasi sebelah cari driver gampang,gojek,google_play,saya pengguna gojek setia tapi akhir2 ini cari driver susah bgt banyak driver yg cancel akhirnya saya pindah ke aplikasi sebelah cari driver gampang,negative
2026-04-03 14:24:44,Eko Fajar,aplikasi tidak menghargai driver,gojek,google_play,aplikasi tidak menghargai driver,negative
2026-04-03 14:16:54,abisatria nico,kalo ngasih harga di gofood yang ngotak dikit lah njir,gojek,google_play,kalo ngasih harga di gofood yang ngotak dikit lah njir,negative
2026-04-03 14:16:18,KURSUS MEKANIK MOTOR LPK INDTIF BANDUNG,mantap,gojek,google_play,mantap,positive
2026-04-03 14:15:17,MW D,mantap,gojek,google_play,mantap,positive
2026-04-03 14:08:13,tanti Luthfiana ** ALIF**,alhamdulillah mau kirim² makanan utk anak dipondok sangat terbantu,gojek,google_play,alhamdulillah mau kirim² makanan utk anak dipondok sangat terbantu,positive
2026-04-03 14:07:17,Rudy Kurniawan,Okey,gojek,google_play,okey,negative
2026-04-03 14:05:10,Muhamad Farhanadi,the best,gojek,google_play,the best,neutral
2026-04-03 14:03:08,Sei Shiki,susah dapet driver,gojek,google_play,susah dapet driver,negative
2026-04-03 13:50:11,nadiya jihan,"KENAPA GADA YG MAU NGAMBIL TERUS SIH, UDAH GA PAKE YG PROMO PUN TETEP LAMA YG NGAKUTTTT!!!!!! 😡😡😡😡😡😡😡😡😡😡😡",gojek,google_play,"kenapa gada yg mau ngambil terus sih, udah ga pake yg promo pun tetep lama yg ngakutttt!!!!!! 😡😡😡😡😡😡😡😡😡😡😡",negative
2026-04-03 13:47:50,Rapi Rafi,𝙗𝙖𝙜𝙪𝙨 𝙗𝙖𝙣𝙜𝙚𝙩,gojek,google_play,𝙗𝙖𝙜𝙪𝙨 𝙗𝙖𝙣𝙜𝙚𝙩,positive
2026-04-03 13:44:13,Sulis Tiyani,"Sekarang susah dapet driver untuk gosend juga gapernah mau ambil, suka dilama2in biar customer yg cancel kadang kalo dapet juga suka maksa minta uang parkir (padahal kita tau kalo parkiran mall sini buat driver tuh ga dipungut biaya) tapi klo ga dikasih malah kasar perlakuannya udah beralih ke aplikasi sebelah sekarang mah pake gojek klo buat transportasi aja.",gojek,google_play,"sekarang susah dapet driver untuk gosend juga gapernah mau ambil, suka dilama2in biar customer yg cancel kadang kalo dapet juga suka maksa minta uang parkir (padahal kita tau kalo parkiran mall sini buat driver tuh ga dipungut biaya) tapi klo ga dikasih malah kasar perlakuannya udah beralih ke aplikasi sebelah sekarang mah pake gojek klo buat transportasi aja.",negative
2026-04-03 13:33:30,Paisal Amir,mantap apk nya,gojek,google_play,mantap apk nya,positive
2026-04-03 13:27:07,Aling Lay,Bermanfaat,gojek,google_play,bermanfaat,positive
2026-04-03 13:26:25,Devi Yulianasari,driver ramah semua,gojek,google_play,driver ramah semua,positive
2026-04-03 13:23:48,Rakhmat syarifudin,oke mantab,gojek,google_play,oke mantab,positive
2026-04-03 13:22:40,hasna ria,knp gk bisa pke dana,gojek,google_play,knp gk bisa pke dana,negative
2026-04-03 13:21:34,Joko Triatmoko,sangat membantu sekali,gojek,google_play,sangat membantu sekali,positive
2026-04-03 13:19:07,handayani han,pesen kopi kenangan minuman uda siap tapi uda nunggu 1 jam masi stuck di 16 menit karena ga ada driver. ga lama dibatalin.,gojek,google_play,pesen kopi kenangan minuman uda siap tapi uda nunggu 1 jam masi stuck di 16 menit karena ga ada driver. ga lama dibatalin.,negative
2026-04-03 13:17:49,gagaro dekorasi,ok,gojek,google_play,ok,negative
2026-04-03 13:08:27,Syarif,ok,gojek,google_play,ok,negative
2026-04-03 13:06:43,Iyod Sutiadi,mantap lebih membantu,gojek,google_play,mantap lebih membantu,positive
2026-04-03 13:05:04,Indah Sastra Official,Sulit Sekali dapat driver untuk layanan Go Shop,gojek,google_play,sulit sekali dapat driver untuk layanan go shop,negative
2026-04-03 13:04:29,wawa,"drivernya ga komplen karna jarak aku slalu jauh, mantapp",gojek,google_play,"drivernya ga komplen karna jarak aku slalu jauh, mantapp",positive
2026-04-03 12:53:54,Chandra Adimarta,kalo pesen makanan ongkir nya mahal😭🙏,gojek,google_play,kalo pesen makanan ongkir nya mahal😭🙏,negative
2026-04-03 12:53:04,Nur Aisah Wardani,Mantap drivernya gercep👍,gojek,google_play,mantap drivernya gercep👍,positive
2026-04-03 12:42:12,Toyib Suprayitno,Aplikasi yang sangat akses untuk tunanetra,gojek,google_play,aplikasi yang sangat akses untuk tunanetra,positive
2026-04-03 12:31:30,Riska kasmun,👍👍👍👍,gojek,google_play,👍👍👍👍,positive
2026-04-03 12:27:43,fx dony,"bintang 1 aja,pesan go food aja lama mau 1jam.",gojek,google_play,"bintang 1 aja,pesan go food aja lama mau 1jam.",negative
2026-04-03 12:21:47,panahatan siahaan,"Aplikasinya bagus,cocok buat yang bepergian ke tempat yg belum pernah",gojek,google_play,"aplikasinya bagus,cocok buat yang bepergian ke tempat yg belum pernah",positive
2026-04-03 12:18:47,Lee Knoww,"kak maaf bngt nih tolong voucher diskon gofood ny lebih bnyak lagi, apk sebelah aj voucher diskon makanan ny aja bnyak bngt",gojek,google_play,"kak maaf bngt nih tolong voucher diskon gofood ny lebih bnyak lagi, apk sebelah aj voucher diskon makanan ny aja bnyak bngt",negative
2026-04-03 12:17:34,Andri Sumardi,Saya baru memakai aplikasi gojek lagi dan menggunakan fitur go ride. ko aplikasinya sekarang jadi ribet ya. untuk pesan go ride saja saya harus booking dulu dan menunggu lebih dari 15 menit ga dapet² drivernya. akhirnya pake aplikasi sebelah ga sampai 1 menit sudah dapat driver. fitur go ride sekarang maaf ga recomended,gojek,google_play,saya baru memakai aplikasi gojek lagi dan menggunakan fitur go ride. ko aplikasinya sekarang jadi ribet ya. untuk pesan go ride saja saya harus booking dulu dan menunggu lebih dari 15 menit ga dapet² drivernya. akhirnya pake aplikasi sebelah ga sampai 1 menit sudah dapat driver. fitur go ride sekarang maaf ga recomended,negative
2026-04-03 12:16:14,Lucy Aryani,puas,gojek,google_play,puas,negative
2026-04-03 12:10:46,Saputro,"Aplikasi Bagus, sudah lama jadi andalan. tapi lagi Kecewa aja akhir2 ini. Driver Go-Ridenya Manja2 banget, , Keadaan gerimis aja gk mau ambil orderan.,deket lagi paling ±5km ,klo hujan sih sya maklum, lah ini gerimis kecil. , padahal banyak driver on disekitar, tp gda yg mau ambil. hampir 7x order gda yg mau ambil, bkin kesel. Beda sma apk Sebelah MXM baru order lngsung diambil. .. itu aja terimakasih.",gojek,google_play,"aplikasi bagus, sudah lama jadi andalan. tapi lagi kecewa aja akhir2 ini. driver go-ridenya manja2 banget, , keadaan gerimis aja gk mau ambil orderan.,deket lagi paling ±5km ,klo hujan sih sya maklum, lah ini gerimis kecil. , padahal banyak driver on disekitar, tp gda yg mau ambil. hampir 7x order gda yg mau ambil, bkin kesel. beda sma apk sebelah mxm baru order lngsung diambil. .. itu aja terimakasih.",negative
2026-04-03 12:09:30,Septi Sesa,"proses pembatalan terlalu lama,misal makanan/driver ga ada dalam 10 menit udah ga respon harus nya udah bisa di batalin.",gojek,google_play,"proses pembatalan terlalu lama,misal makanan/driver ga ada dalam 10 menit udah ga respon harus nya udah bisa di batalin.",negative
2026-04-03 12:07:38,Rezki Prasetia,Mantap,gojek,google_play,mantap,positive
2026-04-03 12:06:03,Kulay Tikut,baik,gojek,google_play,baik,positive
2026-04-03 11:54:41,Mimow Miw,untuk saat ini oke.,gojek,google_play,untuk saat ini oke.,neutral
2026-04-03 11:52:34,andrie safargi,terimakasih,gojek,google_play,terimakasih,neutral
2026-04-03 11:47:02,Vanessa t,"harusnya kita bisa chat ke resto sih kalo buka atau tutup, masa iya udh nunggu 1 jam driver kesana malah tokonya tutup. adain fitur apa aja deh biar ga nunggu lama klo tokonya tutup",gojek,google_play,"harusnya kita bisa chat ke resto sih kalo buka atau tutup, masa iya udh nunggu 1 jam driver kesana malah tokonya tutup. adain fitur apa aja deh biar ga nunggu lama klo tokonya tutup",negative
2026-04-03 11:32:14,Eduwardo postahan Silalahi,good job,gojek,google_play,good job,neutral
2026-04-03 11:21:29,Muhammad Luthfi Nasution,Cepat responnya dan mantul,gojek,google_play,cepat responnya dan mantul,positive
2026-04-03 11:16:51,Thuf el Thuf el,KLO cancel g bisa ..... nyesek bgt suruh bayar dobel,gojek,google_play,klo cancel g bisa ..... nyesek bgt suruh bayar dobel,negative
2026-04-03 11:13:26,Hani Lizzie,chatnya suka centang 1. tolong perbaiki lagi. biar komunikasi dgn driver lancar.,gojek,google_play,chatnya suka centang 1. tolong perbaiki lagi. biar komunikasi dgn driver lancar.,negative
2026-04-03 11:09:08,Fitri Welli,ok,gojek,google_play,ok,negative
2026-04-03 11:08:47,Hauzanirhab Nabil,b aja,gojek,google_play,b aja,negative
2026-04-03 11:05:24,FAZNI AZIZAH,oke bgt,gojek,google_play,oke bgt,positive
2026-04-03 11:01:02,Desy Tri,"puas, komunikasi baik,tepat waktu",gojek,google_play,"puas, komunikasi baik,tepat waktu",positive
2026-04-03 10:42:40,Poetri Lestari,semuanya oke,gojek,google_play,semuanya oke,negative
2026-04-03 10:28:39,Anthon Cinay,ok,gojek,google_play,ok,negative
2026-04-03 10:25:58,Maheswara,"nyusahin mau ketik no telp harus manual, g bisa copy paste",gojek,google_play,"nyusahin mau ketik no telp harus manual, g bisa copy paste",negative
2026-04-03 10:25:20,Daryani Zaky,ok,gojek,google_play,ok,negative
2026-04-03 10:00:04,Agus Setiawan,ok,gojek,google_play,ok,negative
2026-04-03 09:45:21,Ridwan Syah,"ongkir ekonomi sudah kagak ada,mana regular mahal lagi🥲",gojek,google_play,"ongkir ekonomi sudah kagak ada,mana regular mahal lagi🥲",negative
2026-04-03 09:37:58,Audrey Lysandra-3c,sangat membantu,gojek,google_play,sangat membantu,positive
2026-04-03 09:37:25,Rulianda Sriwijaya,"promo nya kurang khususnya untuk kota Palembang,tolong ditingktkan lagi",gojek,google_play,"promo nya kurang khususnya untuk kota palembang,tolong ditingktkan lagi",negative
2026-04-03 09:22:43,Siti Sofiyatin nihayah,bagus banget,gojek,google_play,bagus banget,positive
2026-04-03 09:10:09,Puji Santosa,mantul,gojek,google_play,mantul,neutral
2026-04-03 09:02:32,Novita Miradewi,bagus,gojek,google_play,bagus,positive
2026-04-03 08:54:33,Arif Bowox,baik sekali,gojek,google_play,baik sekali,negative
2026-04-03 08:44:03,Febri Cs,segini dlu deh klo bagus tambah lagi,gojek,google_play,segini dlu deh klo bagus tambah lagi,positive
2026-04-03 08:41:20,Moses Sudanartha,Drivernya tolong jangan memainkan orderan. ditunggu sangat lama tidak jalan sama sekali. Apkikasinya sering mengalami bug double order. bikin saya repot.,gojek,google_play,drivernya tolong jangan memainkan orderan. ditunggu sangat lama tidak jalan sama sekali. apkikasinya sering mengalami bug double order. bikin saya repot.,negative
2026-04-03 08:39:56,Supena,terima kasih,gojek,google_play,terima kasih,positive
2026-04-03 08:29:24,Taryudi 08,halaman gocats lagi error ya? misinya ga jelas,gojek,google_play,halaman gocats lagi error ya? misinya ga jelas,negative
2026-04-03 08:24:11,Didit Gunawan,good,gojek,google_play,good,positive
2026-04-03 08:11:49,Eman Palembang,pelayanan bagus sy beri tip500,gojek,google_play,pelayanan bagus sy beri tip500,positive
2026-04-03 08:00:25,iloo,"sering banget telat dateng kalo mesen gofood, kadang juga ga dapet driver buat ambil makanan nya jadi terpaksa cancel, udah nunggu lama nahan laper malah ga jadi, ga ada kompensasi juga lagi buang waktu buat nungguin",gojek,google_play,"sering banget telat dateng kalo mesen gofood, kadang juga ga dapet driver buat ambil makanan nya jadi terpaksa cancel, udah nunggu lama nahan laper malah ga jadi, ga ada kompensasi juga lagi buang waktu buat nungguin",negative
2026-04-03 07:53:04,Seri Wahyudi,gak pernah kecewa,gojek,google_play,gak pernah kecewa,positive
2026-04-03 07:45:14,es pisang ijo BISO,ok,gojek,google_play,ok,negative
2026-04-03 07:15:03,WIHARJA OFFICE,Min saya Kena penipuan 300 ribu ke Gopay Penipu yang mengatasnamakan kepala desa dan pas dilacak bukan kepala desa,gojek,google_play,min saya kena penipuan 300 ribu ke gopay penipu yang mengatasnamakan kepala desa dan pas dilacak bukan kepala desa,negative
2026-04-03 06:41:03,Griya Sehat Priangan Mandiri,"dari sejak awal ada gojek, tetep nyaman. terpercaya...",gojek,google_play,"dari sejak awal ada gojek, tetep nyaman. terpercaya...",positive
2026-04-03 05:46:16,Saka Sakasaka,good workog,gojek,google_play,good workog,neutral
2026-04-03 05:30:36,Saefudin Matus,Bagus,gojek,google_play,bagus,positive
2026-04-03 04:44:12,Dwi Ani123,mantap,gojek,google_play,mantap,positive
2026-04-03 04:34:53,Sukma Prima Majiid,"Argonya makin mahal tapi pelayanan malah makin turun. Harga sering gak masuk akal dibanding jarak, beda jauh sama dulu. Yang lebih ngeselin, driver sekarang banyak yang pilih-pilih order. Udah nunggu lama, di-cancel terus, atau didiemin tanpa kejelasan. Buang waktu banget.",gojek,google_play,"argonya makin mahal tapi pelayanan malah makin turun. harga sering gak masuk akal dibanding jarak, beda jauh sama dulu. yang lebih ngeselin, driver sekarang banyak yang pilih-pilih order. udah nunggu lama, di-cancel terus, atau didiemin tanpa kejelasan. buang waktu banget.",negative
2026-04-03 02:49:18,Syafiah Azzahra,aplikasihnya sangat membantu,gojek,google_play,aplikasihnya sangat membantu,positive
2026-04-03 02:36:58,Ajik Afriandi,"Kok bisa promo di akun temen ku bisa sampe 50% tapi di aku 40%, ???? padahal sama-sama gojek plus",gojek,google_play,"kok bisa promo di akun temen ku bisa sampe 50% tapi di aku 40%, ???? padahal sama-sama gojek plus",negative
2026-04-03 02:17:02,rico apriyanto,akun orang main asal bekuin aja padahal sering dipakai untung ga ada gopaynya mending pake grab aja sekarang dah,gojek,google_play,akun orang main asal bekuin aja padahal sering dipakai untung ga ada gopaynya mending pake grab aja sekarang dah,negative
2026-04-03 02:10:48,Haerudin Basri,aplikasinya sangat mudah digunakan. banyak diskonnya. love it.,gojek,google_play,aplikasinya sangat mudah digunakan. banyak diskonnya. love it.,positive
2026-04-03 01:49:39,padi yanto,Pastikan semua drivers Amanah klu ada barang tertinggal,gojek,google_play,pastikan semua drivers amanah klu ada barang tertinggal,neutral
2026-04-03 01:34:08,Said b salim Dahdah,mantep,gojek,google_play,mantep,negative
2026-04-03 01:24:05,Rismawati Risma,sangat baik abang ya,gojek,google_play,sangat baik abang ya,positive
2026-04-03 00:55:45,Deni Aji,"sangat buruk pelayanan nya, karena susah cari driver",gojek,google_play,"sangat buruk pelayanan nya, karena susah cari driver",negative
2026-04-03 00:26:58,Dsy Allya,nice driver,gojek,google_play,nice driver,negative
2026-04-02 23:57:22,Heri Hermawan,kesan pertama paki go food puas sekali pelayanannya👍👍👍,gojek,google_play,kesan pertama paki go food puas sekali pelayanannya👍👍👍,positive
2026-04-02 23:49:44,Bimo Melodic,susah nyari driver,gojek,google_play,susah nyari driver,negative
2026-04-02 23:40:55,Mohamad Abdul rohman,maps nya selalu pas sesuai titik,gojek,google_play,maps nya selalu pas sesuai titik,positive
2026-04-02 23:40:09,Suswati suswati,puas pelayanan baik,gojek,google_play,puas pelayanan baik,positive
2026-04-02 23:37:55,A Mustafa,"Jahat banget deh. Udahlah mahal, dicariin driver yang jauh. 👎",gojek,google_play,"jahat banget deh. udahlah mahal, dicariin driver yang jauh. 👎",negative
2026-04-02 23:34:08,Yuliwahyudigobox Driver,bagus,gojek,google_play,bagus,positive
2026-04-02 23:32:05,Raga Jaya,"Aplikasi tolol, bikin customer nunggu lama",gojek,google_play,"aplikasi tolol, bikin customer nunggu lama",negative
2026-04-02 23:10:50,Lintang Ika,"driver sulit, pelit, jutek, platform juga tidak ramah pada harga driver",gojek,google_play,"driver sulit, pelit, jutek, platform juga tidak ramah pada harga driver",negative
2026-04-02 23:09:58,Tegal Bahari,makin ke sini makin ga jelas,gojek,google_play,makin ke sini makin ga jelas,negative
2026-04-02 23:05:35,THE SMILE HAPPY,ok,gojek,google_play,ok,negative
2026-04-02 22:55:40,Ribka els,"makin kesini gojek susah banget dapet driver nya, sekalinya dpt malah jauh. mencari-cari driver padahal dititik terdekat banyak, TPI gak ada driver yg mau ambil. jadi males",gojek,google_play,"makin kesini gojek susah banget dapet driver nya, sekalinya dpt malah jauh. mencari-cari driver padahal dititik terdekat banyak, tpi gak ada driver yg mau ambil. jadi males",negative
2026-04-02 22:54:17,Mochamad Randi,kse download ngni p aplikasi di t cewe ka ta bongkar ngni p kantor,gojek,google_play,kse download ngni p aplikasi di t cewe ka ta bongkar ngni p kantor,neutral
2026-04-02 22:49:22,Pandu Dwi krisnanto,"aplikasi lelet,lemot,gofood Berjam jam ga dapet driver. driver juga lambat, kebanyakan ngeluh",gojek,google_play,"aplikasi lelet,lemot,gofood berjam jam ga dapet driver. driver juga lambat, kebanyakan ngeluh",negative
2026-04-02 22:49:17,Siti Dahlia,"makin kesini makin susah dapet driverrr ngeselin banget, udah gitu guaa beli pake saldo gopay klo dibatalin saldo gua ilang ,udah beberapa kali saldo ga balik grgr ga dapet driverr, kocakkkk",gojek,google_play,"makin kesini makin susah dapet driverrr ngeselin banget, udah gitu guaa beli pake saldo gopay klo dibatalin saldo gua ilang ,udah beberapa kali saldo ga balik grgr ga dapet driverr, kocakkkk",negative
2026-04-02 22:46:52,Irna Wati,"saya mau minta dari pihak mitra ,agar pelayanan mencari driver di perbaiki lagi .kasih peringatan keras kalau perlu di pecat ajh untuk driver yg tidak mau mengantarkan makanan ke cosumen.saya sudah menunggu lama .terima kasih .",gojek,google_play,"saya mau minta dari pihak mitra ,agar pelayanan mencari driver di perbaiki lagi .kasih peringatan keras kalau perlu di pecat ajh untuk driver yg tidak mau mengantarkan makanan ke cosumen.saya sudah menunggu lama .terima kasih .",negative
2026-04-02 22:41:31,Mang Jay,nice,gojek,google_play,nice,negative
2026-04-02 22:40:15,Wahyu Ginting,sangat membantu disaat keadaan darurat..,gojek,google_play,sangat membantu disaat keadaan darurat..,positive
2026-04-02 22:34:24,dimaz hs,gojek parah kalau udah malah ngak ada driver yang mau ngabil orderan sekitar jm 10 an. padahal driver banyak.,gojek,google_play,gojek parah kalau udah malah ngak ada driver yang mau ngabil orderan sekitar jm 10 an. padahal driver banyak.,negative
2026-04-02 22:27:43,Supriatna,ok,gojek,google_play,ok,negative
2026-04-02 22:15:37,TheBoys Rafly,lelet parah,gojek,google_play,lelet parah,negative
2026-04-02 22:14:37,Dicky Reksa,lama dapet driver,gojek,google_play,lama dapet driver,neutral
2026-04-02 22:10:37,titi titi,kalau pelanggan kasih rating ke driver bintang 1 itu kalian tangani tidak sih? kok masih banyak driver yang tidak punya sopan santun dan seenaknya? kalian tindak lanjuti tidak saya ingin tau,gojek,google_play,kalau pelanggan kasih rating ke driver bintang 1 itu kalian tangani tidak sih? kok masih banyak driver yang tidak punya sopan santun dan seenaknya? kalian tindak lanjuti tidak saya ingin tau,negative
2026-04-02 22:07:03,hayden wu,cepat sampai,gojek,google_play,cepat sampai,negative
2026-04-02 22:05:25,prima sanwani,"maaf saya kasih bintang 1. sempat baca di ulasan lain ada yg susah nyari driver bbrp minggu ini. benar bgt, skrg hal yg lebih mudah dan efisien jadi menyulitkan dlu sring pke apk ini krna byk diskon dan harga terjangkau skrg apk nya jd lelet. mesen gofood 2 jam lebih ga dpt2 driver antar nya mesen gojek nunggu 10 menit lebih pun gaada sama sekali pdhl trlihat jls driver byk di 1 titik itu. tolong di tindak lanjuti untuk apk gojek.",gojek,google_play,"maaf saya kasih bintang 1. sempat baca di ulasan lain ada yg susah nyari driver bbrp minggu ini. benar bgt, skrg hal yg lebih mudah dan efisien jadi menyulitkan dlu sring pke apk ini krna byk diskon dan harga terjangkau skrg apk nya jd lelet. mesen gofood 2 jam lebih ga dpt2 driver antar nya mesen gojek nunggu 10 menit lebih pun gaada sama sekali pdhl trlihat jls driver byk di 1 titik itu. tolong di tindak lanjuti untuk apk gojek.",negative
2026-04-02 22:04:24,Subhan Ari wibowo,yaaa oke laahhh,gojek,google_play,yaaa oke laahhh,negative
2026-04-02 22:04:20,Alrida Tyas,semangat driver!,gojek,google_play,semangat driver!,positive
2026-04-02 22:01:02,Aldyth BJ,"Flash Sale gajelas, udh mesen dari jam 20.00 udah dapet driver, makanan juga statusnya ""sedang di sajikan"" bahkan sampai ada estimasi waktu pengantaran 21.30. Tau tau di cancel jam 22.00. 2 jam nunggu angin doang kocak",gojek,google_play,"flash sale gajelas, udh mesen dari jam 20.00 udah dapet driver, makanan juga statusnya ""sedang di sajikan"" bahkan sampai ada estimasi waktu pengantaran 21.30. tau tau di cancel jam 22.00. 2 jam nunggu angin doang kocak",negative
2026-04-02 21:59:54,Sukasno,no good,gojek,google_play,no good,negative
2026-04-02 21:59:39,fannisa,"kenapa saya kasih bintang 2? karna saya lebih sering kecewanya dengan apk ini. saya tuh selalu mau gofood ya, tapi knp selalu susah banget cari driver? paling susah kalo di kondisi hujan sama malam, padahal rumah saya tuh bukan pelosok masih terbilang pun banyak ojol disekitar sini.. tp kenapa susah bangeett! nyebelinnya tuh udah nunggu nya lama bgt ujung2nya gagal pesenannya karena gak nemu driver. bayangin udah laper posisi gabisa keluar butuh order makan bangeet udah ngu nih 50mnt, eh gagal.",gojek,google_play,"kenapa saya kasih bintang 2? karna saya lebih sering kecewanya dengan apk ini. saya tuh selalu mau gofood ya, tapi knp selalu susah banget cari driver? paling susah kalo di kondisi hujan sama malam, padahal rumah saya tuh bukan pelosok masih terbilang pun banyak ojol disekitar sini.. tp kenapa susah bangeett! nyebelinnya tuh udah nunggu nya lama bgt ujung2nya gagal pesenannya karena gak nemu driver. bayangin udah laper posisi gabisa keluar butuh order makan bangeet udah ngu nih 50mnt, eh gagal.",negative
2026-04-02 21:54:59,Ani Julianti,sangat membantu,gojek,google_play,sangat membantu,positive
2026-04-02 21:54:40,Imam Hanafi,bagus,gojek,google_play,bagus,positive
2026-04-02 21:53:46,suci lestari21,"sakit hati banget. mesen gojek dari jam 9 malam sampai jam 10 ada 3 kali di cancel. dari yang ride hemat ke go ride biasa juga sama. kalau emang menurut driver harganya kemurahan kan bukan kita yang menentukan toh kita juga ga bakal kasih segitu, pasti kasih tip juga. 1 jam nunggu sia sia!",gojek,google_play,"sakit hati banget. mesen gojek dari jam 9 malam sampai jam 10 ada 3 kali di cancel. dari yang ride hemat ke go ride biasa juga sama. kalau emang menurut driver harganya kemurahan kan bukan kita yang menentukan toh kita juga ga bakal kasih segitu, pasti kasih tip juga. 1 jam nunggu sia sia!",negative
2026-04-02 21:53:06,Rahmat Hidayat,"tolong dibantu cari driver, masak saya ber kali2 pesen gofood sulit mendapatkan driver..",gojek,google_play,"tolong dibantu cari driver, masak saya ber kali2 pesen gofood sulit mendapatkan driver..",negative
2026-04-02 21:50:48,Pengguna Google,semakin baik,gojek,google_play,semakin baik,positive
2026-04-02 21:50:35,Gabe Batara,yeay,gojek,google_play,yeay,negative
2026-04-02 21:47:48,Ahmed Faesal,"udah seminggu susah bgt dpet driver , heran pdhl apk sbleh cpet bgt dpet ny..",gojek,google_play,"udah seminggu susah bgt dpet driver , heran pdhl apk sbleh cpet bgt dpet ny..",negative
2026-04-02 21:47:25,Ratuhpurnama Sari,"sekarang driver diaplikasi ini susah bnget buat dapet, risih jadi nya",gojek,google_play,"sekarang driver diaplikasi ini susah bnget buat dapet, risih jadi nya",negative
2026-04-02 21:46:57,F A,"Pesen makanan lama bener ga dapat driver, batal otomatis. 👎",gojek,google_play,"pesen makanan lama bener ga dapat driver, batal otomatis. 👎",negative
2026-04-02 21:46:00,Alim Min,oke,gojek,google_play,oke,negative
2026-04-02 21:36:35,wulandari sw,"saya gomart, gosend buat beli obat, tpi gada mulu driver nya, lama bngt, pdhal ga ujan ga apa",gojek,google_play,"saya gomart, gosend buat beli obat, tpi gada mulu driver nya, lama bngt, pdhal ga ujan ga apa",negative
2026-04-02 21:26:44,Zainal Arifin,aplikasi semakin menyulitkan dengan sulit mendapatkan driver dari stasiun cikarang dan semakin tidak ada bedanya dengan ojek pengkolan dengan harga yg tidak masuk akal,gojek,google_play,aplikasi semakin menyulitkan dengan sulit mendapatkan driver dari stasiun cikarang dan semakin tidak ada bedanya dengan ojek pengkolan dengan harga yg tidak masuk akal,negative
2026-04-02 21:25:46,Eko Kalomurtono,Ok Banget,gojek,google_play,ok banget,negative
2026-04-02 21:25:22,Mifta Hudin,keren sangat membantu,gojek,google_play,keren sangat membantu,positive
2026-04-02 21:21:37,Waris Aulia,"agak kecewa sih akhir ""ini gojek klo mau pesen makan dimalam hari susah banget nemu driver nya,, sampe harus nunggu 1/2 jam tetap masih gk dapat driver nya.",gojek,google_play,"agak kecewa sih akhir ""ini gojek klo mau pesen makan dimalam hari susah banget nemu driver nya,, sampe harus nunggu 1/2 jam tetap masih gk dapat driver nya.",negative
2026-04-02 21:17:57,Anjas Guntur Virgiantoro,ok,gojek,google_play,ok,negative
2026-04-02 21:16:01,Grace Oktavia,"Kualitas Pelayanan sangat buruk Kalau harga mahal baru dapat driver,itupun lama",gojek,google_play,"kualitas pelayanan sangat buruk kalau harga mahal baru dapat driver,itupun lama",negative
2026-04-02 21:12:37,Lords Again,parah.....kalau rekrut driver yang benar dan yang kompeten jangan yang sukanya main cancel.....,gojek,google_play,parah.....kalau rekrut driver yang benar dan yang kompeten jangan yang sukanya main cancel.....,negative
2026-04-02 21:09:26,Raudatul Jannah,sesusah itu dapet driver,gojek,google_play,sesusah itu dapet driver,negative
2026-04-02 21:06:11,U ser,susah banget dapet driver,gojek,google_play,susah banget dapet driver,negative
2026-04-02 21:02:37,ExoTerra (Exo),"lambat banget kalo mesan malam, udah lapar malah ga ada yg antar padahal banyak tuh ojol yang masih diluar nganterin pesanan lain",gojek,google_play,"lambat banget kalo mesan malam, udah lapar malah ga ada yg antar padahal banyak tuh ojol yang masih diluar nganterin pesanan lain",negative
2026-04-02 20:49:31,ASEP KOMARUDIN,mahal dikota bogor gojek.dan gocarnyq,gojek,google_play,mahal dikota bogor gojek.dan gocarnyq,positive
2026-04-02 20:46:13,Rafi Fabian,woyy kasih tambahan buat developer untuk kasih pembayaran via dana atau qris aja menurut ku kurang lengkap kalok cuman itu2 aja wkwkwk thanks semoga di notice,gojek,google_play,woyy kasih tambahan buat developer untuk kasih pembayaran via dana atau qris aja menurut ku kurang lengkap kalok cuman itu2 aja wkwkwk thanks semoga di notice,negative
2026-04-02 20:44:07,afkanihbos boyss,oke,gojek,google_play,oke,negative
2026-04-02 20:41:07,Budi Setiawan,sangat membantu untuk kebutuhan transportasi,gojek,google_play,sangat membantu untuk kebutuhan transportasi,positive
2026-04-02 20:41:06,Mekel Azizi,wah!!,gojek,google_play,wah!!,negative
2026-04-02 20:41:01,iqbal abdurrahman,"banyak error, aplikasi yg dibutuhin banyak org loh. bangkrut aja dah",gojek,google_play,"banyak error, aplikasi yg dibutuhin banyak org loh. bangkrut aja dah",negative
2026-04-02 20:33:46,Viola Gustiraa,susah dapet driver udah ga butuh penumpang lagi kali ya jual mahal semua sekalinya dapet ga gerak tu driver,gojek,google_play,susah dapet driver udah ga butuh penumpang lagi kali ya jual mahal semua sekalinya dapet ga gerak tu driver,negative
2026-04-02 20:33:10,Key Cu'ong,"mentang"" argo kecil dicancelin mulu sama drivernya kocak",gojek,google_play,"mentang"" argo kecil dicancelin mulu sama drivernya kocak",negative
2026-04-02 20:29:37,GABRIEL BERNHARDT,kenapa harus nunggu lama banget buat cancel order dah gitu driver juga susah banget nyarinya,gojek,google_play,kenapa harus nunggu lama banget buat cancel order dah gitu driver juga susah banget nyarinya,negative
2026-04-02 20:29:19,Yohan_4rt,"aplikasi gaguna, tiap dapet driver di cancel terus, lama ga gerak2, berjam jam nungguin gadapet2 padahal banyak yang deket, bener2 *1 lah, driver2 juga udah diambil bukannya dikerjain malah cancel",gojek,google_play,"aplikasi gaguna, tiap dapet driver di cancel terus, lama ga gerak2, berjam jam nungguin gadapet2 padahal banyak yang deket, bener2 *1 lah, driver2 juga udah diambil bukannya dikerjain malah cancel",negative
2026-04-02 20:27:24,Muhammad Ardyramadhan,"gofood parah awalnya di bilang tepat waktu, trus telat, dan ujungnya malah di cancel dari pihak gofoodnya karena tidak dapet driver, sudah menunggu 98menit lebih malah di batalin karena tidak dpt driver dan kalo mau mesen, malah harus pesen ulang. bagaimana ini?",gojek,google_play,"gofood parah awalnya di bilang tepat waktu, trus telat, dan ujungnya malah di cancel dari pihak gofoodnya karena tidak dapet driver, sudah menunggu 98menit lebih malah di batalin karena tidak dpt driver dan kalo mau mesen, malah harus pesen ulang. bagaimana ini?",negative
2026-04-02 20:26:32,kimi rika,parah gosend udh nunggu 10 menit eh pas dapat malah dibatalin sm driver. parah aplikasinya ga ngebantu,gojek,google_play,parah gosend udh nunggu 10 menit eh pas dapat malah dibatalin sm driver. parah aplikasinya ga ngebantu,negative
2026-04-02 20:20:00,Oman Husen,memudahkan perjalanan,gojek,google_play,memudahkan perjalanan,positive
2026-04-02 20:16:13,serupa kita,buat apa pakai gojek udah bayar mahal tapi aplikasi dam sistem bukan mempermudah pelanggan mahal di permainkan aplikasi dan sistem yg makin hancur dan bobrok.,gojek,google_play,buat apa pakai gojek udah bayar mahal tapi aplikasi dam sistem bukan mempermudah pelanggan mahal di permainkan aplikasi dan sistem yg makin hancur dan bobrok.,negative
2026-04-02 20:11:47,Deni Kamaludin Jamil,Ini kalau sistemnya gak susah dapat driver pas hujan/sibuk bintang 5,gojek,google_play,ini kalau sistemnya gak susah dapat driver pas hujan/sibuk bintang 5,positive
2026-04-11 10:56:07,MasGendutcs Gendutcs,baik,grab,google_play,baik,positive
2026-04-11 10:50:18,Siti Romlah,bpknya sangat baik,grab,google_play,bpknya sangat baik,positive
2026-04-11 10:49:02,Suyono Sujono,s baik,grab,google_play,s baik,positive
2026-04-11 10:43:35,Muhammad Ihsan,Sekarang Servicenya banyak yang telat,grab,google_play,sekarang servicenya banyak yang telat,negative
2026-04-11 10:24:30,Junjung Hapoltakan,"z,cooasc¢,, za , iaa, a",grab,google_play,"z,cooasc¢,, za , iaa, a",neutral
2026-04-11 10:17:37,Su Gari,ok,grab,google_play,ok,negative
2026-04-11 10:13:56,Ai Hojanah,"hp tertinggal dri tgl 5 april sampai hri ini tgl 11 blm kembali,sudah dilaporkan tpi admin grab nya tdk objektif,malah selalu muter"" seolah- olah saya yg tdk ada respon,pdahal admin grabnya tidak memberi informasi apa"",tidak ada kejelasan apapun.Minimal akun si pengemudi di blokir dlu,biar masalah ini terselesaikan.Klo memang dri admin grab tidak ada respon,biar saya saja yg menghubungi tpi minta nomor nya dl.saya bisa loh masalah ini di bawa ke meja hijau.",grab,google_play,"hp tertinggal dri tgl 5 april sampai hri ini tgl 11 blm kembali,sudah dilaporkan tpi admin grab nya tdk objektif,malah selalu muter"" seolah- olah saya yg tdk ada respon,pdahal admin grabnya tidak memberi informasi apa"",tidak ada kejelasan apapun.minimal akun si pengemudi di blokir dlu,biar masalah ini terselesaikan.klo memang dri admin grab tidak ada respon,biar saya saja yg menghubungi tpi minta nomor nya dl.saya bisa loh masalah ini di bawa ke meja hijau.",negative
2026-04-11 10:03:42,Budi Setiawan,good,grab,google_play,good,positive
2026-04-11 09:56:14,Trisni Sutrisni,cari pengemudi 4 kali kendaraan berbeda tetep gada kcewa sih pdhal biasanya langsung n tempat nya g pelosok,grab,google_play,cari pengemudi 4 kali kendaraan berbeda tetep gada kcewa sih pdhal biasanya langsung n tempat nya g pelosok,negative
2026-04-11 09:54:06,rullywid. sitanggang,sigap ramah,grab,google_play,sigap ramah,negative
2026-04-11 09:38:58,Nununana Nununana,jos,grab,google_play,jos,negative
2026-04-11 09:25:55,Dadang Lpurnama,👍👍👍,grab,google_play,👍👍👍,positive
2026-04-11 09:09:17,PM_Erik Hidayatulloh Waskito,selama pemakaian cuman satu kekurangan yang lumayan yaitu maps lokasinya gk selengkap google maps jadi sering banget susah titik alamat yang jelas sering tidak terdeteksi di aplikasi ini,grab,google_play,selama pemakaian cuman satu kekurangan yang lumayan yaitu maps lokasinya gk selengkap google maps jadi sering banget susah titik alamat yang jelas sering tidak terdeteksi di aplikasi ini,negative
2026-04-11 09:01:36,Supri Yanto,drivernya ramah......,grab,google_play,drivernya ramah......,positive
2026-04-11 08:23:49,wilda wyldha,"grab = spam!!!! tolol banget, yg di install apa yg masuk apa, ngebet banget jadi aplikasi PINJOL, NAJIS",grab,google_play,"grab = spam!!!! tolol banget, yg di install apa yg masuk apa, ngebet banget jadi aplikasi pinjol, najis",negative
2026-04-11 08:18:56,Apliana,pemudinya sangat terbaik,grab,google_play,pemudinya sangat terbaik,positive
2026-04-11 08:07:10,Addini Safitri,"pelayanannya buruk banget padahal jarak tempuh dekat tapi driver minta biaya tambahan gak sesuai dengan di argo yg sudah ditentukan, nunggu sampe 10menit terlalu lama. tolong diperbaiki",grab,google_play,"pelayanannya buruk banget padahal jarak tempuh dekat tapi driver minta biaya tambahan gak sesuai dengan di argo yg sudah ditentukan, nunggu sampe 10menit terlalu lama. tolong diperbaiki",negative
2026-04-11 07:56:14,Diki dikiboy,membantu saya,grab,google_play,membantu saya,negative
2026-04-11 07:37:08,Ismanto,supirnya ramah2,grab,google_play,supirnya ramah2,positive
2026-04-11 07:34:44,Deni Hendra,nyaman nyaman aja naik grab,grab,google_play,nyaman nyaman aja naik grab,positive
2026-04-11 07:29:46,May Rani,titik map aplikasi Grab tidak sesuai,grab,google_play,titik map aplikasi grab tidak sesuai,negative
2026-04-11 07:13:47,Noufal Fahrudin,titik jemput tidak sesuai lokasi asli,grab,google_play,titik jemput tidak sesuai lokasi asli,negative
2026-04-11 07:04:34,Isabella Isabella,okey disiplinnya sesuai dgn harganya tidax menye2 capcus sampe d tempat ya Allah ❤️,grab,google_play,okey disiplinnya sesuai dgn harganya tidax menye2 capcus sampe d tempat ya allah ❤️,positive
2026-04-11 06:29:52,Mama Mia,pelayanan sangat bagus,grab,google_play,pelayanan sangat bagus,positive
2026-04-11 06:21:08,tegar prakoso,ngebantu banget sih,grab,google_play,ngebantu banget sih,negative
2026-04-11 03:55:54,Ardhi kusuma Atmaja,driver nya ramah dan baik.. semoga sehat trs dan lancar rejeki nya.. 🙏🙏,grab,google_play,driver nya ramah dan baik.. semoga sehat trs dan lancar rejeki nya.. 🙏🙏,positive
2026-04-11 01:45:55,Achil Vodka,mantap,grab,google_play,mantap,positive
2026-04-11 00:41:02,Andra,"aplikasi jelek, drivernya banyak gajelas, pelayanan csnya kurang membantu, bagusan gojek atau shopee",grab,google_play,"aplikasi jelek, drivernya banyak gajelas, pelayanan csnya kurang membantu, bagusan gojek atau shopee",negative
2026-04-10 23:11:00,Ali Ismail,aplikasi sampah. ngelag banget mau order makan nunggu 10 menit loading jadi uninstall aja,grab,google_play,aplikasi sampah. ngelag banget mau order makan nunggu 10 menit loading jadi uninstall aja,negative
2026-04-10 22:49:11,Dzarroh arosidah Meimudah,ini gk bisa,grab,google_play,ini gk bisa,negative
2026-04-10 22:40:49,asmikhasiregar 123,ramah,grab,google_play,ramah,neutral
2026-04-10 21:57:14,Devi Syafitri Padang,Sering-sering kasih promo,grab,google_play,sering-sering kasih promo,positive
2026-04-10 21:32:24,Trade Barak,gak jelas sekarang ya grab gw udh ngasih alamat sesuai pas udh pesen tiba yib jadi ketitik yang gak sama kaya pas di oesen kecewa berat apknya konyol sekarang,grab,google_play,gak jelas sekarang ya grab gw udh ngasih alamat sesuai pas udh pesen tiba yib jadi ketitik yang gak sama kaya pas di oesen kecewa berat apknya konyol sekarang,negative
2026-04-10 21:13:53,Fatimah Azzahra,trimakasi,grab,google_play,trimakasi,neutral
2026-04-10 21:12:41,Adi Sukma,bagus,grab,google_play,bagus,positive
2026-04-10 21:08:16,Dewi Listya Univ AisKa,"Tidak bisa memakai semua diskonnya. Kenapa saat saya mau memakai diskonnya dengan telah memenuhi syarat selalu muncul ""Maaf ya, ada yang ga beres nih. Coba lagi yuk"" padahal setelah itu saya sudah keluar dari app, mencoba memperbaruinya dan sinyalpun bagus, tapi tetap saja tidak bisa dipakai. Selain itu, titik mapnya pun berbeda. Padahal saya sudah menyetel diawal dengan titik map yang benar. Namun saat sudah memesan pasti titik tersebut ke arah yang salah lagi.",grab,google_play,"tidak bisa memakai semua diskonnya. kenapa saat saya mau memakai diskonnya dengan telah memenuhi syarat selalu muncul ""maaf ya, ada yang ga beres nih. coba lagi yuk"" padahal setelah itu saya sudah keluar dari app, mencoba memperbaruinya dan sinyalpun bagus, tapi tetap saja tidak bisa dipakai. selain itu, titik mapnya pun berbeda. padahal saya sudah menyetel diawal dengan titik map yang benar. namun saat sudah memesan pasti titik tersebut ke arah yang salah lagi.",negative
2026-04-10 20:47:36,Dayatrey channel,"aplikasi kaga guna pesen makanan g pernah di anter ,cuma driver yang bisa batalin giliran kita yang pesen jaga bisa batalin aneh mau beli makanan sendiri takut di kirim sampe malem baru bisa di batalin keburu kelaparan",grab,google_play,"aplikasi kaga guna pesen makanan g pernah di anter ,cuma driver yang bisa batalin giliran kita yang pesen jaga bisa batalin aneh mau beli makanan sendiri takut di kirim sampe malem baru bisa di batalin keburu kelaparan",negative
2026-04-10 20:45:26,Shanum Fitrya,thank you,grab,google_play,thank you,positive
2026-04-10 20:35:22,khusus chatting,"Setelah menunggu lama, makanan tidak bisa dibatalkan. Makanan diantar 2 jam lebih setelah pemesanan.",grab,google_play,"setelah menunggu lama, makanan tidak bisa dibatalkan. makanan diantar 2 jam lebih setelah pemesanan.",positive
2026-04-10 20:32:52,m. david,"sudah nunggu lama, dicancel app",grab,google_play,"sudah nunggu lama, dicancel app",negative
2026-04-10 20:24:56,jihat Nsjjs,trimakasih bnyak,grab,google_play,trimakasih bnyak,positive
2026-04-10 20:20:29,Muhammad zidane faiz Putra wikarna,"hampir sering nunggu 2 jam padahal pakai pesanan normal tidak pake pengantaran hemat, tapi nunggu sampe 2 jam",grab,google_play,"hampir sering nunggu 2 jam padahal pakai pesanan normal tidak pake pengantaran hemat, tapi nunggu sampe 2 jam",negative
2026-04-10 20:06:05,Wahyu Sekar Arum,kenapa ya sekarang kalau pesen makanan trs juga kadang pesen motor kok luamaa ga kayak biasanya?,grab,google_play,kenapa ya sekarang kalau pesen makanan trs juga kadang pesen motor kok luamaa ga kayak biasanya?,negative
2026-04-10 19:56:53,agustinus wikyanto,lancar dan aman,grab,google_play,lancar dan aman,positive
2026-04-10 19:54:18,Agung Gunawan,"sangat buruk dan mahal.......,......................................@@@@@@######@@@@@",grab,google_play,"sangat buruk dan mahal.......,......................................@@@@@@######@@@@@",negative
2026-04-10 19:49:37,Frans Adam,"Cepat, tepat waktu",grab,google_play,"cepat, tepat waktu",positive
2026-04-10 19:34:10,Ahmad Saepulloh22,"apk tolol, akun di tangguhkan padahal gak ada masalah apa apa!!!",grab,google_play,"apk tolol, akun di tangguhkan padahal gak ada masalah apa apa!!!",negative
2026-04-10 19:33:32,Syifa Aulia,aman driver baik,grab,google_play,aman driver baik,positive
2026-04-10 19:31:40,joko handoyo,mudah dan banyak promo...ok banget,grab,google_play,mudah dan banyak promo...ok banget,positive
2026-04-10 19:09:32,aline fiorenza,ga a DA yang salah 👍,grab,google_play,ga a da yang salah 👍,negative
2026-04-10 18:56:27,Dartim Suprianto,👍👍👍,grab,google_play,👍👍👍,positive
2026-04-10 18:55:40,Zidan Tirto,"murah,",grab,google_play,"murah,",positive
2026-04-10 18:51:20,Lilis Setyowati,Sangat Cepat Praktis sangat membantu sekali,grab,google_play,sangat cepat praktis sangat membantu sekali,positive
2026-04-10 18:48:25,Wigar Rabani,"parah banget, dapet driver jauh semua udah mana bertele"" minta cancelnya. sekalinya deket gak ada respon sama sekali. di chat gabales, di telpon ga diangkat, mobilnya diem aja. nunggu dari jam 17:00 sampai 18:50 gak ada respon sama sekali. sumpah kecewa banget. uninstal.",grab,google_play,"parah banget, dapet driver jauh semua udah mana bertele"" minta cancelnya. sekalinya deket gak ada respon sama sekali. di chat gabales, di telpon ga diangkat, mobilnya diem aja. nunggu dari jam 17:00 sampai 18:50 gak ada respon sama sekali. sumpah kecewa banget. uninstal.",negative
2026-04-10 18:41:23,Devi Muthia Nurfadilla Rusmana,"susah bgt dpt driver, aneh",grab,google_play,"susah bgt dpt driver, aneh",negative
2026-04-10 18:30:24,ade Garsel,sangat membantu,grab,google_play,sangat membantu,positive
2026-04-10 18:29:40,Faizal Kurniawan,Tidak bisa membatalkan pesanan grab food padahal belum ada 5 detik dari pemesanan,grab,google_play,tidak bisa membatalkan pesanan grab food padahal belum ada 5 detik dari pemesanan,neutral
2026-04-10 18:28:13,Maria Selvianti,"sejauh ini mash aman. cm kl motor, pengemudi tlg perhatiin helm buat penumpangnya yak. krn ada bbrp driver helmnya krg layak pakai.",grab,google_play,"sejauh ini mash aman. cm kl motor, pengemudi tlg perhatiin helm buat penumpangnya yak. krn ada bbrp driver helmnya krg layak pakai.",positive
2026-04-10 18:27:03,Yadi Setiawan,ok,grab,google_play,ok,negative
2026-04-10 18:21:45,Eko Prasetyo,keren,grab,google_play,keren,positive
2026-04-10 18:18:07,Siti Latifah,good,grab,google_play,good,positive
2026-04-10 18:16:39,Haikal Putra rifendah,mantap,grab,google_play,mantap,positive
2026-04-10 18:15:20,Titin Mujiati,baik,grab,google_play,baik,positive
2026-04-10 18:03:29,Nopika Damayati,"makin ke sni kok makin lama parah, pakek prioritaspun nggak ngaruh. makanan dipesan ttp 1 jam lebih",grab,google_play,"makin ke sni kok makin lama parah, pakek prioritaspun nggak ngaruh. makanan dipesan ttp 1 jam lebih",negative
2026-04-10 17:32:09,Popy Sopia,terbaik,grab,google_play,terbaik,positive
2026-04-10 17:28:00,bismillah 2026,top,grab,google_play,top,positive
2026-04-10 17:24:22,zen tristianto,kalo ujan susah driver nya,grab,google_play,kalo ujan susah driver nya,negative
2026-04-10 17:14:44,Susi Narlis,ramah,grab,google_play,ramah,neutral
2026-04-10 17:08:16,Azkia Zahra,JELEKKKK SEKARANG SUSAH BGT DAPET DRIVERNYA MALESIN👎🏻👎🏻👎🏻👎🏻👎🏻👎🏻👎🏻👎🏻,grab,google_play,jelekkkk sekarang susah bgt dapet drivernya malesin👎🏻👎🏻👎🏻👎🏻👎🏻👎🏻👎🏻👎🏻,negative
2026-04-10 17:06:33,Jimmie T,perjalanan yg aman,grab,google_play,perjalanan yg aman,positive
2026-04-10 17:06:21,Cindi Anastasia Simarmata,"Tadi pagi saya mengalami kejadian yang tidak menyenangkan. Saat itu saya ingin menyeberang jalan, sedangkan pengemudi Grab tersebut ingin melaju lurus. Padahal posisi saya sudah siap dan giliran untuk menyeberang. Namun, pengemudi tersebut tetap memaksakan diri hingga akhirnya menabrak saya. Setelah itu, dia juga memukul saya di bagian kepala. Saya tidak sempat merekam kejadian tersebut dan tidak melihat nomor plat kendaraannya. Setelah memukul saya, dia langsung melarikan diri.",grab,google_play,"tadi pagi saya mengalami kejadian yang tidak menyenangkan. saat itu saya ingin menyeberang jalan, sedangkan pengemudi grab tersebut ingin melaju lurus. padahal posisi saya sudah siap dan giliran untuk menyeberang. namun, pengemudi tersebut tetap memaksakan diri hingga akhirnya menabrak saya. setelah itu, dia juga memukul saya di bagian kepala. saya tidak sempat merekam kejadian tersebut dan tidak melihat nomor plat kendaraannya. setelah memukul saya, dia langsung melarikan diri.",negative
2026-04-10 17:04:39,Bahauddin Achmad,harga gak ngotak,grab,google_play,harga gak ngotak,negative
2026-04-10 16:49:22,joseph ezzat,mantul 👍🏻👍🏻👍🏻,grab,google_play,mantul 👍🏻👍🏻👍🏻,positive
2026-04-10 16:34:49,Aulian Ghayda Fattan,membantu,grab,google_play,membantu,negative
2026-04-10 16:34:27,Mardayanti Komba,drivernya baik sekali sangat ramah,grab,google_play,drivernya baik sekali sangat ramah,positive
2026-04-10 16:32:49,Nathalie Wicaksono,Sangat membantu sekali,grab,google_play,sangat membantu sekali,positive
2026-04-10 16:29:29,Silvi Oktavia,"mohon diperbaiki, setiap sore sangat sulit menemukan driver",grab,google_play,"mohon diperbaiki, setiap sore sangat sulit menemukan driver",negative
2026-04-10 16:29:25,edi tambunan,"susah dapet driver,sekali dapet jauh nya gk kira2,ahir nya di cencel trus oleh deiver.pindah ke apk lain saja",grab,google_play,"susah dapet driver,sekali dapet jauh nya gk kira2,ahir nya di cencel trus oleh deiver.pindah ke apk lain saja",negative
2026-04-10 16:22:45,Hilman Firmansyah,setiap pulang kerja suka gaada driver kadang klo ada juga posisi nya jauh tolong solusi nya,grab,google_play,setiap pulang kerja suka gaada driver kadang klo ada juga posisi nya jauh tolong solusi nya,negative
2026-04-10 16:12:39,Dony Agusto,tarif grab mahal,grab,google_play,tarif grab mahal,negative
2026-04-10 16:09:28,Faeyza Fakhri Al Din,driver ny susah dapet,grab,google_play,driver ny susah dapet,negative
2026-04-10 16:05:16,Haries Agus,membantu banget,grab,google_play,membantu banget,positive
2026-04-10 16:03:41,Habibah R,Perbanyak voucher dan promosi perjalanan hemat yg terjangkau biayanya.,grab,google_play,perbanyak voucher dan promosi perjalanan hemat yg terjangkau biayanya.,positive
2026-04-10 15:47:13,Zahra Winanda,"kak mohon di tindak lagi ya kak karena saya ada perjalanan dari kampung Melayu ke terminal Bekasi tapi, dengan menggunakan pembayaran ovo. tapi perjalanan menuju Bekasi menggunakan jalur tol dan itu menambah biaya e-toll sebanyak 29.000. namun saya membayar dengan uang cash, saya sudah bilang ke Abangnya kalo menggunakan uang cash saja saldo ovo yang terbatas. tapi abangnya malah masukin nominal harga toll pada aplikasi. jadi saya malah dapet tunggakan dari ovo. hmm... ini harusnya masih panjang",grab,google_play,"kak mohon di tindak lagi ya kak karena saya ada perjalanan dari kampung melayu ke terminal bekasi tapi, dengan menggunakan pembayaran ovo. tapi perjalanan menuju bekasi menggunakan jalur tol dan itu menambah biaya e-toll sebanyak 29.000. namun saya membayar dengan uang cash, saya sudah bilang ke abangnya kalo menggunakan uang cash saja saldo ovo yang terbatas. tapi abangnya malah masukin nominal harga toll pada aplikasi. jadi saya malah dapet tunggakan dari ovo. hmm... ini harusnya masih panjang",negative
2026-04-10 15:36:00,Maryoen Soekasa,sae 40,grab,google_play,sae 40,negative
2026-04-10 15:10:47,Andry Arsy,sopan tepat wakty,grab,google_play,sopan tepat wakty,positive
2026-04-10 15:06:50,Su Yono,terbaik,grab,google_play,terbaik,positive
2026-04-10 14:44:56,Indra Saputra,oke abis,grab,google_play,oke abis,negative
2026-04-10 14:31:38,Darddjo Hartono,bagus pelayanan nya tepat waktu,grab,google_play,bagus pelayanan nya tepat waktu,positive
2026-04-10 14:26:18,Surya Muliani,sangat membantu buat yg lagi ngekos,grab,google_play,sangat membantu buat yg lagi ngekos,positive
2026-04-10 14:24:40,Tina Wulandari,cepet dan ramah,grab,google_play,cepet dan ramah,positive
2026-04-10 13:59:21,Nur Janah,"driver ramah, sopan",grab,google_play,"driver ramah, sopan",positive
2026-04-10 13:54:34,Sopandi Pandi,ramah sopan dan perjalanan nya menyenang kan terimakasih,grab,google_play,ramah sopan dan perjalanan nya menyenang kan terimakasih,positive
2026-04-10 13:28:52,Mars ruci,mantap,grab,google_play,mantap,positive
2026-04-10 13:26:47,Arini Kurnia Ananda,"jujur aplikasinya gak banget sih. setiap mau buka aplikasi ini, hp langsung terkeluar dan harga nya juga tidak sesuai! jarak cuma berapa meter, tapi ongkir nya mahal banget! jatuh nya beli ongkir gratis makanan",grab,google_play,"jujur aplikasinya gak banget sih. setiap mau buka aplikasi ini, hp langsung terkeluar dan harga nya juga tidak sesuai! jarak cuma berapa meter, tapi ongkir nya mahal banget! jatuh nya beli ongkir gratis makanan",negative
2026-04-10 13:26:08,Rindu Keluwargakecilku,para dibutukan malah tidak dilayani makin hari gerbang ko makin tidak bisa di harapkan,grab,google_play,para dibutukan malah tidak dilayani makin hari gerbang ko makin tidak bisa di harapkan,negative
2026-04-10 13:15:33,Ria Kusmiati,baik,grab,google_play,baik,positive
2026-04-10 13:03:37,Agus Slamet,sangat membantu dalam perjalanan,grab,google_play,sangat membantu dalam perjalanan,positive
2026-04-10 12:55:26,Amelia Triastuti,parah bgt kebijakan baru yg hanya driver yg bayar bulanan yg bisa cpt dpt orderan. bukan bikin cepat malah bikin makin lama. oesan grab express yg biasa 5 menit sampai skrg 1 jam aja ga dpt2 driver. begitu dpt driver lokasi jauh harus nunggu 30 menit pdhl yg dikirim sample urin yg tdk boleh lebih dr 30menit utk diuji. jadi hrs ulang pengambilan sample dr awal akibat tdk adanya integritas dr pihak grab utk kepentingan driver dan customer,grab,google_play,parah bgt kebijakan baru yg hanya driver yg bayar bulanan yg bisa cpt dpt orderan. bukan bikin cepat malah bikin makin lama. oesan grab express yg biasa 5 menit sampai skrg 1 jam aja ga dpt2 driver. begitu dpt driver lokasi jauh harus nunggu 30 menit pdhl yg dikirim sample urin yg tdk boleh lebih dr 30menit utk diuji. jadi hrs ulang pengambilan sample dr awal akibat tdk adanya integritas dr pihak grab utk kepentingan driver dan customer,negative
2026-04-10 12:54:40,Niken Mileniency,CS tidak membantu,grab,google_play,cs tidak membantu,negative
2026-04-10 12:53:03,Vivi ramadani,cepat,grab,google_play,cepat,positive
2026-04-10 12:33:13,Wan pronika bintang Lestari,terlalu banyak bug ttp bnyk bug nya ngeselin tolong cepat di perbaiki,grab,google_play,terlalu banyak bug ttp bnyk bug nya ngeselin tolong cepat di perbaiki,negative
2026-04-10 12:30:25,Nandi Wijaya,"kenapa setiap saya mau pesan makanan melalui aplikasi ini selalu tidak bisa , muncul pemberitahuan ada data yang gagal dimuat , padahal sudah saya refresh saya udh keluar aplikasi masuk lagi tetap sama",grab,google_play,"kenapa setiap saya mau pesan makanan melalui aplikasi ini selalu tidak bisa , muncul pemberitahuan ada data yang gagal dimuat , padahal sudah saya refresh saya udh keluar aplikasi masuk lagi tetap sama",negative
2026-04-10 12:26:36,Ila Permata,"Banyak Diver ngeselin salah satunya Nanang saputra saya mau betangkat kerja udah nunggu lama hampir 30 menit malah di cancel,sama bbrpa driver lain juga sudah 3 driver ga jelas buang buang waktu jadinya",grab,google_play,"banyak diver ngeselin salah satunya nanang saputra saya mau betangkat kerja udah nunggu lama hampir 30 menit malah di cancel,sama bbrpa driver lain juga sudah 3 driver ga jelas buang buang waktu jadinya",negative
2026-04-10 12:02:42,Ae Paijo,"mantap! berguna banget karena ada grab bike hemat, cocok untuk orang yg ingin berhemat",grab,google_play,"mantap! berguna banget karena ada grab bike hemat, cocok untuk orang yg ingin berhemat",positive
2026-04-10 11:37:09,Achonx Bonnie,kang ojol nya 👍,grab,google_play,kang ojol nya 👍,negative
2026-04-10 11:33:26,Yayu Nurseha,Makin lama Pake Aplikasi Grab Makin Mengkel Sopir nya pada Olo Olo,grab,google_play,makin lama pake aplikasi grab makin mengkel sopir nya pada olo olo,negative
2026-04-10 11:26:19,Yoriii yakurooo,sangat bermanfaat,grab,google_play,sangat bermanfaat,positive
2026-04-10 10:52:46,Jajang Rodriguez,kenapa ya aplikasi nya kalo udah lama sering ga ada promo nya lagi kalo aplikasi baru mah banyak promo jangan di bedain dong,grab,google_play,kenapa ya aplikasi nya kalo udah lama sering ga ada promo nya lagi kalo aplikasi baru mah banyak promo jangan di bedain dong,negative
2026-04-10 10:23:29,Rossy Ochy,"pengemudi menyebalkan,dia nelpon dijawab suara biasa aja Dia gak dengar,giliran suara rada keras,dia tersinggung. trus profesi dia sebagai pengemudi grab seharusnya sudah tau rute,paling tidak kalo memang tidak tau kan bisa searching gmaps, tapi masih nanya alamat ke konsumen dimana sedangkan diaplikasi sudah tertera jelas. saya jawab alamatnya kan sudah ditulis di aplikasi malah dibilang saya songong,trus main cancel dan langsung matiin telpon.",grab,google_play,"pengemudi menyebalkan,dia nelpon dijawab suara biasa aja dia gak dengar,giliran suara rada keras,dia tersinggung. trus profesi dia sebagai pengemudi grab seharusnya sudah tau rute,paling tidak kalo memang tidak tau kan bisa searching gmaps, tapi masih nanya alamat ke konsumen dimana sedangkan diaplikasi sudah tertera jelas. saya jawab alamatnya kan sudah ditulis di aplikasi malah dibilang saya songong,trus main cancel dan langsung matiin telpon.",negative
2026-04-10 10:10:12,mayumi 2124,"saya pengguna grab sebelum y saya ok dan fine fine aja.... di situ ada pilihan grab car hemat, tpi pas saya booking dia anter nih tpi dia marah dan jutek banget terus menyarankan saya supaya jangan pake grab hemat..... tolong donk solusi buat vendor",grab,google_play,"saya pengguna grab sebelum y saya ok dan fine fine aja.... di situ ada pilihan grab car hemat, tpi pas saya booking dia anter nih tpi dia marah dan jutek banget terus menyarankan saya supaya jangan pake grab hemat..... tolong donk solusi buat vendor",negative
2026-04-10 10:04:35,Diki Zulkarnaen,grab,grab,google_play,grab,neutral
2026-04-10 09:42:38,Rudi Alamsyah,good,grab,google_play,good,positive
2026-04-10 09:35:09,Putra Hidayat,"bagus, tapi masih minim driver grab di kota kota kecil",grab,google_play,"bagus, tapi masih minim driver grab di kota kota kecil",negative
2026-04-10 09:33:03,Ardina Ardina,mudah cepat aman,grab,google_play,mudah cepat aman,positive
2026-04-10 09:27:03,Hendra Akmal,"kasian pengemudi nya, hasil yang didapat sangat rendah, grab ada biaya platform, seharusnya pengemudi dapat biaya perawatan juga, seperti perawatan mobil, pergantian ban, oli, dll demi kenyamanan dan keamanan bersama juga, kalau mobil grab yang nyaman dan aman, grab juga yang diuntungkan",grab,google_play,"kasian pengemudi nya, hasil yang didapat sangat rendah, grab ada biaya platform, seharusnya pengemudi dapat biaya perawatan juga, seperti perawatan mobil, pergantian ban, oli, dll demi kenyamanan dan keamanan bersama juga, kalau mobil grab yang nyaman dan aman, grab juga yang diuntungkan",negative
2026-04-10 09:21:55,Ardiansyah Putra,bagus,grab,google_play,bagus,positive
2026-04-10 09:08:49,Sholly Sholla,jalanan paling pagi hari,grab,google_play,jalanan paling pagi hari,negative
2026-04-10 09:02:40,Sim Aaart,aplikasi lola bet padahal jaringan kenceng,grab,google_play,aplikasi lola bet padahal jaringan kenceng,negative
2026-04-10 08:32:56,Synthia Reza,"grab skrg lemot, lama dapat driver, pelayanan grab kurang bagus",grab,google_play,"grab skrg lemot, lama dapat driver, pelayanan grab kurang bagus",negative
2026-04-10 08:32:53,Deca Eca,pengemudi mabuk,grab,google_play,pengemudi mabuk,negative
2026-04-10 08:16:53,Mawar Ajha,sangat memuaskan,grab,google_play,sangat memuaskan,positive
2026-04-10 07:53:55,RADEN KANJENG,ok,grab,google_play,ok,negative
2026-04-10 06:26:06,Muji Anto,cepat dan akurat,grab,google_play,cepat dan akurat,positive
2026-04-10 06:22:34,Tokai Teio,"Gak profesional, kecewa... lebih bagus Gojek daripada Grab, Jalan lama, harga gk sesuai dengan jarak tempat.",grab,google_play,"gak profesional, kecewa... lebih bagus gojek daripada grab, jalan lama, harga gk sesuai dengan jarak tempat.",negative
2026-04-10 06:22:13,Kirana Lestari,"maps nyaa benerin kak gojek sudah jalan tapi maps nya ga jalan , sama susah dapet driver",grab,google_play,"maps nyaa benerin kak gojek sudah jalan tapi maps nya ga jalan , sama susah dapet driver",negative
2026-04-10 05:49:15,Wigiana Eka Prasetya Ningsih,keren,grab,google_play,keren,positive
2026-04-10 05:37:16,Nabila Bila,bagus,grab,google_play,bagus,positive
2026-04-10 02:27:38,Silvia Zahra,iya,grab,google_play,iya,negative
2026-04-10 00:39:28,Mico Mahaputra Ajit Febian,suka banget,grab,google_play,suka banget,positive
2026-04-09 23:59:19,Fitri Rian,mantap,grab,google_play,mantap,positive
2026-04-09 23:46:40,Rasidin SQM,Terbaik,grab,google_play,terbaik,positive
2026-04-09 23:37:56,arif Mubarokd,buruk,grab,google_play,buruk,negative
2026-04-09 23:04:17,Khafid Sulkhan,bagus bgt sumpah masa baru pesen belum ada 1 JM udah sampe aku kaget TPI jdi cepet bgt untuk berpergian,grab,google_play,bagus bgt sumpah masa baru pesen belum ada 1 jm udah sampe aku kaget tpi jdi cepet bgt untuk berpergian,positive
2026-04-09 22:48:18,Febronius Neonbasu,tidak bisa batalkan pesanan kalo salah order,grab,google_play,tidak bisa batalkan pesanan kalo salah order,negative
2026-04-09 22:21:07,Dening Anestia Putri,"Tolong dong kalau misalnya order mkn trs lama ga dapet driver otomatis batal aja, udah ditunggu sejam bru dapet, udah keburu lupa, toko juga udah keburu tutup",grab,google_play,"tolong dong kalau misalnya order mkn trs lama ga dapet driver otomatis batal aja, udah ditunggu sejam bru dapet, udah keburu lupa, toko juga udah keburu tutup",negative
2026-04-09 22:14:11,Andra Kusuma,iklane sangat gangguu!!!!,grab,google_play,iklane sangat gangguu!!!!,negative
2026-04-09 22:03:24,Alex Amri,sangat membantu,grab,google_play,sangat membantu,positive
2026-04-09 22:01:31,Cepat Kaya,bagus,grab,google_play,bagus,positive
2026-04-09 21:50:41,Aflah farid Faiz,terimakasih,grab,google_play,terimakasih,neutral
2026-04-09 21:47:31,Nia Sinta Yuniarti,driver nya tidak amanah tidak sopan mines etika sdm rendah klw butuh saya punya bukti,grab,google_play,driver nya tidak amanah tidak sopan mines etika sdm rendah klw butuh saya punya bukti,negative
2026-04-09 21:24:27,Adi surya suganda Surya,"setiap kali eror setiap habis hujan sulit cari driver, tolong di perbaiki lagi sistemnya kasian yang mau pergi cepat"" mengandalakan grab tapi kalau begini jadinya kecewa, padahal dari dulu setia banget sama grab",grab,google_play,"setiap kali eror setiap habis hujan sulit cari driver, tolong di perbaiki lagi sistemnya kasian yang mau pergi cepat"" mengandalakan grab tapi kalau begini jadinya kecewa, padahal dari dulu setia banget sama grab",negative
2026-04-09 21:24:19,Glandy kusumah,Sering bangeError Aplikasi Grab Sampah,grab,google_play,sering bangeerror aplikasi grab sampah,negative
2026-04-09 21:14:03,Joko Prawoto,tepat waktu,grab,google_play,tepat waktu,negative
2026-04-09 21:11:57,Endy Budiman,driver mantap .. supel..,grab,google_play,driver mantap .. supel..,positive
2026-04-09 20:50:22,tri winda,"setiap kali order di grab pasti selalu ""pengemudi sibuk"" sama sekali tidak ada yang menerima orderan walaupun tidak memakai promo apapun! MENGECEWAKAN! GRAB GA GUNA",grab,google_play,"setiap kali order di grab pasti selalu ""pengemudi sibuk"" sama sekali tidak ada yang menerima orderan walaupun tidak memakai promo apapun! mengecewakan! grab ga guna",negative
2026-04-09 20:36:40,Heri Tjes,terimakasih pelayanan antar sampai tujuan dengan selamat tepat waktu,grab,google_play,terimakasih pelayanan antar sampai tujuan dengan selamat tepat waktu,positive
2026-04-09 20:35:24,Mantri Urban,bad,grab,google_play,bad,neutral
2026-04-09 20:25:54,Munzir Munzir123,good,grab,google_play,good,positive
2026-04-09 19:48:48,Alfa Indah,ok,grab,google_play,ok,negative
2026-04-09 19:45:07,Chanel 1 Sub,minta masuk mulu,grab,google_play,minta masuk mulu,negative
2026-04-09 19:41:00,Mauu Apaa Ya,Mantap,grab,google_play,mantap,positive
2026-04-09 19:33:44,Wahyu Dinata,good,grab,google_play,good,positive
2026-04-09 19:25:55,Arman Che,ok,grab,google_play,ok,negative
2026-04-09 19:18:06,Siti Hajar,sangat membantu,grab,google_play,sangat membantu,positive
2026-04-09 19:13:01,Muliana Listyorini,Pelayanan baik,grab,google_play,pelayanan baik,positive
2026-04-09 19:11:39,Parji 1702,bahasa di tambah bahasa jawa juga kak...,grab,google_play,bahasa di tambah bahasa jawa juga kak...,neutral
2026-04-09 19:10:53,Ririen Agustine,sangat membantu,grab,google_play,sangat membantu,positive
2026-04-09 19:06:28,arverdian12,1 km 18 ribu ? ngotak dikit lah kalo ngasih tarif kan ga hujan atau macet juga,grab,google_play,1 km 18 ribu ? ngotak dikit lah kalo ngasih tarif kan ga hujan atau macet juga,negative
2026-04-09 18:54:43,eqyshepoetra toenggal,👍👍👍👍,grab,google_play,👍👍👍👍,positive
2026-04-09 18:16:13,nieell SENPAI,pelayanannya lama di undur undur terus,grab,google_play,pelayanannya lama di undur undur terus,negative
2026-04-09 18:09:03,yuliana arifah,"banyak driver disekitar tp tdk ada yg mau ambil, mana kebanyakan iklan!!",grab,google_play,"banyak driver disekitar tp tdk ada yg mau ambil, mana kebanyakan iklan!!",negative
2026-04-09 17:50:51,Djoko Tribowo,Semoga Pelayanan nya Semakin Memanjakan Costumer,grab,google_play,semoga pelayanan nya semakin memanjakan costumer,positive
2026-04-09 17:41:12,Sharliz Sharliz,sangat membantu...👍🏻👍🏻👍🏻,grab,google_play,sangat membantu...👍🏻👍🏻👍🏻,positive
2026-04-09 17:37:28,NOVDIK_07,mantap,grab,google_play,mantap,positive
2026-04-09 17:31:20,masker Kuliner,"tolong kasih opsi lewat tol atau tidak jd driver merasa ga salah, dan penumpang tidak di tipu",grab,google_play,"tolong kasih opsi lewat tol atau tidak jd driver merasa ga salah, dan penumpang tidak di tipu",positive
2026-04-09 17:31:10,deed asta,Mantap,grab,google_play,mantap,positive
2026-04-09 17:24:51,Erni Yanti,"pantes banyak penumpang yg berantem sm driver grab, wong maps yg dipake grab, maps buatan sendiri, banyak lokasi yg salah titik. Jd malas pke aplikasi ini, mending gw hapus aja.",grab,google_play,"pantes banyak penumpang yg berantem sm driver grab, wong maps yg dipake grab, maps buatan sendiri, banyak lokasi yg salah titik. jd malas pke aplikasi ini, mending gw hapus aja.",negative
2026-04-09 16:27:04,Yudhi Suhendi,sopir nya ramah,grab,google_play,sopir nya ramah,positive
2026-04-09 16:16:44,Frayanti devi Devi,ok,grab,google_play,ok,negative
2026-04-09 16:13:59,Erasmus Harijanto,pelayanan baik,grab,google_play,pelayanan baik,positive
2026-04-09 16:12:45,Mat Nasip,ok,grab,google_play,ok,negative
2026-04-09 16:04:30,Mukhamad Zubaidi,keren,grab,google_play,keren,positive
2026-04-09 16:00:34,okky imaroh,"nyaman,dan menyenangkan.",grab,google_play,"nyaman,dan menyenangkan.",positive
2026-04-09 15:54:45,Thalita Dewi,mesen mknan nya laam x bisa smpek jam 1 an nunggu ny,grab,google_play,mesen mknan nya laam x bisa smpek jam 1 an nunggu ny,negative
2026-04-09 15:44:00,Patriece Febriyanto,bagus,grab,google_play,bagus,positive
2026-04-09 15:00:26,Muhammad Syarif Imaduddin,"hey, sering kali dpt orderan ni tidak sesuai rute. UNTUK KAMU YANG MESEN, TOLONG LAH SESUAIKAN TITIK MAPS. SAMO JENIS LAYANAN TU JANGAN BIKE AUTO ATAUPUN NEGO KALO MAU BELI BARANG ATAU AMBIL BARANG..!!, KAMI (DRIVER) KO JUGO SUSAH, MALAH KASIH TITIK JARAK PENDEK. TERUS KALO ADO DAPAT ONGKIR MURAH FODITU MEMANG ADO YG MAKEK JADWAL YG NAMANYA SLOT. MEMANG AGAK LAMO NUNGGU. KALO GAK MAU ONGKIR GEDE ATAUPUN MENUNGGU SANGAT LAMA, BELI SENDIRI ATAU AMBIL BARANG SENDIRI..!!. Iko Ulasan Buat Pelanggan!",grab,google_play,"hey, sering kali dpt orderan ni tidak sesuai rute. untuk kamu yang mesen, tolong lah sesuaikan titik maps. samo jenis layanan tu jangan bike auto ataupun nego kalo mau beli barang atau ambil barang..!!, kami (driver) ko jugo susah, malah kasih titik jarak pendek. terus kalo ado dapat ongkir murah foditu memang ado yg makek jadwal yg namanya slot. memang agak lamo nunggu. kalo gak mau ongkir gede ataupun menunggu sangat lama, beli sendiri atau ambil barang sendiri..!!. iko ulasan buat pelanggan!",negative
2026-04-09 14:30:35,Arbaros Tea,kasih diskon min,grab,google_play,kasih diskon min,neutral
2026-04-09 14:24:06,Muhammad Heldi Datang,mantap,grab,google_play,mantap,positive
2026-04-09 14:22:51,Hamid Hukubun,baik,grab,google_play,baik,positive
2026-04-09 14:09:21,Agus Siwidasa,Oke pelayanan nya,grab,google_play,oke pelayanan nya,negative
2026-04-09 13:41:16,Agus Sukmono,mantab,grab,google_play,mantab,neutral
2026-04-09 13:10:27,Oppo F1s,driver grab sombong2,grab,google_play,driver grab sombong2,negative
2026-04-09 13:06:21,Nur Halijah,baguss,grab,google_play,baguss,positive
2026-04-09 12:56:18,Godrell Rastafara,sangat membantu,grab,google_play,sangat membantu,positive
2026-04-09 12:52:58,porwanti zahra,terimakasih,grab,google_play,terimakasih,neutral
2026-04-09 12:46:37,kholil sujono,aplikasi yang dapat membantu,grab,google_play,aplikasi yang dapat membantu,neutral
2026-04-09 12:43:39,Andre Sopian,👍👍👍,grab,google_play,👍👍👍,positive
2026-04-09 12:42:50,Stefanie Clarissa Tamara,ongkos ojek makin mahal ongkir food makin mahal mending kita beli sendiri tinggal bayar parkir 3000 yuk ramaikan city plasa kota bumi Tangerang murah ada bioskop ada tempat nongkrong seru murah tiap Senin sampai Jumat pagi siang sore jam 15.00 parkir motor ya diluar aja samping pintu masuk city plasa masuk ke gapura unggu,grab,google_play,ongkos ojek makin mahal ongkir food makin mahal mending kita beli sendiri tinggal bayar parkir 3000 yuk ramaikan city plasa kota bumi tangerang murah ada bioskop ada tempat nongkrong seru murah tiap senin sampai jumat pagi siang sore jam 15.00 parkir motor ya diluar aja samping pintu masuk city plasa masuk ke gapura unggu,positive
2026-04-09 12:42:45,Susi Ani,trimakasih greb km sangat2 membantu kebutuhan saya,grab,google_play,trimakasih greb km sangat2 membantu kebutuhan saya,positive
2026-04-09 12:36:51,Salsa,amat sangat membantu dg adanya grab ini. mempermudah segala urusan,grab,google_play,amat sangat membantu dg adanya grab ini. mempermudah segala urusan,positive
2026-04-09 12:30:18,Rahmatunnisa,good,grab,google_play,good,positive
2026-04-09 12:22:03,Maidani,baik penerimaanny,grab,google_play,baik penerimaanny,neutral
2026-04-09 12:04:30,Mohamad Khalimi,good,grab,google_play,good,positive
2026-04-09 11:56:48,Umi Imas,mantap,grab,google_play,mantap,positive
2026-04-09 11:45:39,Wen kul,"Ok, baik",grab,google_play,"ok, baik",negative
2026-04-09 11:18:17,Pengguna Google,terbaik,grab,google_play,terbaik,positive
2026-04-09 11:00:15,Ayu Parijem,bagus,grab,google_play,bagus,positive
2026-04-09 10:42:59,Mohamad Sandi,bagus,grab,google_play,bagus,positive
2026-04-09 10:20:34,Seo.hanseo,baik mantap,grab,google_play,baik mantap,positive
2026-04-09 09:56:21,Kadek Yesi,baik,grab,google_play,baik,positive
2026-04-09 09:46:32,Rudy Restyana,"Aman,nyaman, personal asik banget",grab,google_play,"aman,nyaman, personal asik banget",positive
2026-04-09 09:44:03,Riski Oktaviani,cepat dan orang nya ramah baik juga,grab,google_play,cepat dan orang nya ramah baik juga,positive
2026-04-09 09:28:33,Enyo Dasnya,sangat membantu,grab,google_play,sangat membantu,positive
2026-04-09 09:22:25,Siti Aminah,grab sangat memuaskan cepat dan gk ribet,grab,google_play,grab sangat memuaskan cepat dan gk ribet,positive
2026-04-09 08:20:56,Usen Rahman,terbaik,grab,google_play,terbaik,positive
2026-04-09 07:57:33,Putu Diama,bagus,grab,google_play,bagus,positive
2026-04-09 07:50:53,Yuwinda Triana Sari,"Jam sibuk pagi diatas jam 7, sore jam 5an driver susah sekali dpt driver ga ada kabar ilang, atau jaringan sistemnya yang bobrok nih!",grab,google_play,"jam sibuk pagi diatas jam 7, sore jam 5an driver susah sekali dpt driver ga ada kabar ilang, atau jaringan sistemnya yang bobrok nih!",negative
2026-04-09 07:45:05,Anto Gus,baik,grab,google_play,baik,positive
2026-04-09 07:10:36,Andi Syamsuddin,baik dan ramah,grab,google_play,baik dan ramah,positive
2026-04-09 06:05:07,Andy Aditanto,Bagus dan membantu,grab,google_play,bagus dan membantu,positive
2026-04-09 05:33:08,Fadli Fadillah,"tolong diadakan grab step motor,stut motor. untuk dorong motor mogok lebih cepat sampai ke bengkel. dan kasih harga lebih terjangkau lagi terutama untuk pelajar dan mahasiswa",grab,google_play,"tolong diadakan grab step motor,stut motor. untuk dorong motor mogok lebih cepat sampai ke bengkel. dan kasih harga lebih terjangkau lagi terutama untuk pelajar dan mahasiswa",positive
2026-04-09 04:43:39,Bule Bontang,mantaaff,grab,google_play,mantaaff,neutral
2026-04-09 04:12:31,wa Di,oke,grab,google_play,oke,negative
2026-04-09 03:55:40,Andre Ramadhan,thel best grab,grab,google_play,thel best grab,positive
2026-04-09 03:55:03,Jambrut Pasair,ok,grab,google_play,ok,negative
2026-04-09 03:04:49,Lanang Safriyan,bagus,grab,google_play,bagus,positive
2026-04-09 02:35:56,Andika Andika,oke,grab,google_play,oke,negative
2026-04-09 02:17:40,Selin Kamilia,mantap,grab,google_play,mantap,positive
2026-04-09 01:53:45,TB Kakay,sangat mantaf,grab,google_play,sangat mantaf,positive
2026-04-09 00:57:37,Aipul Anwar Mubarok,bisa di andalkan,grab,google_play,bisa di andalkan,negative
2026-04-09 00:40:08,Ricky Huda,aplikasi gak ada ngotaakkn pantesss kalah sama yang di sebelah,grab,google_play,aplikasi gak ada ngotaakkn pantesss kalah sama yang di sebelah,negative
2026-04-09 00:07:10,M Ana,ok,grab,google_play,ok,negative
2026-04-08 23:55:43,saban bijikodok,"aplikator bapuk, di atas kapitalis ada aplikasi grab",grab,google_play,"aplikator bapuk, di atas kapitalis ada aplikasi grab",neutral
2026-04-08 23:43:38,Tyra Amalia,grab good,grab,google_play,grab good,negative
2026-04-08 23:14:11,Yosep Yohan Latumaerissa,mantap,grab,google_play,mantap,positive
2026-04-08 23:01:08,Arlian zoel Lesmana,Aplikasi menipu tidak ada Tombol pembatalan. saya Pesan Makanan Datang nya lama sekali. udah lebih dari 1 jam. padahal driver nya banyak. malah di suruh beralih resto. kan lucu. penipuan ini nama nya.... kita pengen apa di suruh beli apa.,grab,google_play,aplikasi menipu tidak ada tombol pembatalan. saya pesan makanan datang nya lama sekali. udah lebih dari 1 jam. padahal driver nya banyak. malah di suruh beralih resto. kan lucu. penipuan ini nama nya.... kita pengen apa di suruh beli apa.,negative
2026-04-08 22:40:46,Orang Bawaaan,bagus,grab,google_play,bagus,positive
2026-04-08 22:23:20,Muhammad Samsul,sangat membantu dalam proses,grab,google_play,sangat membantu dalam proses,positive
2026-04-08 22:17:00,Agus Setiawan,ramahhhh,grab,google_play,ramahhhh,negative
2026-04-08 22:10:02,Saskia nuraini S.N.A.,"driver grab kebanyakan pada g mau ambil pesanan food yg menggunakan pembayaran tunai, selalu curiga kepada customer sehingga tidak ada yg mengambil karena selalu di kira order fiktif.. tolong di tegur jangan pilih2 orderan Krn pembayaran... kalo g hapuskan aja fitur pembayaran tunai kalo driver hanya mau menerima orderan non tunai",grab,google_play,"driver grab kebanyakan pada g mau ambil pesanan food yg menggunakan pembayaran tunai, selalu curiga kepada customer sehingga tidak ada yg mengambil karena selalu di kira order fiktif.. tolong di tegur jangan pilih2 orderan krn pembayaran... kalo g hapuskan aja fitur pembayaran tunai kalo driver hanya mau menerima orderan non tunai",negative
2026-04-08 21:40:24,Anom Pp,mantab,grab,google_play,mantab,neutral
2026-04-08 21:37:42,Irma,top..mudah dan gampang,grab,google_play,top..mudah dan gampang,positive
2026-04-08 21:11:13,nur hidayati,"menyenakan, cepat tepat, sampai penjemputan.",grab,google_play,"menyenakan, cepat tepat, sampai penjemputan.",positive
2026-04-08 20:58:35,Las Wati,pelayanan ny bagus,grab,google_play,pelayanan ny bagus,positive
2026-04-08 20:58:05,ʜᴇɴᴅʀᴀᴡᴀɴ,"oke sih delivery nya cepat,tapi ongkir nya padahal jarak nya gk seberapa masa 1 km ongkir nya 30 ribu sampai 40 ribu yang di beli harganya 15 ribu😭",grab,google_play,"oke sih delivery nya cepat,tapi ongkir nya padahal jarak nya gk seberapa masa 1 km ongkir nya 30 ribu sampai 40 ribu yang di beli harganya 15 ribu😭",negative
2026-04-08 20:52:51,Euis Siti rokayah,kenapa saya sekarang gak bisa ngasih tip ke driver ya ?,grab,google_play,kenapa saya sekarang gak bisa ngasih tip ke driver ya ?,negative
2026-04-08 20:45:16,dhent izkalem,aplikasi ini bagus bngett,grab,google_play,aplikasi ini bagus bngett,positive
2026-04-08 20:44:50,Rus Manto,mksh aplksnya bgs bgt,grab,google_play,mksh aplksnya bgs bgt,negative
2026-04-08 20:43:26,Adila Zega,guuddddd,grab,google_play,guuddddd,neutral
2026-04-08 20:42:36,Firdaus 268,"udah minim diskon, jd lebih mahal dr toko sebelah...uninstall deh, udh jarangpake jg...",grab,google_play,"udah minim diskon, jd lebih mahal dr toko sebelah...uninstall deh, udh jarangpake jg...",negative
2026-04-08 20:40:22,Gabriell Gabriell44,"ok perjalanan menggunakan aplikasih greb sangat menyenangkan,dan nyaman",grab,google_play,"ok perjalanan menggunakan aplikasih greb sangat menyenangkan,dan nyaman",positive
2026-04-08 20:03:05,indra resmana,"Grab parah pesen makan udah nunggu 1 jam belom ada kabar sama sekali beres atau dapat pengemudi nya, kapok",grab,google_play,"grab parah pesen makan udah nunggu 1 jam belom ada kabar sama sekali beres atau dapat pengemudi nya, kapok",negative
2026-04-08 19:56:36,Atha Damara,"stop using this app, soalnya mereka pake ai untuk ilustrasinya? ga bgt mff padahal perusahaan besar masa ga mampu untuk bayar illustrator?",grab,google_play,"stop using this app, soalnya mereka pake ai untuk ilustrasinya? ga bgt mff padahal perusahaan besar masa ga mampu untuk bayar illustrator?",negative
2026-04-08 19:45:31,Anak Lanang,baik,grab,google_play,baik,positive
2026-04-08 19:44:28,Dani Nwt,"anj banget, orang mau mesan makan malah error gak bisa di buka, loading terus berjam-jam, jaringan bagus banget, buka sosmed bisa buka game bisa, aneh aplikasi ini, makin ribet",grab,google_play,"anj banget, orang mau mesan makan malah error gak bisa di buka, loading terus berjam-jam, jaringan bagus banget, buka sosmed bisa buka game bisa, aneh aplikasi ini, makin ribet",negative
2026-04-08 19:43:09,Gozy Faiq,"tolong untuk grab untuk yang bagian food tambahin fitur chat kepada pihak restoran biar kalau mau order kita bisa tanya menunya tersedia atau tidaknya, kadang hal yang kayak begini bikin miss Communications",grab,google_play,"tolong untuk grab untuk yang bagian food tambahin fitur chat kepada pihak restoran biar kalau mau order kita bisa tanya menunya tersedia atau tidaknya, kadang hal yang kayak begini bikin miss communications",negative
2026-04-08 19:40:28,Triyatno Yatno,ok,grab,google_play,ok,negative
2026-04-08 19:36:36,Anita Hakim,sangat membantu perjalanan,grab,google_play,sangat membantu perjalanan,positive
2026-04-08 19:31:02,Muhammad Zaeem,enak,grab,google_play,enak,negative
2026-04-08 19:23:09,Siva Khoerunnisa,"klo pesan makanan mentang mentang tunai pengemudi suka seenak nya membatalkan ,dan tidak mau menerima pesanan ,, kalo seperti itu lebih baik sistem tunai di hilangkan saja",grab,google_play,"klo pesan makanan mentang mentang tunai pengemudi suka seenak nya membatalkan ,dan tidak mau menerima pesanan ,, kalo seperti itu lebih baik sistem tunai di hilangkan saja",negative
2026-04-08 19:20:16,Anjar Wahan walangi,sangat baik,grab,google_play,sangat baik,positive
2026-04-08 18:58:47,Angga Dewangga,aplikasi babi,grab,google_play,aplikasi babi,neutral
2026-04-08 18:51:28,Asmani Asmuran,bagus dan tepat waktu,grab,google_play,bagus dan tepat waktu,positive
2026-04-08 18:46:26,Tegar Setiawan,tepat waktu,grab,google_play,tepat waktu,negative
2026-04-08 18:44:17,Elbara Realme,bagus banget,grab,google_play,bagus banget,positive
2026-04-08 18:26:03,Cahaya Rahma,hemat bgt cocok buat perjalanan harian,grab,google_play,hemat bgt cocok buat perjalanan harian,positive
2026-04-08 18:21:02,Devinta Salatnaya,susah daftarnya,grab,google_play,susah daftarnya,negative
2026-04-08 18:14:44,iwan adipaty,sangat membantu,grab,google_play,sangat membantu,positive
2026-04-08 18:10:02,Rahmah Sari,mantap operasionalnya,grab,google_play,mantap operasionalnya,positive
2026-04-08 18:09:43,Adhi Pria anggara,abis lebaran orderannya makin menurun tolong tingkatkan lagi orderannya.,grab,google_play,abis lebaran orderannya makin menurun tolong tingkatkan lagi orderannya.,negative
2026-04-08 18:04:10,Salwa Wawa,bgus,grab,google_play,bgus,neutral
2026-04-08 18:03:25,Ahmad Akbar,sgt membantu,grab,google_play,sgt membantu,positive
2026-04-08 17:59:51,Dian Ristika,pemula,grab,google_play,pemula,negative
2026-04-08 17:51:45,Rini Rini,ok,grab,google_play,ok,negative
2026-04-08 17:44:11,Junieli Gea,please add Scan QR Payment from gallery phone,grab,google_play,please add scan qr payment from gallery phone,neutral
2026-04-08 17:43:01,Ziqra Rizka,pesanan sesuai,grab,google_play,pesanan sesuai,neutral
2026-04-08 17:42:58,Prity Sandiya,parah bgt si masa pesen makanan 1 menit lgsg gbs di cancel,grab,google_play,parah bgt si masa pesen makanan 1 menit lgsg gbs di cancel,negative
2026-04-08 17:30:25,ela nurmalasari,makin nggk jelas,grab,google_play,makin nggk jelas,negative
2026-04-08 17:18:03,Ke Vin,pelayanan bagus,grab,google_play,pelayanan bagus,positive
2026-04-08 16:43:56,Pinsa Pinayungan,bagus sih bagi saya,grab,google_play,bagus sih bagi saya,positive
2026-04-08 16:40:07,Alika Lika,baik,grab,google_play,baik,positive
2026-04-08 16:38:07,Lyy Dinata,"pesen grabfood lama waktu tunggunya melebihi satu jam , gila sih ini grab jadi makin burik",grab,google_play,"pesen grabfood lama waktu tunggunya melebihi satu jam , gila sih ini grab jadi makin burik",negative
2026-04-08 16:37:00,Opan Mareto,so good,grab,google_play,so good,positive
2026-04-08 16:23:18,Rangga Dwi,enak,grab,google_play,enak,negative
2026-04-08 16:09:36,nida el-abdul ghafur,"banyak membantu, tapi tetap terus tingkatkan, terutama cari driver di tempat yang terbilang jauh dari Kota.lumayan susah",grab,google_play,"banyak membantu, tapi tetap terus tingkatkan, terutama cari driver di tempat yang terbilang jauh dari kota.lumayan susah",positive
2026-04-08 15:49:29,Ellog Luwanda,jelek aplikasijelek fiturnya gak bisa di pakai yang greb alnimite katanya gak pakai ongkir tapi ongkir nya mahal tambah fiturnya gak bisa di akses dasar apk nipu,grab,google_play,jelek aplikasijelek fiturnya gak bisa di pakai yang greb alnimite katanya gak pakai ongkir tapi ongkir nya mahal tambah fiturnya gak bisa di akses dasar apk nipu,negative
2026-04-08 15:47:46,RahmatARAy Rahmathidayattulah,Terimakasih Atas Konfirmasi dan Vertipikasinya,grab,google_play,terimakasih atas konfirmasi dan vertipikasinya,neutral
2026-04-08 15:36:37,sudirman adi,bagus..,grab,google_play,bagus..,positive
2026-04-08 15:28:22,Sulis Sudarti,baik,grab,google_play,baik,positive
2026-04-08 15:25:49,Diana Fatmawati,Puas,grab,google_play,puas,negative
2026-04-08 15:19:46,Hermansyah Adek,mantap cuy,grab,google_play,mantap cuy,positive
2026-04-08 14:59:38,Rini Padmi,sangat membantu terimakasih grab,grab,google_play,sangat membantu terimakasih grab,positive
2026-04-08 14:57:09,Arul Arya,"sangat membantu,hemat,nyaman,terima kasih grab,lancar selalu..",grab,google_play,"sangat membantu,hemat,nyaman,terima kasih grab,lancar selalu..",positive
2026-04-08 14:51:00,Sucimiatun Sucimiatun,terimakasih 👍🏻👍🏻👍🏻👍🏻,grab,google_play,terimakasih 👍🏻👍🏻👍🏻👍🏻,positive
2026-04-08 14:42:11,Apriana yulia Putri,nungguin grabfood bisa sampai 4 jam lebih. alasannya driver pada gak mau nerima. dri aplikasi gak bisa dibatalin. nyusahin oranggg,grab,google_play,nungguin grabfood bisa sampai 4 jam lebih. alasannya driver pada gak mau nerima. dri aplikasi gak bisa dibatalin. nyusahin oranggg,negative
2026-04-08 14:40:13,Ozora Remondo,bagus murah meriah,grab,google_play,bagus murah meriah,positive
2026-04-08 14:22:06,Frans Umboh,profesional,grab,google_play,profesional,negative
2026-04-08 13:35:40,Wiro 212,goodjob,grab,google_play,goodjob,positive
2026-04-08 13:28:27,Urmila Ratnasari,sangat baik,grab,google_play,sangat baik,positive
2026-04-08 13:22:18,Rusma Wibowo,puas sama pelayanan,grab,google_play,puas sama pelayanan,negative
2026-04-08 13:09:13,Diva,sangat baik,grab,google_play,sangat baik,positive
2026-04-08 13:07:26,Arsyla Nur Aisyah Sadikin,nyaman,grab,google_play,nyaman,negative
2026-04-08 12:49:09,Mohtar Amin,ok,grab,google_play,ok,negative
2026-04-08 12:48:36,ayy cns,"ayoo kasih diskon 70% lagi, ini sangat berarti untuk mahasiswa kost",grab,google_play,"ayoo kasih diskon 70% lagi, ini sangat berarti untuk mahasiswa kost",positive
2026-04-08 12:41:05,Iis Sukaesih,driver nya ramah,grab,google_play,driver nya ramah,positive
2026-04-08 12:39:27,Manihuruk,makin update enggak bisa masuk aku di grab,grab,google_play,makin update enggak bisa masuk aku di grab,negative
2026-04-08 12:22:04,Dewi,sangat puas,grab,google_play,sangat puas,positive
2026-04-08 12:12:59,Mikhael Glory,sangat membantu,grab,google_play,sangat membantu,positive
2026-04-08 12:05:56,John zee,good,grab,google_play,good,positive
2026-04-08 12:03:26,yustinus hartadi,"Driver baik, komunikatif, dan sopan.",grab,google_play,"driver baik, komunikatif, dan sopan.",positive
2026-04-08 11:56:39,jay jayanti,"sejauh ini baik² saja seh tidak ada kendala..cuma ya kadang lucu aj,untuk go ride..itu helm kenapa buat penumpang pakenya helm jadul, tau g seh pak""berat di kepala udah berasa mau tak lepas aj kepalaku jadinya saking berat e😭😭 untung naik jrk dekat jrk jauh udah ku getok tuh helm🔨😮‍💨",grab,google_play,"sejauh ini baik² saja seh tidak ada kendala..cuma ya kadang lucu aj,untuk go ride..itu helm kenapa buat penumpang pakenya helm jadul, tau g seh pak""berat di kepala udah berasa mau tak lepas aj kepalaku jadinya saking berat e😭😭 untung naik jrk dekat jrk jauh udah ku getok tuh helm🔨😮‍💨",positive
2026-04-08 11:53:20,Gibran Puri,bagus,grab,google_play,bagus,positive
2026-04-08 11:51:49,Gigin Wong,Sangat membantu sekali,grab,google_play,sangat membantu sekali,positive
2026-04-08 11:48:44,Nur Hayati,cepet dan pelayanan baik👍👍👍,grab,google_play,cepet dan pelayanan baik👍👍👍,positive
2026-04-08 11:34:59,Iyan Sopian,ok,grab,google_play,ok,negative
2026-04-08 11:30:13,Lipina Tanata,tingkatkan mutu nya,grab,google_play,tingkatkan mutu nya,positive
2026-04-08 10:49:10,Renata Azaleya okyyviano,sangat baik,grab,google_play,sangat baik,positive
2026-04-08 10:46:47,arul khanza Akbar,grab emang keren royalitas Tampa batas,grab,google_play,grab emang keren royalitas tampa batas,positive
2026-04-08 09:54:23,Adas Rwl,good,grab,google_play,good,positive
2026-04-08 09:39:43,Pengguna Google,kenapa sekarang grab susah ya saya bisa pakai grab apa karena update ya grab titik lokasi tidak ditemukan susah diaplikasi sebelah enak ga ribet mau pesan motor atau mobile terpaksa saya unistal,grab,google_play,kenapa sekarang grab susah ya saya bisa pakai grab apa karena update ya grab titik lokasi tidak ditemukan susah diaplikasi sebelah enak ga ribet mau pesan motor atau mobile terpaksa saya unistal,positive
2026-04-08 09:16:15,Oppo A53,sangat bagus,grab,google_play,sangat bagus,positive
2026-04-08 09:14:00,Deva Marinda,orang nya sangat baik,grab,google_play,orang nya sangat baik,positive
2026-04-08 09:04:20,Chinta Fiorentina,"ini aplikasi gak perlu di ragukan lagi, bagussss banget!!! 😍😍😍",grab,google_play,"ini aplikasi gak perlu di ragukan lagi, bagussss banget!!! 😍😍😍",positive
2026-04-08 08:23:03,Maman Juhari,mantap,grab,google_play,mantap,positive
2026-04-08 08:18:51,Al Hadi,bagus,grab,google_play,bagus,positive
2026-04-08 08:15:38,Maksum Abdul,Tetap jaya pencari napkah,grab,google_play,tetap jaya pencari napkah,positive
2026-04-08 08:12:30,Nazwa Aurora,"aplikasinya membantu, tapi kenapa smua gambar dan beberapa iklan harus pake ia?",grab,google_play,"aplikasinya membantu, tapi kenapa smua gambar dan beberapa iklan harus pake ia?",negative
2026-04-08 08:07:19,ponpes Wismawisnu,terpercaya,grab,google_play,terpercaya,positive
2026-04-08 07:55:20,Rizky Purnama,aplikasi busuk kelamaan udah 3x pesen Gk dapet2,grab,google_play,aplikasi busuk kelamaan udah 3x pesen gk dapet2,negative
2026-04-08 07:40:30,MSi. Sutarno,lancar,grab,google_play,lancar,positive
2026-04-08 07:31:52,Riski Los,mantap,grab,google_play,mantap,positive
2026-04-08 07:17:19,wawan darmawan,kalau pakai grab selalu dicarikan driver yang paling dekat jadi gak perlu nunggu lama,grab,google_play,kalau pakai grab selalu dicarikan driver yang paling dekat jadi gak perlu nunggu lama,positive
2026-04-08 06:58:45,ismail M key rock,aplikasi buruk tiba' keluar sendiri akun nya harus verifikasi lagi giliran verifikasi tiba' ada pemberitahuan akun anda di tangguhkan pdhal jarang di pake ga bikin kesalahan apapun makin di perbarui makin buruk sudah buru' cari driver malah aplikasinya buruk seperti ini,grab,google_play,aplikasi buruk tiba' keluar sendiri akun nya harus verifikasi lagi giliran verifikasi tiba' ada pemberitahuan akun anda di tangguhkan pdhal jarang di pake ga bikin kesalahan apapun makin di perbarui makin buruk sudah buru' cari driver malah aplikasinya buruk seperti ini,negative
2026-04-08 06:44:02,Firdaus Dwi,"perjalanan 58 km pake motor ngga bisa² buat di pesen , kecuali ber 4 baru pkae mobil harga ratusan ribu orang cuna satu orang disuruh pake mobil harga ratusan ribu.",grab,google_play,"perjalanan 58 km pake motor ngga bisa² buat di pesen , kecuali ber 4 baru pkae mobil harga ratusan ribu orang cuna satu orang disuruh pake mobil harga ratusan ribu.",negative
2026-04-08 06:37:32,Hermayanti,kenapa kalo pagi gak dapet terus padahal anak ku mau sekolah pemalas semua apa orang grap 😡😡😡,grab,google_play,kenapa kalo pagi gak dapet terus padahal anak ku mau sekolah pemalas semua apa orang grap 😡😡😡,negative
2026-04-08 06:22:21,Narto Disgn,sangat membantu,grab,google_play,sangat membantu,positive
2026-04-08 06:21:34,Denis Deden,sejauh ini bagus,grab,google_play,sejauh ini bagus,positive
2026-04-08 06:18:57,Muna Alin Safitri,pelayanan tepat waktu,grab,google_play,pelayanan tepat waktu,positive
2026-04-08 06:13:25,Rizal Zal,keren,grab,google_play,keren,positive
2026-04-08 06:07:03,kyuhyun intan,kacau banget titiknya,grab,google_play,kacau banget titiknya,negative
2026-04-08 03:43:06,Lilik Setiyanto,pengemudi mantap,grab,google_play,pengemudi mantap,positive
2026-04-08 02:52:01,Novi Anti,good job,grab,google_play,good job,neutral
2026-04-08 02:51:39,RS_ 81,"aplikasi parah, susah dpt driver, sekali nya dpt jauh banget, pernah kroscek ke driver ongkos di aplikasi yg di terima driver, buseeeet parah banget potonganya gede bangeeeet, aplikator bedebaaaah",grab,google_play,"aplikasi parah, susah dpt driver, sekali nya dpt jauh banget, pernah kroscek ke driver ongkos di aplikasi yg di terima driver, buseeeet parah banget potonganya gede bangeeeet, aplikator bedebaaaah",negative
2026-04-08 02:44:50,Edho Saputra,puas,grab,google_play,puas,negative
2026-04-08 02:11:50,bang yani,bagus,grab,google_play,bagus,positive
2026-04-08 01:17:16,Andika Saputra,suka,grab,google_play,suka,negative
2026-04-08 00:41:27,Asep Supriatna,oke aplikasinya,grab,google_play,oke aplikasinya,negative
2026-04-08 00:31:55,TL DX BR06,"jijik lama lama sama aplikasi ini, 3 jam.tunggu, pesen makan gak slesai slesai proses terus munculnya, gak segera dpat driver, Gak guna lah",grab,google_play,"jijik lama lama sama aplikasi ini, 3 jam.tunggu, pesen makan gak slesai slesai proses terus munculnya, gak segera dpat driver, gak guna lah",negative
2026-04-08 00:05:15,Sutrismanto Sutris,sangat bagus dan membantu,grab,google_play,sangat bagus dan membantu,positive
2026-04-07 23:05:44,Fadel Tosan,kecewa tidak bisa melakukan pembatalan pesanan makanan,grab,google_play,kecewa tidak bisa melakukan pembatalan pesanan makanan,negative
2026-04-07 22:15:12,Muhamad Basuki,memuaskan,grab,google_play,memuaskan,negative
2026-04-07 21:54:30,Nenekely Aja,"baik ,ramah pengemudinya",grab,google_play,"baik ,ramah pengemudinya",positive
2026-04-07 21:41:55,Mae Aja,aplikasinya jelek orang² bisa sering naik grab dapet diskon giliran saya make aplikasinya gak pernah dapat dan sering dapat driver mobil yg gak amanah terkadang ada yg minta di luar tarif grab lah ada yg sengaja suruh cancel orderan lah😒,grab,google_play,aplikasinya jelek orang² bisa sering naik grab dapet diskon giliran saya make aplikasinya gak pernah dapat dan sering dapat driver mobil yg gak amanah terkadang ada yg minta di luar tarif grab lah ada yg sengaja suruh cancel orderan lah😒,negative
2026-04-07 21:39:34,Rian Hidayat,baikk,grab,google_play,baikk,positive
2026-04-07 21:34:10,Andro Kitu,selalu tepat waktu,grab,google_play,selalu tepat waktu,positive
2026-04-07 21:27:39,yayuk hasanah,pelayanan yg ramah,grab,google_play,pelayanan yg ramah,positive
2026-04-07 20:35:50,Elis Sonariah,Alhamdulillah baik 🙏,grab,google_play,alhamdulillah baik 🙏,positive
2026-04-07 20:31:39,Ardiansyah Arsad,mantap,grab,google_play,mantap,positive
2026-04-07 20:29:37,Yudhi Pratama,"belum recomm untuk di daerah, pesan makanan pakai waktu tambahan dg alasan toko sdg menyiapkan pesanan,, orang2 udh kelaparan duluan 😌",grab,google_play,"belum recomm untuk di daerah, pesan makanan pakai waktu tambahan dg alasan toko sdg menyiapkan pesanan,, orang2 udh kelaparan duluan 😌",negative
2026-04-07 20:28:54,Ardian 'z,aplikasi error,grab,google_play,aplikasi error,negative
2026-04-07 20:21:54,Jemss garcia,Kereen,grab,google_play,kereen,neutral
2026-04-07 20:13:46,AHHA PDG,"saya lasih bintang 1 karena akun saya ditangguhkan 3 bulan lebih, responnya tunggunya minta ampunnn",grab,google_play,"saya lasih bintang 1 karena akun saya ditangguhkan 3 bulan lebih, responnya tunggunya minta ampunnn",negative
2026-04-07 19:55:43,Kallandra Mahesa,membantu yg uangnya pas ada promo,grab,google_play,membantu yg uangnya pas ada promo,neutral
2026-04-07 19:36:59,Idris Patoni,"aplikasi ga jelas, order makanan dari jam 8 pakai kartu debet, sampai jam 11 ga datang datang terus waktu di batalin uang ga kembali, ditunggu sampai 1 minggu lebih masih aja saldo ga kembali, mending benerin dulu sistem cacad lu",grab,google_play,"aplikasi ga jelas, order makanan dari jam 8 pakai kartu debet, sampai jam 11 ga datang datang terus waktu di batalin uang ga kembali, ditunggu sampai 1 minggu lebih masih aja saldo ga kembali, mending benerin dulu sistem cacad lu",negative
2026-04-07 19:34:48,Sifol Sifa,bagus,grab,google_play,bagus,positive
2026-04-07 19:33:08,Febtian Zai,perjlanan aman,grab,google_play,perjlanan aman,neutral
2026-04-07 19:28:31,Nunu Nugraha,baik sopan,grab,google_play,baik sopan,negative
2026-04-07 19:11:26,aris k,mantap,grab,google_play,mantap,positive
2026-04-07 19:09:55,sekar sari,lengkap cepa,grab,google_play,lengkap cepa,positive
2026-04-07 19:08:54,Penyitas Stroke,terbantu sebagai penyitas stroke kdg ribet dg bawaan tp grab ok 👍,grab,google_play,terbantu sebagai penyitas stroke kdg ribet dg bawaan tp grab ok 👍,positive
2026-04-07 19:05:32,Ribka Asima Siallagan,"sejujurnya saya cukup suka dengan apps ini dan membantu saya akan tetapi hari ini saya mendapatkan pengalaman yang TIDAK MENYENANGKAN ketika saya pesan grabfood saya mendapatkan DRIVER yang cukup MENGECEWAKAN ketika saya melakukan pemesanan beliau chat saya dan meminta dana atau uang lebih dari pesanan saya katanya sih ""uang parkir"" yang mana saya tahu resto atau rumah makan itu tidak pernah memungut biaya parkir, saya tanyakan beliau marah dan bentak saya by chat vn",grab,google_play,"sejujurnya saya cukup suka dengan apps ini dan membantu saya akan tetapi hari ini saya mendapatkan pengalaman yang tidak menyenangkan ketika saya pesan grabfood saya mendapatkan driver yang cukup mengecewakan ketika saya melakukan pemesanan beliau chat saya dan meminta dana atau uang lebih dari pesanan saya katanya sih ""uang parkir"" yang mana saya tahu resto atau rumah makan itu tidak pernah memungut biaya parkir, saya tanyakan beliau marah dan bentak saya by chat vn",negative
2026-04-07 19:01:22,akim Jawe,"pesan makan jam 17:55 jam 18:00 blm dpt driver nya,. harus nuggu berapa lama ini,. padahal sdh pakai pengiriman yg proiritas... tolong klo mmg sdh lwt stgh jam batalin aja pesanannya",grab,google_play,"pesan makan jam 17:55 jam 18:00 blm dpt driver nya,. harus nuggu berapa lama ini,. padahal sdh pakai pengiriman yg proiritas... tolong klo mmg sdh lwt stgh jam batalin aja pesanannya",negative
2026-04-07 18:46:32,Faliza Ananda,"pelayanan dapat deliver nya sulit banget, pokok nya kecewa banget sama grab sekarang",grab,google_play,"pelayanan dapat deliver nya sulit banget, pokok nya kecewa banget sama grab sekarang",negative
2026-04-07 18:45:21,D R,"Aplikasi mantap, promonya banyak, diskon melimpah, seller amanah... kata temen saya kalau kata saya mah bintang zero(kalau bisa)",grab,google_play,"aplikasi mantap, promonya banyak, diskon melimpah, seller amanah... kata temen saya kalau kata saya mah bintang zero(kalau bisa)",positive
2026-04-07 18:32:06,AYADIN EHLEKLA,Saya mendapat kemudahan dengan adanya app ini,grab,google_play,saya mendapat kemudahan dengan adanya app ini,positive
2026-04-07 18:17:52,Helga Dimas,promo gk bisa di gunakan,grab,google_play,promo gk bisa di gunakan,negative
2026-04-07 18:15:30,Purwanto Wanto,tanpa basa basi ok banget tak perlu repot tinggal merem nyampai tujuan,grab,google_play,tanpa basa basi ok banget tak perlu repot tinggal merem nyampai tujuan,positive
2026-04-07 18:14:05,Endi Taufik,top markotop,grab,google_play,top markotop,neutral
2026-04-07 17:53:58,rosiana iyos,cepat dan baik,grab,google_play,cepat dan baik,positive
2026-04-07 17:47:27,Syahrul Aulia Ramadhan,ga bisa cancel pesanan,grab,google_play,ga bisa cancel pesanan,neutral
2026-04-07 17:40:41,Erni Ros,cukup bagus kalo bisa harga sedikit kurang dan dpt promo ☺️,grab,google_play,cukup bagus kalo bisa harga sedikit kurang dan dpt promo ☺️,positive
2026-04-07 17:32:09,Fitri Kamasaan,"pake aplikasi kurang lebih 2 bulan tapi semakin hri makin naik hargga pengirimannya, jaraknya cma Deket tapi ongkos kirimnya sampe 25 ribu😭😭",grab,google_play,"pake aplikasi kurang lebih 2 bulan tapi semakin hri makin naik hargga pengirimannya, jaraknya cma deket tapi ongkos kirimnya sampe 25 ribu😭😭",positive
2026-04-07 17:22:54,azaear mustofan,baik sopan amanah,grab,google_play,baik sopan amanah,negative
2026-04-07 16:56:42,deva leo,sangat fast respon,grab,google_play,sangat fast respon,positive
2026-04-07 16:50:53,Abdul Azis Maulana,mantap puolll 👍🏻,grab,google_play,mantap puolll 👍🏻,positive
2026-04-07 16:49:06,Pawang Joni,"udah pake Grab sejak 2017, dari segi pelayanan dan harga memuaskan sampai sekarang. tapi sekarang ilustrasinya pake AI, ya. kesannya murahan, jelek pula.",grab,google_play,"udah pake grab sejak 2017, dari segi pelayanan dan harga memuaskan sampai sekarang. tapi sekarang ilustrasinya pake ai, ya. kesannya murahan, jelek pula.",negative
2026-04-07 16:48:07,Adrienne Elvarette,grab car driver suka minta cancel dgn alesan jarak terlalu jauh.,grab,google_play,grab car driver suka minta cancel dgn alesan jarak terlalu jauh.,negative
2026-04-07 16:35:03,Ishaq Leo Zulkarnain,ok mntap,grab,google_play,ok mntap,negative
2026-04-07 16:29:10,Yana,sangat bagus,grab,google_play,sangat bagus,positive
2026-04-07 16:29:06,Nien Lovato,"Makin kesini nyari driver semakin susah. Katanya karena potongan aplikasi atau apalah jd driver tidak mau mengambil penumpang. Ada yang menerima tapi tidak jalan, dan cancelnya harus penumpang krn tdk mau rating pengemudi turun.",grab,google_play,"makin kesini nyari driver semakin susah. katanya karena potongan aplikasi atau apalah jd driver tidak mau mengambil penumpang. ada yang menerima tapi tidak jalan, dan cancelnya harus penumpang krn tdk mau rating pengemudi turun.",negative
2026-04-07 16:20:11,Ubaid Abdullah,ماشاءالله تبارك الله,grab,google_play,ماشاءالله تبارك الله,negative
2026-04-07 16:14:37,Oktavian Meliala,sangat membantu,grab,google_play,sangat membantu,positive
2026-04-07 16:12:04,4 JJM 02. Azahra Fatimah Putri,bagus,grab,google_play,bagus,positive
2026-04-07 16:07:49,dyla suka nasgor,"dicariin ojol yang jauh dari lokasi,jadinya ttp telat walau pake grab.",grab,google_play,"dicariin ojol yang jauh dari lokasi,jadinya ttp telat walau pake grab.",negative
2026-04-07 15:33:51,Pancer Lima,joss gandos,grab,google_play,joss gandos,neutral
2026-04-07 15:33:07,RIFAAT 01,pesanan udah di prioritas masa 1 jam belum sampe,grab,google_play,pesanan udah di prioritas masa 1 jam belum sampe,negative
2026-04-07 15:27:13,Supadmi Fahri,pengemudinya sangat membatu,grab,google_play,pengemudinya sangat membatu,positive
2026-04-07 15:18:56,Nisha Ridha,mantap,grab,google_play,mantap,positive
2026-04-07 15:18:17,oki rahmatullah,verigood,grab,google_play,verigood,positive
2026-04-07 14:41:49,Evendy Vendy,good job,grab,google_play,good job,neutral
2026-04-07 14:18:51,Chika Ayudia Putri,memuaskan dan tepat waktu,grab,google_play,memuaskan dan tepat waktu,positive
2026-04-07 14:17:44,Dicka Tricahyo,"Kenapa foto di aplikasi grab saya gak da, tapi di smua aplikasi ad foto nya. Tolong.... Pihak aplikasi grab. Kenapa point2 saya hilang",grab,google_play,"kenapa foto di aplikasi grab saya gak da, tapi di smua aplikasi ad foto nya. tolong.... pihak aplikasi grab. kenapa point2 saya hilang",negative
2026-04-07 14:02:40,Tirta Hung,"ntah ngebug ato apa, gw dah langganan grab unlimited 8minggu, tapi diskonnya gk bs dipake, disuruh ganti pembayaran pdhl dah pake ovo.. tlg perbaiki",grab,google_play,"ntah ngebug ato apa, gw dah langganan grab unlimited 8minggu, tapi diskonnya gk bs dipake, disuruh ganti pembayaran pdhl dah pake ovo.. tlg perbaiki",negative
2026-04-07 13:37:07,Samsul Arifin,baik,grab,google_play,baik,positive
2026-04-07 13:37:05,noviany mulyono,top,grab,google_play,top,positive
2026-04-07 13:25:00,Sutriani,pelayanan bagus,grab,google_play,pelayanan bagus,positive
2026-04-07 13:19:44,Ahmat Ali,pelayananterbaek,grab,google_play,pelayananterbaek,negative
2026-04-07 13:15:03,Amarr Waahyudi1996,"bagus langsung dpt driver ,,, gak kaya shopefood ,, susah dpt driver nya",grab,google_play,"bagus langsung dpt driver ,,, gak kaya shopefood ,, susah dpt driver nya",negative
2026-04-07 13:14:43,Nurul Afni Eka Putri,jngan memberatkan pelanggan dan driver yah.,grab,google_play,jngan memberatkan pelanggan dan driver yah.,negative
2026-04-07 13:00:25,Irma Rahmah,👍👍👍,grab,google_play,👍👍👍,positive
2026-04-07 12:58:51,Edi Santoso,The Best App for Traveler.,grab,google_play,the best app for traveler.,positive
2026-04-07 12:47:16,Khana Agus,oke,grab,google_play,oke,negative
2026-04-07 12:40:06,Jery permana,ok,grab,google_play,ok,negative
2026-04-07 12:34:01,Ahmad saepudin,baik,grab,google_play,baik,positive
2026-04-07 12:29:58,Ddes 11,baik,grab,google_play,baik,positive
2026-04-07 12:20:38,Kumo Veis,AI??? Really??? sengak modal itu buat hire illustrator? kecewa berat sih.,grab,google_play,ai??? really??? sengak modal itu buat hire illustrator? kecewa berat sih.,negative
2026-04-07 12:16:30,Elvi Aliyah,terimakasih.. jadi mudah,grab,google_play,terimakasih.. jadi mudah,positive
2026-04-07 12:03:24,Rony Jaya,pelayanan yang baik,grab,google_play,pelayanan yang baik,positive
2026-04-07 12:02:33,Eman Sulaiman,trimakasih bnyak,grab,google_play,trimakasih bnyak,positive
2026-04-07 11:53:27,Kholipah Ipah,"nyaman banget bang driver nya ,makasi grape🙏",grab,google_play,"nyaman banget bang driver nya ,makasi grape🙏",positive
2026-04-07 11:48:08,DAVID KURNIAWAN,pelayanan online Bagus,grab,google_play,pelayanan online bagus,positive
2026-04-07 11:37:28,Jayantirimadewi 77,bagus,grab,google_play,bagus,positive
2026-04-07 11:32:12,Zaskia Sungkar lestari,grab onkos ojek dan harga ongkir food mahal guys mending beli sendiri tinggal bayar parkir 3000 simpel Hai 👋guys tua muda mudi ibu hot binal yuk ramaikan city plaza mall kuta bumi tangerang barat murah tiap hari senin sampai Jumat pagi siang murah murah ada tempat bioskop🎦🎬🎥 ada tempat selingkuh seruu ada tempat bermain🎮👬 anak👶 yuk coba ini kalo mau parkir🅿 motor disebelah pintu masuk mall ada gapura ungu 💜masuk murah cukup 3000,grab,google_play,grab onkos ojek dan harga ongkir food mahal guys mending beli sendiri tinggal bayar parkir 3000 simpel hai 👋guys tua muda mudi ibu hot binal yuk ramaikan city plaza mall kuta bumi tangerang barat murah tiap hari senin sampai jumat pagi siang murah murah ada tempat bioskop🎦🎬🎥 ada tempat selingkuh seruu ada tempat bermain🎮👬 anak👶 yuk coba ini kalo mau parkir🅿 motor disebelah pintu masuk mall ada gapura ungu 💜masuk murah cukup 3000,positive
2026-04-07 11:27:15,Labotaa Gacor,memang terbaik lah,grab,google_play,memang terbaik lah,positive
2026-04-07 11:26:07,Darmanto. 86,oke,grab,google_play,oke,negative
2026-04-07 11:25:08,Abang Arul,OKE,grab,google_play,oke,negative
2026-04-07 11:19:31,Leo Fabian,Terbaik dari apk lainnya,grab,google_play,terbaik dari apk lainnya,positive
2026-04-07 11:13:24,adila,"sopan,ramah,bawa motornya gak asal-asalan",grab,google_play,"sopan,ramah,bawa motornya gak asal-asalan",positive
2026-04-07 11:11:20,Muhammad Hendra,sehat baik senyum terimakasih...,grab,google_play,sehat baik senyum terimakasih...,positive
2026-04-07 11:06:38,Suci Mulia,ok,grab,google_play,ok,negative
2026-04-07 11:03:02,Silvi Seran,sangat Bagus,grab,google_play,sangat bagus,positive
2026-04-07 10:28:00,Nur Fitriani,kalau mau ngsih bintang 3 kepengemudi kok tombol kirimnya gk bisa nyala..kl bintng 5 baru nyala.. mau ngsih ulsan driver yg gk ramah sama sekali dn naikn tarif jdi gk bsa.. msak iy d pksa hrus ksih bintng 5 kl pelayanan gk menunjang.. ..kl driver yg bgus psti ksih bntng 5 kok.. sm ..uda sebel pngn ngsih ulasan gilirn mau krm gk bsa😏😏,grab,google_play,kalau mau ngsih bintang 3 kepengemudi kok tombol kirimnya gk bisa nyala..kl bintng 5 baru nyala.. mau ngsih ulsan driver yg gk ramah sama sekali dn naikn tarif jdi gk bsa.. msak iy d pksa hrus ksih bintng 5 kl pelayanan gk menunjang.. ..kl driver yg bgus psti ksih bntng 5 kok.. sm ..uda sebel pngn ngsih ulasan gilirn mau krm gk bsa😏😏,negative
2026-04-07 09:56:02,fauziah rachman,untuk pengembalian dana sangat2 susah untuk menghubungi customer care,grab,google_play,untuk pengembalian dana sangat2 susah untuk menghubungi customer care,negative
2026-04-07 09:55:20,Mahkota Gigi,"sangat dbutuhkan sekali,, 🙏",grab,google_play,"sangat dbutuhkan sekali,, 🙏",positive
2026-04-07 09:48:42,Onif Onif,mantap,grab,google_play,mantap,positive
2026-04-07 09:46:55,Fais Karimulah,mantap,grab,google_play,mantap,positive
2026-04-07 09:44:43,Ahmad reyhan Saputra,nyaman pakai grab,grab,google_play,nyaman pakai grab,neutral
2026-04-07 09:42:20,Juni Anto,mantap,grab,google_play,mantap,positive
2026-04-07 09:40:55,el- bonetz88,Mantap,grab,google_play,mantap,positive
2026-04-07 09:34:53,Budi Setiawan,Sangat membantu..sya..aktifitas,grab,google_play,sangat membantu..sya..aktifitas,positive
2026-04-07 09:34:01,Wiji Lestari,"bagus,cepar dan cekatan.",grab,google_play,"bagus,cepar dan cekatan.",positive
2026-04-07 09:26:05,Sadis 15s,ok,grab,google_play,ok,negative
2026-04-07 09:06:22,rendy febriansya,edukasi customer mu kalau antar barang pakai express bukan pakai bike. dan permudah cara order express biar membantu customer..,grab,google_play,edukasi customer mu kalau antar barang pakai express bukan pakai bike. dan permudah cara order express biar membantu customer..,negative
2026-04-07 09:05:20,Bonit Notz,"ok, tp akhir akhir ini sering di cancel driver",grab,google_play,"ok, tp akhir akhir ini sering di cancel driver",negative
2026-04-07 08:48:12,Dewi Azura,GRAB JANGAN MAHAL MAHAL WOY !.,grab,google_play,grab jangan mahal mahal woy !.,negative
2026-04-07 08:45:44,Krisna aditya,"kecewa dengan aplikasi grab harga asli nya 20 ribu jarak dekat di patok harga jadi 26 ribu , mending aplikasi Maxim harga sesuai yg dicantumkan , tolong untuk aplikasi grab di perbaiki lagi kedepannya, agar costumer tidak kecewa",grab,google_play,"kecewa dengan aplikasi grab harga asli nya 20 ribu jarak dekat di patok harga jadi 26 ribu , mending aplikasi maxim harga sesuai yg dicantumkan , tolong untuk aplikasi grab di perbaiki lagi kedepannya, agar costumer tidak kecewa",negative
2026-04-07 08:45:32,Ratna Handayani,sangat cocok untuk pesan makanan dan perlengkapan mandi,grab,google_play,sangat cocok untuk pesan makanan dan perlengkapan mandi,positive
2026-04-07 08:21:15,Oshin Chien / MAMA HADI A5,selamana ini okai,grab,google_play,selamana ini okai,negative
2026-04-07 08:14:05,Teresa Mcquien,"Fitur Nya Jujur Tidak Lengkap 🙏🏻 Masih Kurang Yang "" Grab Pet "" Karena Bukan Hanya Di Bali Saja Yang Perlu Begitu Tapi Di Seluruh Indonesia Juga Perlu . Tolong Di Buat Ada Pilihan "" Grab Pet "" 🙏🏻",grab,google_play,"fitur nya jujur tidak lengkap 🙏🏻 masih kurang yang "" grab pet "" karena bukan hanya di bali saja yang perlu begitu tapi di seluruh indonesia juga perlu . tolong di buat ada pilihan "" grab pet "" 🙏🏻",negative
2026-04-07 08:13:03,MOH. Khoirul,Terimakasih oke mantep,grab,google_play,terimakasih oke mantep,neutral
2026-04-07 08:04:37,Hera Khasby,Sangat baik,grab,google_play,sangat baik,positive
2026-04-07 08:02:15,Nia Nurlela,Bagus,grab,google_play,bagus,positive
2026-04-07 08:02:01,Junifild Sitorus,tolong dong dari pihak grab Carikan driver grabike yg gesit apalagi kalo urgent ke stasiun. masa iya di jalan raya besar kecepatannya 20km/jam kapan mau sampenya. Kalo bisa yg driver umurnya diatas 60th jgnlah kasihan biarin mreka pensiun.,grab,google_play,tolong dong dari pihak grab carikan driver grabike yg gesit apalagi kalo urgent ke stasiun. masa iya di jalan raya besar kecepatannya 20km/jam kapan mau sampenya. kalo bisa yg driver umurnya diatas 60th jgnlah kasihan biarin mreka pensiun.,negative
2026-04-07 07:54:59,Abudin Aja,pengalaman pertama grabfood tidak mengecewakan thanks grab,grab,google_play,pengalaman pertama grabfood tidak mengecewakan thanks grab,positive
2026-04-07 07:52:43,Sulha Aslam,bapaknya baik,grab,google_play,bapaknya baik,positive
2026-04-07 07:36:32,Theresia Yuanita,"tolong aplikasi grab car bisa ada pilihan jalur tol atau bawah!!! sy di arahkan jalur bawah, mmg sy lihat di gmap selisih 2km lebih pendek, namun secara waktu LEBIH LAMA 30menit KARNA MACET Woi..!! khususnya area Surabaya, sidoarjo..!! kasihan juga driver jadi boros bensin.",grab,google_play,"tolong aplikasi grab car bisa ada pilihan jalur tol atau bawah!!! sy di arahkan jalur bawah, mmg sy lihat di gmap selisih 2km lebih pendek, namun secara waktu lebih lama 30menit karna macet woi..!! khususnya area surabaya, sidoarjo..!! kasihan juga driver jadi boros bensin.",negative
2026-04-07 07:33:08,Nur Huda,ok,grab,google_play,ok,negative
2026-04-07 07:28:19,alikainaraa,pesanan nya cpt bgt,grab,google_play,pesanan nya cpt bgt,positive
2026-04-07 06:46:59,Alesia Ayu,"maps grab, abis lebaran ngaco banget,grabfoodnya estimasinya pun terlalu lama,. tolong di perbaiki min",grab,google_play,"maps grab, abis lebaran ngaco banget,grabfoodnya estimasinya pun terlalu lama,. tolong di perbaiki min",negative
2026-04-07 06:42:34,Rizal Alghifari,"aplikasi kocak 😂 potongan 10 K untuk pembayaran ovo, daftar ovo udh aktif eh taunya vocernya ilang, anjir anjir",grab,google_play,"aplikasi kocak 😂 potongan 10 k untuk pembayaran ovo, daftar ovo udh aktif eh taunya vocernya ilang, anjir anjir",negative
2026-04-07 06:36:14,Rayn,serius nyari driver udah kaya nyari kerja? makin lama makin susah dapet driver apk aneh,grab,google_play,serius nyari driver udah kaya nyari kerja? makin lama makin susah dapet driver apk aneh,negative
2026-04-07 06:28:41,applepi,"skrg dapet driver jauh2 semua, yg deket susah bgt dapetnya",grab,google_play,"skrg dapet driver jauh2 semua, yg deket susah bgt dapetnya",negative
2026-04-07 05:53:21,Zhafira Salsabilah85,"sering kali susah dapet pengemudi , di tambah estimasi pengemudi beda dengan pas udh dapet pengemudi tolong diperbaiki.",grab,google_play,"sering kali susah dapet pengemudi , di tambah estimasi pengemudi beda dengan pas udh dapet pengemudi tolong diperbaiki.",negative
2026-04-07 05:37:17,Brav Sengh,Saya sakit hati dan kecewa saat kelaparan 5 pengemudi harus membatalkan pesanan tanpa alasan!,grab,google_play,saya sakit hati dan kecewa saat kelaparan 5 pengemudi harus membatalkan pesanan tanpa alasan!,negative
2026-04-07 05:30:35,Jasmine Rizka syalsabilla,"setiap mau pesan grab motor kalo pagi pagi mau ke sekola tu pasti nunggu lama dan selalu di cancel dll nya, setiap pagi pasti kesusahan nyari grab motor.",grab,google_play,"setiap mau pesan grab motor kalo pagi pagi mau ke sekola tu pasti nunggu lama dan selalu di cancel dll nya, setiap pagi pasti kesusahan nyari grab motor.",negative
2026-04-07 05:22:06,Aldy Tohidin,"hese neang driver,sakalina meunang menta ofline,gede potongan saurna",grab,google_play,"hese neang driver,sakalina meunang menta ofline,gede potongan saurna",positive
2026-04-07 05:13:28,Naruto Uzumaki,sangat membantu,grab,google_play,sangat membantu,positive
2026-04-07 04:36:29,Hatta JS,baik,grab,google_play,baik,positive
2026-04-07 04:03:02,Syamsul Mu'in Mbah Mu'in,terimakasih sdah mengantar kami smpai 7 dengan selamat,grab,google_play,terimakasih sdah mengantar kami smpai 7 dengan selamat,positive
2026-04-07 02:35:08,Ikbal Thalib,baik,grab,google_play,baik,positive
2026-04-07 02:13:47,Diaz Galin Erlangga,tak banyak bicara tapi sampai tujuan,grab,google_play,tak banyak bicara tapi sampai tujuan,negative
2026-04-07 02:06:03,Luks Jr,ya begitulah,grab,google_play,ya begitulah,negative
2026-04-07 01:15:46,irfan kolev,bagus,grab,google_play,bagus,positive
2026-04-07 00:47:48,Salwa kesogihen Wawa,"tepat waktu,ramah",grab,google_play,"tepat waktu,ramah",positive
2026-04-06 23:43:45,Rizki Santosa,tolong diperbaiki sistemnya saya pesen paket pake grab express di Shopee udah 2hari blm dpt2 driver payah drivernya pada gamau ambil paket karena ada suspend waktu dan pengambilannya jauh padahal lokasi di jakarta ga lagi2 deh pake grab express,grab,google_play,tolong diperbaiki sistemnya saya pesen paket pake grab express di shopee udah 2hari blm dpt2 driver payah drivernya pada gamau ambil paket karena ada suspend waktu dan pengambilannya jauh padahal lokasi di jakarta ga lagi2 deh pake grab express,negative
2026-04-06 23:33:36,Wanti Irnawan,terbaik🤗,grab,google_play,terbaik🤗,positive
2026-04-06 23:20:47,Satriani Ani,sangat,grab,google_play,sangat,positive
2026-04-06 23:04:07,Hold Jack,sulit akses,grab,google_play,sulit akses,negative
2026-04-06 22:23:17,Musthofa kholid,mantap,grab,google_play,mantap,positive
2026-04-06 22:09:02,Baiq Melani,"ga banget akun tiba² di tangguhkan minta bantuan di suruh tunggu 5 hari, udah lewat berminggu-minggu masih aja akun saya tetep di tangguhkan udah minta bantuan beberapa kali no respon",grab,google_play,"ga banget akun tiba² di tangguhkan minta bantuan di suruh tunggu 5 hari, udah lewat berminggu-minggu masih aja akun saya tetep di tangguhkan udah minta bantuan beberapa kali no respon",negative
2026-04-06 21:09:12,Fajar Shadiqin,sangat baik,grab,google_play,sangat baik,positive
2026-04-06 20:39:57,Jaya Permana,amanah,grab,google_play,amanah,negative
2026-04-06 20:21:11,mariman iman,pokoknya mantap,grab,google_play,pokoknya mantap,positive
2026-04-06 20:08:35,Yana Yanana,"sumpah tidak suka tiba tiba keluar sendiri akun saya dan tidak bisa di masukin lagi,padahal saya tidak buat apa apa saya baru jumpa app yang tidak jelas macam ini",grab,google_play,"sumpah tidak suka tiba tiba keluar sendiri akun saya dan tidak bisa di masukin lagi,padahal saya tidak buat apa apa saya baru jumpa app yang tidak jelas macam ini",negative
2026-04-06 20:06:31,Agus W.,mantap,grab,google_play,mantap,positive
2026-04-06 19:57:51,Muchtar Umar,sering sulit dibuka. tapi menyalahkan jaringan saya.,grab,google_play,sering sulit dibuka. tapi menyalahkan jaringan saya.,negative
2026-04-06 19:44:41,Agustina Tianaa,oke baik semua kurir nya,grab,google_play,oke baik semua kurir nya,positive
2026-04-06 19:36:21,Iwan Fahrof,👍mantap,grab,google_play,👍mantap,positive
2026-04-06 19:24:48,Rama,"sistem pencarian driver perlu diperbaiki, dpt driver yg jarak jemputnya jauh² terus sangat merugikan waktu",grab,google_play,"sistem pencarian driver perlu diperbaiki, dpt driver yg jarak jemputnya jauh² terus sangat merugikan waktu",negative
2026-04-06 19:20:32,Atieh Metha,banyak promo na & slalu bz diandalkan.. aq sdh pake nie aplikasi dr taun 2017 smpe skrg 👍🏻👍🏻👍🏻,grab,google_play,banyak promo na & slalu bz diandalkan.. aq sdh pake nie aplikasi dr taun 2017 smpe skrg 👍🏻👍🏻👍🏻,positive
2026-04-06 19:17:51,Supri Yadi,driver sangat ramah dan sabar pelayanan sangat memuaskan,grab,google_play,driver sangat ramah dan sabar pelayanan sangat memuaskan,positive
2026-04-06 19:09:51,Ros Diana,grab...kenapa akhir2 ini nyari driver buat makanan susah bener sampe nunggu 2 jam nga ada driver dan akhirnya di cancel...tolong di perbaiki sistemnya...,grab,google_play,grab...kenapa akhir2 ini nyari driver buat makanan susah bener sampe nunggu 2 jam nga ada driver dan akhirnya di cancel...tolong di perbaiki sistemnya...,negative
2026-04-06 19:09:03,Nirma Wati,"tolong dong ,ini manggil manggil GK ada driver yang nyaut , gimana coba sudah berharap bisa mudah untuk kemana mana, Tapi susahnya dapat driver, padahal GK pernah cancel",grab,google_play,"tolong dong ,ini manggil manggil gk ada driver yang nyaut , gimana coba sudah berharap bisa mudah untuk kemana mana, tapi susahnya dapat driver, padahal gk pernah cancel",negative
2026-04-06 19:08:28,Sry Wae,murah dan banyak promo,grab,google_play,murah dan banyak promo,positive
2026-04-06 19:08:10,Sertu Utami,keren banget,grab,google_play,keren banget,positive
2026-04-06 19:07:30,Erlina Verakirana,oke,grab,google_play,oke,negative
2026-04-06 19:06:38,Aba Yaman,layanan mantab,grab,google_play,layanan mantab,positive
2026-04-06 19:04:44,Idn r,"pesanan nya sampai lama banget..dicek ke driver nya penjemputan jauh banget..belum sering dicancel karena driver tidak mau ambil hadeh, tolong grab evaluasi lah",grab,google_play,"pesanan nya sampai lama banget..dicek ke driver nya penjemputan jauh banget..belum sering dicancel karena driver tidak mau ambil hadeh, tolong grab evaluasi lah",negative
2026-04-06 19:03:30,Icha,terbaik,grab,google_play,terbaik,positive
2026-04-06 19:02:54,Hera Talita,grab emng peratis,grab,google_play,grab emng peratis,negative
2026-04-06 18:33:40,Dadan Budiana,segini dulu ratingna susah verifikasi ribett👎yg sebelah jg sama udah baru topup 75k malah disebut saldo kurang🤣🤣🤣👎Kenapa saya dihalang halangi buat instal aplikasi grab?takuuy bersaing yaaa xg kompetitor??!. 😆😆😅,grab,google_play,segini dulu ratingna susah verifikasi ribett👎yg sebelah jg sama udah baru topup 75k malah disebut saldo kurang🤣🤣🤣👎kenapa saya dihalang halangi buat instal aplikasi grab?takuuy bersaing yaaa xg kompetitor??!. 😆😆😅,negative
2026-04-06 18:15:56,Agra Keisar,top,grab,google_play,top,positive
2026-04-06 18:14:02,Rudi nur,"buat apk grab,mohon diberi pelatihan atau tutor lebih medalam kepada driver/kurirnya,terutama bagi kurir yang udah lanjut usia,terkadang mereka tidak bisa ngebedain antara drop barang dengan temui penumpang begitu juga dengan mencari alamat,padahal sudah sesuai titik serta foto area rumah tapi masih keliru dan bahkan ada yang marah.🙏🏻",grab,google_play,"buat apk grab,mohon diberi pelatihan atau tutor lebih medalam kepada driver/kurirnya,terutama bagi kurir yang udah lanjut usia,terkadang mereka tidak bisa ngebedain antara drop barang dengan temui penumpang begitu juga dengan mencari alamat,padahal sudah sesuai titik serta foto area rumah tapi masih keliru dan bahkan ada yang marah.🙏🏻",negative
2026-04-06 18:13:22,Fitri Yuniati,bapak sopirnya baik... trimakasih.. semoga Alloh kabulkan hajat hajatnya..,grab,google_play,bapak sopirnya baik... trimakasih.. semoga alloh kabulkan hajat hajatnya..,positive
2026-04-06 18:01:24,Nurlaila Lail,oke banget,grab,google_play,oke banget,negative
2026-04-06 17:50:15,septian dito,Nice 👌🏻,grab,google_play,nice 👌🏻,negative
2026-04-06 17:37:13,Abel Andriyan,good,grab,google_play,good,positive
2026-04-06 17:12:58,Army Monintja,jgn sering batal pesanan n promonya jarang2 sy sell naik grab..smoga grab lbh nyaman n sukses Aamiin YRA..🤲👍,grab,google_play,jgn sering batal pesanan n promonya jarang2 sy sell naik grab..smoga grab lbh nyaman n sukses aamiin yra..🤲👍,positive
2026-04-06 17:03:40,Rezky Abian,cepat sampe tujuan,grab,google_play,cepat sampe tujuan,negative
2026-04-06 16:59:38,Divani Divani,Makanan Keburu Adem klau pakai Apk Ini.. .. mencari Drivernya hampir 1 jam.. Emangnya kita tinggal dihutan belantara apa.. nyaridriver bgitu lamanya.,grab,google_play,makanan keburu adem klau pakai apk ini.. .. mencari drivernya hampir 1 jam.. emangnya kita tinggal dihutan belantara apa.. nyaridriver bgitu lamanya.,negative
2026-04-06 16:51:18,jhon kerro,agak lama sih hampir stengah jam baru daoat pengemudi🥲,grab,google_play,agak lama sih hampir stengah jam baru daoat pengemudi🥲,negative
2026-04-06 16:40:17,May Maria,top bngt deh,grab,google_play,top bngt deh,negative
2026-04-06 16:37:12,Nanang Nanang,tingkatkan lgi keramahan nya,grab,google_play,tingkatkan lgi keramahan nya,positive
2026-04-06 16:34:15,balang balang,sangat baik,grab,google_play,sangat baik,positive
2026-04-06 16:29:05,Budi Haryanto,mantap,grab,google_play,mantap,positive
2026-04-06 16:27:13,Sujarwo Rere,bagus,grab,google_play,bagus,positive
2026-04-06 16:19:10,"BINTANG IMMANUEL SITUMORANG, SE",Good,grab,google_play,good,positive
2026-04-06 16:16:51,Gottin Goddes,"ok banget, sangat membantu, apalagi kalau sedang terburu-buru.",grab,google_play,"ok banget, sangat membantu, apalagi kalau sedang terburu-buru.",positive
2026-04-06 15:37:44,Asmudi Di,puas pelayanannya.,grab,google_play,puas pelayanannya.,positive
2026-04-06 15:10:11,Arum Indonesia,selalu terbaik,grab,google_play,selalu terbaik,positive
2026-04-06 15:06:14,Jisung gf,"akun saya sering di tangguhkan tanpa alasan, saya biasanya ingin pesan namun biasa tiba-tiba tertangguhkan sendiri padahal saya tidak pernah membatalkan pesanan atau apapun itu.",grab,google_play,"akun saya sering di tangguhkan tanpa alasan, saya biasanya ingin pesan namun biasa tiba-tiba tertangguhkan sendiri padahal saya tidak pernah membatalkan pesanan atau apapun itu.",negative
2026-04-06 14:57:37,Ahmd Hnfi,terkadang driver banyak yang papipu,grab,google_play,terkadang driver banyak yang papipu,neutral
2026-04-06 14:55:00,Hendra,mantap,grab,google_play,mantap,positive
2026-04-06 14:51:08,Haikal Munadi,"Tolong dong min, saya pesen makanan pakai pengataran prioritas tapi kok makananya lama diproses sama restoranya. Saya pesen jam 2 an eh datengnya udah jam 5.40 an, saya niat beli makanan biar kenyang eh inimalah jadi kesel",grab,google_play,"tolong dong min, saya pesen makanan pakai pengataran prioritas tapi kok makananya lama diproses sama restoranya. saya pesen jam 2 an eh datengnya udah jam 5.40 an, saya niat beli makanan biar kenyang eh inimalah jadi kesel",negative
2026-04-06 14:00:33,Nurani Hia,mantap,grab,google_play,mantap,positive
2026-04-06 13:46:42,Ghozie Kuasa 3,gercep,grab,google_play,gercep,neutral
2026-04-06 13:42:08,Alloez Collection,ok bangettt,grab,google_play,ok bangettt,negative
2026-04-06 13:35:00,semprot 187,"pelayanan ampas , pesan instant sama sameday kok gada bedanya, sama sama lelet.",grab,google_play,"pelayanan ampas , pesan instant sama sameday kok gada bedanya, sama sama lelet.",negative
2026-04-06 13:25:10,BOY 199 HAIK,fast respon ini,grab,google_play,fast respon ini,negative
2026-04-06 13:13:20,Nata Nael,bagus,grab,google_play,bagus,positive
2026-04-06 13:05:17,Elfattah Nur,mantap,grab,google_play,mantap,positive
2026-04-06 12:51:50,diana mayasari,baik,grab,google_play,baik,positive
2026-04-06 12:46:53,Savinaul Zanah123,baik,grab,google_play,baik,positive
2026-04-06 12:14:25,Nurul Chumairoh,layanan yg bagus,grab,google_play,layanan yg bagus,positive
2026-04-06 12:12:33,Bolang tampan,selamat jalan lagih moga selamat di perjalanana,grab,google_play,selamat jalan lagih moga selamat di perjalanana,positive
2026-04-06 12:00:52,megaa j,"lapor! setiap menerima telpon dari pengemudi pasti ngelag, sampai pernah diprotes pengemudi kenapa telp gk dijawab? gimana mau jawab tombol jawabnya gk bisa dipencet",grab,google_play,"lapor! setiap menerima telpon dari pengemudi pasti ngelag, sampai pernah diprotes pengemudi kenapa telp gk dijawab? gimana mau jawab tombol jawabnya gk bisa dipencet",negative
2026-04-06 12:00:09,Alice Amalia,"makin mahal dan gajelas, masa yg jaraknya 1km ongkir 5rb, 2km 6rb, 4km 4rb 😭 ini sistemnya makin jauh makin murah?🤔",grab,google_play,"makin mahal dan gajelas, masa yg jaraknya 1km ongkir 5rb, 2km 6rb, 4km 4rb 😭 ini sistemnya makin jauh makin murah?🤔",negative
2026-04-06 11:53:03,Kk Juri,baik,grab,google_play,baik,positive
2026-04-06 11:44:57,Yuli Yulyani,pelayanan sangat baik,grab,google_play,pelayanan sangat baik,positive
2026-04-06 11:40:39,Angga Siddik,niccceee bagussss,grab,google_play,niccceee bagussss,positive
2026-04-06 11:31:12,Jesko Sianturi,grab baigus dan bisa di percaya,grab,google_play,grab baigus dan bisa di percaya,positive
2026-04-06 11:15:45,Desiarianti Desi,sangat cocok,grab,google_play,sangat cocok,positive
2026-04-06 11:04:54,Minan Angga,bagus,grab,google_play,bagus,positive
2026-04-06 11:04:41,enda rahmadela,bagus,grab,google_play,bagus,positive
2026-04-06 11:02:04,Juni Antari,suka,grab,google_play,suka,negative
2026-04-06 10:55:34,Navela Aulia,baik,grab,google_play,baik,positive
2026-04-06 10:46:23,Maakh Nofita,grab nh seenaknya saja yaa.. masa iya rute dekat bayarannya mahal baget,grab,google_play,grab nh seenaknya saja yaa.. masa iya rute dekat bayarannya mahal baget,negative
2026-04-06 10:45:30,Rifky Aldi,"kocak jir posisi driver ada yang dekat, tapi malah di dapetin yang jaraknya jauh bukan sekali dua kali",grab,google_play,"kocak jir posisi driver ada yang dekat, tapi malah di dapetin yang jaraknya jauh bukan sekali dua kali",negative
2026-04-06 10:36:41,Susi Susanti,membantu,grab,google_play,membantu,negative
2026-04-06 10:36:18,Owen,"pesan grab car sampainya lama,sama harga tidak sesuai dengan yang ada di app,tapi konsisten dalam melayani penumpang walaupun banyak komplain soal waktu.",grab,google_play,"pesan grab car sampainya lama,sama harga tidak sesuai dengan yang ada di app,tapi konsisten dalam melayani penumpang walaupun banyak komplain soal waktu.",negative
2026-04-06 10:26:07,Azwezaa,saya suka karena dapat driver yang dekat teruss,grab,google_play,saya suka karena dapat driver yang dekat teruss,positive
2026-04-06 10:25:20,Putra Ajay,"aplikasi yang sangat membatu untuk memudahkan kita dalam waktu yang cepat dan aman,ketika berbelanja makan atau keperluan lainnya, trimakasih sukses selalu",grab,google_play,"aplikasi yang sangat membatu untuk memudahkan kita dalam waktu yang cepat dan aman,ketika berbelanja makan atau keperluan lainnya, trimakasih sukses selalu",positive
2026-04-06 09:44:28,WARNI CELL SHOP MARKET ONLINE,tokonya lengkap,grab,google_play,tokonya lengkap,positive
2026-04-06 09:34:56,Topan Gigi,ramah dan baik,grab,google_play,ramah dan baik,positive
2026-04-06 09:32:08,Pandawa Lantai 2,Bajuz...tingkatkan lagi Min,grab,google_play,bajuz...tingkatkan lagi min,positive
2026-04-06 09:10:47,Imam Wahyudi,god job,grab,google_play,god job,neutral
2026-04-06 08:33:29,Jasoft Art,dpt driverY susah...sekaliY dpt jauh posisi driverY...jdi buang waktu,grab,google_play,dpt drivery susah...sekaliy dpt jauh posisi drivery...jdi buang waktu,negative
2026-04-06 08:22:17,Udin apipudin Udin,pokonya asik naik grab,grab,google_play,pokonya asik naik grab,positive
2026-04-06 08:08:23,Mikail_ khai,ok,grab,google_play,ok,negative
2026-04-06 07:53:42,dherwita 28,tolong dong pihak grab yang terhormat untuk membaca ulasan ini. sering kali orang berangkat kerja itu macet untuk mengantisipasi ya berangkat lebih awal tapi jangan di kasih driver yang double pelanggan terus dong . waktu kebuang banyak 4x order melakukan pemberhentian semua . tolong perhatiannya . banyak driver yang mengeluh tidak dapat orderan tapi dari pihak konsumennya malah dapet yg double customer trus . sangat amat kecewa. jika terjadi kecelakaan yang di rugikan siapa driver dan customer,grab,google_play,tolong dong pihak grab yang terhormat untuk membaca ulasan ini. sering kali orang berangkat kerja itu macet untuk mengantisipasi ya berangkat lebih awal tapi jangan di kasih driver yang double pelanggan terus dong . waktu kebuang banyak 4x order melakukan pemberhentian semua . tolong perhatiannya . banyak driver yang mengeluh tidak dapat orderan tapi dari pihak konsumennya malah dapet yg double customer trus . sangat amat kecewa. jika terjadi kecelakaan yang di rugikan siapa driver dan customer,negative
2026-04-06 07:36:49,Rio A정해인,bisa QRIS ya,grab,google_play,bisa qris ya,neutral
2026-04-06 07:30:30,Marwah,baik sekali,grab,google_play,baik sekali,negative
2026-04-06 07:27:27,Tony Fresh,Integritas Kurirnya 👍👍,grab,google_play,integritas kurirnya 👍👍,positive
2026-04-06 07:03:59,ABD WAHID WAHID,mantap,grab,google_play,mantap,positive
2026-04-06 06:46:03,Salsabila Meyga Danella,sekarang ga jelas aplikasi grab ini... PAYAH.,grab,google_play,sekarang ga jelas aplikasi grab ini... payah.,negative
2026-04-06 06:43:07,Melianawati Soesanto,"knp ya akhir2 ini susah bgt dpt drivernya... ada yg mendekat tp ga terkonek, malah tiba2 hilang... bs telat2 terus ini",grab,google_play,"knp ya akhir2 ini susah bgt dpt drivernya... ada yg mendekat tp ga terkonek, malah tiba2 hilang... bs telat2 terus ini",negative
2026-04-06 06:18:03,Arif Tamtomo,Driver Sopan dan baik,grab,google_play,driver sopan dan baik,positive
2026-04-06 04:35:16,Farhann Elvano,pesan dari jam 1 MLM jam 5 dpt driver Krn udh MLS kluar ngantuk aku TF ke driver nya tnp konfirmasi tanpa aba aba di batalin restooo biasanya aku g prnh pke ini masih percobaan pertama buat kapokkk bgtt smoga dinperbaiki dan gak lagi² pke grab cukup kecewa,grab,google_play,pesan dari jam 1 mlm jam 5 dpt driver krn udh mls kluar ngantuk aku tf ke driver nya tnp konfirmasi tanpa aba aba di batalin restooo biasanya aku g prnh pke ini masih percobaan pertama buat kapokkk bgtt smoga dinperbaiki dan gak lagi² pke grab cukup kecewa,negative
2026-04-06 03:31:31,29 Stephen Delon OS,"udah berkali kali pesen makanan hasilnya g memuaskan, terakhir pembayaran langsung bayar pake ovo org yg nganterin cman chat doank g nelpon sehingga saya g ngeh, dianya main pengiriman selesai aja barang blm sampe, saldo saya berkurang",grab,google_play,"udah berkali kali pesen makanan hasilnya g memuaskan, terakhir pembayaran langsung bayar pake ovo org yg nganterin cman chat doank g nelpon sehingga saya g ngeh, dianya main pengiriman selesai aja barang blm sampe, saldo saya berkurang",negative
2026-04-06 02:52:38,Salma Alma,cepat dan ramah,grab,google_play,cepat dan ramah,positive
2026-04-06 02:46:32,Tarwa Tarwa,terimakasih,grab,google_play,terimakasih,neutral
2026-04-06 02:19:14,M Rizki,pengantarannya cepat✌️,grab,google_play,pengantarannya cepat✌️,positive
2026-04-06 00:55:11,Adraka 0036,langganan sudah dibatalkan tapi tetap terpotong saldo,grab,google_play,langganan sudah dibatalkan tapi tetap terpotong saldo,neutral
2026-04-06 00:14:28,Safira,sangat berguna untuk kita yang mager keluar,grab,google_play,sangat berguna untuk kita yang mager keluar,positive
2026-04-05 23:51:01,marchshell jaya,mantap Drivernya Tepat Waktu Dalam Mengantar Pesanan,grab,google_play,mantap drivernya tepat waktu dalam mengantar pesanan,positive
2026-04-05 23:26:56,kevin adiyatma,gak jelas,grab,google_play,gak jelas,negative
2026-04-05 23:22:09,Haris Swastam,memuaskan.....,grab,google_play,memuaskan.....,positive
2026-04-05 23:19:16,Linda Evans,"saran aja ya,jangan kasih promo hemat pengiriman,klo estimasi pengiriman bakal lama sampai ke konsumen nya... saya sdh 2X pesan d resto yg berbeda,2 dua ny d batal kn,krn pertama estimasi terlambat dan wktu estimasi nya sampe 1 -2 jam.n saya nunggu",grab,google_play,"saran aja ya,jangan kasih promo hemat pengiriman,klo estimasi pengiriman bakal lama sampai ke konsumen nya... saya sdh 2x pesan d resto yg berbeda,2 dua ny d batal kn,krn pertama estimasi terlambat dan wktu estimasi nya sampe 1 -2 jam.n saya nunggu",negative
2026-04-05 22:26:06,renika evadiasti,"kecewa dg aplikasi grab jastip harusnya ada sosialisasi lebih sih shg driver2 udh paham kalo aplikasi grab jastib itu beda dg grab delivery krn kebanyakan driver taunya grab jastip itu sma dg grab delivery tinggal ambil barang pdhal beda. karna udh 2x ini zonk pakai grab jastip, kalo bkn krn urgen beli susu ndk bakal pakai grab jastip lg, kalo harganya puluhan ribu mngkn msh bisa dimaklumi tp ini ratusan ribu padahal udh dilebihin utk feenya malah gak dikembalikan kembaliannya .",grab,google_play,"kecewa dg aplikasi grab jastip harusnya ada sosialisasi lebih sih shg driver2 udh paham kalo aplikasi grab jastib itu beda dg grab delivery krn kebanyakan driver taunya grab jastip itu sma dg grab delivery tinggal ambil barang pdhal beda. karna udh 2x ini zonk pakai grab jastip, kalo bkn krn urgen beli susu ndk bakal pakai grab jastip lg, kalo harganya puluhan ribu mngkn msh bisa dimaklumi tp ini ratusan ribu padahal udh dilebihin utk feenya malah gak dikembalikan kembaliannya .",negative
2026-04-05 22:17:43,Rifan Syaripudin,"APLIKASI SAMPAH, ORDER GRABFOOD SAMPAI 3 JAM LEBIH DAN TOLOLNYA GAK BISA DI CANCEL. JANGAN PERNAH ORDER MAKANAN DI GRAB. BIKIN DONGKOL",grab,google_play,"aplikasi sampah, order grabfood sampai 3 jam lebih dan tololnya gak bisa di cancel. jangan pernah order makanan di grab. bikin dongkol",negative
2026-04-05 22:14:57,Chandra Christian,"Saya pengguna grab cukup lama, beberapa waktu ini respon dan layanan grab terutama di food Sangat mengecewakan, biasa pesan makan butuh waktu 40 menit, ini bisa 1jam lebih. Dan hari ini saya pesan food di akun istri saya, pesan jam 21.00 sampai saat ini 22.13 belum dapat driver . Tolong perbaiki jika tidak ingin kehilangan pengguna setia.",grab,google_play,"saya pengguna grab cukup lama, beberapa waktu ini respon dan layanan grab terutama di food sangat mengecewakan, biasa pesan makan butuh waktu 40 menit, ini bisa 1jam lebih. dan hari ini saya pesan food di akun istri saya, pesan jam 21.00 sampai saat ini 22.13 belum dapat driver . tolong perbaiki jika tidak ingin kehilangan pengguna setia.",negative
2026-04-05 22:10:04,Indah Rayzan,mantep pool,grab,google_play,mantep pool,neutral
2026-04-05 21:54:47,Agus Yasin,Pelayanan Grab baik,grab,google_play,pelayanan grab baik,positive
2026-04-05 21:54:06,Siti Almira,pengiriman tepat waktu,grab,google_play,pengiriman tepat waktu,positive
2026-04-05 21:36:26,Rahmad Saputra,mau cancel makan aja ribet,grab,google_play,mau cancel makan aja ribet,negative
2026-04-05 21:27:40,Siti Lailatul Fuadah,grab car lamaaaa ... grabfood lamaaaa gak sesuai estimasiiiiii,grab,google_play,grab car lamaaaa ... grabfood lamaaaa gak sesuai estimasiiiiii,negative
2026-04-05 21:27:07,Naima Fatimatuz alzahro,cukup membantu,grab,google_play,cukup membantu,positive
2026-04-05 21:21:56,Gina Revalinda,susah mendapatkan driver pada akhirnya pesanan makanan saya di batalkan berkali kali,grab,google_play,susah mendapatkan driver pada akhirnya pesanan makanan saya di batalkan berkali kali,negative
2026-04-05 21:21:34,gayatri cahya,"ini kenapaa yaa, aku yang eror apa gimana.. dari jam set 9 sampe skrg jm set 10 sama sekali blm dapet driver, muak bgttt nunggu lama",grab,google_play,"ini kenapaa yaa, aku yang eror apa gimana.. dari jam set 9 sampe skrg jm set 10 sama sekali blm dapet driver, muak bgttt nunggu lama",negative
2026-04-05 21:13:43,priscilla putri maharani,"skrg cari driver ssh bgt, hrs nggu 1 jam bru dpt gilaa",grab,google_play,"skrg cari driver ssh bgt, hrs nggu 1 jam bru dpt gilaa",negative
2026-04-05 21:11:44,R.S,"kalau bapak grab nya nlp ga masuk ke aplikasi cust tdk ada panggilan, dulu ada notif jika masih dlm transakai skrg ga ada.. tlg diperbaiki dong aplikasinya pdhal sdh upgrade di playstore.",grab,google_play,"kalau bapak grab nya nlp ga masuk ke aplikasi cust tdk ada panggilan, dulu ada notif jika masih dlm transakai skrg ga ada.. tlg diperbaiki dong aplikasinya pdhal sdh upgrade di playstore.",negative
2026-04-05 20:59:29,Burhan Udin,mantap respon nya cepat,grab,google_play,mantap respon nya cepat,positive
2026-04-05 20:58:22,Jandri Yasa,"MITRA PENGEMUDI TIDAK ADA YANG MAU AMBIL SETIAP MESAN, DAN TIDAK BISA DI BATAL KAN.",grab,google_play,"mitra pengemudi tidak ada yang mau ambil setiap mesan, dan tidak bisa di batal kan.",neutral
2026-04-05 20:56:37,Celeng51 Celeng51,bagus,grab,google_play,bagus,positive
2026-04-05 20:55:51,Yuni Trisiawati,ok,grab,google_play,ok,negative
2026-04-05 20:48:44,Achmad Andy Wijaya,banyak yg cancel drivernya,grab,google_play,banyak yg cancel drivernya,negative
2026-04-05 20:31:09,Rita -,sangat disayangkan ga ada fitur grabnow untuk grabcar sprti di 'taksi biru' yg memudahkan pemesanan klo on the spot dan klo pngn lebih cepet 😥,grab,google_play,sangat disayangkan ga ada fitur grabnow untuk grabcar sprti di 'taksi biru' yg memudahkan pemesanan klo on the spot dan klo pngn lebih cepet 😥,negative
2026-04-05 20:07:52,Fitri S,"aku pengguna baru, mau pesan makanan di minta verifikasi wajah, sudah ikut perintah tapi sulit sekali verifikasi nya. jadi ngga mood lagi buat pesan",grab,google_play,"aku pengguna baru, mau pesan makanan di minta verifikasi wajah, sudah ikut perintah tapi sulit sekali verifikasi nya. jadi ngga mood lagi buat pesan",negative
2026-04-05 20:05:26,Rifai Ipay,terbaik,grab,google_play,terbaik,positive
2026-04-05 19:58:02,Natalia Pradana,"semua metode pembayaran saya ditolak,mohon solusinya",grab,google_play,"semua metode pembayaran saya ditolak,mohon solusinya",negative
2026-04-05 19:54:52,Siska Trianingsih,sangat baik,grab,google_play,sangat baik,positive
2026-04-05 19:50:01,Sholeh Jamil,memuaskan,grab,google_play,memuaskan,negative
2026-04-05 19:38:49,Imam Subehi,ok,grab,google_play,ok,negative
2026-04-05 19:33:21,Rizky Surya,tlol susah bngt dpt driver,grab,google_play,tlol susah bngt dpt driver,negative
2026-04-05 19:26:40,blue ocean,setelah di update malah lemot,grab,google_play,setelah di update malah lemot,negative
2026-04-05 19:24:16,Pasukan Samsung,sangat membantu,grab,google_play,sangat membantu,positive
2026-04-05 19:21:41,Ahza Maulana Prakarsa,nyaman dan bersih dan perjalanan nya pun asik,grab,google_play,nyaman dan bersih dan perjalanan nya pun asik,positive
2026-04-05 19:07:33,Intan Febryningsih,baik,grab,google_play,baik,positive
2026-04-05 19:01:38,Sarnawati 123,"baik,sopan, mobil rapih dan bersih",grab,google_play,"baik,sopan, mobil rapih dan bersih",positive
2026-04-05 18:50:51,Yendra Paldi,mantap,grab,google_play,mantap,positive
2026-04-05 18:33:21,Intan Rahayu,"agak lama mungkin antri, tp mz nya ramah",grab,google_play,"agak lama mungkin antri, tp mz nya ramah",positive
2026-04-05 18:29:41,AHMAD ARIEL,Sistem Nya Ke Makanan Tolong Di Perbaiki Lagi,grab,google_play,sistem nya ke makanan tolong di perbaiki lagi,negative
2026-04-05 18:21:36,Putri Lina,"grabfood ini tolong Di perbaiki lg lh.. buat mau makan aja nunggu berjam"" pengenmudi nya.. di batalin gk bisa kelen suruh tunggu org udh kelaparan kelen suruh nunggu di mana otak kelen.. 2 smpe 3 jam nunggu gak dapat"" ... seharusnya kelen buat batalkan pesan mandiri capek x lihat nya asik gitu"" aja.. tlong lh agak kelen perbaiki.. udh gk dapat 1 jam an aja seharusnya kelen buat batal mandiri nya.. gk harus kelen suru org nunggu berjam""",grab,google_play,"grabfood ini tolong di perbaiki lg lh.. buat mau makan aja nunggu berjam"" pengenmudi nya.. di batalin gk bisa kelen suruh tunggu org udh kelaparan kelen suruh nunggu di mana otak kelen.. 2 smpe 3 jam nunggu gak dapat"" ... seharusnya kelen buat batalkan pesan mandiri capek x lihat nya asik gitu"" aja.. tlong lh agak kelen perbaiki.. udh gk dapat 1 jam an aja seharusnya kelen buat batal mandiri nya.. gk harus kelen suru org nunggu berjam""",negative
2026-04-05 18:20:56,Zahrun Nisa,good,grab,google_play,good,positive
2026-04-05 17:58:53,Ali Akbar,mode hemat tapi susah cari driver,grab,google_play,mode hemat tapi susah cari driver,negative
2026-04-05 17:06:32,Putra Tazik,ok,grab,google_play,ok,negative
2026-04-05 17:04:41,Adil Azis,sangat membantu,grab,google_play,sangat membantu,positive
2026-04-05 17:01:04,Elly Mashar,pelayanan mantap,grab,google_play,pelayanan mantap,positive
2026-04-05 16:49:14,Andini Novita Ramandani,"driver ngga paham sama fitur grab mart, bukannya diambil dulu malah langsung ke tempat pengantaran tpi barang belum diambil😭😭",grab,google_play,"driver ngga paham sama fitur grab mart, bukannya diambil dulu malah langsung ke tempat pengantaran tpi barang belum diambil😭😭",negative
2026-04-05 16:26:59,Vebri,GRAB SCAM PENYELESAIAN TIDAK OBJEKTIF saya beli dari grabmart SunCo tapi alfamart ganti Filma tanpa konfirmasi dan struk masih SunCo jadi binggung karena driver lampirkan struk itu jadi coba hubungi alfamart gak ada balasan laporan dihalaman grab dibilang sesuai berdasarkan struk. biasanya kalo barang habis tanpa edit memang diganti dengan struk sesuai order tapi dengan konfirmasi ini tanpa konfirmasi diganti jadi kecewa dengan grabmart pelayanan kurang objektif kecewa banget sama grab pokoknya,grab,google_play,grab scam penyelesaian tidak objektif saya beli dari grabmart sunco tapi alfamart ganti filma tanpa konfirmasi dan struk masih sunco jadi binggung karena driver lampirkan struk itu jadi coba hubungi alfamart gak ada balasan laporan dihalaman grab dibilang sesuai berdasarkan struk. biasanya kalo barang habis tanpa edit memang diganti dengan struk sesuai order tapi dengan konfirmasi ini tanpa konfirmasi diganti jadi kecewa dengan grabmart pelayanan kurang objektif kecewa banget sama grab pokoknya,negative
2026-04-05 16:23:25,Reyha 58,good,grab,google_play,good,positive
2026-04-05 16:01:35,Rani Astuti,senang dpt pengemudi yg Cewek.. 🫠👍,grab,google_play,senang dpt pengemudi yg cewek.. 🫠👍,positive
2026-04-05 15:30:38,MUHAMMAD MUKHLIS,bintang,grab,google_play,bintang,neutral
2026-04-05 15:28:22,dafa ulhaq,grabfood terlambat 1 jam,grab,google_play,grabfood terlambat 1 jam,negative
2026-04-05 15:10:16,Iyan Mulyana,cepat tanggap,grab,google_play,cepat tanggap,positive
2026-04-05 15:09:46,Suryo Super,"Janganlah serakah. kau mark up harga makanan, kau ambil jg dr seller, dr buyer & dr driver. Ingatlah ojol2 lokal mulai bermunculan, mrk cm bayar driver aja.",grab,google_play,"janganlah serakah. kau mark up harga makanan, kau ambil jg dr seller, dr buyer & dr driver. ingatlah ojol2 lokal mulai bermunculan, mrk cm bayar driver aja.",negative
2026-04-05 14:45:22,XANDER Ilham,"bagus, cuma pas pakai bayar prioritas pas nunggu lama waktu yang di tetapkan tiba tiba di ubah aplikasi dari yang target jam 2-3 tiba tiba di ubah jadi 3-4, sama aja dong kayak yang ngga prioritas, percuma ngarepin voucher dari terlambat kalau pas waktu lama tiba tiba di ubah target estimasi waktu sesukanya",grab,google_play,"bagus, cuma pas pakai bayar prioritas pas nunggu lama waktu yang di tetapkan tiba tiba di ubah aplikasi dari yang target jam 2-3 tiba tiba di ubah jadi 3-4, sama aja dong kayak yang ngga prioritas, percuma ngarepin voucher dari terlambat kalau pas waktu lama tiba tiba di ubah target estimasi waktu sesukanya",negative
2026-04-05 14:40:45,Anita Rambu Magdalena,pelayanan nya bagus,grab,google_play,pelayanan nya bagus,positive
2026-04-05 14:35:44,TERRA MAHARDHIKA Kartika Putra,"masalahnya sama terus dari kapan hari, jika pesanan dibatalkan maka refund tanpa jeda waktu lah, kenapa harus menunggu 60 menit???, aneh",grab,google_play,"masalahnya sama terus dari kapan hari, jika pesanan dibatalkan maka refund tanpa jeda waktu lah, kenapa harus menunggu 60 menit???, aneh",negative
2026-04-05 14:33:29,Pipit Arifin,"tepat waktu, ramah",grab,google_play,"tepat waktu, ramah",positive
2026-04-05 14:32:13,Tarlam Khan,"Grab Bike harus lebih saftey lg, biar nyaman penumpang.., sama pencarian kendaraan juga lama sampe di cancel2...",grab,google_play,"grab bike harus lebih saftey lg, biar nyaman penumpang.., sama pencarian kendaraan juga lama sampe di cancel2...",negative
2026-04-05 14:22:56,reyhan syafitri7777,maps ga jelas 2x ga sesuai,grab,google_play,maps ga jelas 2x ga sesuai,negative
2026-04-05 14:16:42,Nirmala Nirmala,ramah dan baik,grab,google_play,ramah dan baik,positive
2026-04-05 13:58:53,Dhanie Rahman,ok,grab,google_play,ok,negative
2026-04-05 13:53:13,B edi Sucipto,"josssss...., Top Markotop dan Lai. Sebagainya",grab,google_play,"josssss...., top markotop dan lai. sebagainya",positive
2026-04-05 13:29:13,Samsu Sam,mantap,grab,google_play,mantap,positive
2026-04-05 13:15:31,Suwito Nolo,ok,grab,google_play,ok,negative
2026-04-05 13:13:51,Mukhtar Efendi,pengemudi ramah. cara mengemudi enak,grab,google_play,pengemudi ramah. cara mengemudi enak,positive
2026-04-05 12:32:45,Mastura Tura,drivernya ramah,grab,google_play,drivernya ramah,positive
2026-04-05 12:20:28,Marianus Marianus,good,grab,google_play,good,positive
2026-04-05 12:16:38,Ayuangita Ayu,sangat bagus,grab,google_play,sangat bagus,positive
2026-04-05 11:54:56,Anisa Bella,banyak pengemudi penipu...,grab,google_play,banyak pengemudi penipu...,negative
2026-04-05 11:47:17,Nur Halimah,"tolong dong itu driver lu, emang iya sop nya driver boleh pake knalpot brong, iya sih emng saya pake promo diskon. dapet driver motornya berisikkkkkkk bngt bikin sakit telinga mana panas bikin pusing aja sepanjang jalan hadehhh.",grab,google_play,"tolong dong itu driver lu, emang iya sop nya driver boleh pake knalpot brong, iya sih emng saya pake promo diskon. dapet driver motornya berisikkkkkkk bngt bikin sakit telinga mana panas bikin pusing aja sepanjang jalan hadehhh.",negative
2026-04-05 11:44:55,rengga aja,baik,grab,google_play,baik,positive
2026-04-05 11:39:19,Nazhwa Rayhana,sesuai dan berguna,grab,google_play,sesuai dan berguna,positive
2026-04-05 11:34:54,Saddam Andreannanto,baik,grab,google_play,baik,positive
2026-04-05 11:25:25,Saepul Annam,Bagus,grab,google_play,bagus,positive
2026-04-05 11:21:01,Bagio Hartono,sering dalam tempat qqpenjemputan salah melulu,grab,google_play,sering dalam tempat qqpenjemputan salah melulu,negative
2026-04-05 11:12:56,Juni Lespian Hadi,oke banget,grab,google_play,oke banget,negative
2026-04-05 11:12:39,Lukman Hakim234,baik,grab,google_play,baik,positive
2026-04-05 11:12:16,Muhammad Ulil Albab,Minta Tolong ban akunnya Driver aneh masak saya yang disuruh cancel pesanan karena motornya mogok atas nama Agustinus Kasianto driver grab malang.,grab,google_play,minta tolong ban akunnya driver aneh masak saya yang disuruh cancel pesanan karena motornya mogok atas nama agustinus kasianto driver grab malang.,negative
2026-04-05 11:00:14,Sefi Keysha,ok aq suka apk ny bagus 👍,grab,google_play,ok aq suka apk ny bagus 👍,positive
2026-04-05 10:55:17,Iyan Blek,terpercaya,grab,google_play,terpercaya,positive
2026-04-05 10:45:43,Rostono Jablay,praktis,grab,google_play,praktis,negative
2026-04-05 10:44:55,Herry Kacapiring,Tidak pernah mengecewakan selama order Grab. Tingkat pelayanan lebih mantabh dari pada sebelah,grab,google_play,tidak pernah mengecewakan selama order grab. tingkat pelayanan lebih mantabh dari pada sebelah,positive
2026-04-05 10:34:47,Zulkarnain Zulkarnain,Driver sangat baik dan bersahabat,grab,google_play,driver sangat baik dan bersahabat,positive
2026-04-05 10:11:52,Tu Misah,cocok dengan makananya dan pengantaran tepat waktu serta ramah..terimakasih🙏,grab,google_play,cocok dengan makananya dan pengantaran tepat waktu serta ramah..terimakasih🙏,positive
2026-04-05 10:09:32,Diah Sundari 5386,"Sangat bagus aplikasinya , setelah diupdate",grab,google_play,"sangat bagus aplikasinya , setelah diupdate",positive
2026-04-05 10:06:45,Fely Cia,"udah entah keberapa kalinya di batalin terus sama pihak grabnya, padahal mau pesen makan karna sudah lapar posisi sudah malam",grab,google_play,"udah entah keberapa kalinya di batalin terus sama pihak grabnya, padahal mau pesen makan karna sudah lapar posisi sudah malam",negative
2026-04-05 10:01:13,Naufal Ferdi,"ui ux sampah, membingungkan customer",grab,google_play,"ui ux sampah, membingungkan customer",negative
2026-04-05 09:57:02,Mus Topa,very good,grab,google_play,very good,neutral
2026-04-05 09:46:49,Warung Banghen,Drivernya ramah rapih dan sopan,grab,google_play,drivernya ramah rapih dan sopan,positive
2026-04-05 09:39:00,Muhamad Fadilah,yang grab bike hemat nya sedikit,grab,google_play,yang grab bike hemat nya sedikit,positive
2026-04-05 09:10:56,jelita ramadhani,SUSAH BANGET DAPET PENGANTAR NYA,grab,google_play,susah banget dapet pengantar nya,negative
2026-04-05 08:24:24,Adi Àdi,ok baik,grab,google_play,ok baik,negative
2026-04-05 08:20:04,Nabila Septiningrum,aplikasi yang hmmmm apa ya.. tidak bisa mengajukan refund pembatalan langganan 🤣 lucuuuu,grab,google_play,aplikasi yang hmmmm apa ya.. tidak bisa mengajukan refund pembatalan langganan 🤣 lucuuuu,negative
2026-04-05 08:08:33,Much Rosyidi,good job × God usopp ✓,grab,google_play,good job × god usopp ✓,positive
2026-04-05 08:03:22,Asih Suwarsih,driver nya sangat ramah sekali,grab,google_play,driver nya sangat ramah sekali,positive
2026-04-05 07:44:35,Julianda P,👍,grab,google_play,👍,negative
2026-04-05 07:42:59,Niken Luqizar,sangat membantu,grab,google_play,sangat membantu,positive
2026-04-05 07:16:17,rahmawati .Diwirya,"udah 4 tahun menggunakan jasa driver grab. Alhamdulillah aman ngga ada keluhan apapun. disayangkan hampir 1 bulan ini (maret 2026) saya mengeluhkan sikap driver mobil yang mematok harga sendiri, tidak sesuai dengan aplikasi. Tanggal 22 maret saya pesan grab car dengan tujuan ke stasiun, di aplikasi itu harganya Rp36.000, driver menelepon saya dari aplikasi bilang ""ini mbak mau ke stasiun ya, bisa ngga bayar saya 80.000,- kalau mbak bersedia saya akan jalan. "" mohon kebijaksanaannya Bpk/ibu🙏",grab,google_play,"udah 4 tahun menggunakan jasa driver grab. alhamdulillah aman ngga ada keluhan apapun. disayangkan hampir 1 bulan ini (maret 2026) saya mengeluhkan sikap driver mobil yang mematok harga sendiri, tidak sesuai dengan aplikasi. tanggal 22 maret saya pesan grab car dengan tujuan ke stasiun, di aplikasi itu harganya rp36.000, driver menelepon saya dari aplikasi bilang ""ini mbak mau ke stasiun ya, bisa ngga bayar saya 80.000,- kalau mbak bersedia saya akan jalan. "" mohon kebijaksanaannya bpk/ibu🙏",negative
2026-04-05 06:48:53,apri_supriono apri,keren,grab,google_play,keren,positive
2026-04-05 06:29:02,Fa Ra,bagus,grab,google_play,bagus,positive
2026-04-05 06:08:20,Almahyra,bintang yg berbicara,grab,google_play,bintang yg berbicara,neutral
2026-04-05 05:48:54,Hendra Djoehardi,Santun dan pengertian.👍👍,grab,google_play,santun dan pengertian.👍👍,positive
2026-04-05 04:51:12,roman adryan,ok,grab,google_play,ok,negative
2026-04-05 04:21:18,Mas Amah,driver nya ga ada yg Mau duit apa .suami saya mau berangkat kerja sampai lama menunggu drivernya..buruk sekali,grab,google_play,driver nya ga ada yg mau duit apa .suami saya mau berangkat kerja sampai lama menunggu drivernya..buruk sekali,negative
2026-04-05 02:57:47,Joko Sarjono,best👍,grab,google_play,best👍,positive
2026-04-05 01:40:13,Rhendy Rhen,sangat terbantu,grab,google_play,sangat terbantu,positive
2026-04-05 00:13:12,Andi Chua,bagus,grab,google_play,bagus,positive
2026-04-04 22:39:16,Sanri pandiangan,"bagus baguslah kalian , udah lama nunggu drivernya, tiba tiba di cancel",grab,google_play,"bagus baguslah kalian , udah lama nunggu drivernya, tiba tiba di cancel",negative
2026-04-04 22:35:07,Bayu Hidayat,sangat membantu,grab,google_play,sangat membantu,positive
2026-04-04 22:05:29,Anggi Adesti,Kenapa ya nunggu driver sekarang tuh lama banget. Ga ada pergerakan. Terlambat.,grab,google_play,kenapa ya nunggu driver sekarang tuh lama banget. ga ada pergerakan. terlambat.,negative
2026-04-04 21:54:26,Yosùa Meek,harga dibandingkan kompetitor lainnya lebih murah,grab,google_play,harga dibandingkan kompetitor lainnya lebih murah,positive
2026-04-04 21:53:52,Tiara Silvia,"pesen grabfood udah 2 jam lebih gaada yang ngambil, kelamaan",grab,google_play,"pesen grabfood udah 2 jam lebih gaada yang ngambil, kelamaan",negative
2026-04-04 21:34:47,Peok Peok,ok,grab,google_play,ok,negative
2026-04-04 21:11:30,Rinda,payah nunggu 2 jam cuman liatin mencari driver di batalin alasan nya sedang meningkatan pencarian driver ..,grab,google_play,payah nunggu 2 jam cuman liatin mencari driver di batalin alasan nya sedang meningkatan pencarian driver ..,negative
2026-04-04 21:01:22,Andika Tio,"aplikator sangat buruk pelayanannya. grab food, saya memesan grab food dan udah nunggu lama tapi gk dapat Drive sama sekali, saya mau ngajuin pembatalan gk bisa, setelah 50 menit baru saya bisa membatalkan. maksud saya tu, kalian masih waras kan?, 50 menit itu waktu yg sangat lama dan bisa membuat orang kehilangan selera makan. padahal biasanya 30 menit gk dapat Drive langsung bisa di batalin, kok sekarang jadi 50 menit, saya sangat kecewa, makin kedepan kebijakan ini aplikasi makin bobrok.",grab,google_play,"aplikator sangat buruk pelayanannya. grab food, saya memesan grab food dan udah nunggu lama tapi gk dapat drive sama sekali, saya mau ngajuin pembatalan gk bisa, setelah 50 menit baru saya bisa membatalkan. maksud saya tu, kalian masih waras kan?, 50 menit itu waktu yg sangat lama dan bisa membuat orang kehilangan selera makan. padahal biasanya 30 menit gk dapat drive langsung bisa di batalin, kok sekarang jadi 50 menit, saya sangat kecewa, makin kedepan kebijakan ini aplikasi makin bobrok.",negative
2026-04-04 20:58:18,Alan Peter,layanan grab foodnya lama sekali respon drivernya,grab,google_play,layanan grab foodnya lama sekali respon drivernya,negative
2026-04-04 20:54:36,Azhar123 Ganteng,mantap nyaman banget supirnya ju ga ramah,grab,google_play,mantap nyaman banget supirnya ju ga ramah,negative
2026-04-04 20:50:04,Nor Afid,smmgat mmbantu,grab,google_play,smmgat mmbantu,positive
2026-04-04 20:32:42,Rafael Arfirianto,Looding setahun lebih,grab,google_play,looding setahun lebih,negative
2026-04-04 20:32:01,Amalia Zainun,kenapa semakin lama semakin menjengkelkan lemotnya minta ampun di perbaiki lagi dong nyebelin banget,grab,google_play,kenapa semakin lama semakin menjengkelkan lemotnya minta ampun di perbaiki lagi dong nyebelin banget,negative
2026-04-04 20:26:51,Nasya Syaikhu,sangat terbantu sekali.,grab,google_play,sangat terbantu sekali.,positive
2026-04-04 20:25:14,Surya Piyawito,ovo paylaternya berapa lama baru bisa dipakai udh 3 hari masih belum bisa,grab,google_play,ovo paylaternya berapa lama baru bisa dipakai udh 3 hari masih belum bisa,negative
2026-04-04 20:20:04,Leon pratama Kurniawan,"untuk pembayaran pakai QR susah, mending langsung tampil kode QR dicustomer saja 🙏",grab,google_play,"untuk pembayaran pakai qr susah, mending langsung tampil kode qr dicustomer saja 🙏",neutral
2026-04-04 20:18:34,Insanul Qur'ani,adain fitur bayar pakai aplikasi dana,grab,google_play,adain fitur bayar pakai aplikasi dana,neutral
2026-04-04 20:14:52,Gema anak mapia,ga niat bgt nganter orderan lama bat kayak siputt,grab,google_play,ga niat bgt nganter orderan lama bat kayak siputt,negative
2026-04-04 20:01:12,Tomi Agus pami,sosial,grab,google_play,sosial,neutral
2026-04-04 20:00:49,Tegar Al Aqbar,"Pesen grab food lama, alasan antwr banyak pesenan padahal pesen bukan yang ekonomi. makin kesini makin aneehh grab",grab,google_play,"pesen grab food lama, alasan antwr banyak pesenan padahal pesen bukan yang ekonomi. makin kesini makin aneehh grab",negative
2026-04-04 19:52:58,Lathifah Second,"enak tapi akhir akhir ini ko para drivernnya suka cancel tiba tiba ya? jadi males, orng buru buru g ad motor malah dicancel",grab,google_play,"enak tapi akhir akhir ini ko para drivernnya suka cancel tiba tiba ya? jadi males, orng buru buru g ad motor malah dicancel",negative
2026-04-04 19:44:38,Zaitun Sp Atun,trims sdh tepat,grab,google_play,trims sdh tepat,positive
2026-04-04 19:16:24,sulli mahal,"tampilan barunya merepotkan, sulit dipahami. pesan promosi ditampilkan seperti pesan biasa",grab,google_play,"tampilan barunya merepotkan, sulit dipahami. pesan promosi ditampilkan seperti pesan biasa",negative
2026-04-04 19:15:02,Agus Siswanto,bagus pelayanannya,grab,google_play,bagus pelayanannya,positive
2026-04-04 19:11:03,Andre Siahaan,ramah dan baik',grab,google_play,ramah dan baik',positive
2026-04-04 19:08:04,Hanif Saputra,bagusss lebih murah dr pada gojek,grab,google_play,bagusss lebih murah dr pada gojek,positive
2026-04-04 19:07:13,Thomy zig'zag,kendaraan banyak gak mau ambil.. sngat d sayangkan pihak grab yah gk ada gerakan,grab,google_play,kendaraan banyak gak mau ambil.. sngat d sayangkan pihak grab yah gk ada gerakan,negative
2026-04-04 18:57:15,06 Dharma Ika,"kenapa ada promo gabisa dipakai padahal sudah sesuai ketentuan. Saya membeli mie kober, dalam pesanan ditampilkan promo diskon 40% minimal belanja 30 ribu. Namun kenapa promo tersebut tidak bisa dipakai, dari yang saya baca di aplikasi tidak ada kondisi yang membuat tak dapat digunakan. Total belanja 70 ribu, tidak membeli alkohol juga.",grab,google_play,"kenapa ada promo gabisa dipakai padahal sudah sesuai ketentuan. saya membeli mie kober, dalam pesanan ditampilkan promo diskon 40% minimal belanja 30 ribu. namun kenapa promo tersebut tidak bisa dipakai, dari yang saya baca di aplikasi tidak ada kondisi yang membuat tak dapat digunakan. total belanja 70 ribu, tidak membeli alkohol juga.",negative
2026-04-04 18:51:42,hery jwehos,"Aplikasi Koplak!! kalau lagi hujan harga nggak ngotak 6x lipat dari harga normal. KALAU NAIK 1X SIH, MASIH WAJAR. PERBAIKI LAYANAN MU, TERUTAMA HARGA SAAT HUJAN",grab,google_play,"aplikasi koplak!! kalau lagi hujan harga nggak ngotak 6x lipat dari harga normal. kalau naik 1x sih, masih wajar. perbaiki layanan mu, terutama harga saat hujan",negative
2026-04-04 18:47:28,Yasir Maulana,ok,grab,google_play,ok,negative
2026-04-04 18:46:45,Asih Asih,kalo hujan kok susah dpat tolong perbarui lah mobil kok yo lama gak nyantol,grab,google_play,kalo hujan kok susah dpat tolong perbarui lah mobil kok yo lama gak nyantol,negative
2026-04-04 18:38:43,gunawan aji,proses nya kok lama ya,grab,google_play,proses nya kok lama ya,negative
2026-04-04 18:35:41,Taufik Hidayat Lubis,"lah dh dihapus diskon makanan 52% nya, jadinya apa fungsi aku berlangganan",grab,google_play,"lah dh dihapus diskon makanan 52% nya, jadinya apa fungsi aku berlangganan",negative
2026-04-04 18:19:54,Jeans Modern,drivernya ramah...👍,grab,google_play,drivernya ramah...👍,positive
2026-04-04 18:18:13,Aluna Syafira Kurdi,ok,grab,google_play,ok,negative
2026-04-04 17:54:36,Riad Kamal,keren grab,grab,google_play,keren grab,neutral
2026-04-04 17:37:18,Tri Sunoko,mantap pesanan cepat sampai,grab,google_play,mantap pesanan cepat sampai,positive
2026-04-04 17:29:32,tyaangelina,UDAH NUNGGU 2 JAM TAPI TTP GA DAPET DRIVER!!!!,grab,google_play,udah nunggu 2 jam tapi ttp ga dapet driver!!!!,negative
2026-04-04 17:29:00,Sakhi Muhammad,semoga berkah dan bermanfaat 🤲🏻🤲🏻🤲🏻,grab,google_play,semoga berkah dan bermanfaat 🤲🏻🤲🏻🤲🏻,positive
2026-04-04 17:23:46,tarmi nurhayati,bagussss,grab,google_play,bagussss,positive
2026-04-04 17:16:00,topik topik,mantap,grab,google_play,mantap,positive
2026-04-04 17:11:15,Dyah Mega,sangat puas,grab,google_play,sangat puas,positive
2026-04-04 17:05:28,raras Putri,"banyak driver grab khususnya mobil banyak ngeluh krna potongan dr sistem nya yg gede, jadi bnyak driver nego negoan sblm jalan, kadang suka maksa kita yg membatalkan orderan krna kita ga mau pesen offline/kasih tambahan. pdhl gue ga pelit2 amat wkwk entah lah jadi kurang nyaman skrg,",grab,google_play,"banyak driver grab khususnya mobil banyak ngeluh krna potongan dr sistem nya yg gede, jadi bnyak driver nego negoan sblm jalan, kadang suka maksa kita yg membatalkan orderan krna kita ga mau pesen offline/kasih tambahan. pdhl gue ga pelit2 amat wkwk entah lah jadi kurang nyaman skrg,",negative
2026-04-04 17:04:08,Tioma,"driver jarang mengambil orderan, lama sekali dapat driver",grab,google_play,"driver jarang mengambil orderan, lama sekali dapat driver",negative
2026-04-04 17:00:24,Erlina Kecik,sekarang gak bisa membatalkan grabfood. dulu masih bisa. jadi saya tinggalkan grab beberapa bulan. tadi coba lagi pesan mau batalkan gak bisa langsung gak ada keluar pembatalan. dulu masih ada jeda bbrp detik kalau ada yg lupa bisa diulang pesan lagi. cukuplah ini. saya gak mau lagi pesan grab. mana harga lebih mahal gak bisa batalkan pdhal belum dibuat resto. waktu itu malah lebih satu jam baru dapat driver lewat tengah malam. biasanya otomatis batal oleh sistem ini gak. kasian diver dan pembel,grab,google_play,sekarang gak bisa membatalkan grabfood. dulu masih bisa. jadi saya tinggalkan grab beberapa bulan. tadi coba lagi pesan mau batalkan gak bisa langsung gak ada keluar pembatalan. dulu masih ada jeda bbrp detik kalau ada yg lupa bisa diulang pesan lagi. cukuplah ini. saya gak mau lagi pesan grab. mana harga lebih mahal gak bisa batalkan pdhal belum dibuat resto. waktu itu malah lebih satu jam baru dapat driver lewat tengah malam. biasanya otomatis batal oleh sistem ini gak. kasian diver dan pembel,negative
2026-04-04 16:49:38,Af Rizal,sangat puas,grab,google_play,sangat puas,positive
2026-04-04 16:48:53,Yulian Mandala,sopir minta batal tetapi saldo terpotong dan laporan terlalu ribet dgn alasan sedang dipantau,grab,google_play,sopir minta batal tetapi saldo terpotong dan laporan terlalu ribet dgn alasan sedang dipantau,negative
2026-04-04 16:34:28,Neko_ Chan,Semangkin lama semangkin tak logika. perjalanan 2km kena cas 24 Ringgit. Apa lah grab bodo sangat...,grab,google_play,semangkin lama semangkin tak logika. perjalanan 2km kena cas 24 ringgit. apa lah grab bodo sangat...,negative
2026-04-04 16:21:32,Siti Indahsari,baik,grab,google_play,baik,positive
2026-04-04 16:20:36,Raal Zyan,Aplikasi sampah,grab,google_play,aplikasi sampah,negative
2026-04-04 15:58:56,maulana Rixzki,ok,grab,google_play,ok,negative
2026-04-04 15:50:50,Ananda Regita,susah dapet driver padahal bukan jam sibuk/hujan,grab,google_play,susah dapet driver padahal bukan jam sibuk/hujan,negative
2026-04-04 15:46:42,Yanti Rahmasari,keren,grab,google_play,keren,positive
2026-04-04 15:46:26,Susilawati Grab,baik .,grab,google_play,baik .,negative
2026-04-04 15:37:44,jodi siswant,membantu transportasi,grab,google_play,membantu transportasi,neutral
2026-04-04 15:31:21,Yayan hutani,gek jelassss.. lama2,grab,google_play,gek jelassss.. lama2,negative
2026-04-04 15:26:32,Masita Ksp,bagus,grab,google_play,bagus,positive
2026-04-04 15:19:19,Vicky Chandra,"Sistem randomisasi nya suka dapat driver posisi jauh... Map dari grab juga suka tidak akurat, perjalanan suka keputar2 jauh jadinya, mohon diperbaiki",grab,google_play,"sistem randomisasi nya suka dapat driver posisi jauh... map dari grab juga suka tidak akurat, perjalanan suka keputar2 jauh jadinya, mohon diperbaiki",negative
2026-04-04 15:16:50,Budi Dores,terimakasih untuk pak supir,grab,google_play,terimakasih untuk pak supir,neutral
2026-04-04 15:11:40,Eko Effendi,ok,grab,google_play,ok,negative
2026-04-04 15:01:41,Rohman Karna,bagus,grab,google_play,bagus,positive
2026-04-04 14:54:34,Dimas Rengga,"dapet driver nya lama saya dua kali telat kerja gara nunggu driver nga dapet""",grab,google_play,"dapet driver nya lama saya dua kali telat kerja gara nunggu driver nga dapet""",negative
2026-04-04 14:51:01,Siti Holipah,mantap,grab,google_play,mantap,positive
2026-04-04 14:46:33,Azmi Fadhil,di saat ke Pepet ini aplikasi yang saya suka,grab,google_play,di saat ke pepet ini aplikasi yang saya suka,positive
2026-04-04 14:22:21,Acih 123,baik sekali,grab,google_play,baik sekali,negative
2026-04-04 14:11:15,Burhanuddin Rabbani,"tidak transparan dalam ratting costumer, sedangkan driver dengan mudah mengetahui ratting nya. sangat tidak adil.",grab,google_play,"tidak transparan dalam ratting costumer, sedangkan driver dengan mudah mengetahui ratting nya. sangat tidak adil.",negative
2026-04-04 14:10:28,Akilaletisya,ok,grab,google_play,ok,negative
2026-04-04 13:50:52,Deni Prasetyo,oke mantap,grab,google_play,oke mantap,positive
2026-04-04 13:38:26,Iki Fadillah,"ditukarlh makanannya ,, terimakasih",grab,google_play,"ditukarlh makanannya ,, terimakasih",positive
2026-04-04 13:36:46,Wine Aisyah,bagus berguna banget dan membantu saya untuk kemana kemana,grab,google_play,bagus berguna banget dan membantu saya untuk kemana kemana,positive
2026-04-04 13:32:24,Alim Lie,good service,grab,google_play,good service,positive
2026-04-04 12:43:17,ahmad ope,bagus banget,grab,google_play,bagus banget,positive
2026-04-04 12:38:28,Dinda Ayunda,bisa untuk antar jemput dan nyaman saat berkendara,grab,google_play,bisa untuk antar jemput dan nyaman saat berkendara,positive
2026-04-04 12:11:10,strawberry 27,"driver grabfood bisa ya seenaknya cancel yg mau di antar, gak pakai beritau tau , parah bener",grab,google_play,"driver grabfood bisa ya seenaknya cancel yg mau di antar, gak pakai beritau tau , parah bener",negative
2026-04-04 12:10:13,Sugianto Anto,baik,grab,google_play,baik,positive
2026-04-04 11:35:08,One Piece,good,grab,google_play,good,positive
2026-04-04 11:30:25,Rinee Loy,The best,grab,google_play,the best,neutral
2026-04-04 11:24:24,Muafah,Makain mantap,grab,google_play,makain mantap,positive
2026-04-04 11:23:01,Edy Rudianto,makin baik,grab,google_play,makin baik,positive
2026-04-04 11:06:45,Gendis Manis,bagus,grab,google_play,bagus,positive
2026-04-04 10:59:21,Deniiesta Federiicho,kenapa sekarang diaplikasi cust bisa terbatasi pilihan untuk pemberian tips kdriver,grab,google_play,kenapa sekarang diaplikasi cust bisa terbatasi pilihan untuk pemberian tips kdriver,negative
2026-04-04 10:51:59,Arif Pin,ok 👍,grab,google_play,ok 👍,negative
2026-04-04 10:46:12,Ayub Pencarituhan,terimakasih sudah banyak membantu,grab,google_play,terimakasih sudah banyak membantu,positive
2026-04-04 10:33:15,Rahmad Putranto,mantab jiwa,grab,google_play,mantab jiwa,neutral
2026-04-04 10:31:02,Day ART,good thanks,grab,google_play,good thanks,positive
2026-04-04 10:29:19,ade rudiman,mantaf supir nya,grab,google_play,mantaf supir nya,negative
2026-04-04 10:12:31,Leli Laily02,parah makin mahal gak dapat diskon sama sekali,grab,google_play,parah makin mahal gak dapat diskon sama sekali,negative
2026-04-04 10:07:49,Galen Nugraha,"notifikasiny bikin lag👎, otomatis ngambil ram 300mb",grab,google_play,"notifikasiny bikin lag👎, otomatis ngambil ram 300mb",negative
2026-04-04 10:00:14,Uswatun Hasanah,bagus,grab,google_play,bagus,positive
2026-04-04 09:39:54,Nur Biantoro,ok,grab,google_play,ok,negative
2026-04-04 09:37:25,serenity,"maps nya nggak jelas, sesat",grab,google_play,"maps nya nggak jelas, sesat",negative
2026-04-04 09:35:09,Kales widodo,trmksh sangat ramah n lancar,grab,google_play,trmksh sangat ramah n lancar,positive
2026-04-04 09:21:34,Shireen Irwan,minta banyak discon 😂,grab,google_play,minta banyak discon 😂,negative
2026-04-04 09:18:47,Dhanu Sakti Primanamartha,ok,grab,google_play,ok,negative
2026-04-04 09:09:38,Adalia Syifa Izzati,"suka, sangat membantu, tapi sering sering promo plissssz",grab,google_play,"suka, sangat membantu, tapi sering sering promo plissssz",positive
2026-04-04 09:07:30,Jauhar Latipah,gbisa di bukaaaaaa,grab,google_play,gbisa di bukaaaaaa,negative
2026-04-04 08:23:38,Ilong Niaa,pesan grabfood ga bisa di batalin,grab,google_play,pesan grabfood ga bisa di batalin,negative
2026-04-04 08:15:26,Mochamad Syafril,aplikasi nya lancar dan bagus,grab,google_play,aplikasi nya lancar dan bagus,positive
2026-04-04 08:08:35,Warji Warji,alhamdulillah,grab,google_play,alhamdulillah,positive
2026-04-04 07:35:46,oktaviani arining tyas,apik,grab,google_play,apik,negative
2026-04-04 07:02:53,Muhammad Muharom,🔥🔥🔥,grab,google_play,🔥🔥🔥,negative
2026-04-04 06:49:45,Robby Lawalata,sangat baik,grab,google_play,sangat baik,positive
2026-04-04 06:40:28,Shofiyah Rahmah,Saya merasa aplikasi ini sangat membantu dalam menyederhanakan tugas-tugas saya yang sebelumnya terasa sangat rumit. Sekarang semuanya bisa dilakukan hanya dalam satu genggaman saja. Benar-benar sebuah terobosan yang sangat cerdas dan sangat membantu.,grab,google_play,saya merasa aplikasi ini sangat membantu dalam menyederhanakan tugas-tugas saya yang sebelumnya terasa sangat rumit. sekarang semuanya bisa dilakukan hanya dalam satu genggaman saja. benar-benar sebuah terobosan yang sangat cerdas dan sangat membantu.,positive
2026-04-04 06:24:30,bang duy,lumayan bagus 😎,grab,google_play,lumayan bagus 😎,positive
2026-04-04 05:34:40,Romi Putra,Mantap propesional,grab,google_play,mantap propesional,positive
2026-04-04 04:56:23,Jessica Christina,sekarang susah banget dapet greb/ greb foot di saat genting kelaparan pas malam mau pesan gofood susah harus sampai pagi dulu baru ada driver yg bisa😭😭,grab,google_play,sekarang susah banget dapet greb/ greb foot di saat genting kelaparan pas malam mau pesan gofood susah harus sampai pagi dulu baru ada driver yg bisa😭😭,negative
2026-04-04 04:49:32,Sheline 555,"ini grap gimana sih saya pesen makanan dr jam 2sampe jam setengah lima gak dapat2 pengemudi giliran dibatalkan gak bisa, tolong batalkan saja pesanan saya , grap jadi ribet begini gak bisa dibatalin beda gak kayak Go-Jek, gojek kalo lebih dr 1jam langsung otomatis membatalkan sendiri jadi enak gak kayak grap gajelas",grab,google_play,"ini grap gimana sih saya pesen makanan dr jam 2sampe jam setengah lima gak dapat2 pengemudi giliran dibatalkan gak bisa, tolong batalkan saja pesanan saya , grap jadi ribet begini gak bisa dibatalin beda gak kayak go-jek, gojek kalo lebih dr 1jam langsung otomatis membatalkan sendiri jadi enak gak kayak grap gajelas",negative
2026-04-04 04:34:08,krisna dinatha,"driver cepat, mantap.👍",grab,google_play,"driver cepat, mantap.👍",positive
2026-04-04 02:02:18,yahya yoenoes,Cukup menarik,grab,google_play,cukup menarik,positive
2026-04-04 01:39:12,Rosnah Sam,saat pesan makanan suka ga sesuai waktu tiba dan suka di ganti waktu tibanya,grab,google_play,saat pesan makanan suka ga sesuai waktu tiba dan suka di ganti waktu tibanya,negative
2026-04-04 01:13:36,Anwar Abubakar,"mitra food yang begitu buruk, tidak memiliki integritas. nunggu 90mnt malah dicantel! kapok saya pakai grab!!!",grab,google_play,"mitra food yang begitu buruk, tidak memiliki integritas. nunggu 90mnt malah dicantel! kapok saya pakai grab!!!",negative
2026-04-04 00:54:22,Hamdan Hamdan,Baik dan Santun,grab,google_play,baik dan santun,positive
2026-04-04 00:45:52,Asep Mayit,bagus,grab,google_play,bagus,positive
2026-04-04 00:40:13,Radit Raditya,"beberapa bulan ini sangat kesulitan mendapatkan driver di malam hari,bahkan tarif normalpun susah...",grab,google_play,"beberapa bulan ini sangat kesulitan mendapatkan driver di malam hari,bahkan tarif normalpun susah...",negative
2026-04-04 00:31:19,Haykal Nicho,mudah banget untuk akses transportasi nya. murah banyak diskon,grab,google_play,mudah banget untuk akses transportasi nya. murah banyak diskon,positive
2026-04-04 00:15:50,Rika SheRik,"layanan nya makin kesini makin jelek, promo doang, driver gak ada yg ngambil",grab,google_play,"layanan nya makin kesini makin jelek, promo doang, driver gak ada yg ngambil",negative
2026-04-04 00:05:10,Tgk. Fauzal fikra S.H,mantap,grab,google_play,mantap,positive
2026-04-03 23:29:29,Oktoberto Simanjuntak,ehh grab mending perbaiki deh fitur grabfood luuu. masa dah satu jam lebih gak ada update pesanan sudah di dapur atau sedang di kirim apa gimana. udah gitu ga bisa di batalkan. di perbaiki lagi dah. masa iya orang nunggu sampai malam. trus kalau dah di pesan driver ngantar customer ketiduran gimana. kan kasian driver nya nyari nafkah makan malah nombok. malah di bilang pesanan guest 😏😏,grab,google_play,ehh grab mending perbaiki deh fitur grabfood luuu. masa dah satu jam lebih gak ada update pesanan sudah di dapur atau sedang di kirim apa gimana. udah gitu ga bisa di batalkan. di perbaiki lagi dah. masa iya orang nunggu sampai malam. trus kalau dah di pesan driver ngantar customer ketiduran gimana. kan kasian driver nya nyari nafkah makan malah nombok. malah di bilang pesanan guest 😏😏,negative
2026-04-03 23:25:22,wawa awaw,sangat puas dengan pelayanan,grab,google_play,sangat puas dengan pelayanan,positive
2026-04-03 23:21:01,Denis Saputra,sampai dengan tujuan,grab,google_play,sampai dengan tujuan,negative
2026-04-03 23:15:03,M Kurniawan,ramah. baik,grab,google_play,ramah. baik,positive
2026-04-03 23:01:56,Hanivan Mauris,tolong kasih pelanggaran buat driver yg gk mau konfir mau jemput atau nggk nya. saya sudah nunggu lama bukannya lokasi dia makin deket adanya malah makin jauh,grab,google_play,tolong kasih pelanggaran buat driver yg gk mau konfir mau jemput atau nggk nya. saya sudah nunggu lama bukannya lokasi dia makin deket adanya malah makin jauh,negative
2026-04-03 22:50:17,Edrick Fernandez Toknata,"PESANAN SAYA DI UNDUR TERUS,GABISA MAKAN,APLIKASI GA GUNA,CAPEK TAU GK",grab,google_play,"pesanan saya di undur terus,gabisa makan,aplikasi ga guna,capek tau gk",negative
2026-04-03 22:37:02,Apris Nggallataludjawa,mantap,grab,google_play,mantap,positive
2026-04-03 22:33:03,Saloy Penobar,playanaya mantap,grab,google_play,playanaya mantap,positive
2026-04-03 22:19:56,Danang wijayatmo Suryo Joyo diningratq,no grab,grab,google_play,no grab,neutral
2026-04-03 22:12:56,Wisnu Wijayanto,"grabfoodnya parah, pesan makanan tidak direspon driver hampir 2jam, mencari driver terus tanpa ada menu cancel, siapa yg tahan lapar sampai 2jam?terpaksa kami keluar makan ditempat lain, setelah selesai makan kami pulang sampai rumah baru di pickup, lah siapa yg mau makan? mohon ada otomatis cancel kalau 30 menit tidak ada driver respon.",grab,google_play,"grabfoodnya parah, pesan makanan tidak direspon driver hampir 2jam, mencari driver terus tanpa ada menu cancel, siapa yg tahan lapar sampai 2jam?terpaksa kami keluar makan ditempat lain, setelah selesai makan kami pulang sampai rumah baru di pickup, lah siapa yg mau makan? mohon ada otomatis cancel kalau 30 menit tidak ada driver respon.",negative
2026-04-03 21:58:35,1318013-Alvin Chandra Hadiyanto,update review lah susah cari driver,grab,google_play,update review lah susah cari driver,negative
2026-04-03 21:55:22,Fina Afiana,"makin lama drivernya banyak tingkah, efek aplikator gak manusiawi sm drivernya.",grab,google_play,"makin lama drivernya banyak tingkah, efek aplikator gak manusiawi sm drivernya.",negative
2026-04-03 21:29:17,Yunita Selviana,good,grab,google_play,good,positive
2026-04-03 21:22:19,Yuditi Arman,"aplikasi sampah udah lama nunggu 1 jam masih aja telat waktu di tambah terus, GILIRAN ORANG YG SALAH CEPAT KALIAN VIRALKAN GILIRAN SISTEM KALIAN SALAH DIEM BANYAK ALASAN GA ADA KOMPENSASI",grab,google_play,"aplikasi sampah udah lama nunggu 1 jam masih aja telat waktu di tambah terus, giliran orang yg salah cepat kalian viralkan giliran sistem kalian salah diem banyak alasan ga ada kompensasi",negative
2026-04-03 21:10:06,Suryati Sur,okee banget aplikasi nya,grab,google_play,okee banget aplikasi nya,positive
2026-04-03 20:56:45,Abduro hman,lek ws suwe maleh larang,grab,google_play,lek ws suwe maleh larang,negative
2026-04-03 20:23:02,Shafira Indah Felisha,"sorry to say, tapi pengambilan pesanan nya lambat tidak sesuai estimasi, justru di undur terus, mana gabisa di cancel!!! saya sampai komen kaya gini karna udh bukan sekali duakali, udh di sabarin terus tapi kok makin kek gini? 😅",grab,google_play,"sorry to say, tapi pengambilan pesanan nya lambat tidak sesuai estimasi, justru di undur terus, mana gabisa di cancel!!! saya sampai komen kaya gini karna udh bukan sekali duakali, udh di sabarin terus tapi kok makin kek gini? 😅",negative
2026-04-03 20:13:06,Fandi Arfianto,good,grab,google_play,good,positive
2026-04-03 20:06:35,aditya ramdani,"pesen food sampe 5x ganti driver terlalu banyak di double order double order, 1 jam setengah nahan lapar, ini afk sengaja buat cs pindah afk atau gimana?",grab,google_play,"pesen food sampe 5x ganti driver terlalu banyak di double order double order, 1 jam setengah nahan lapar, ini afk sengaja buat cs pindah afk atau gimana?",negative
2026-04-03 20:01:19,Fajar Ariadi,oke,grab,google_play,oke,negative
2026-04-03 19:47:27,Achmad Rayyan,"susah amat si mau pesen car disaat jam sibuk atau hujan, kami customer ga keberatan mahal yang penting mobil cepat sampai! dari pada nunggu buang' waktu mending saya ke gocar walaupun mahal ada drivernya",grab,google_play,"susah amat si mau pesen car disaat jam sibuk atau hujan, kami customer ga keberatan mahal yang penting mobil cepat sampai! dari pada nunggu buang' waktu mending saya ke gocar walaupun mahal ada drivernya",negative
2026-04-03 19:40:49,Syah Reza,order makanan nunggu hampir 2 jam blm dpt driver sangat burukkk,grab,google_play,order makanan nunggu hampir 2 jam blm dpt driver sangat burukkk,negative
2026-04-03 19:27:52,Sri Septiana,jelek,grab,google_play,jelek,negative
2026-04-03 19:25:39,Vita Zein,makasih,grab,google_play,makasih,positive
2026-04-03 19:16:35,Inddry Novianty,Bintangnya saya kasih turun karena SUSAH BGT DAPET DRIVER padahal di sistem banyak driver yg lenggang tapi,grab,google_play,bintangnya saya kasih turun karena susah bgt dapet driver padahal di sistem banyak driver yg lenggang tapi,negative
2026-04-03 19:08:03,esterlina tarigan,nyaman,grab,google_play,nyaman,negative
2026-04-03 18:57:13,Mudex Part,👌👌,grab,google_play,👌👌,negative
2026-04-03 18:48:30,Nisa Damar,ok,grab,google_play,ok,negative
2026-04-03 18:42:33,novita ing,sangat membantu,grab,google_play,sangat membantu,positive
2026-04-03 18:34:30,Yudi Handoko,drivernya sabar,grab,google_play,drivernya sabar,positive
2026-04-03 18:24:28,Junaedi,pelayanan grab sangat baik,grab,google_play,pelayanan grab sangat baik,positive
2026-04-03 18:21:46,Putri Kholifah,drever sy baik dan sopan,grab,google_play,drever sy baik dan sopan,positive
2026-04-03 18:16:51,Helda Azhari,"mitra kerjanya atas nama YOSEF IRFANDI tidak kerja sama dengan baik, costumer di ludahi gara gara bawa uang cash, mohon di perhatikan lagi min keluh kesah customernya salam damai dari saya🙏",grab,google_play,"mitra kerjanya atas nama yosef irfandi tidak kerja sama dengan baik, costumer di ludahi gara gara bawa uang cash, mohon di perhatikan lagi min keluh kesah customernya salam damai dari saya🙏",negative
2026-04-03 18:09:48,Rozet Pernando,sangat memuaskan,grab,google_play,sangat memuaskan,positive
2026-04-03 17:54:22,agnesi manangkot,pengemudinya tidak ada yang mau terima orderan,grab,google_play,pengemudinya tidak ada yang mau terima orderan,negative
2026-04-03 17:46:59,Hury Maryono,exelent,grab,google_play,exelent,negative
2026-04-03 17:37:56,Tory Tan,ada abang ya tarik greb sayangan jelek sifatnya,grab,google_play,ada abang ya tarik greb sayangan jelek sifatnya,negative
2026-04-03 17:35:18,Ayu Sri Lestari,ntah karna akunya yang oon atau apalah susah banget daftar grab sekarang tuh pusing banyak verifikasi banget,grab,google_play,ntah karna akunya yang oon atau apalah susah banget daftar grab sekarang tuh pusing banyak verifikasi banget,negative
2026-04-03 17:31:45,Harun Aja,grab car udah pada sok kaya padahal mah Deket 1 km an tapi kok ya kacau,grab,google_play,grab car udah pada sok kaya padahal mah deket 1 km an tapi kok ya kacau,negative
2026-04-03 17:28:23,Munirah Nadia,"mantap,tepat waktu,kurir Ok",grab,google_play,"mantap,tepat waktu,kurir ok",positive
2026-04-03 17:28:22,Queenie Bee,Biaya platform 6.000???,grab,google_play,biaya platform 6.000???,negative
2026-04-03 17:25:57,Claire Gilmore,"nyari pengemudi susah dan menunggu pengemudi sangat lama. tidak menjawab pesan kita, kendaraan tidak bergerak sama sekali",grab,google_play,"nyari pengemudi susah dan menunggu pengemudi sangat lama. tidak menjawab pesan kita, kendaraan tidak bergerak sama sekali",negative
2026-04-03 17:16:28,Gibran Handika,ok,grab,google_play,ok,negative
2026-04-03 17:16:14,Sunarto 75,bagus,grab,google_play,bagus,positive
2026-04-03 17:12:07,Julia Nita,"Saya pesan food delivery namun prosesnya sangat lama, pencarian driver yang sangat lama, mau di cancel pun sulit harus menunggu lagi, ujungnya saya cancel karena terlalu lama. Tolong penanganannya, tolong diperbaiki sistem pembatalan orderan food delivery nya.",grab,google_play,"saya pesan food delivery namun prosesnya sangat lama, pencarian driver yang sangat lama, mau di cancel pun sulit harus menunggu lagi, ujungnya saya cancel karena terlalu lama. tolong penanganannya, tolong diperbaiki sistem pembatalan orderan food delivery nya.",negative
2026-04-03 16:57:10,Najwa Ulhaq Naul,aplikasi Grab ini sangat membantu,grab,google_play,aplikasi grab ini sangat membantu,positive
2026-04-03 16:50:48,Ho Wa,Sangat baik,grab,google_play,sangat baik,positive
2026-04-03 16:42:22,Roy Kimcil,terbaik,grab,google_play,terbaik,positive
2026-04-03 16:41:49,Obar Hidayat,nyaman,grab,google_play,nyaman,negative
2026-04-03 16:35:39,yohanes kurnia,Oke,grab,google_play,oke,negative
2026-04-03 16:13:44,ALEX JJ,cepat Dateng nya ini pertama kali ak pakai grap dan grap nya cepet bgt nganter nya malahan beberapa menit lebih awal di anter terimakasih grap,grab,google_play,cepat dateng nya ini pertama kali ak pakai grap dan grap nya cepet bgt nganter nya malahan beberapa menit lebih awal di anter terimakasih grap,positive
2026-04-03 16:08:43,Jimmy Rusli,pelayanan bagus,grab,google_play,pelayanan bagus,positive
2026-04-03 16:06:04,Irmayanti Azahra,bagus,grab,google_play,bagus,positive
2026-04-03 16:04:10,Nafiza Dania,sangat membantu perjalanan,grab,google_play,sangat membantu perjalanan,positive
2026-04-03 15:49:35,rayya shofasalsabila,susah dicari,grab,google_play,susah dicari,negative
2026-04-03 15:45:27,BL2 Score,"sudah ga nyaman make grab kebanyakan oknum, gw pesen makanan tidak sampai² keterangan sudah sampai di alamat padahal blum",grab,google_play,"sudah ga nyaman make grab kebanyakan oknum, gw pesen makanan tidak sampai² keterangan sudah sampai di alamat padahal blum",negative
2026-04-03 14:55:14,Salfa Qurotul Ain,puas sekali,grab,google_play,puas sekali,positive
2026-04-03 14:53:26,Dintje Menong,"gak di anter"" pesanannya",grab,google_play,"gak di anter"" pesanannya",negative
2026-04-03 14:44:02,IRWAN AHMAD,NOTIF PROMOSI LO BERISIK!!!! TIAP BEBERAPA MENIT ADA AJA NGASIH NOTIF GANGGU!!!!!,grab,google_play,notif promosi lo berisik!!!! tiap beberapa menit ada aja ngasih notif ganggu!!!!!,negative
2026-04-03 14:38:39,Ninaimut28 Ninakpbd28,lumayan enak👍🙏,grab,google_play,lumayan enak👍🙏,positive
2026-04-03 14:33:57,Budi Bedjo,well done,grab,google_play,well done,negative
2026-04-03 14:29:28,Hmw Zelviana,terimakasih,grab,google_play,terimakasih,neutral
2026-04-03 14:28:16,sa tino,ramah dan sabar bawa kendaraannya tidak ugal ugalan,grab,google_play,ramah dan sabar bawa kendaraannya tidak ugal ugalan,positive
2026-04-03 14:11:44,Surya Sudrazat,sangat bagus nyaman diperjalanan nyah👍👍👍,grab,google_play,sangat bagus nyaman diperjalanan nyah👍👍👍,positive
2026-04-03 14:09:40,Sakina Alkatiri,buka aplikasinya suka lama,grab,google_play,buka aplikasinya suka lama,negative
2026-04-03 13:58:30,Sri Wahyuni,oke banget,grab,google_play,oke banget,negative
2026-04-03 13:47:30,Nadia Anggraeni,smngat bagus,grab,google_play,smngat bagus,positive
2026-04-03 13:42:01,Muna,kenapa di tempat ku aplikasinya gabisa terbuka???,grab,google_play,kenapa di tempat ku aplikasinya gabisa terbuka???,negative
2026-04-03 13:31:26,Raditya Susanto,sopan dan ramah,grab,google_play,sopan dan ramah,positive
2026-04-03 13:30:55,Kurniawan Leo S,error loading lama,grab,google_play,error loading lama,negative
2026-04-03 13:12:54,Karmain Amir,tepat waktu ramah dan profesional,grab,google_play,tepat waktu ramah dan profesional,positive
2026-04-03 13:03:41,Safira Nuri,kenapa skrg pesan makanan/motor pake yg hemat lamaaaaa nya luar biasa. masa bisa 2jam lebih. padahal resto dekat. kalau emng ga mau kasih hrga murah mending hapus aja tu hemat. kasian jga masa driver yg jauh2 yg dpt orderannya.,grab,google_play,kenapa skrg pesan makanan/motor pake yg hemat lamaaaaa nya luar biasa. masa bisa 2jam lebih. padahal resto dekat. kalau emng ga mau kasih hrga murah mending hapus aja tu hemat. kasian jga masa driver yg jauh2 yg dpt orderannya.,negative
2026-04-03 12:53:19,sya rahayu,baik dan bagus pelayanannya maksih grab💜,grab,google_play,baik dan bagus pelayanannya maksih grab💜,positive
2026-04-03 12:12:54,gigih Ginaldi,apk ngelag bbabik,grab,google_play,apk ngelag bbabik,negative
2026-04-03 12:10:06,M Abdul sakur,mohon maaf pihak grab . tolong aplikasi nya di update lagi tolong di kasih pelaporan untuk tempat makan yang tidak sesuai.atau scam karena yang datang cuma nasi atau sesuatu yang tidak seharusnya ada pada makanan.dan saya tidak bisa mengajukan pengembalian uang itu Sangat merugikan pembeli sekian terima 🙏,grab,google_play,mohon maaf pihak grab . tolong aplikasi nya di update lagi tolong di kasih pelaporan untuk tempat makan yang tidak sesuai.atau scam karena yang datang cuma nasi atau sesuatu yang tidak seharusnya ada pada makanan.dan saya tidak bisa mengajukan pengembalian uang itu sangat merugikan pembeli sekian terima 🙏,negative
2026-04-03 11:55:33,nia,"engga bisa batalin pesanan itu parah. order belanjaan, udah disiapin toko, tapi lama ga dapet driver. mau ga mau nahan ngantuk nungguin tanpa kejelasan. minimal ada batas waktu tunggu yang bisa auto-cancel kalau memang kebijakan ga bisa batalkan pesanan itu antisipasi supaya customer ga boleh batalin sepihak. itu bagus dalam hal perlindungan driver. tapi kalau ga dapet driver gini, customer pun butuh perlindungan. mau pesan di aplikasi lain ga bisa karena udah terlanjur nungguin di aplikasi ini.",grab,google_play,"engga bisa batalin pesanan itu parah. order belanjaan, udah disiapin toko, tapi lama ga dapet driver. mau ga mau nahan ngantuk nungguin tanpa kejelasan. minimal ada batas waktu tunggu yang bisa auto-cancel kalau memang kebijakan ga bisa batalkan pesanan itu antisipasi supaya customer ga boleh batalin sepihak. itu bagus dalam hal perlindungan driver. tapi kalau ga dapet driver gini, customer pun butuh perlindungan. mau pesan di aplikasi lain ga bisa karena udah terlanjur nungguin di aplikasi ini.",negative
2026-04-03 11:45:52,Novi Rachmad Dani,mapsnya gajelas,grab,google_play,mapsnya gajelas,negative
2026-04-03 11:44:14,Alifia Suci Salsabila,tolong dong kasih informasi tuh yg jelas ke drivernya masa iya nanya terus ke penumpang masalah fee ya mana penumpang tau s&knya lah aneh bgt,grab,google_play,tolong dong kasih informasi tuh yg jelas ke drivernya masa iya nanya terus ke penumpang masalah fee ya mana penumpang tau s&knya lah aneh bgt,negative
2026-04-03 11:43:36,Dea Regina Putri,"suka sama aplikasinya saya baru coba dari 2025 sampai sekarang masih saya pakai,tapi kadang suka tidak jalan jalan di map nya",grab,google_play,"suka sama aplikasinya saya baru coba dari 2025 sampai sekarang masih saya pakai,tapi kadang suka tidak jalan jalan di map nya",positive
2026-04-03 11:28:00,Kirey Fayyola,trimakasih...untuk abangnya semoga sehat selalu...,grab,google_play,trimakasih...untuk abangnya semoga sehat selalu...,positive
2026-04-03 11:17:36,Nabila,bantu aku saat sedang kelaparan 👍🫰,grab,google_play,bantu aku saat sedang kelaparan 👍🫰,positive
2026-04-03 11:17:00,Zaenal Arifin,ok,grab,google_play,ok,negative
2026-04-03 11:03:02,Abdul Kadir,Bagus pelayanan,grab,google_play,bagus pelayanan,positive
2026-04-03 10:55:03,Mahaelani Puja,sangat bagus,grab,google_play,sangat bagus,positive
2026-04-03 10:42:47,Nadya Putri,dikit² upgrade males bgt njir,grab,google_play,dikit² upgrade males bgt njir,negative
2026-04-03 10:37:11,fairuzaindana fahrezamustahdi,baik lah kadang dapet diskon voucher,grab,google_play,baik lah kadang dapet diskon voucher,positive
2026-04-03 10:30:17,Tajudin Fajri,good,grab,google_play,good,positive
2026-04-03 10:18:45,Adighory Linggantara01,good baik,grab,google_play,good baik,positive
2026-04-03 09:40:21,Sandi Yudha,"Grab Support nya bagus, responnya juga baik. Keluhan saya di tangani👍.",grab,google_play,"grab support nya bagus, responnya juga baik. keluhan saya di tangani👍.",positive
2026-04-03 09:31:25,Zulfa,baik,grab,google_play,baik,positive
2026-04-03 09:25:03,binbin Asatron,sangat membantu transportasi ketempat tujuan,grab,google_play,sangat membantu transportasi ketempat tujuan,positive
2026-04-03 08:59:46,Abdurrahman Saragih,mantap,grab,google_play,mantap,positive
2026-04-03 08:58:01,Bang Kajon,baik,grab,google_play,baik,positive
2026-04-03 08:06:50,stephen suprianto,ok,grab,google_play,ok,negative
2026-04-03 08:02:56,Jumadi Ahir,sanggat membatu dalam segala keadaan,grab,google_play,sanggat membatu dalam segala keadaan,positive
2026-04-03 08:00:21,Lina Kansil,"sudah ribet setiap pesan makanan harus isi alamat lagi, tidak seperti dahulu hanya sekali isi alamat pesan berikut sudah tak perlu, mempersulit",grab,google_play,"sudah ribet setiap pesan makanan harus isi alamat lagi, tidak seperti dahulu hanya sekali isi alamat pesan berikut sudah tak perlu, mempersulit",negative
2026-04-03 07:38:11,Meisy Meisy,ramah mas drever nya dan cepat sampai,grab,google_play,ramah mas drever nya dan cepat sampai,positive
2026-04-03 07:26:13,ZA Channel,okay,grab,google_play,okay,negative
2026-04-03 07:12:24,Novia Putri,"ramah ,baik",grab,google_play,"ramah ,baik",positive
2026-04-03 07:01:24,Tiyo Bendol,"cepat,, mudah",grab,google_play,"cepat,, mudah",positive
2026-04-03 06:20:53,Hadyanto Onggo subagio,lebih baik,grab,google_play,lebih baik,positive
2026-04-03 05:17:07,Anak Manusia,Baik sekali banyak promonya dan diskon nya besar-besaran:),grab,google_play,baik sekali banyak promonya dan diskon nya besar-besaran:),positive
2026-04-03 05:14:44,Yofita Densi,"kesel banget sama aplikasi satu ini ,saat saya mau pesan transportasi kendaraan bermotor yang keluar malah mobil gitu aja terus 😒😒😡😡",grab,google_play,"kesel banget sama aplikasi satu ini ,saat saya mau pesan transportasi kendaraan bermotor yang keluar malah mobil gitu aja terus 😒😒😡😡",negative
2026-04-03 03:30:03,Pengguna Google,"Grab Food di jam 3 pagi s/d subuh gak pernah ada yg pick up pesanan saya, Selalu di batalin karena DRIVERNYA gak ada 😩 Lgi laper²ny malah driverny gak pernah ada 😔",grab,google_play,"grab food di jam 3 pagi s/d subuh gak pernah ada yg pick up pesanan saya, selalu di batalin karena drivernya gak ada 😩 lgi laper²ny malah driverny gak pernah ada 😔",negative
2026-04-03 02:41:36,Muh Irham R (RHM),"jelek mending shopee, driver sulit, nganter makanan aja lama",grab,google_play,"jelek mending shopee, driver sulit, nganter makanan aja lama",negative
2026-04-03 02:17:42,Mat Ali,pelayanan bagus,grab,google_play,pelayanan bagus,positive
2026-04-03 00:58:46,Fahmi Putra,😀,grab,google_play,😀,negative
2026-04-03 00:50:46,Chriza lamtotalumbanraja,"aplikasi yang membantu, dan gampang digunakan",grab,google_play,"aplikasi yang membantu, dan gampang digunakan",positive
2026-04-03 00:27:21,Dino Priyono,"banyak driver mengeluh pendapatan kecil dan hidup ""begini-begini aja"" padahal kalian sendiri sering menolak rezeki, pilih-pilih orderan, gak sedikit pula yg datang dengan wajah judesnya tidak puas dengan peraturan dari aplikator? ya silakan berhenti dan coba ciptakan lapangan kerja sendiri bukan dengan menolak dan pilih-pilih orderan",grab,google_play,"banyak driver mengeluh pendapatan kecil dan hidup ""begini-begini aja"" padahal kalian sendiri sering menolak rezeki, pilih-pilih orderan, gak sedikit pula yg datang dengan wajah judesnya tidak puas dengan peraturan dari aplikator? ya silakan berhenti dan coba ciptakan lapangan kerja sendiri bukan dengan menolak dan pilih-pilih orderan",negative
2026-04-03 00:18:29,Retno Eno,"Sangat kecewa dengan layanan Grab. Saya mendapat driver yang sejak awal sudah tidak sopan chat (capslock), lalu berkata kasar seperti “woi hemat” dan “niat order kagak”, padahal saya sudah menunggu di titik jemput. Jika fitur “mode hemat” justru membuat customer diperlakukan tidak baik, sebaiknya dievaluasi. Pelanggan berhak memilih layanan tanpa dimaki. Mohon Grab lebih selektif merekrut driver dan memberikan pelatihan etika. Sikap seperti ini mencoreng nama Grab dan merugikan pengguna.",grab,google_play,"sangat kecewa dengan layanan grab. saya mendapat driver yang sejak awal sudah tidak sopan chat (capslock), lalu berkata kasar seperti “woi hemat” dan “niat order kagak”, padahal saya sudah menunggu di titik jemput. jika fitur “mode hemat” justru membuat customer diperlakukan tidak baik, sebaiknya dievaluasi. pelanggan berhak memilih layanan tanpa dimaki. mohon grab lebih selektif merekrut driver dan memberikan pelatihan etika. sikap seperti ini mencoreng nama grab dan merugikan pengguna.",negative
2026-04-03 00:14:52,jayanta ginting,"uda mesan grabfood lebih sejam tp gk ad fitur batalkan pesanan. smpk trtidur nungguin pesanan dri jam 11 malam smpk jam 1 malam. nti gk di angkat tlpn driver di blng akun bodong. gmn cara angkat ny klo orng uda tidur. tlong ini grab klo gk dpt driver 20 mnit, otomatis timbul fitur batalkan. jgn krn ad promo jdi lama dpt driver. klo krn itu sebab nya, hapus aja promo nya. untuk apa promo klo smua orng jdi kesal. padahal jarak ny dekat.",grab,google_play,"uda mesan grabfood lebih sejam tp gk ad fitur batalkan pesanan. smpk trtidur nungguin pesanan dri jam 11 malam smpk jam 1 malam. nti gk di angkat tlpn driver di blng akun bodong. gmn cara angkat ny klo orng uda tidur. tlong ini grab klo gk dpt driver 20 mnit, otomatis timbul fitur batalkan. jgn krn ad promo jdi lama dpt driver. klo krn itu sebab nya, hapus aja promo nya. untuk apa promo klo smua orng jdi kesal. padahal jarak ny dekat.",negative
2026-04-02 23:53:26,Andy Siau Sun Lie,Grab bukan cuma ada di 1 Daerah tapi Ada Di Mana Mana... 👍👍,grab,google_play,grab bukan cuma ada di 1 daerah tapi ada di mana mana... 👍👍,positive
2026-04-02 23:08:08,Arif Hakim,aplikasi ini sangat cocok untuk saya terimakasih,grab,google_play,aplikasi ini sangat cocok untuk saya terimakasih,positive
2026-04-02 23:04:48,Riska Nurlilis,Good,grab,google_play,good,positive
2026-04-02 22:53:42,Fany Arifin,"sangat membantu,dikala keadaan mendesak",grab,google_play,"sangat membantu,dikala keadaan mendesak",positive
2026-04-02 22:50:03,Sarwono Wae,Driver Ramah.,grab,google_play,driver ramah.,negative
2026-04-02 22:32:52,Sulaiman Bakir,sekarang maps nya Ndak akurat,grab,google_play,sekarang maps nya ndak akurat,negative
2026-04-02 22:29:33,Wahyu Wahyu Iskandar,baik,grab,google_play,baik,positive
2026-04-02 22:27:25,Onong Anni,"kesel banget tiap order makanan di malam hari baru jam 8 juga susah banget dapet pengemudi, masa tunggu aja diperpanjang saya pesen makanan tuh karna lapar ini malah di permainkan nunggu berjam jam, kapok banget pertama pakai aplikasi ini alih alih kemakan iklan murah katanya tapi lambat..",grab,google_play,"kesel banget tiap order makanan di malam hari baru jam 8 juga susah banget dapet pengemudi, masa tunggu aja diperpanjang saya pesen makanan tuh karna lapar ini malah di permainkan nunggu berjam jam, kapok banget pertama pakai aplikasi ini alih alih kemakan iklan murah katanya tapi lambat..",negative
2026-04-02 22:27:00,Dionisius harken Damsari,aplikasinya ngelag parah padahal jaringan bagus,grab,google_play,aplikasinya ngelag parah padahal jaringan bagus,negative
2026-04-02 22:06:25,Ahmad Hidayat,mudah,grab,google_play,mudah,neutral
2026-04-02 22:05:19,cari berkah,sangat membantu,grab,google_play,sangat membantu,positive
2026-04-02 22:02:40,Iwan Lampunut,pengendara ok. aplikasi nya kurang bagus. selalau gagal kirim resi,grab,google_play,pengendara ok. aplikasi nya kurang bagus. selalau gagal kirim resi,negative
2026-04-02 21:55:53,Diyah Valisa,"Grab, kamu kenapa tiap aku abis order makan terus aku buka apk lain terus mau buka grab lagi tapi ngga bisa? sampai muncul notif aplikasi terhenti jadi harus install ulang.. udah gitu lama bangett.. ini aku harus gimana? jadinya orderanku dicancel driver-nya jadi harus nunggu lama lagii",grab,google_play,"grab, kamu kenapa tiap aku abis order makan terus aku buka apk lain terus mau buka grab lagi tapi ngga bisa? sampai muncul notif aplikasi terhenti jadi harus install ulang.. udah gitu lama bangett.. ini aku harus gimana? jadinya orderanku dicancel driver-nya jadi harus nunggu lama lagii",negative
2026-04-02 21:47:33,F A,"Pesen makanan lama bener ga dapat driver, batal otomatis. 👎",grab,google_play,"pesen makanan lama bener ga dapat driver, batal otomatis. 👎",negative
2026-04-02 21:40:06,Hartoyo Setiawan,"emang dasarnya kek ampas , nunggu hampir 2 jam pesen grab food masih di resto aja .",grab,google_play,"emang dasarnya kek ampas , nunggu hampir 2 jam pesen grab food masih di resto aja .",negative
2026-04-02 21:33:18,Rizky Ramadhan,"tolol Driver nya pada kebanyakan milih"" gua pesen makanan sejam lebih pas udh wktu nya gada yg mau ambil,tolol bat",grab,google_play,"tolol driver nya pada kebanyakan milih"" gua pesen makanan sejam lebih pas udh wktu nya gada yg mau ambil,tolol bat",negative
2026-04-02 21:32:03,Rahma Dani,"pake grabfood lama nyari drivernya, gua nunggu sejam lebih eh ujung ujungnya di cancel",grab,google_play,"pake grabfood lama nyari drivernya, gua nunggu sejam lebih eh ujung ujungnya di cancel",negative
2026-04-02 21:19:30,Sari Ono,sangat membantu dikala mengerjakan😁😁😁,grab,google_play,sangat membantu dikala mengerjakan😁😁😁,positive
2026-04-02 21:14:43,Grace Oktavia,"Akhir2 ini sulit mendapatkan driver Kalau pakai promo,tidak ada driver yg mau jemput.Tapi kalau saya pilih yang harga jauh lebih mahal baru driver mau ambil.Hari ini grab bike harganya 56 rb biasanya hanya 20 rb an,baru drivernya mau ambil. Seperti ada permainan antara driver dan aplikasi.Kalau harga mahal cepat dapat driver,kalau pilih promo ngga dapat2 drivernya.harganya pun tidak masuk akal",grab,google_play,"akhir2 ini sulit mendapatkan driver kalau pakai promo,tidak ada driver yg mau jemput.tapi kalau saya pilih yang harga jauh lebih mahal baru driver mau ambil.hari ini grab bike harganya 56 rb biasanya hanya 20 rb an,baru drivernya mau ambil. seperti ada permainan antara driver dan aplikasi.kalau harga mahal cepat dapat driver,kalau pilih promo ngga dapat2 drivernya.harganya pun tidak masuk akal",negative
2026-04-02 21:13:30,Azka,iklan,grab,google_play,iklan,neutral
2026-04-02 20:59:10,Holip Patulloh,ok,grab,google_play,ok,negative
2026-04-02 20:59:03,Yati Yati,tepat waktu.. baik dan ramah..terima kasih,grab,google_play,tepat waktu.. baik dan ramah..terima kasih,positive
2026-04-02 20:55:01,Robi'ah Al-Adawiyah _2062,makin ngawur sistemnya,grab,google_play,makin ngawur sistemnya,negative
2026-04-02 20:44:07,Dhesma Yana,nyari driver nya lama,grab,google_play,nyari driver nya lama,negative
2026-04-02 20:41:10,Nazril Rohman,"lama dapet diriver, ga jelas tentang waktunya, segala harus pake prioritas dan ga gratis, pilih kasih, ga bisa batalin pesanan yg lama",grab,google_play,"lama dapet diriver, ga jelas tentang waktunya, segala harus pake prioritas dan ga gratis, pilih kasih, ga bisa batalin pesanan yg lama",negative
2026-04-02 20:29:23,ridwan ridwan,"pesan makan kadang susah dapet pengemudinya malah nunggu 50 mntan gak ada juga ujung""nya d batalin kecewa",grab,google_play,"pesan makan kadang susah dapet pengemudinya malah nunggu 50 mntan gak ada juga ujung""nya d batalin kecewa",negative
2026-04-02 20:25:51,Andy Saputra,pelayanan cepat. barang sesuai,grab,google_play,pelayanan cepat. barang sesuai,positive
2026-04-02 20:25:04,Abu Surbah,oke top,grab,google_play,oke top,positive
2026-04-02 20:23:53,Raida Rumaiza,sekarang susah driver,grab,google_play,sekarang susah driver,negative
2026-04-02 20:20:22,Happy Cahya,pesen makanan susah cari drivernya !!!!!!,grab,google_play,pesen makanan susah cari drivernya !!!!!!,negative
2026-04-02 20:13:31,Naga Budiman Hamdani,"Very Good Fast Respon, Tq Grab🙏",grab,google_play,"very good fast respon, tq grab🙏",positive
2026-04-02 20:12:31,kamal ardabili,"pengalaman buruk setiap pesan makanan pasti selalu telat gagal dapat driver Berjam jam tidak seperti aplikasi sebelah padahal jarak restoran ga jauh"" amat, suka mls beli dsni tpi udah terlanjur di pesan pdhal driver bnyk kok susah bngt dpt.",grab,google_play,"pengalaman buruk setiap pesan makanan pasti selalu telat gagal dapat driver berjam jam tidak seperti aplikasi sebelah padahal jarak restoran ga jauh"" amat, suka mls beli dsni tpi udah terlanjur di pesan pdhal driver bnyk kok susah bngt dpt.",negative
2026-04-02 19:58:01,Deni Kamaludin Jamil,Ini kalau sistemnya gak susah dapat driver pas hujan/sibuk bintang 5,grab,google_play,ini kalau sistemnya gak susah dapat driver pas hujan/sibuk bintang 5,positive
2026-04-02 19:49:12,Fitri sridevi Hutabarat,aplikasi kalian ini sangat mengesalkan. pesan grabfood tidak bisa cancel.,grab,google_play,aplikasi kalian ini sangat mengesalkan. pesan grabfood tidak bisa cancel.,negative
2026-04-02 19:45:34,Arumanda Maru,cepat angkut aku hey,grab,google_play,cepat angkut aku hey,negative
2026-04-02 19:38:42,Nilawati,asli sumpah. beneran padahal ga pencet beli tiba tiba dikirimin. bahkan belum selese dibagian opsi pembayaran malah kekirim dan hal yg paling mengecewakan tidak ada opsi cara membatalkan pesanan padahal baru di pesan dan belum apa apa. aplikasi ini mengecewakan sekali,grab,google_play,asli sumpah. beneran padahal ga pencet beli tiba tiba dikirimin. bahkan belum selese dibagian opsi pembayaran malah kekirim dan hal yg paling mengecewakan tidak ada opsi cara membatalkan pesanan padahal baru di pesan dan belum apa apa. aplikasi ini mengecewakan sekali,negative
2026-04-02 19:36:25,Fahmi Febrian,good,grab,google_play,good,positive
2026-04-02 19:30:04,Regi Fauzi,"saya udah berapa Kali mesen makanan , gak pernah di anter .",grab,google_play,"saya udah berapa kali mesen makanan , gak pernah di anter .",negative
2026-04-02 19:27:07,Salani Salani,terlalu mahal,grab,google_play,terlalu mahal,negative
2026-04-02 19:25:40,Gusti Aditya,cepet jemput ya,grab,google_play,cepet jemput ya,negative
2026-04-02 19:21:55,Najwa Syahirah,lama bngt dpt driver nya,grab,google_play,lama bngt dpt driver nya,negative
2026-04-02 19:21:39,Khairani Oktaviani,Sistem Mengecewakan!!,grab,google_play,sistem mengecewakan!!,negative
2026-04-02 19:19:44,Siti Ngaisah,susah dibuka aplikasinya..sering salah titik lok,grab,google_play,susah dibuka aplikasinya..sering salah titik lok,negative
2026-04-02 19:17:37,bayu pratama,sangat bagus,grab,google_play,sangat bagus,positive
2026-04-02 19:13:32,Hendry Stiono,sangat membantu,grab,google_play,sangat membantu,positive
2026-04-02 19:11:56,adi setiawan,grabfood bikin muak...layanan terlalu lama .cari driver harus nunggu 1 jam..orang keburu lapar makanan ga datang2..mending beli offline..makin ke sini makin buruk layanannya...parahhh 👎👎👎👎👎👎👎👎👎,grab,google_play,grabfood bikin muak...layanan terlalu lama .cari driver harus nunggu 1 jam..orang keburu lapar makanan ga datang2..mending beli offline..makin ke sini makin buruk layanannya...parahhh 👎👎👎👎👎👎👎👎👎,negative
2026-04-02 19:11:34,Pradina Putri,"sumpah najis bgttt ga expect order pake pengiriman standar nunggunya bisa sampe 2jam, pdhl jarak toko ke kost deket bgt. parah si kataku mah meskipun standar kan ga sepenuhnya gratis juga kirain 11-12 sama shop** pengiriman standar mentok di 30 menit itupun jarang bgt terjadi. bahkan pernah saking Mepetnya duit order gacoan pke pengiriman hemat cuma nunggu ± 40menitan tau gini ga aku download hmm menguji kesabaran bgt",grab,google_play,"sumpah najis bgttt ga expect order pake pengiriman standar nunggunya bisa sampe 2jam, pdhl jarak toko ke kost deket bgt. parah si kataku mah meskipun standar kan ga sepenuhnya gratis juga kirain 11-12 sama shop** pengiriman standar mentok di 30 menit itupun jarang bgt terjadi. bahkan pernah saking mepetnya duit order gacoan pke pengiriman hemat cuma nunggu ± 40menitan tau gini ga aku download hmm menguji kesabaran bgt",negative
2026-04-02 19:04:26,Sifa Nursifa,skrng KNPA jdi susah banget nyari driver grabfood. udh nunggu smpe 1jam blm Nemu aja gojek. seharus skrng ada sistem cancel nya,grab,google_play,skrng knpa jdi susah banget nyari driver grabfood. udh nunggu smpe 1jam blm nemu aja gojek. seharus skrng ada sistem cancel nya,negative
2026-04-02 19:00:27,nida ulmufida,alternatif kamu gojek mahal,grab,google_play,alternatif kamu gojek mahal,negative
2026-04-02 18:53:20,Alisang Cinta,"makin lama, makin mahal cibay",grab,google_play,"makin lama, makin mahal cibay",negative
2026-04-02 18:44:59,Amalia,gmna ni grab ...di update udh seminggu gak bisa di buka ...di uninstall mlh gak bisa juga,grab,google_play,gmna ni grab ...di update udh seminggu gak bisa di buka ...di uninstall mlh gak bisa juga,negative
2026-04-02 18:38:11,shintaefra nez,DRIVERNYA JUAL MAHAL SEMUA PADAHAL JUGA GAK HUJAN TAPI GAMAU JALAN!,grab,google_play,drivernya jual mahal semua padahal juga gak hujan tapi gamau jalan!,negative
2026-04-02 18:34:54,Rifaj Yunant,"jangan pake grab guys, 1 jam lebih ga dapet2 driver",grab,google_play,"jangan pake grab guys, 1 jam lebih ga dapet2 driver",negative
2026-04-02 18:34:13,Nou Val,tapi kurang ya salah penempatan titik lokasi rumah,grab,google_play,tapi kurang ya salah penempatan titik lokasi rumah,negative
2026-04-02 18:30:29,Reni Pabriani,nah udah selesai juga akhirnya. nih ku kaaih bintang 5 lagi. next time sebelum ngebekuin akun. kasih tau dulu alasannya. jangan bekuin sebelah pihak. kami customer juga punya pembelaan.,grab,google_play,nah udah selesai juga akhirnya. nih ku kaaih bintang 5 lagi. next time sebelum ngebekuin akun. kasih tau dulu alasannya. jangan bekuin sebelah pihak. kami customer juga punya pembelaan.,negative
2026-04-02 18:17:22,Sholi Van iyeu,membantu,grab,google_play,membantu,negative
2026-04-02 17:54:57,nnta,so horny with this much promotion on grabfood ‼️🙏,grab,google_play,so horny with this much promotion on grabfood ‼️🙏,negative
2026-04-02 17:50:07,Naswa Zein Qurrotul Ain,"Kalo ganiat ngasih promo gausah gagal mulu promonya, oiya yang pengen makan dapet banyak promo download aja GOJEK di GO FOOD dijamin 100 persen banyak promo nya asli sumpah gak kayak apk ini",grab,google_play,"kalo ganiat ngasih promo gausah gagal mulu promonya, oiya yang pengen makan dapet banyak promo download aja gojek di go food dijamin 100 persen banyak promo nya asli sumpah gak kayak apk ini",positive
2026-04-02 17:45:43,Dedi Rahman,Driver banyak yang gak bawa helm buat penumpang,grab,google_play,driver banyak yang gak bawa helm buat penumpang,negative
2026-04-02 17:44:24,Mimi Nurasmi,trimakasih pak sudah antar sy Sampay tujuan,grab,google_play,trimakasih pak sudah antar sy sampay tujuan,neutral
2026-04-02 17:44:08,Muhammad Fakhri,ga pagi ga sore dapet driver lama banget,grab,google_play,ga pagi ga sore dapet driver lama banget,negative
2026-04-02 17:32:08,darlis ab,semua lancar,grab,google_play,semua lancar,positive
2026-04-02 16:36:07,Farah Tabitha mar,murah jir,grab,google_play,murah jir,positive
2026-04-02 16:31:43,Dita Azahara,"drive nya pada malas, hujan dikit aja ga terima orderan, pada ga butuh duit kah? kalo musim hujan susah banget dapat drive, najis",grab,google_play,"drive nya pada malas, hujan dikit aja ga terima orderan, pada ga butuh duit kah? kalo musim hujan susah banget dapat drive, najis",negative
2026-04-02 16:22:24,EDI,aplikasi bagus,grab,google_play,aplikasi bagus,positive
2026-04-02 16:21:39,lailaa,"grab adalah solusi buat para pelajar seperti aku yang pakai ojol setiap pagi, disini bisa pakai grab hemat sesuai dgn kantong pelajar. sedangkan di aplikasi sebelah ga ada gersi hemat dan harganya yang mahal ga sesuai buat kantong pelajar. disaat aku mau pulang sekolah dan kehujanan pun grab tetap ada versi hemat nya dan waktu sampainya pun cukup cepat. terima kasih grab aku bakal pakai kamu terus ♡",grab,google_play,"grab adalah solusi buat para pelajar seperti aku yang pakai ojol setiap pagi, disini bisa pakai grab hemat sesuai dgn kantong pelajar. sedangkan di aplikasi sebelah ga ada gersi hemat dan harganya yang mahal ga sesuai buat kantong pelajar. disaat aku mau pulang sekolah dan kehujanan pun grab tetap ada versi hemat nya dan waktu sampainya pun cukup cepat. terima kasih grab aku bakal pakai kamu terus ♡",positive
2026-04-02 16:19:49,Zaenal Arifien,sangat memuaskan,grab,google_play,sangat memuaskan,positive
2026-04-02 16:18:12,Amdi Lubis,"lain kali ngarah kan jalan jgn ke jalan yg macet dan bnyak lampu merahnya ya, ngotak sikit, kasian driver sama penumpangnya",grab,google_play,"lain kali ngarah kan jalan jgn ke jalan yg macet dan bnyak lampu merahnya ya, ngotak sikit, kasian driver sama penumpangnya",negative
2026-04-02 16:12:53,esti pandijo,baik kondisi hujan ank sy dilengkapi dgn jas hujan dan helm alhamdulillah terima kasih om,grab,google_play,baik kondisi hujan ank sy dilengkapi dgn jas hujan dan helm alhamdulillah terima kasih om,positive
2026-04-02 16:10:39,Aqila Putri ramadani,baik,grab,google_play,baik,positive
2026-04-02 15:43:44,Nanie Fitria13,order grab gesit dan cepqt dripda shpeefood,grab,google_play,order grab gesit dan cepqt dripda shpeefood,neutral
2026-04-02 15:30:41,Hasbull kordes,ok nyaman,grab,google_play,ok nyaman,negative
2026-04-02 15:28:56,Astrid Lede,bgus deh pokoknya,grab,google_play,bgus deh pokoknya,positive
2026-04-02 15:24:38,No Waja,"bikin ribet aja, ngapain sih verifikasi selfie segala",grab,google_play,"bikin ribet aja, ngapain sih verifikasi selfie segala",negative
2026-04-02 15:10:24,Andy Chandra,ok,grab,google_play,ok,negative
2026-04-02 15:06:01,Leonita Wahyu Aryana,tarifnya skrg mahal banget.. sptnya sy harus beralih.. tadinya udh nyaman banget pake grab tp sorry to say ada yg lbh affordable,grab,google_play,tarifnya skrg mahal banget.. sptnya sy harus beralih.. tadinya udh nyaman banget pake grab tp sorry to say ada yg lbh affordable,negative
2026-04-02 14:53:09,yenyeni Yeni Nurhasanah,sangat baik,grab,google_play,sangat baik,positive
2026-04-02 14:43:16,Widya Wati,"sangat membantu perjalanan saya... sehingga lebih mudah,ramah d kantong biayanya",grab,google_play,"sangat membantu perjalanan saya... sehingga lebih mudah,ramah d kantong biayanya",positive
2026-04-02 14:42:03,Adi Ganz,"awalnya bagus lama"" bnyk yg cancel jarak jauh bnget ngk bisa buat buru"" nunggu driver nya juga lama berhenti 20mnit baru jalan ke penumpang Gilak sih sekarang malah ngk ada driver disekitar",grab,google_play,"awalnya bagus lama"" bnyk yg cancel jarak jauh bnget ngk bisa buat buru"" nunggu driver nya juga lama berhenti 20mnit baru jalan ke penumpang gilak sih sekarang malah ngk ada driver disekitar",negative
2026-04-02 13:55:37,Leni Leny Lavenia,aplikasi yang bagus dan baik,grab,google_play,aplikasi yang bagus dan baik,positive
2026-04-02 13:36:45,Zacky Zack,nyaman sekali,grab,google_play,nyaman sekali,positive
2026-04-02 13:36:27,Salman Fadhila,bagus dan keren,grab,google_play,bagus dan keren,positive
2026-04-02 13:33:04,Qania Mardiah,"sayang, murahin lagi ya sayang, aku senang dapet harga murah mulu walau jauh sayang",grab,google_play,"sayang, murahin lagi ya sayang, aku senang dapet harga murah mulu walau jauh sayang",positive
2026-04-02 13:26:22,Initial E,"Lebih prefer pesan taxi buat order layanan car. Grab Car selain mahal, para drivernya pada malas, gak sopan, nyetir kasar dan kalo jalan sempit disuruh turun gak sampai titik turun. Bayar pake QRIS gak sabaran duit masuk, marah² kalo duit belum masuk, kan ya harusnya masalah sinyal juga kan. Sering gak mau batalin order kalo rute macet, pelanggan yang harus batalin, alhasil pelanggan yang kena suspend. Pake Grab cuman buat layanan food aja kalo lagi ada promo.",grab,google_play,"lebih prefer pesan taxi buat order layanan car. grab car selain mahal, para drivernya pada malas, gak sopan, nyetir kasar dan kalo jalan sempit disuruh turun gak sampai titik turun. bayar pake qris gak sabaran duit masuk, marah² kalo duit belum masuk, kan ya harusnya masalah sinyal juga kan. sering gak mau batalin order kalo rute macet, pelanggan yang harus batalin, alhasil pelanggan yang kena suspend. pake grab cuman buat layanan food aja kalo lagi ada promo.",negative
2026-04-02 12:46:50,Ote Yandi,membantu,grab,google_play,membantu,negative
2026-04-02 12:37:38,Bangkit Kharisma Raja,saya ingin kembali pakai grab tapi terkendala oleh otp karena nomor lama sudah tidak aktif. tolong kedepannya buat opsi verifikasi melalui email,grab,google_play,saya ingin kembali pakai grab tapi terkendala oleh otp karena nomor lama sudah tidak aktif. tolong kedepannya buat opsi verifikasi melalui email,neutral
2026-04-02 12:29:29,Leni Wandra,the beast,grab,google_play,the beast,neutral
2026-04-02 12:21:45,Nasya kanaya,keseringan ngebug,grab,google_play,keseringan ngebug,negative
2026-04-02 12:12:46,Erland Erlambang,sangat baik,grab,google_play,sangat baik,positive
2026-04-02 12:12:45,Agil Ahsina Putra,pengguna sudah hampir 2 th tapi baru2 ini kenapa kalo pesan makanan lama semua?,grab,google_play,pengguna sudah hampir 2 th tapi baru2 ini kenapa kalo pesan makanan lama semua?,negative
2026-04-02 12:03:22,Pikri hidayatulloh,"damnn jahat banget , sedikit cerita paman saya abis kontrol diigd gara gara punya riwayat penyakit stroke dan jalannya sedikit ² di gandeng ,lalu titik koordinat yang saya masukan terlalu jauh memang salah saya ,tapi dengan sopan saya nyuruh nunggu kepada pihak pengemudi 2 menit doang , malah di cancel dengan alasan jauh nyari yang lain aja , sejahat itu yaa padahal paman saya sudah berusaha jalan , sehat teruss deh buat orang orang :)",grab,google_play,"damnn jahat banget , sedikit cerita paman saya abis kontrol diigd gara gara punya riwayat penyakit stroke dan jalannya sedikit ² di gandeng ,lalu titik koordinat yang saya masukan terlalu jauh memang salah saya ,tapi dengan sopan saya nyuruh nunggu kepada pihak pengemudi 2 menit doang , malah di cancel dengan alasan jauh nyari yang lain aja , sejahat itu yaa padahal paman saya sudah berusaha jalan , sehat teruss deh buat orang orang :)",negative
2026-04-02 11:58:15,Sugiyanto Yanto,semuanya OK.,grab,google_play,semuanya ok.,negative
2026-04-02 11:53:52,Dwi Fitri Cahyani,"benar-benar kapok naik grab bike, padahal grab bikenya bukan yg hemat, bisa""nya drivernya gak tahu diri, udah motornya beat duduknya gak mau maju, naiknya kenceng banget, dikasih tahu jalan ngeyel, maunya lewat jalan besar gamau lewat gang dimana lewat gang itu jalan tercepat ya tahu sendiri dia naiknya sekencang apa, akhirnya mogok dah tuh motornya, dan penumpangnya juga yg rugi dan harus jalan kaki sekitar 300 meter",grab,google_play,"benar-benar kapok naik grab bike, padahal grab bikenya bukan yg hemat, bisa""nya drivernya gak tahu diri, udah motornya beat duduknya gak mau maju, naiknya kenceng banget, dikasih tahu jalan ngeyel, maunya lewat jalan besar gamau lewat gang dimana lewat gang itu jalan tercepat ya tahu sendiri dia naiknya sekencang apa, akhirnya mogok dah tuh motornya, dan penumpangnya juga yg rugi dan harus jalan kaki sekitar 300 meter",negative
2026-04-02 11:39:30,Sochibul Mujahidin,baik,grab,google_play,baik,positive
2026-04-02 11:37:11,Linidrain Plumbing,good,grab,google_play,good,positive
2026-04-02 11:15:41,Nala Antri,bagus,grab,google_play,bagus,positive
2026-04-02 11:13:26,Kikiayu Indah sari,pengantar sangt aman,grab,google_play,pengantar sangt aman,positive
2026-04-02 11:08:18,Dody Aviantoro,"pelayanan baik ,sampai tujuan",grab,google_play,"pelayanan baik ,sampai tujuan",positive
2026-04-02 10:27:07,Khadijah Indriani,sangat membantu.tp di daerah daerah dan jam tertentu tidak ada driver.,grab,google_play,sangat membantu.tp di daerah daerah dan jam tertentu tidak ada driver.,positive
2026-04-02 10:21:58,Yazid Zaidan,enak poll cocok untuk pelajar,grab,google_play,enak poll cocok untuk pelajar,positive
2026-04-02 10:19:34,Herlina Nayra,baik,grab,google_play,baik,positive
2026-04-02 10:18:56,Alhafis Anmadian,mantap,grab,google_play,mantap,positive
2026-04-02 10:16:17,Hadi Purnomo,manteb,grab,google_play,manteb,negative
2026-04-02 09:57:05,andi dian dppkbbone,bagus,grab,google_play,bagus,positive
2026-04-02 09:46:09,Achmad official,bagus apk nya dan lebih murah dripda gojek,grab,google_play,bagus apk nya dan lebih murah dripda gojek,positive
2026-04-02 09:30:16,Jaya Anggara,lumayan soalnya turunya jauh dari rumah/lokasi,grab,google_play,lumayan soalnya turunya jauh dari rumah/lokasi,positive
2026-04-02 09:20:49,Ayu Rahayu,keren,grab,google_play,keren,positive
2026-04-02 08:54:20,Farid Kenan,mantap,grab,google_play,mantap,positive
2026-04-02 08:47:55,Heri Wijaya,sangat membantu,grab,google_play,sangat membantu,positive
2026-04-02 08:38:01,Irwan Sihombing,puas,grab,google_play,puas,negative
2026-04-02 08:37:54,fajar fitra,"nunggu lama, ada driver di sekitar tapi harus nunggu yg jauh,padahal yg sebelah rumah juga lagi nunggu orderan,...",grab,google_play,"nunggu lama, ada driver di sekitar tapi harus nunggu yg jauh,padahal yg sebelah rumah juga lagi nunggu orderan,...",negative
2026-04-02 08:37:00,Rizky Putranto,responnya cepat bagus,grab,google_play,responnya cepat bagus,positive
2026-04-02 08:32:07,pra restihartati,mantap,grab,google_play,mantap,positive
2026-04-02 08:21:58,A Haris,bagus sih. hanya saja saat langganan grab unlimited tidak sesuai dengan informasi produk yang diberikan.,grab,google_play,bagus sih. hanya saja saat langganan grab unlimited tidak sesuai dengan informasi produk yang diberikan.,negative
2026-04-02 08:21:35,favian alfudzaky,makanannya enak,grab,google_play,makanannya enak,positive
2026-04-02 08:17:56,Marlina Ndruru,sgt berfungsi,grab,google_play,sgt berfungsi,neutral
2026-04-02 08:03:36,Ayub Wibowo,oke,grab,google_play,oke,negative
2026-04-02 07:52:12,Chandra,"dalam 4 hari,2x dicancel yg 1 waktu tunggu nya 7 menit. saya mah ga masalah nunggu,driver nya yg males ambil. yg ke 2 udah mau sampai,eh dicancel tiba². yg td nya udah mepet kerja,jd telat karna pesen ojol LG",grab,google_play,"dalam 4 hari,2x dicancel yg 1 waktu tunggu nya 7 menit. saya mah ga masalah nunggu,driver nya yg males ambil. yg ke 2 udah mau sampai,eh dicancel tiba². yg td nya udah mepet kerja,jd telat karna pesen ojol lg",negative
2026-04-02 07:37:55,Kinasih314 Wulan,layanan baik dan cepat,grab,google_play,layanan baik dan cepat,positive
2026-04-02 07:37:51,Naila Naila,"apk nya sering lelet sehingga menyebabkan penumpang lama menunggu untuk membuat pesanan,dan memakan waktu yang lama.",grab,google_play,"apk nya sering lelet sehingga menyebabkan penumpang lama menunggu untuk membuat pesanan,dan memakan waktu yang lama.",negative
2026-04-02 07:36:07,M Yunus,terbaik,grab,google_play,terbaik,positive
2026-04-02 07:34:34,Nanto Hadi,pengemudi sopan,grab,google_play,pengemudi sopan,negative
2026-04-02 07:18:42,Muhammad Syahrul,Sangat memudahkan keperluan pergi kemana saja. Dengan fitur promo Yang Termurah cukup mulai dari 7500 🌟🌟,grab,google_play,sangat memudahkan keperluan pergi kemana saja. dengan fitur promo yang termurah cukup mulai dari 7500 🌟🌟,positive
2026-04-02 07:13:43,Susan Widiawati 88,ok 👍,grab,google_play,ok 👍,negative
2026-04-02 07:12:02,Dodol Podol,bagus tapi masalah nya leg mulu,grab,google_play,bagus tapi masalah nya leg mulu,negative
2026-04-02 06:38:15,ir Tanjung,baik',grab,google_play,baik',positive
2026-04-02 06:19:40,Putri ayu Andira,harga nya tiba-tiba naik padahal pas mesen 12.500 saat sampai di lokasi berubah jadi 21.000 dan uda dua kali terjadi seperti ini pernah juga saya mesen saat mau makan gacoan jaraknya hanya 1.8km dari rumah saya pesen yang harga 10.000 tiba tiba pas nyampek jadi 20.000aneh banget. jujur kecewa banget kok bisa gitu,grab,google_play,harga nya tiba-tiba naik padahal pas mesen 12.500 saat sampai di lokasi berubah jadi 21.000 dan uda dua kali terjadi seperti ini pernah juga saya mesen saat mau makan gacoan jaraknya hanya 1.8km dari rumah saya pesen yang harga 10.000 tiba tiba pas nyampek jadi 20.000aneh banget. jujur kecewa banget kok bisa gitu,negative
2026-04-02 06:19:13,Nur Alam,"muda dipake,ok",grab,google_play,"muda dipake,ok",negative
2026-04-02 06:18:50,Utami Dewi,selalu memberikan layanan yg terbaik.... terimakasih babang2 Grab 🙏,grab,google_play,selalu memberikan layanan yg terbaik.... terimakasih babang2 grab 🙏,positive
2026-04-02 06:10:15,Geo Imut,"setiap mau pesan pagi kok disulitin gini si gatau jam udh mepet udh dipesen jauh jam sama aja blom dpt""",grab,google_play,"setiap mau pesan pagi kok disulitin gini si gatau jam udh mepet udh dipesen jauh jam sama aja blom dpt""",negative
2026-04-02 06:01:30,Modifikasi Bandung,"Tinggalkan GRAB, tiap pesan dikasih driver yg jauh dengan harapan dicancel dan kembali pesan, namun ketika kembali pesan harga menjadi naik/diarahkan ke harga yg tinggi agar waktu tunggu menjadi sebentar. Sungguh cara berbisnis yg buruk, kasihan driver yg mencari nafkah dengan aplikator seperti ini.",grab,google_play,"tinggalkan grab, tiap pesan dikasih driver yg jauh dengan harapan dicancel dan kembali pesan, namun ketika kembali pesan harga menjadi naik/diarahkan ke harga yg tinggi agar waktu tunggu menjadi sebentar. sungguh cara berbisnis yg buruk, kasihan driver yg mencari nafkah dengan aplikator seperti ini.",negative
2026-04-02 05:57:26,Muhammad Sibli,ok,grab,google_play,ok,negative
2026-04-02 05:31:21,Petrus Sugianto,"dengan perubahan map yg bergerak, membuat pusing dan bingung.. sebaiknya map dikembalikan ke fitur awal (tidak bergerak).",grab,google_play,"dengan perubahan map yg bergerak, membuat pusing dan bingung.. sebaiknya map dikembalikan ke fitur awal (tidak bergerak).",negative
2026-04-02 05:23:56,Mauliya Nasution,bagus,grab,google_play,bagus,positive
2026-04-02 05:23:23,Real Nazo,maps nya kurang detail,grab,google_play,maps nya kurang detail,negative
2026-04-02 04:44:36,Pgs Saja,sulit mendapatkan makanan yang terdekat dan murah 🤧🤧🤧🤧 saya maunya motor kok munculnya mobil 🤯,grab,google_play,sulit mendapatkan makanan yang terdekat dan murah 🤧🤧🤧🤧 saya maunya motor kok munculnya mobil 🤯,negative
2026-04-02 03:12:40,Asti Widiari,"usul dong, grab bikin aplikasi versi lite nya biar ga terlalu berat di hp......🙏😁😁😁😁",grab,google_play,"usul dong, grab bikin aplikasi versi lite nya biar ga terlalu berat di hp......🙏😁😁😁😁",neutral
2026-04-02 02:42:51,Ahmad Rayhan,Good Aplication 👍🏻,grab,google_play,good aplication 👍🏻,positive
2026-04-02 02:23:04,Nasirinmasruri Nasirinmasruri,GK ada kembalian,grab,google_play,gk ada kembalian,neutral
2026-04-02 02:00:42,Islahadi Abidin,murah potongan besar konflik batin cs dan driver,grab,google_play,murah potongan besar konflik batin cs dan driver,negative
2026-04-02 01:22:10,Bengbeng Andin,sangat membantu,grab,google_play,sangat membantu,positive
2026-04-02 00:31:47,X-ray X-ray,good,grab,google_play,good,positive
2026-04-02 00:06:22,Amran banen,biasa di luar.. luar bisa,grab,google_play,biasa di luar.. luar bisa,positive
2026-04-02 00:04:58,016_Pisi Anggriani,tiba tiba fitur pemesanan makanan saya hilang padahal baru 2 BLN saya gak gunakan saya mau gunakan kembali udh gak ada fitur pesan makan lagi tolong dong penjelasanya itu gimana padahal saya udh jdi memper prioritas sebelumnya,grab,google_play,tiba tiba fitur pemesanan makanan saya hilang padahal baru 2 bln saya gak gunakan saya mau gunakan kembali udh gak ada fitur pesan makan lagi tolong dong penjelasanya itu gimana padahal saya udh jdi memper prioritas sebelumnya,negative
2026-04-01 23:54:07,Samsul Arifin,Bagus,grab,google_play,bagus,positive
2026-04-01 23:09:00,Galih Suhendra,"ape bnde lah, aps berlaku untuk daerah tertentu jer, macam pahang temerloh kuantan bahau dan masih banyak lgi yg tak boleh dapat order, klo nak ramai penumpang bagi la masuk pedalama",grab,google_play,"ape bnde lah, aps berlaku untuk daerah tertentu jer, macam pahang temerloh kuantan bahau dan masih banyak lgi yg tak boleh dapat order, klo nak ramai penumpang bagi la masuk pedalama",positive
2026-04-01 23:03:03,jon sinchan,baguuussss,grab,google_play,baguuussss,negative
2026-04-01 22:35:50,Shyntia Tia,bagus,grab,google_play,bagus,positive
2026-04-01 22:28:14,Eko SM,Semoga terus terupdate aplikasinya sehingga memudahkan para pelanggan dan driver,grab,google_play,semoga terus terupdate aplikasinya sehingga memudahkan para pelanggan dan driver,positive
2026-04-01 22:01:17,Astrllaa,"sampah, bikin tambah lama saja, tidak ada driver yang ambil, aplikasi sampah",grab,google_play,"sampah, bikin tambah lama saja, tidak ada driver yang ambil, aplikasi sampah",negative
2026-04-01 22:00:44,Kardo Adrianto,"kecepatan mengendarainya pas,gak kencang gak lambat",grab,google_play,"kecepatan mengendarainya pas,gak kencang gak lambat",positive
2026-04-01 21:59:14,alirido rido,sangat bagus,grab,google_play,sangat bagus,positive
2026-04-01 21:49:43,Farida Mamaida,mantap,grab,google_play,mantap,positive
2026-04-01 21:49:40,Toto Doang,menarik,grab,google_play,menarik,positive
2026-04-01 21:31:47,Nofita bakar,hari ini saya kecewa sama grab karena saya melakukan 2 kali pembayara dan uangnya tidak kembali,grab,google_play,hari ini saya kecewa sama grab karena saya melakukan 2 kali pembayara dan uangnya tidak kembali,negative
2026-04-01 21:31:34,Cemput Pegadaian,"pesan makanan lamaaa smpai 2 jam, sya beralin ke applikasi lain aja, tks grab smoga lebih ok lgi!",grab,google_play,"pesan makanan lamaaa smpai 2 jam, sya beralin ke applikasi lain aja, tks grab smoga lebih ok lgi!",negative
2026-04-01 21:21:45,Jul Nelly,titik ny suka berubah sendiri anehhhh,grab,google_play,titik ny suka berubah sendiri anehhhh,negative
2026-04-01 21:13:45,Yuwan Azriel Tanzillah,tidak membantu,grab,google_play,tidak membantu,negative
2026-04-01 21:08:43,Ryan Taufik,mantap,grab,google_play,mantap,positive
2026-04-01 21:02:37,Coky Wibisono,Ok bngt 👍👍👍👍🙏,grab,google_play,ok bngt 👍👍👍👍🙏,negative
2026-04-01 20:59:22,Dewi,aplikasi jelek banget sering error. pesen food tapi gk ke detec history. giliran mau di lacak pesenan malah gk ada.,grab,google_play,aplikasi jelek banget sering error. pesen food tapi gk ke detec history. giliran mau di lacak pesenan malah gk ada.,negative
2026-04-01 20:54:05,Hanny Putri,"pertama kali order grabfood bener bner ga worth it, sejam setengah nunggu cuma karena perkara bayarnya tunai, padahal jarak resto juga deket. ga lagi lagi make ni apk",grab,google_play,"pertama kali order grabfood bener bner ga worth it, sejam setengah nunggu cuma karena perkara bayarnya tunai, padahal jarak resto juga deket. ga lagi lagi make ni apk",negative
2026-04-01 20:41:49,Suci Nurhayati,kendaraan nyaman,grab,google_play,kendaraan nyaman,positive
2026-04-01 20:39:55,Reinsan2,"gak ada driver saat hujan, padahal lagi butuh makanan. harga drive juga mahal. gak ada promo complete.",grab,google_play,"gak ada driver saat hujan, padahal lagi butuh makanan. harga drive juga mahal. gak ada promo complete.",negative
2026-04-01 20:39:05,Iskandar Bin Bunito,"terima kasih, sdra abdul, sdh mengantar sy dengan baik dan sampai tujuan",grab,google_play,"terima kasih, sdra abdul, sdh mengantar sy dengan baik dan sampai tujuan",positive
2026-04-01 20:32:27,Celak an,bagus. tp aring banyak penolakan dr driver,grab,google_play,bagus. tp aring banyak penolakan dr driver,negative
2026-04-01 20:08:46,Rosihalwa Rosihalwamamamega,sesuai rekomendasi setiap hujan grabfood cocok deh..👍🏻,grab,google_play,sesuai rekomendasi setiap hujan grabfood cocok deh..👍🏻,positive
2026-04-01 20:00:22,Safirara Tiaa,"driverny rata"" bad atitude main cancel seenakny pdhl alamat udh bener",grab,google_play,"driverny rata"" bad atitude main cancel seenakny pdhl alamat udh bener",negative
2026-04-01 19:57:08,Suwarno,bagus mantap,grab,google_play,bagus mantap,positive
2026-04-01 19:42:37,Husni Tamrin,oke,grab,google_play,oke,negative
2026-04-01 19:41:03,Suhardi Iriandi,mantap pengemudi nya lucu awoakwoakaok,grab,google_play,mantap pengemudi nya lucu awoakwoakaok,positive
2026-04-01 19:32:43,rara Fahra,kecewa berat akhir akhir ini grabfood susah bgt dapet driver saya sudah nunggu sampe dua jam ga dapet dapet pdhl saya sudah pakai mode regular tetap saja ini karna driver nya males ambil pesanan atau emang gada driver soalnya sering bgt kejadian kayak gini susah dapet driver,grab,google_play,kecewa berat akhir akhir ini grabfood susah bgt dapet driver saya sudah nunggu sampe dua jam ga dapet dapet pdhl saya sudah pakai mode regular tetap saja ini karna driver nya males ambil pesanan atau emang gada driver soalnya sering bgt kejadian kayak gini susah dapet driver,negative
2026-04-01 19:12:48,Nike,"Upgrade your existing features. Why do so many merchants require customers to communicate their order status to their drivers? Isn't there a chat feature or direct contact between merchants and drivers? Seriously, customers have to be the middleman!? Rethink your business process. What if there's a problem or situation that needs to be resolved directly between the merchant and the driver? Don't go through the customer. it's very disruptive and impractical! Shipping costs too expensive!!",grab,google_play,"upgrade your existing features. why do so many merchants require customers to communicate their order status to their drivers? isn't there a chat feature or direct contact between merchants and drivers? seriously, customers have to be the middleman!? rethink your business process. what if there's a problem or situation that needs to be resolved directly between the merchant and the driver? don't go through the customer. it's very disruptive and impractical! shipping costs too expensive!!",negative
2026-04-01 19:11:48,Sapeq,driver pada sombong udh gabutuh duit gak nemu driver dari 40 menit,grab,google_play,driver pada sombong udh gabutuh duit gak nemu driver dari 40 menit,negative
2026-04-01 19:07:53,Muhamad Kaizenta,sangat membantu,grab,google_play,sangat membantu,positive
2026-04-01 18:59:05,Kusmayadi,sangat membantu sekali 👍👍👍,grab,google_play,sangat membantu sekali 👍👍👍,positive
2026-04-01 18:54:14,petrusdumoli panjaitan,bisnis penjajah ala modern. dibalut aplikasi,grab,google_play,bisnis penjajah ala modern. dibalut aplikasi,negative
2026-04-01 18:51:41,Dede rahman rahman,luar biasa,grab,google_play,luar biasa,positive
2026-04-01 18:47:44,Khairana Shafa Malika Putri,baik👍,grab,google_play,baik👍,positive
2026-04-01 17:57:37,Eufrasia Sherien,"kasih lokasi tuh yg bener, sesuai titik, apalagi grab car. malah nyusahin customer, aneh.",grab,google_play,"kasih lokasi tuh yg bener, sesuai titik, apalagi grab car. malah nyusahin customer, aneh.",negative
2026-04-01 17:42:20,Yufan Yudi,thanks..driver ramah dan sopan serta kompeten,grab,google_play,thanks..driver ramah dan sopan serta kompeten,positive
2026-04-01 17:37:27,Khodijah Dijah,pencarian mobil mudah membantu perjalanan,grab,google_play,pencarian mobil mudah membantu perjalanan,positive
2026-04-01 17:25:23,Kaisya “kaisyaazmatt_” Azmatun T.,memudahkan perjalanan,grab,google_play,memudahkan perjalanan,positive
2026-04-01 17:20:32,nikita aiko,"grab food skrng lama kali, saya sudah menunggu terlalu lama dan kelaparan. masa nunggu menyiapkan makanan hampir sejam lebih, tambahin fitur chat dgn penjual agar lebih mudah. sudah menunggu lama masa driver yang mengantar juga lama dan tidak ada yang mau mengambil karena bayar tunai, ada ada aja. kapok deh pake grab food",grab,google_play,"grab food skrng lama kali, saya sudah menunggu terlalu lama dan kelaparan. masa nunggu menyiapkan makanan hampir sejam lebih, tambahin fitur chat dgn penjual agar lebih mudah. sudah menunggu lama masa driver yang mengantar juga lama dan tidak ada yang mau mengambil karena bayar tunai, ada ada aja. kapok deh pake grab food",negative
2026-04-01 17:15:24,Sun xx3,"untuk area jatim mohon jngan mahal"" minimal 8k sudah mempermudah masyarakat supaya pelanggan setia makin banyak dan driver juga sejahtera, hidup grab Indonesia.... setia bersama grab",grab,google_play,"untuk area jatim mohon jngan mahal"" minimal 8k sudah mempermudah masyarakat supaya pelanggan setia makin banyak dan driver juga sejahtera, hidup grab indonesia.... setia bersama grab",positive
2026-04-01 17:13:13,zbnt38 FILLY,mantul,grab,google_play,mantul,neutral
2026-04-01 17:11:32,Tessy Mardi Tosika,"keren, Tksh untuk pelayanan nya yang sudah antarkan orang' tua saya sampai ke rumah",grab,google_play,"keren, tksh untuk pelayanan nya yang sudah antarkan orang' tua saya sampai ke rumah",positive
2026-04-01 17:07:01,Robert Kowel,"saya bersama-sama teman melihat ketepatan waktu grab, terimakasih.",grab,google_play,"saya bersama-sama teman melihat ketepatan waktu grab, terimakasih.",positive
2026-04-01 16:48:09,noy ayiii,"bagus banget, murah murah, tpi kenapasi susah bnget di buka apk nya",grab,google_play,"bagus banget, murah murah, tpi kenapasi susah bnget di buka apk nya",positive
2026-04-01 16:37:17,Hadli How,bagus sekali,grab,google_play,bagus sekali,positive
2026-04-01 16:07:54,risa Alayubi,saya uninstall karna grab tidak memikirkan nasib drivernya,grab,google_play,saya uninstall karna grab tidak memikirkan nasib drivernya,negative
2026-04-01 16:05:53,D D,mempermudah tiap urusan jarak dekat dan jauh,grab,google_play,mempermudah tiap urusan jarak dekat dan jauh,positive
2026-04-01 15:48:49,alief feng lee,update mulu,grab,google_play,update mulu,negative
2026-04-01 15:36:44,Fian Devina,ok,grab,google_play,ok,negative
2026-04-01 15:17:23,Deddy Ariestian,sulit dapat driver.. padahal di sekitar ada beberapa,grab,google_play,sulit dapat driver.. padahal di sekitar ada beberapa,negative
2026-04-01 15:16:37,Piper Payne,"Grab is a convenient and reliable ride-hailing app that makes getting around the city a breeze, with affordable prices and friendly drivers",grab,google_play,"grab is a convenient and reliable ride-hailing app that makes getting around the city a breeze, with affordable prices and friendly drivers",positive
2026-04-01 15:06:39,Kenji Granada,gile mantep hemat 7.000 doang,grab,google_play,gile mantep hemat 7.000 doang,positive
2026-04-01 14:49:58,The Most Incredible Strong,"Jika manajemen internal grab tidak berbenah, maka dipastikan tidak lama lagi bernasib gulung tikar sepi penggemar",grab,google_play,"jika manajemen internal grab tidak berbenah, maka dipastikan tidak lama lagi bernasib gulung tikar sepi penggemar",negative
2026-04-01 14:49:36,Mulyono Seroja,siip,grab,google_play,siip,negative
2026-04-01 14:48:05,Wulandari Dari,bagussss,grab,google_play,bagussss,positive
2026-04-01 14:35:03,• FROZT •,"Saat memesan makanan tertulis ""Ada masalah dengan metode pembayaranmu"" saya sudah mencoba metode pembayaran lain seperti QRIS dan Tunai tetapi sama saja, tolong diperbaiki.",grab,google_play,"saat memesan makanan tertulis ""ada masalah dengan metode pembayaranmu"" saya sudah mencoba metode pembayaran lain seperti qris dan tunai tetapi sama saja, tolong diperbaiki.",negative
2026-04-01 14:31:41,Herlina Wijaya,lama banget dapat driver nya,grab,google_play,lama banget dapat driver nya,negative
2026-04-01 14:06:00,Andre Juanda saputra,cepat,grab,google_play,cepat,positive
2026-04-01 13:55:49,Ndang Coker,bagus,grab,google_play,bagus,positive
2026-04-01 13:52:12,Coco_12 Coco_12,Sangat membantu,grab,google_play,sangat membantu,positive
2026-04-01 13:50:01,Asmil Jogja,ok,grab,google_play,ok,negative
2026-04-01 13:32:27,Magdalena Kadi,mantap dan cepat,grab,google_play,mantap dan cepat,positive
2026-04-01 12:47:53,Jimmy,TOP,grab,google_play,top,positive
2026-04-01 12:45:22,Agnezsy Brahmavamso,"kenapa tiba-tiba tiap pesan harus tunggu lama bgt,saya pas mau ke sekolah atau pas pulang sekolah selalu aja nunggak lama bgt,pas mw pergi jd telat,pas mw pulang,sekolah udh sepi,bru ad yg nyamber,ga salahin org gojekny,tp sistemny kenapa lag bgt,padahal internet saya bagus bagus aja",grab,google_play,"kenapa tiba-tiba tiap pesan harus tunggu lama bgt,saya pas mau ke sekolah atau pas pulang sekolah selalu aja nunggak lama bgt,pas mw pergi jd telat,pas mw pulang,sekolah udh sepi,bru ad yg nyamber,ga salahin org gojekny,tp sistemny kenapa lag bgt,padahal internet saya bagus bagus aja",negative
2026-04-01 12:37:22,Ratu Billqis,promo nya di jam jam tertentu ya ternyata. mantap,grab,google_play,promo nya di jam jam tertentu ya ternyata. mantap,positive
2026-04-01 12:15:04,Dedi setiawan,oke,grab,google_play,oke,negative
2026-04-01 12:01:09,Pigy Pigu,so nice,grab,google_play,so nice,positive
2026-04-01 11:59:34,Defrin Atrika,baik,grab,google_play,baik,positive
2026-04-01 11:55:31,YUS BAUD,mantap,grab,google_play,mantap,positive
2026-04-01 11:50:50,Adil Y,baik,grab,google_play,baik,positive
2026-04-01 11:44:46,dew Subang,"sopan,baik",grab,google_play,"sopan,baik",positive
2026-04-01 11:17:57,Ulfi Latifa,kok sekarang grab susah di bula ya aplikasi nya,grab,google_play,kok sekarang grab susah di bula ya aplikasi nya,negative
2026-04-01 11:17:33,Alfan Alfan,ok,grab,google_play,ok,negative
2026-04-01 11:08:33,ilham arizal,kenapa grab lemot sekarang?,grab,google_play,kenapa grab lemot sekarang?,negative
2026-04-01 11:02:44,Hiskandar sh,Hiskandar sh Mutiars Bogor Raya (MBR) Masjid Almadinah samping Alkahfi. blok F7 no3 12. Rt.2/16 kel. katulampah. Kec. Bogor Timur. Bogor kota. Jabar. ind. Jemput alamat tsb di ats. tks,grab,google_play,hiskandar sh mutiars bogor raya (mbr) masjid almadinah samping alkahfi. blok f7 no3 12. rt.2/16 kel. katulampah. kec. bogor timur. bogor kota. jabar. ind. jemput alamat tsb di ats. tks,positive
2026-04-01 10:54:23,karisma nuryanti,saya ingin bertanya driver grab banyak? saya pesen grab dari jam 5.40 sampai jam 6.30 susah dapetnya . begitu dapet driver yg jauh harus nunggu 20 menit. saya kedepan banyak driver grab deket rumah pada diem pada lagi nunggu orderan tapi kenapa harus dapet yang jauh sudah dapet driver lama. sampai 1 jam saya nyari driver.,grab,google_play,saya ingin bertanya driver grab banyak? saya pesen grab dari jam 5.40 sampai jam 6.30 susah dapetnya . begitu dapet driver yg jauh harus nunggu 20 menit. saya kedepan banyak driver grab deket rumah pada diem pada lagi nunggu orderan tapi kenapa harus dapet yang jauh sudah dapet driver lama. sampai 1 jam saya nyari driver.,negative
2026-04-01 10:38:10,Jumrotul Hasanah,enak cepat,grab,google_play,enak cepat,positive
2026-04-01 10:35:48,Jannawase Luke,sangat membantu dalam melakukan aktivitas perjalanan. terima kasih atas kehadirannya.,grab,google_play,sangat membantu dalam melakukan aktivitas perjalanan. terima kasih atas kehadirannya.,positive
2026-04-01 10:30:19,Sahrul Hitam,mantap,grab,google_play,mantap,positive
2026-04-01 10:21:04,Yandi Tama,okey aja sih,grab,google_play,okey aja sih,negative
2026-04-01 10:17:50,Dwi Fortunan Tomo Popeye's,Grap Food banyak discount,grab,google_play,grap food banyak discount,positive
2026-04-01 10:11:00,Hafiza Turrahmah,good,grab,google_play,good,positive
2026-04-01 10:06:40,Reyno Fradipta,driver nya sombong²,grab,google_play,driver nya sombong²,negative
2026-04-01 09:17:14,Thamir thamirin,"Grab terbaik menurutku, aplikasi yang sangat mudah tuk bepergian",grab,google_play,"grab terbaik menurutku, aplikasi yang sangat mudah tuk bepergian",positive
2026-04-01 09:08:42,Dany Julianto,sangat baik,grab,google_play,sangat baik,positive
2026-04-01 08:56:19,Sri Sugiarto,"ok,,mntaff..sgt mmbantu",grab,google_play,"ok,,mntaff..sgt mmbantu",positive
2026-04-01 08:53:14,Adi,"udah ga kaya dulu, dapet driver jauh2 terus padahal ga pake hemat. pake hemat apalagi",grab,google_play,"udah ga kaya dulu, dapet driver jauh2 terus padahal ga pake hemat. pake hemat apalagi",negative
2026-04-01 08:06:56,Ayu Sugiarto,sangat membantu. menjadikan perjalanan kita menjadi lebih cepat dn nyaman .,grab,google_play,sangat membantu. menjadikan perjalanan kita menjadi lebih cepat dn nyaman .,positive
2026-04-01 08:06:49,HERMAN,nyaman banget,grab,google_play,nyaman banget,positive
2026-04-01 08:03:16,New umi,ok,grab,google_play,ok,negative
2026-04-01 07:58:41,Pengguna Google,Good,grab,google_play,good,positive
2026-04-01 07:51:07,zamroni yusuf,good,grab,google_play,good,positive
2026-04-01 07:49:13,Mamas aja Aja,suka aplikasi ini,grab,google_play,suka aplikasi ini,negative
2026-04-01 07:48:38,zaskyaanggraeni8,"lama banget mesen mknn jg, pesen jam 07.41 dikira sampe nya jam 09.10 edan keburu maag kambuh",grab,google_play,"lama banget mesen mknn jg, pesen jam 07.41 dikira sampe nya jam 09.10 edan keburu maag kambuh",negative
2026-04-01 07:31:41,Alfiando Damanik,sangat baik,grab,google_play,sangat baik,positive
2026-04-01 07:26:28,Tarian Tarian adjah,nyaman,grab,google_play,nyaman,negative
2026-04-01 07:25:21,Vincenso Kayot,"Sudah lebih dari sebulan, mengapa setiap pagi kalau order grab bike, drivernya selalu jauh dari titik jemput? Apakah algoritmanya berubah, sangat mengesalkan, krn harus tggu 7 - 9 menit drivernya.",grab,google_play,"sudah lebih dari sebulan, mengapa setiap pagi kalau order grab bike, drivernya selalu jauh dari titik jemput? apakah algoritmanya berubah, sangat mengesalkan, krn harus tggu 7 - 9 menit drivernya.",negative
2026-04-01 07:20:18,Mbah Giyanto,sangat membantu,grab,google_play,sangat membantu,positive
2026-04-01 07:14:01,Willy Varel,aplikasi gak berguna pas yang penting gak ada driver nya pas yang gak penting gampang kali dapat driver gak cocok untuk pigi ke mana mana,grab,google_play,aplikasi gak berguna pas yang penting gak ada driver nya pas yang gak penting gampang kali dapat driver gak cocok untuk pigi ke mana mana,negative
2026-04-01 07:09:23,ALFA BAROKAH,memudahkan segala keperluan,grab,google_play,memudahkan segala keperluan,positive
2026-04-01 07:03:08,064_Dwi Andita Esterlina Naiborhu,"males bngt pake grab paket hemat bike ga ada yg nerima, giliran yg 24rb baru pada nerima. hapus aja dah kalau gini",grab,google_play,"males bngt pake grab paket hemat bike ga ada yg nerima, giliran yg 24rb baru pada nerima. hapus aja dah kalau gini",negative
2026-04-01 07:01:38,Arifin,ok,grab,google_play,ok,negative
2026-04-01 06:53:37,Rakanero Valderiz,"udh nunggu lama tau tau di batalin sama driver tanpa konfir, sampe telat gua buat pergi, kenapa ga langsung di batalin dari awal? atau ga ngecht dulu? tegasin dong drivernya",grab,google_play,"udh nunggu lama tau tau di batalin sama driver tanpa konfir, sampe telat gua buat pergi, kenapa ga langsung di batalin dari awal? atau ga ngecht dulu? tegasin dong drivernya",negative
2026-04-01 06:51:44,Hadi Supriyanto,Alhamdulillah membantu,grab,google_play,alhamdulillah membantu,positive
2026-04-01 06:51:27,Runabiya Channel,"Saya udah lamaaaaa banget pake grab di akun lama, kebetulan kepasangnya di HP anak, order di HP aku yg kebetulan akunnya baru. Nah yg nyebelin, order grab car udah dapet driver pertama. Eh drivernya bilang ""macet bu ke daerah sana, saya jauh posisinya"" bla bla bla akhirnya minta cancel. Order lagi kan tuh, dapet lagi driver kedua, yang juga minta cancel dgn alasan sama. Eh malah saya yg harus nanggung biaya cancel,klo berulang kondisinya gmn itu? masa mau gt terus grab?",grab,google_play,"saya udah lamaaaaa banget pake grab di akun lama, kebetulan kepasangnya di hp anak, order di hp aku yg kebetulan akunnya baru. nah yg nyebelin, order grab car udah dapet driver pertama. eh drivernya bilang ""macet bu ke daerah sana, saya jauh posisinya"" bla bla bla akhirnya minta cancel. order lagi kan tuh, dapet lagi driver kedua, yang juga minta cancel dgn alasan sama. eh malah saya yg harus nanggung biaya cancel,klo berulang kondisinya gmn itu? masa mau gt terus grab?",negative
2026-04-01 06:49:21,Maeda Nathania,"paling percaya dgn Grab, semua kebutuhan ada disana",grab,google_play,"paling percaya dgn grab, semua kebutuhan ada disana",positive
2026-04-01 06:47:02,Novan Imam Firmansyah,"yang bener aja udah seminggu dikasih driver yang jauh banget, padahal di sekitar banyak driver.",grab,google_play,"yang bener aja udah seminggu dikasih driver yang jauh banget, padahal di sekitar banyak driver.",negative
2026-04-01 06:38:38,mala nadila,parah ya grab sekarang sudah dapat driver mau pagi atw sore sama saja,grab,google_play,parah ya grab sekarang sudah dapat driver mau pagi atw sore sama saja,negative
2026-04-01 06:35:58,adian duwur,enjoy,grab,google_play,enjoy,negative
2026-04-01 06:34:29,Hanny Kaligis,sangat baik,grab,google_play,sangat baik,positive
2026-04-01 06:31:24,Alb Yan,"woy ngasi driver jan jauh jauh ngapa bego, gua kesekolah jadinya telat bloon, yrs tolong lahhh grab ini bikin drivernya ini nyelesain orderan nya dlu",grab,google_play,"woy ngasi driver jan jauh jauh ngapa bego, gua kesekolah jadinya telat bloon, yrs tolong lahhh grab ini bikin drivernya ini nyelesain orderan nya dlu",negative
2026-04-01 06:30:47,Pratama Eko,"BB vhi c. vvv u,,v,,v xxxd see x exra BB BB MBB Hb BB b BB b BB",grab,google_play,"bb vhi c. vvv u,,v,,v xxxd see x exra bb bb mbb hb bb b bb b bb",neutral
2026-04-01 06:26:10,Anna nonny Lenting,"bikin promo tapi supir kalian pada ga mau ambil. sekalinya ada yang ambil nungguin lama bisa 15 menit lebih.. promo sama ga promo bedanya jauh bisa 15rb, makanya kami penumpang pasti ambil yang promo. mending apus aja tuh promo",grab,google_play,"bikin promo tapi supir kalian pada ga mau ambil. sekalinya ada yang ambil nungguin lama bisa 15 menit lebih.. promo sama ga promo bedanya jauh bisa 15rb, makanya kami penumpang pasti ambil yang promo. mending apus aja tuh promo",negative
2026-04-01 06:20:35,aura rahmadinaa,"kalo nyariin driver jangan yang jauh jauh dong min, saya telat mulu padahal bayar udah yang standar tapi tetep jauh juga",grab,google_play,"kalo nyariin driver jangan yang jauh jauh dong min, saya telat mulu padahal bayar udah yang standar tapi tetep jauh juga",negative
2026-04-01 06:19:41,Rizky R Putri,makin kesini makin payah.. udah tarifnya naik tapi drivernya kalau sdh dapat orderan pada gak bisa dihubungin.. sengaja biar pemesan membatalkan pesanan.. payah banget,grab,google_play,makin kesini makin payah.. udah tarifnya naik tapi drivernya kalau sdh dapat orderan pada gak bisa dihubungin.. sengaja biar pemesan membatalkan pesanan.. payah banget,negative
2026-04-01 06:19:18,Andri Saputro,"Sulit cari ojeknya, banyak pilih pilih customer, bubarin aja biar pada nganggur lagi itu tukang ojek",grab,google_play,"sulit cari ojeknya, banyak pilih pilih customer, bubarin aja biar pada nganggur lagi itu tukang ojek",negative
2026-04-01 06:18:59,rina asriyah,dari hari Senin sampai hari Kamis ini susah mendapatkan driver grab motor,grab,google_play,dari hari senin sampai hari kamis ini susah mendapatkan driver grab motor,negative
2026-04-01 06:13:07,Pringsewu Shop,ok,grab,google_play,ok,negative
2026-04-01 06:12:28,AzkaaZzz,"pelayanan nya lama banget, saya mau berangkat sekolah malah gada yg mau ngambil orderan saya",grab,google_play,"pelayanan nya lama banget, saya mau berangkat sekolah malah gada yg mau ngambil orderan saya",negative
2026-04-01 06:05:05,Makmur Saeni,mantap,grab,google_play,mantap,positive
2026-04-01 06:02:50,Tria Hardianti,"ulasan terbaru ku, per 2026 skrg susah dapet driver pdhl pesen sblm jam 6 pagi. klo lewat jam 6 pagi udah gabisa diharapkan bgt. driver pada jauh, dan gamau ambil orderan dan gamau cancel dari pihak driver. ada yang hemat, tapi bener² susah bgt cari driver. mending dihapus aja yg hematnya sekalian, driver gapada mau ambil. bahkan pesen bukan di jam sibukpun ttp susah. tambahkan juga lencana ibu hamil di apk. biar driver tau.",grab,google_play,"ulasan terbaru ku, per 2026 skrg susah dapet driver pdhl pesen sblm jam 6 pagi. klo lewat jam 6 pagi udah gabisa diharapkan bgt. driver pada jauh, dan gamau ambil orderan dan gamau cancel dari pihak driver. ada yang hemat, tapi bener² susah bgt cari driver. mending dihapus aja yg hematnya sekalian, driver gapada mau ambil. bahkan pesen bukan di jam sibukpun ttp susah. tambahkan juga lencana ibu hamil di apk. biar driver tau.",negative
2026-04-01 05:58:53,Aris Setyawan,selalu alamat tidak muncul saat menggunakan wifi... sangat buruk aplikasinya,grab,google_play,selalu alamat tidak muncul saat menggunakan wifi... sangat buruk aplikasinya,negative
2026-04-01 05:55:21,atma gatot,Ok,grab,google_play,ok,negative
2026-04-01 05:53:03,Widi Priyatno,"pengemudi ramah, komunikatif dan mahir terima kasih pak Agus. 👍👍",grab,google_play,"pengemudi ramah, komunikatif dan mahir terima kasih pak agus. 👍👍",positive
2026-04-01 04:44:49,Warid Cube,haha membantu sekali,grab,google_play,haha membantu sekali,negative
2026-04-01 03:57:49,Dedi Gunawan,"bikin kecewa mau login masuk SDH puny akun,dgn satu nomor TDK ganti ganti,malah JD sulit login/ masuk,JD bolk balik verifikasi akun google atau nomor skli dicoba pke google jawabnya ini akun BKN milikmu,bikin emosi",grab,google_play,"bikin kecewa mau login masuk sdh puny akun,dgn satu nomor tdk ganti ganti,malah jd sulit login/ masuk,jd bolk balik verifikasi akun google atau nomor skli dicoba pke google jawabnya ini akun bkn milikmu,bikin emosi",negative
2026-04-01 03:17:15,Nur Nayla Khoerotun Uyun,"bener bener krisis ojol banget, pesen makanan pake prioritas berasa pake hematttttttt",grab,google_play,"bener bener krisis ojol banget, pesen makanan pake prioritas berasa pake hematttttttt",negative
2026-04-01 01:50:54,Sigit purnomo Lasarika,saya puas dgn apk greb,grab,google_play,saya puas dgn apk greb,positive
2026-04-01 01:02:50,Aulia Kalyana,good.,grab,google_play,good.,positive
2026-04-01 00:29:45,Koko Munthe,ok,grab,google_play,ok,negative
2026-04-01 00:16:32,Faqih,driver nya siaga!,grab,google_play,driver nya siaga!,negative
2026-03-31 23:49:25,Sukur Zai,ok,grab,google_play,ok,negative
2026-03-31 23:43:06,Arya Thalia19,"PELAYANAN ANDA SANGAT BURUK SEKARANG, GRABFOOD DAPAT MAKANAN RASA SABUN CUCI PIRING... STOP PAKAI INI JASA",grab,google_play,"pelayanan anda sangat buruk sekarang, grabfood dapat makanan rasa sabun cuci piring... stop pakai ini jasa",negative
2026-03-31 23:37:56,Nay Trie,nice,grab,google_play,nice,negative
2026-03-31 23:31:00,Ria Fashion,"enak,pedas nya pas,tepat waktu,pokok nya mantap,",grab,google_play,"enak,pedas nya pas,tepat waktu,pokok nya mantap,",positive
2026-03-31 22:52:09,Muhammad Syindre,"Grab bangst 3jam kami nunggu kamk sudah kelaparan, ajg gw pesen lagi malah tambah lama kntl sia sia waktu gw, demi tuhan ga akan gw pake lagi ni grab, aku haram kan keluarga ku memakai grab, fk you",grab,google_play,"grab bangst 3jam kami nunggu kamk sudah kelaparan, ajg gw pesen lagi malah tambah lama kntl sia sia waktu gw, demi tuhan ga akan gw pake lagi ni grab, aku haram kan keluarga ku memakai grab, fk you",negative
2026-03-31 22:19:27,Ikbal Rijaldi,mesen grabfood jadi lelet sama ga bisa cancel,grab,google_play,mesen grabfood jadi lelet sama ga bisa cancel,negative
2026-03-31 22:18:34,Opang Nice,sangat baik,grab,google_play,sangat baik,positive
2026-03-31 22:11:13,sri wahyuni95,bagus,grab,google_play,bagus,positive
2026-03-31 22:08:26,Aditya Nugraha,sulit menemukan driver,grab,google_play,sulit menemukan driver,negative
2026-03-31 22:04:52,Ahlan Wii,driver nya pada gjls sering banget tiba² di cancel padahal udh nunggu lama lama.,grab,google_play,driver nya pada gjls sering banget tiba² di cancel padahal udh nunggu lama lama.,negative
2026-03-31 21:52:10,Alissa Putri,"lama bgt sih dpt driver, berkali kali kek gini apalah",grab,google_play,"lama bgt sih dpt driver, berkali kali kek gini apalah",negative
2026-03-31 21:02:03,Fenny Permata,sebel banget setiap ngoder dan menggunakan pembayaran cash driver selalu bilang tidak ada kembalian terus 😡😡😡😡 kan gak semua orang punya ovo dll.,grab,google_play,sebel banget setiap ngoder dan menggunakan pembayaran cash driver selalu bilang tidak ada kembalian terus 😡😡😡😡 kan gak semua orang punya ovo dll.,negative
2026-03-31 20:57:48,Rahma Wulele ugi,"grabfood slow respon sya sdh pesan yng expres tpi malah sma jam ny kaya yng bukan expres, cari bantuan juga tidak membantu percuma, di minta cancel jga ngak mau, sya sadah percaya sama grab tapi ter nyata malah kya bgtu bkin kecewa sdh bnyak teman saya yng ber pindah aplikasi karna grabfood ny slow",grab,google_play,"grabfood slow respon sya sdh pesan yng expres tpi malah sma jam ny kaya yng bukan expres, cari bantuan juga tidak membantu percuma, di minta cancel jga ngak mau, sya sadah percaya sama grab tapi ter nyata malah kya bgtu bkin kecewa sdh bnyak teman saya yng ber pindah aplikasi karna grabfood ny slow",negative
2026-03-31 20:46:27,feby margareta,aplikasinya susah banget dibuka bhkan sampai ga bisa di buka apalagi kalau urgent.. tolong di perbaiki donk pdahal udah di perbarui,grab,google_play,aplikasinya susah banget dibuka bhkan sampai ga bisa di buka apalagi kalau urgent.. tolong di perbaiki donk pdahal udah di perbarui,negative
2026-03-31 20:27:36,Syahril ismuzidan Maulana,"gk tau gw pokoknya males aja sama grab, gw udah terlalu sering di cancel sama pengemudi karena terlalu banyak zona merah ini gimn dari pihak terkait, kesian pengemudi nya kehilangan pendapatan karena terlalu banyak zona merah terutama di wilayah bandung dan jatinangor, dan lainya, ayolah perbaiki biar sama sama enak kalau gini terus sama sama di rugikan",grab,google_play,"gk tau gw pokoknya males aja sama grab, gw udah terlalu sering di cancel sama pengemudi karena terlalu banyak zona merah ini gimn dari pihak terkait, kesian pengemudi nya kehilangan pendapatan karena terlalu banyak zona merah terutama di wilayah bandung dan jatinangor, dan lainya, ayolah perbaiki biar sama sama enak kalau gini terus sama sama di rugikan",negative
2026-03-31 20:23:36,Por Speed,pengedaranya rama baik,grab,google_play,pengedaranya rama baik,positive
2026-03-31 20:22:52,Ginting Hakim,ok,grab,google_play,ok,negative
2026-03-31 20:21:12,Bagoes Widjaja,keren drivernya ramah banget,grab,google_play,keren drivernya ramah banget,positive
2026-03-31 20:20:05,Bejo Urip,jos,grab,google_play,jos,negative
2026-03-31 20:03:41,Adie Riyadi,"waktunya balik ke aplikasi sebelah,",grab,google_play,"waktunya balik ke aplikasi sebelah,",negative
2026-03-31 19:52:03,Fransiskus Aditya,Makin hari makin susah dapat driver,grab,google_play,makin hari makin susah dapat driver,negative
2026-03-31 19:46:48,Ipol huda Menye,nyaman,grab,google_play,nyaman,negative
2026-03-31 19:41:18,cantika tiks10,amanah,grab,google_play,amanah,negative
2026-03-31 19:32:30,LAELA VAUZAH,Sangat membantu,grab,google_play,sangat membantu,positive
2026-03-31 19:30:32,Alvianti,bagus,grab,google_play,bagus,positive
2026-03-31 19:27:11,Van Langen,murah dan baik,grab,google_play,murah dan baik,positive
2026-03-31 19:23:52,Yudha Pranata,pesan martabak terang bulan di Martabak Penataran 78 pasti enak gk nyesel . recommended min.,grab,google_play,pesan martabak terang bulan di martabak penataran 78 pasti enak gk nyesel . recommended min.,positive
2026-03-31 18:43:31,Noor Qomari,aplikasi yg bagus,grab,google_play,aplikasi yg bagus,positive
2026-03-31 18:29:00,rolin vina,"Hari ini benar-benar kesal. Saya pesan grab mahal dan menunggunya 10 menit karena mau antar penumpang dulu. Pas udah diantar penumpang yg satu ini tiba2 pesanan saya dibatalkan padahal alamat dekat sama penumpang yang diantar. saya pesan lagi grab, dapat yang mahal + lama kaliii. Udah itu motornya jupiter dan pijakannya pun gak ada dibelakang. SEBAL BANGET. Mau MURAH sama MAHAL semuanya sama-sama LAMA. Gak ada KEISTIMEWAAN yang MAHAL",grab,google_play,"hari ini benar-benar kesal. saya pesan grab mahal dan menunggunya 10 menit karena mau antar penumpang dulu. pas udah diantar penumpang yg satu ini tiba2 pesanan saya dibatalkan padahal alamat dekat sama penumpang yang diantar. saya pesan lagi grab, dapat yang mahal + lama kaliii. udah itu motornya jupiter dan pijakannya pun gak ada dibelakang. sebal banget. mau murah sama mahal semuanya sama-sama lama. gak ada keistimewaan yang mahal",negative
2026-03-31 18:13:17,Dika Ashari,sangat efektivitas,grab,google_play,sangat efektivitas,positive
2026-03-31 18:11:09,umar yasin,hari ini mesen gerb mau cek up ke rs. mesen greb ad 1 jm kurng baru dpt dri jm 16:00 baru dpt jm 16:57 tolng di perbaruii lg kendala y. sekali dpt buat plg ad pertanyaan. mau nunggu pak jemput y jauh. tp saya solat dlu. jwb y. y gpp di tggu. simpel 😁,grab,google_play,hari ini mesen gerb mau cek up ke rs. mesen greb ad 1 jm kurng baru dpt dri jm 16:00 baru dpt jm 16:57 tolng di perbaruii lg kendala y. sekali dpt buat plg ad pertanyaan. mau nunggu pak jemput y jauh. tp saya solat dlu. jwb y. y gpp di tggu. simpel 😁,negative
2026-03-31 18:08:22,airlangga avryansyah,"verifikasinya tolong dibenahi, saat selfie terlalu cepat namun tidak mempermudah malah gagal terus",grab,google_play,"verifikasinya tolong dibenahi, saat selfie terlalu cepat namun tidak mempermudah malah gagal terus",negative
2026-03-31 17:53:09,Qiana Syifana,good bless,grab,google_play,good bless,positive
2026-03-31 17:43:23,rudy hartanto,cepat & tepat waktu,grab,google_play,cepat & tepat waktu,positive
2026-03-31 17:42:29,Alif Alvian,terlalu lama dan ongkir yg terlalu banyak hingga lebih dari pesanan,grab,google_play,terlalu lama dan ongkir yg terlalu banyak hingga lebih dari pesanan,negative
2026-03-31 17:34:58,Richard Tuelang,"senang sih pakai grab, cuma sebaiknya grab mulai bisa menertibkan outfit para mitranya, jgnlah driver pake celana pendek, kaos lusuh, usahakanlah penampilan driver lebih profesional sandal jepit, kumel, kaya org baru bangun tidur. bersin seenaknya.",grab,google_play,"senang sih pakai grab, cuma sebaiknya grab mulai bisa menertibkan outfit para mitranya, jgnlah driver pake celana pendek, kaos lusuh, usahakanlah penampilan driver lebih profesional sandal jepit, kumel, kaya org baru bangun tidur. bersin seenaknya.",negative
2026-03-31 17:30:42,iDIN'tknow,"sampah. gada gunanya donwload ni apk. grab bike, car, food mahal semua. selalu nunggu grab bike ampe setengah jam dan gada yg nerima.",grab,google_play,"sampah. gada gunanya donwload ni apk. grab bike, car, food mahal semua. selalu nunggu grab bike ampe setengah jam dan gada yg nerima.",negative
2026-03-31 17:29:23,EDI UMAR,aplikasinya bagus banget saya sangat suka mempermudah saya melakukan perjalanan jauh ataupun dekat grab terbaik...🥰🥰🥰🥰🙏🙏🙏🙏🙏.,grab,google_play,aplikasinya bagus banget saya sangat suka mempermudah saya melakukan perjalanan jauh ataupun dekat grab terbaik...🥰🥰🥰🥰🙏🙏🙏🙏🙏.,positive
2026-03-31 17:24:57,Iman Hulu,👍,grab,google_play,👍,negative
2026-03-31 17:19:52,Mualifah_85 Official,baik,grab,google_play,baik,positive
2026-03-31 16:32:05,Haidr Bakso,grab murah bagi orang yang jarang make grab klo yang sering gatau ya,grab,google_play,grab murah bagi orang yang jarang make grab klo yang sering gatau ya,positive
2026-03-31 16:22:31,Dont Know,"semuanya sebenarnya udah oke, hanya saja mungkin bisalah kembalikan fitur batalkan pesanan untuk yang grab food, bukan untuk scam driver atau apa cuman ini bikin malas nungguin untuk dapat drivernya, masalahnya kalau memang tidak ada yg terima ya kita sebagai konsumen gampang kasih batalin pesanan, hanya saja ini aduh..harus tunggu beberapa menit sampai satu jam agar pesanannya terbatal, mau pesan makanan lain karna udah nggak mood jadi takut kalau pesanan yg sebelumnya tiba tiba dapat driver.",grab,google_play,"semuanya sebenarnya udah oke, hanya saja mungkin bisalah kembalikan fitur batalkan pesanan untuk yang grab food, bukan untuk scam driver atau apa cuman ini bikin malas nungguin untuk dapat drivernya, masalahnya kalau memang tidak ada yg terima ya kita sebagai konsumen gampang kasih batalin pesanan, hanya saja ini aduh..harus tunggu beberapa menit sampai satu jam agar pesanannya terbatal, mau pesan makanan lain karna udah nggak mood jadi takut kalau pesanan yg sebelumnya tiba tiba dapat driver.",negative
2026-03-31 16:21:56,Nanjar Hazard,pemesanan cepat 👍 drivernya gk pilih pilih 👍,grab,google_play,pemesanan cepat 👍 drivernya gk pilih pilih 👍,positive
2026-03-31 16:09:21,Arindra Yudha Oktoberry,"The absolute ultimate ""super-app"" for life in SE Asia. Whether I’m hailing a ride during rush hour or sending a last-minute gift to a friend, Grab always delivers. The drivers are consistently professional and the app interface is incredibly slick. I especially love the rewards system; those points actually add up to some pretty sweet discounts on my future rides and meals. It’s fast, secure, and makes city living so much more manageable. Highly recommend for the convenience!",grab,google_play,"the absolute ultimate ""super-app"" for life in se asia. whether i’m hailing a ride during rush hour or sending a last-minute gift to a friend, grab always delivers. the drivers are consistently professional and the app interface is incredibly slick. i especially love the rewards system; those points actually add up to some pretty sweet discounts on my future rides and meals. it’s fast, secure, and makes city living so much more manageable. highly recommend for the convenience!",positive
2026-03-31 16:08:31,Elfira Andonia,good job👍🏼👍🏼👍🏼,grab,google_play,good job👍🏼👍🏼👍🏼,positive
2026-03-31 15:58:36,Masri Syahputra,Layanannya bagus,grab,google_play,layanannya bagus,positive
2026-03-31 15:33:55,Anny Marhamah,mantappp,grab,google_play,mantappp,neutral
2026-03-31 15:22:18,Rika Amelia,Maaf saya Uninstall aplikasi setelah bertahun-tahun pake sering dapat pengemudi disini gk sopan sudah menunggu lama tiba tiba di batalkan tanpa konfirmasi jadi buang buang waktu kita nunggu setidaknya konfirmasi terlebih dahulu kalo memang tidak bisa jemput bkn saat pengemudi sudah jalan baru di batalkan sepihak,grab,google_play,maaf saya uninstall aplikasi setelah bertahun-tahun pake sering dapat pengemudi disini gk sopan sudah menunggu lama tiba tiba di batalkan tanpa konfirmasi jadi buang buang waktu kita nunggu setidaknya konfirmasi terlebih dahulu kalo memang tidak bisa jemput bkn saat pengemudi sudah jalan baru di batalkan sepihak,negative
2026-03-31 15:18:39,Tiara Rasya,"apk lemot, pesen grabcar karena hujan sore sore malah cuma loading doang, nemu kagak, makin kesini kok malah melakukan kemunduran, gojek yg dulunya kaya lo sekarang drivernya fast respons",grab,google_play,"apk lemot, pesen grabcar karena hujan sore sore malah cuma loading doang, nemu kagak, makin kesini kok malah melakukan kemunduran, gojek yg dulunya kaya lo sekarang drivernya fast respons",negative
2026-03-31 15:11:07,Dedy Himawan,"hari gini susah sekali dapat grab, para driver udah pada kaya atau memang lagi malas",grab,google_play,"hari gini susah sekali dapat grab, para driver udah pada kaya atau memang lagi malas",negative
2026-03-31 15:06:17,Faris Lucky Prassetya,Top Aplikasi,grab,google_play,top aplikasi,neutral
2026-03-31 15:02:23,Faiq Khadhi,mantap 😁😁,grab,google_play,mantap 😁😁,positive
2026-03-31 15:00:20,Kaiden Pratama,asyik😊,grab,google_play,asyik😊,positive
2026-03-31 14:56:42,Kesar Siringoringo,kenapa sih sekarang harus verifikasi wajah Mulu ? mana lemot bgt lagi,grab,google_play,kenapa sih sekarang harus verifikasi wajah mulu ? mana lemot bgt lagi,negative
2026-03-31 14:53:52,firman abdul,aplikasi tolol lintah darat pelayanan buruk,grab,google_play,aplikasi tolol lintah darat pelayanan buruk,negative
2026-03-31 14:40:08,Surya Surya,lancar sampai tujuan,grab,google_play,lancar sampai tujuan,negative
2026-03-31 14:34:29,Cipto Roso,baik,grab,google_play,baik,positive
2026-03-31 14:29:17,Yoka Prasetyo,tolong jangan gunakan AI dalam periklanan,grab,google_play,tolong jangan gunakan ai dalam periklanan,neutral
2026-03-31 14:22:52,Friska Kinantan,memuaskan,grab,google_play,memuaskan,negative
2026-03-31 14:10:56,Milenia Pink,ganti prwsiden,grab,google_play,ganti prwsiden,neutral
2026-03-31 14:04:02,Jepara Phone,alamat nya gak ketemu ketemu,grab,google_play,alamat nya gak ketemu ketemu,negative
2026-03-31 13:57:14,SALMAN JR,terbaikkkkk,grab,google_play,terbaikkkkk,positive
2026-03-31 13:52:06,Ahmad Nuryanto,👍,grab,google_play,👍,negative
2026-03-31 13:48:53,Zahiraaulia Febriany,baikkk,grab,google_play,baikkk,negative
2026-03-31 13:40:15,Ade Sundari,buat grab dan gojek MAPS LO BENERIIIIIN LOL!!!.,grab,google_play,buat grab dan gojek maps lo beneriiiiin lol!!!.,negative
2026-03-31 13:39:04,Ghassan Dafi,baik sekali,grab,google_play,baik sekali,negative
2026-03-31 13:26:31,Bg Awel,oke,grab,google_play,oke,negative
2026-03-31 13:24:31,Robby S,"saya sering pakai yg ride. aplikasi yang buruk. saat pencarian driver banyak driver terdekat, tapi pasti dapat driver yg terjauh.. dan drivernya pada tolol2. bilang mau jalan malah di cancel, banyak driver yang cari customer langsung. cek driver kalian",grab,google_play,"saya sering pakai yg ride. aplikasi yang buruk. saat pencarian driver banyak driver terdekat, tapi pasti dapat driver yg terjauh.. dan drivernya pada tolol2. bilang mau jalan malah di cancel, banyak driver yang cari customer langsung. cek driver kalian",negative
2026-03-31 12:51:52,Shaqila Putri Nurmarhali,"kasian driver sekarang jemput orderan ya jauh jauh, tolong perbaiki lagi sistem ya",grab,google_play,"kasian driver sekarang jemput orderan ya jauh jauh, tolong perbaiki lagi sistem ya",negative
2026-03-31 12:35:07,nyoman sidayana,driver greb terlalu milih milih orderan tidak bersyukur berapapun dia dapat kalo malas jangan kerja,grab,google_play,driver greb terlalu milih milih orderan tidak bersyukur berapapun dia dapat kalo malas jangan kerja,negative
2026-03-31 12:30:21,iBOY,"woy bodoh,,kenapa dengan grab wallet kau,kenapa gak boleh di gunakan baik bayar food atau pun cars..aku sudah top up tapi nda boleh di guna. kau balekan duit ku lagi",grab,google_play,"woy bodoh,,kenapa dengan grab wallet kau,kenapa gak boleh di gunakan baik bayar food atau pun cars..aku sudah top up tapi nda boleh di guna. kau balekan duit ku lagi",negative
2026-03-31 11:29:11,Anita Interista,punya grab gift gak tau cara pakainya,grab,google_play,punya grab gift gak tau cara pakainya,negative
2026-03-31 10:46:53,Subur W,sangat puas,grab,google_play,sangat puas,positive
2026-03-31 10:40:40,Desi Rena,"ramah,n bgus",grab,google_play,"ramah,n bgus",positive
2026-03-31 10:32:23,Niarahmawati Jkt,👍👍👍👍👍,grab,google_play,👍👍👍👍👍,positive
2026-03-31 10:16:23,yayan heryana,"mantap , tingkat kan terus layanan nya",grab,google_play,"mantap , tingkat kan terus layanan nya",positive
2026-03-31 10:10:56,Tomi padillah,mantap,grab,google_play,mantap,positive
2026-03-31 10:06:52,Agus Saputra,baik,grab,google_play,baik,positive
2026-03-31 09:58:44,Naya Lasvinda,ok,grab,google_play,ok,negative
2026-03-31 09:45:28,Made Warmada,sangat baik pelayanan,grab,google_play,sangat baik pelayanan,positive
2026-03-31 09:26:14,Anto Tono,ok,grab,google_play,ok,negative
2026-03-31 09:11:31,ferdinand zulkarnain,"kenapa sekarang dapat drivernya jauh"",,, tlg pelayanannya di tingkatkan biar cs mudah dapat driver yg dekat",grab,google_play,"kenapa sekarang dapat drivernya jauh"",,, tlg pelayanannya di tingkatkan biar cs mudah dapat driver yg dekat",negative
2026-03-31 09:05:55,Awal Sinring,gama oke,grab,google_play,gama oke,neutral
2026-03-31 08:39:01,P Syahono02,sangat membantu perjalanan dan mempercepat aktivitas,grab,google_play,sangat membantu perjalanan dan mempercepat aktivitas,positive
2026-03-31 08:31:24,Nabtalia Saparoh,respon cepat,grab,google_play,respon cepat,positive
2026-03-31 08:25:01,Ketut Adi,memuaskan,grab,google_play,memuaskan,negative
2026-03-31 08:02:18,Wawan Pradana,bagus,grab,google_play,bagus,positive
2026-03-31 07:43:00,Bes ti,ini pihak grab ga mau benerin sistem driver kah? sekarang jadi Lama Lama banget udah ga rekomendasi. mending aplikasi sebelah cepet banget dapat driver nya,grab,google_play,ini pihak grab ga mau benerin sistem driver kah? sekarang jadi lama lama banget udah ga rekomendasi. mending aplikasi sebelah cepet banget dapat driver nya,negative
2026-03-31 07:27:02,indra Adipurwanto,ok,grab,google_play,ok,negative
2026-03-31 07:09:00,Lusi Anaa,baik,grab,google_play,baik,positive
2026-03-31 07:06:37,Yozura Ky,"susah amat cari driver, ga jelas",grab,google_play,"susah amat cari driver, ga jelas",negative
2026-03-31 07:05:55,Sahar Makasar,aman terkendali,grab,google_play,aman terkendali,negative
2026-03-31 07:03:46,Andri Saragih,"parah ,grab bike udh berhari2 ga ada yg nyangkut,dan klo nyangkut udh mau dkt rmh tetiba d cancel pdhl udh mempet dan udh bnyk yg nolak mentang2 dana pelajar,butuh duit tp maunya gede,grabcar jg sama pake XL plus tp kursi belakang d lipat ,alasanya macetlah,ada barang lah....mending ga usah XL plus....parah skrg driver2 udh ga mau jarak Deket, nanti klo udh sepi penumpang ngeluh lg....",grab,google_play,"parah ,grab bike udh berhari2 ga ada yg nyangkut,dan klo nyangkut udh mau dkt rmh tetiba d cancel pdhl udh mempet dan udh bnyk yg nolak mentang2 dana pelajar,butuh duit tp maunya gede,grabcar jg sama pake xl plus tp kursi belakang d lipat ,alasanya macetlah,ada barang lah....mending ga usah xl plus....parah skrg driver2 udh ga mau jarak deket, nanti klo udh sepi penumpang ngeluh lg....",negative
2026-03-31 06:59:21,Soviani Lach,"saya beralih ke grab karena dari segi ongkosnya murah dan terjangkau apalagi untuk seorang pelajar,, saya selalu menggunakan grab bike untuk ke sekolah dan penumpangnya anak saya yang seorang pelajar,,jadi tolong ya grab jgn mengecewakan.dan pencarian pelaksananya juga jgn trlu lama ya,pdhl saya pesan,y ga mepet loh.😌dan tolong di tindak pengemudi yg udh deal tapi mlh membatalkan tiba-tiba.tolong di tindak.",grab,google_play,"saya beralih ke grab karena dari segi ongkosnya murah dan terjangkau apalagi untuk seorang pelajar,, saya selalu menggunakan grab bike untuk ke sekolah dan penumpangnya anak saya yang seorang pelajar,,jadi tolong ya grab jgn mengecewakan.dan pencarian pelaksananya juga jgn trlu lama ya,pdhl saya pesan,y ga mepet loh.😌dan tolong di tindak pengemudi yg udh deal tapi mlh membatalkan tiba-tiba.tolong di tindak.",positive
2026-03-31 06:58:44,The Fantastic Four Empat,jelek👍,grab,google_play,jelek👍,negative
2026-03-31 06:49:46,Bambam akun pribadi,kenapa harus login ke akun yg lama,grab,google_play,kenapa harus login ke akun yg lama,negative
2026-03-31 06:26:47,Neng Ani nuraeni,2 hari ini susah bgt nyari driver. knp ya? mana gak kira2 tarifnya sampe naik 4x lipat.,grab,google_play,2 hari ini susah bgt nyari driver. knp ya? mana gak kira2 tarifnya sampe naik 4x lipat.,negative
2026-03-31 06:18:37,Halim Sajah,"nice,cepat dan terjangkau",grab,google_play,"nice,cepat dan terjangkau",positive
2026-03-31 06:16:06,Fatma Aisy,ga dpt' grab nya,grab,google_play,ga dpt' grab nya,negative
2026-03-31 06:12:12,fifi prasiliya,lama dapat Driver nya skrg,grab,google_play,lama dapat driver nya skrg,neutral
2026-03-31 06:09:17,Leona Haruka,"sering lama saat mendapatkan kendaraan, lelet, dan juga sering membatalkan pesanan",grab,google_play,"sering lama saat mendapatkan kendaraan, lelet, dan juga sering membatalkan pesanan",negative
2026-03-31 05:57:33,BruhCat,pengemudinya pemalas semua. yang harusnya nunggu cuma 5 menit bisa jadi 10 menit karena mereka diam dulu ditempat.,grab,google_play,pengemudinya pemalas semua. yang harusnya nunggu cuma 5 menit bisa jadi 10 menit karena mereka diam dulu ditempat.,negative
2026-03-31 05:48:24,Pasar Elang,bagis,grab,google_play,bagis,neutral
2026-03-31 05:31:31,Akhtar Daud,"makin susah dapet driver nya dan sekalinya dapet jauh², makin banyak driver yg susah di hubungi pada belagu driver nya wowkwokwo udah dapet dia jalan eh di cancel malah jangan pesen di grab lagi guys😹😹😹",grab,google_play,"makin susah dapet driver nya dan sekalinya dapet jauh², makin banyak driver yg susah di hubungi pada belagu driver nya wowkwokwo udah dapet dia jalan eh di cancel malah jangan pesen di grab lagi guys😹😹😹",negative
2026-03-31 05:26:33,Mas Ady,mantap,grab,google_play,mantap,positive
2026-03-31 05:24:37,Alrayyan Fatar,nyaman,grab,google_play,nyaman,negative
2026-03-31 04:11:43,Bramkin Bramkin,baik & ramah,grab,google_play,baik & ramah,positive
2026-03-31 04:08:36,pan tek,bagus,grab,google_play,bagus,positive
2026-03-31 03:38:42,Ahmad Febriansyah,bagus,grab,google_play,bagus,positive
2026-03-31 03:30:57,Ghon Choq,ok,grab,google_play,ok,negative
2026-03-31 03:29:15,irwan wibowo putro,mantap,grab,google_play,mantap,positive
2026-03-31 02:20:47,Nono ka Nono,oke,grab,google_play,oke,negative
2026-03-31 01:40:40,Novita Sari,sangat puasa,grab,google_play,sangat puasa,negative
2026-03-31 01:16:15,Tukul smile,mantap 👍,grab,google_play,mantap 👍,positive
2026-03-31 00:59:28,Ahsanil Fitriana Ramdani,"sering pakek grab trus tiba² aplikasinya lemot bangt,padahal jaringan aman² aja.",grab,google_play,"sering pakek grab trus tiba² aplikasinya lemot bangt,padahal jaringan aman² aja.",negative
2026-03-31 00:28:41,gallangkgallih gallangk,sangat memuaskan,grab,google_play,sangat memuaskan,positive
2026-03-31 00:07:22,Yanuri,"kecewa order kendaraan g dapet, malah ngiklan kok nyepam..",grab,google_play,"kecewa order kendaraan g dapet, malah ngiklan kok nyepam..",negative
2026-03-31 00:01:51,Dina Fillan,malam ini ditemani DRIVER YANG BAIK HATI DAN SANGAT SABAR.... JADI SANGAT NYAMAN KETIKA DILAYANI TERIMA KASIH MAS SUPRIYANTO 👍👍👍👍👍,grab,google_play,malam ini ditemani driver yang baik hati dan sangat sabar.... jadi sangat nyaman ketika dilayani terima kasih mas supriyanto 👍👍👍👍👍,positive
2026-03-30 23:15:35,Linda Diana Zaoldyeck,"kalo ada driver nyuruh cancel tp tetep antrin & bayar sesuai aplikasi, jangan mau. ngebikin kitanya yg jd susah dpt driver di kemudian hari. jd skrg uninstall aja lah.",grab,google_play,"kalo ada driver nyuruh cancel tp tetep antrin & bayar sesuai aplikasi, jangan mau. ngebikin kitanya yg jd susah dpt driver di kemudian hari. jd skrg uninstall aja lah.",negative
2026-03-30 22:51:50,Nurfa Dilla,"Super app paling handal di Asia Tenggara. Driver-nya sopan, aplikasinya sangat responsif, dan layanan GrabPay-nya memudahkan segala transaksi. Pilihan layanannya mulai dari transportasi hingga pengantaran dokumen sangat lengkap.",grab,google_play,"super app paling handal di asia tenggara. driver-nya sopan, aplikasinya sangat responsif, dan layanan grabpay-nya memudahkan segala transaksi. pilihan layanannya mulai dari transportasi hingga pengantaran dokumen sangat lengkap.",positive
2026-03-30 22:44:53,Widy Widy,tidak bisa di instal,grab,google_play,tidak bisa di instal,negative
2026-03-30 22:29:25,Boin Kabira,ga jelas sudah di cancel malah Dateng ..giliran di tungguin grab food malah cancel udah lapar hadeuh,grab,google_play,ga jelas sudah di cancel malah dateng ..giliran di tungguin grab food malah cancel udah lapar hadeuh,negative
2026-03-30 21:53:48,Dedy Rahmad Ramadhan,rekomended bgt,grab,google_play,rekomended bgt,positive
2026-03-30 21:51:52,Epoel Doank,ok sangat bagus dan nyaman,grab,google_play,ok sangat bagus dan nyaman,positive
2026-03-30 21:50:02,Dhiya Al Mishkah Aziz,makin lama makin jelek ni sistem,grab,google_play,makin lama makin jelek ni sistem,negative
2026-03-30 21:44:44,Sri Wanti,sangat. puas,grab,google_play,sangat. puas,positive
2026-03-30 21:41:47,SKA BAN Pekanbaru,"kalau promo gk berlaku gk usah di adakan, di hapus aja, kita udah tunggu 2 jam pesanan makanan kita gk sampai sampai... terbaikk aplikasi nya josss",grab,google_play,"kalau promo gk berlaku gk usah di adakan, di hapus aja, kita udah tunggu 2 jam pesanan makanan kita gk sampai sampai... terbaikk aplikasi nya josss",positive
2026-03-30 21:26:09,Ma Hani,kecewa ada gocar yg nipu saya PD tanggal 29bmaret 2026 pukul 19.00 wib udh saya byr pake gopay sebesar 242.000 alasannya GK punya gopay .udh ada bukti TF minta uang tunai sebesar 242.000 juga.tolong balikin gopay saya atas nama mahani driver bernama mardius A-95ET8NEGWSPVAV,grab,google_play,kecewa ada gocar yg nipu saya pd tanggal 29bmaret 2026 pukul 19.00 wib udh saya byr pake gopay sebesar 242.000 alasannya gk punya gopay .udh ada bukti tf minta uang tunai sebesar 242.000 juga.tolong balikin gopay saya atas nama mahani driver bernama mardius a-95et8negwspvav,negative
2026-03-30 21:20:12,Permata alya,"sekarang makin lama dapet driver, kacauu tolong dong solusinya",grab,google_play,"sekarang makin lama dapet driver, kacauu tolong dong solusinya",negative
2026-03-30 21:18:54,Satria Januar Firdaus,"hama, dikira semua orang lagi punya saldo untuk grabfood apa? aneh bgt, so so an nerapin secara general untuk non-tunai",grab,google_play,"hama, dikira semua orang lagi punya saldo untuk grabfood apa? aneh bgt, so so an nerapin secara general untuk non-tunai",negative
2026-03-30 20:30:08,Trisoer,"Order lama di proses, tdk ada opsi pembatalan",grab,google_play,"order lama di proses, tdk ada opsi pembatalan",negative
2026-03-30 20:22:40,Muhammad Naufal Farizky,sumpah lama banget dapet drivernya dari jam 18.20 tadi smpe 20.22 skrg blm dapet driver grabfood,grab,google_play,sumpah lama banget dapet drivernya dari jam 18.20 tadi smpe 20.22 skrg blm dapet driver grabfood,negative
2026-03-30 20:22:17,vina novianti,"stress, nunggu udah hampir 2 jam, status ga berubah tetap preparinf, dan GABISA DIBATALIN, haduh buang buang waktu bgt ya tolong diubah kebijakanya agar tidak merugikan pihak manapun!!!",grab,google_play,"stress, nunggu udah hampir 2 jam, status ga berubah tetap preparinf, dan gabisa dibatalin, haduh buang buang waktu bgt ya tolong diubah kebijakanya agar tidak merugikan pihak manapun!!!",negative
2026-03-30 20:19:06,Randi Ardiansyah,"sangat tidak bermutu argo sampe 42rb ga di ambil padahal jarak cuma 4km , nunggu hampir 1 jam lebih",grab,google_play,"sangat tidak bermutu argo sampe 42rb ga di ambil padahal jarak cuma 4km , nunggu hampir 1 jam lebih",negative
2026-03-30 20:15:58,Chrisy Miku,"Proses lama, kalau udah ga ada driver ya udah cancel aja. jangan paksa cari sampai 2 jam.. giliran Bayar Pakai Ovo cepatnya minta ampun pick up makanan. bahkan ga ada Konfirmasi makanan di letakin sembarang di depan pintu. giliran bayar cash ga ada yang mau pick up, Di cancel juga ga bisa udah 3 jam nunggu makanan",grab,google_play,"proses lama, kalau udah ga ada driver ya udah cancel aja. jangan paksa cari sampai 2 jam.. giliran bayar pakai ovo cepatnya minta ampun pick up makanan. bahkan ga ada konfirmasi makanan di letakin sembarang di depan pintu. giliran bayar cash ga ada yang mau pick up, di cancel juga ga bisa udah 3 jam nunggu makanan",negative
2026-03-30 20:15:32,Azkia Putri 24,enak dan lembut martabak nya,grab,google_play,enak dan lembut martabak nya,positive
2026-03-30 20:12:52,Ucok 4545,"Kenapa si tiap pesen grabfood susah banget cari pengemudi, smpe 2jam kelaperan nungguin grab nge stuck mencari pengemudi, di cancel pun gabisa, tolong diperbaiki LG.",grab,google_play,"kenapa si tiap pesen grabfood susah banget cari pengemudi, smpe 2jam kelaperan nungguin grab nge stuck mencari pengemudi, di cancel pun gabisa, tolong diperbaiki lg.",negative
2026-03-30 20:10:43,husnudaroin 78,Pesen Grab Xpress dr jam 4 sore sampe jam 8 malam gak ada yg ngambil...Pengalaman buruk 🤬,grab,google_play,pesen grab xpress dr jam 4 sore sampe jam 8 malam gak ada yg ngambil...pengalaman buruk 🤬,negative
2026-03-30 20:10:25,Privasi Mus,"pembacaan MAP banyak salah. susah cari sopir, BURUK !",grab,google_play,"pembacaan map banyak salah. susah cari sopir, buruk !",negative
2026-03-30 20:10:03,vidi churanna,"sekarang nunggu lama bgt, ganti driver berkali kali",grab,google_play,"sekarang nunggu lama bgt, ganti driver berkali kali",negative
2026-03-30 20:08:14,Tri Murtiani,mantap,grab,google_play,mantap,positive
2026-03-30 20:02:45,F12_Adelia Dwi Handayani,sekarang susah bgt mau dpt driver yang nerima orderan makanan,grab,google_play,sekarang susah bgt mau dpt driver yang nerima orderan makanan,negative
2026-03-30 19:59:19,Ratih Cullen,pesen lamaaaaa bgt dptnya,grab,google_play,pesen lamaaaaa bgt dptnya,negative
2026-03-30 19:53:58,X Serayu,sangat membantu,grab,google_play,sangat membantu,positive
2026-03-30 19:53:57,Bagus Cahyo,cepet,grab,google_play,cepet,negative
2026-03-30 19:42:09,Ika Roswati,cari driver buat kirim barang LAMA GA DAPET²,grab,google_play,cari driver buat kirim barang lama ga dapet²,negative
2026-03-30 19:39:49,Sri Wahyuni0406,setiap pesen grab sering di batalin udah 7 kali lebih pdhal posisi mau kmna² dket engga jauh jauh amat jadi ngabisin waktu nungguin nya ksell bngt,grab,google_play,setiap pesen grab sering di batalin udah 7 kali lebih pdhal posisi mau kmna² dket engga jauh jauh amat jadi ngabisin waktu nungguin nya ksell bngt,positive
2026-03-30 19:25:48,Feri Wahyudi,pesan jam 17:40 jam 19:30 belum nyampe jugaa,grab,google_play,pesan jam 17:40 jam 19:30 belum nyampe jugaa,negative
2026-03-30 19:11:20,Panji0421 jarwo,"pesen grab bike,grab car,grabfood lama semua nunggu hampir 1 jam nggak ada yang ngambil pilih"" mau nya cuma yg lebih mahal baru di ambil percumah ada paket hemat kalo susah dapt driver nya",grab,google_play,"pesen grab bike,grab car,grabfood lama semua nunggu hampir 1 jam nggak ada yang ngambil pilih"" mau nya cuma yg lebih mahal baru di ambil percumah ada paket hemat kalo susah dapt driver nya",negative
2026-03-30 19:09:58,22_PANNYA DHARMA CAHYANI,grab suka update terus kenapa ya? padahal ga ada fitur yang keliatan loh setelah update. justru bikin hp saya lemot dan memori saya terkuras abis,grab,google_play,grab suka update terus kenapa ya? padahal ga ada fitur yang keliatan loh setelah update. justru bikin hp saya lemot dan memori saya terkuras abis,negative
2026-03-30 18:53:30,Yordant Ad'ha Alhakim,aishh dicancel mulu sama drivernya,grab,google_play,aishh dicancel mulu sama drivernya,negative
2026-03-30 18:52:52,Muhammad irfan,sangat mwnbantu,grab,google_play,sangat mwnbantu,positive
2026-03-30 18:50:41,Dewi Dama,alhamdulillah driver nya ramah bngt sopan,grab,google_play,alhamdulillah driver nya ramah bngt sopan,positive
2026-03-30 18:50:06,naufal sadan,susah cari driver nya,grab,google_play,susah cari driver nya,negative
2026-03-30 18:48:48,Fajar Bahariii,"min tolong dong ke driver""nya jangan pilih pilih kalo ambil orderan saya udah nunggu 1 jam masa gadapet"" drivernnya padahal cuma jemput 1 orang doang huh",grab,google_play,"min tolong dong ke driver""nya jangan pilih pilih kalo ambil orderan saya udah nunggu 1 jam masa gadapet"" drivernnya padahal cuma jemput 1 orang doang huh",negative
2026-03-30 18:48:43,Gwen Madeleine MH,driver banyak gak mau pick up di sore hari / maghrib,grab,google_play,driver banyak gak mau pick up di sore hari / maghrib,negative
2026-03-30 18:43:05,Malik Fajar,pelayanan baik,grab,google_play,pelayanan baik,positive
2026-03-30 18:38:56,Dewi Kalinda Indu Kartika,Suka sekali sama aplikasi ini. Terima kasih banyak.,grab,google_play,suka sekali sama aplikasi ini. terima kasih banyak.,positive
2026-03-30 18:35:37,Hanzel Hussaini,"belakangan ini sangat sulit untuk menemukan driver grab food, mungkin karena agro-nya kurang menarik di mata para driver, namun bukannya merubah sistem agar driver lebih untung supaya mereka mau ambil malah menambahkan estimasi waktu pesanan berharap bakal ada driver yg ambil sehingga customer harus menunggu untuk waktu yg sangat lama tanpa kepastian dan gabisa cancel kalau belum melewati estimasi",grab,google_play,"belakangan ini sangat sulit untuk menemukan driver grab food, mungkin karena agro-nya kurang menarik di mata para driver, namun bukannya merubah sistem agar driver lebih untung supaya mereka mau ambil malah menambahkan estimasi waktu pesanan berharap bakal ada driver yg ambil sehingga customer harus menunggu untuk waktu yg sangat lama tanpa kepastian dan gabisa cancel kalau belum melewati estimasi",negative
2026-03-30 18:32:33,Andy priady Andy,sangat baik,grab,google_play,sangat baik,positive
2026-03-30 18:30:47,Nini Pelet,biar bintang yg bicara,grab,google_play,biar bintang yg bicara,neutral
2026-03-30 18:23:58,Ponkil Old,"Aplikasi jelek! Gua udah mesan lama, gak dapat drivernya, malah gak bisa dibatalin. Sekarang ongkir tambah mahal lagi. Gak worth it pake aplikasi ginian",grab,google_play,"aplikasi jelek! gua udah mesan lama, gak dapat drivernya, malah gak bisa dibatalin. sekarang ongkir tambah mahal lagi. gak worth it pake aplikasi ginian",negative
2026-03-30 18:23:37,Nadaa Fauziyya,"makin lama makin banyak yg mogok kerja drivernya, parah.. ga ada yg mau narik ambil orderan pdhl genting bgt gada transportasi.. tolong pihak aplikasi kasih upah yg layak buat para mitranya biar pada semangat kerjanya. banyak org yg butuh!",grab,google_play,"makin lama makin banyak yg mogok kerja drivernya, parah.. ga ada yg mau narik ambil orderan pdhl genting bgt gada transportasi.. tolong pihak aplikasi kasih upah yg layak buat para mitranya biar pada semangat kerjanya. banyak org yg butuh!",negative
2026-03-30 18:20:49,Asep Supriyadi,Gabisa login,grab,google_play,gabisa login,neutral
2026-03-30 18:18:37,XxAurel malfoy_SlytherinxX,kalo pesen grabfood g bisa dicancel,grab,google_play,kalo pesen grabfood g bisa dicancel,neutral
2026-03-30 18:11:32,Zailani Zailani,ramah banget,grab,google_play,ramah banget,negative
2026-03-30 18:11:01,Rahayu Septianingsih,saya pesen makan dari jam 16:30 tetiba di cancel karna gaada driver di jam 17:30 bayangin udah nungguin sejamm tokk lagi laper lapernya tiba tiba di cancell,grab,google_play,saya pesen makan dari jam 16:30 tetiba di cancel karna gaada driver di jam 17:30 bayangin udah nungguin sejamm tokk lagi laper lapernya tiba tiba di cancell,negative
2026-03-30 18:09:42,Tifanny Septiana,drivernya sombong dapetnya lama ga suka udh 4 jm nunggu masih aja ga dpet driver nya,grab,google_play,drivernya sombong dapetnya lama ga suka udh 4 jm nunggu masih aja ga dpet driver nya,negative
2026-03-30 18:07:09,Iwan Iwan,"kurang memuaskan, menurut saya pas di grabfood, kasih 5 menit buat ngebatalin, soalnya orang tuh kadang kadang kepencet sendiri, jadi mohon untuk Adain batalkan pesanan 5 menit atau 2 menit aja buat kita bisa batalin ketika salah klik atau salah pesanan",grab,google_play,"kurang memuaskan, menurut saya pas di grabfood, kasih 5 menit buat ngebatalin, soalnya orang tuh kadang kadang kepencet sendiri, jadi mohon untuk adain batalkan pesanan 5 menit atau 2 menit aja buat kita bisa batalin ketika salah klik atau salah pesanan",negative
2026-03-30 18:05:37,Aku aja Aku aja,"apa""an si ini tolong dong perbaiki driver grab di area Beji Pasuruan kenapa tidak ada yang aktif kalau gak niat kerja gak usa jdi ojol pesan dari sore sampai malam belum satu pun ojol yang nyantol payah ini grab",grab,google_play,"apa""an si ini tolong dong perbaiki driver grab di area beji pasuruan kenapa tidak ada yang aktif kalau gak niat kerja gak usa jdi ojol pesan dari sore sampai malam belum satu pun ojol yang nyantol payah ini grab",negative
2026-03-30 18:05:23,Suyoto Suyoto,maap ordernya jauh,grab,google_play,maap ordernya jauh,negative
2026-03-30 17:56:21,Y. HANDRY Jhonsen,"Not yet good application..... ☠️. Karena maps grab semakin berBeda daripada maps google, jadinya maps pesan food semakin tanpa bisa tulis sesuai alamat sesungguh'nya+masih semakin sering enggak bisa tulis alamat untuk ojol jemput ke alamat sesungguh'nya+masih sering tanpa bisa atur alamat tujuan sesungguh'nya..... 👿. Tapi untung'nya jejak html signal nomor kartu seluler & jejak html ketikan di aplikasi tanpa bisa menipu internasional+jejak html seluler tanpa bisa menipu internasional..... 😈",grab,google_play,"not yet good application..... ☠️. karena maps grab semakin berbeda daripada maps google, jadinya maps pesan food semakin tanpa bisa tulis sesuai alamat sesungguh'nya+masih semakin sering enggak bisa tulis alamat untuk ojol jemput ke alamat sesungguh'nya+masih sering tanpa bisa atur alamat tujuan sesungguh'nya..... 👿. tapi untung'nya jejak html signal nomor kartu seluler & jejak html ketikan di aplikasi tanpa bisa menipu internasional+jejak html seluler tanpa bisa menipu internasional..... 😈",positive
2026-03-30 17:48:26,vatimah azzahra,"pokoknya baik layanannya, ramah pula pengemudinya",grab,google_play,"pokoknya baik layanannya, ramah pula pengemudinya",positive
2026-03-30 17:46:25,Dee atma Putri,"sangat menyulitkan bila memesan grabfood dengan opsi transaksi tunai, dipersulit mendapatkan driver, dan pusat bantuan merespon dengan kurang tanggap cenderung mengalihkan dari pokok masalah yang dikeluhkan customer",grab,google_play,"sangat menyulitkan bila memesan grabfood dengan opsi transaksi tunai, dipersulit mendapatkan driver, dan pusat bantuan merespon dengan kurang tanggap cenderung mengalihkan dari pokok masalah yang dikeluhkan customer",negative
2026-03-30 17:43:14,Apriani Nurcahya,baik,grab,google_play,baik,positive
2026-03-30 17:42:42,Caryana Kusuma,baik ramah,grab,google_play,baik ramah,positive
2026-03-30 17:38:21,angga d,tolong dong fitur mapsnya ada pilihan satelit biar lebih mudah buat nambahin alamat,grab,google_play,tolong dong fitur mapsnya ada pilihan satelit biar lebih mudah buat nambahin alamat,neutral
2026-03-30 17:20:53,Komaraika Umt,baik,grab,google_play,baik,positive
2026-03-30 17:02:39,Kang Sanu,Sangat membantu perjalanan disaat tidak memungkinkan untuk membawa kendaraan sendiri.,grab,google_play,sangat membantu perjalanan disaat tidak memungkinkan untuk membawa kendaraan sendiri.,positive
2026-03-30 17:01:11,aprilliya salsha,daftar pertama lemot gajelas mau beli makan lama gajelas,grab,google_play,daftar pertama lemot gajelas mau beli makan lama gajelas,negative
2026-03-30 16:52:36,Maya Amelia,susah dpt pengemudi pada songong2 semua,grab,google_play,susah dpt pengemudi pada songong2 semua,negative
2026-03-30 16:30:11,Armon Sh,bgus,grab,google_play,bgus,neutral
2026-03-30 16:20:21,Irfan Ribut,mengutamakan kenyamanan pelanggan,grab,google_play,mengutamakan kenyamanan pelanggan,neutral
2026-03-30 16:19:10,Nadhif Fr,walau udh unlimited dan berlangganan tetap saja mahal seperti harga customer lainnya,grab,google_play,walau udh unlimited dan berlangganan tetap saja mahal seperti harga customer lainnya,negative
2026-03-30 16:01:27,Tiara Shakira,bagus,grab,google_play,bagus,positive
2026-03-30 15:54:23,Muhammad Arifin,kebantu bngt yang gapunya motor,grab,google_play,kebantu bngt yang gapunya motor,negative
2026-03-30 15:44:34,Khairuddin Heru,semoga grab lebih baik dari tahun ke tahun👍,grab,google_play,semoga grab lebih baik dari tahun ke tahun👍,positive
2026-03-30 15:33:19,Muhamad faris,ketek bau kencur,grab,google_play,ketek bau kencur,negative
2026-03-30 15:29:34,Abdul Rohman,mantap,grab,google_play,mantap,positive
2026-03-30 15:24:20,Heri Suryadarma,mantaf,grab,google_play,mantaf,neutral
2026-03-30 15:22:27,Rifqy Anugerah,Pengemudi rata² pada culas/curang suka matiin aplikasi dan nembak harga,grab,google_play,pengemudi rata² pada culas/curang suka matiin aplikasi dan nembak harga,negative
2026-03-30 15:08:23,Lutfiana Andien Yoshifa,jarang saya kasih ulasan di aplikasi tapi kali ini keren banget!!selama saya menggunakan jasa grab ini....driver nyaa ramah semua!!banyak promo jugaa😚,grab,google_play,jarang saya kasih ulasan di aplikasi tapi kali ini keren banget!!selama saya menggunakan jasa grab ini....driver nyaa ramah semua!!banyak promo jugaa😚,positive
2026-03-30 15:07:33,Agus Supriyadi,puas,grab,google_play,puas,negative
2026-03-30 14:59:50,angela margareta,"mau login tapi gajadi, tertulis aktivitas diluar kewajaran, aneh banget pdhl aku gak ngapa ngapain",grab,google_play,"mau login tapi gajadi, tertulis aktivitas diluar kewajaran, aneh banget pdhl aku gak ngapa ngapain",negative
2026-03-30 14:59:46,Arafi Pratama,"apk nya sangat bagus.. dan bisa digunakan untuk kendaraan, dan tolong untuk apk grab ini diaktifkan kembali biar bisa mendownload lagi. Terima Kasih🙏🏻",grab,google_play,"apk nya sangat bagus.. dan bisa digunakan untuk kendaraan, dan tolong untuk apk grab ini diaktifkan kembali biar bisa mendownload lagi. terima kasih🙏🏻",positive
2026-03-30 14:52:24,Irmawaty Pattilima Pattilima,mantap diskonnya banyak pokoknya bagus lah apk grab ini,grab,google_play,mantap diskonnya banyak pokoknya bagus lah apk grab ini,positive
2026-03-30 14:46:48,Armand Dede,sangat membantu,grab,google_play,sangat membantu,positive
2026-03-30 14:27:28,Diah Nova Rianti,sering banget dapet driver yg ga prepare jas ujan buat customer!!!!!!,grab,google_play,sering banget dapet driver yg ga prepare jas ujan buat customer!!!!!!,negative
2026-03-30 14:06:53,loveniaputri mandalika,"pengemudi mobil mintak di batalkan pesanan, tetapi diantar tidak sesuai titik, sikap pengemudi kasar, pengemudi mobil selalu mintak offline, tolong di tindak lanjuti pengemudi mobil yang nakal. saya sangat kecewa atas pelayanan pengemudi mobil, bayar sesuai aplikasi.",grab,google_play,"pengemudi mobil mintak di batalkan pesanan, tetapi diantar tidak sesuai titik, sikap pengemudi kasar, pengemudi mobil selalu mintak offline, tolong di tindak lanjuti pengemudi mobil yang nakal. saya sangat kecewa atas pelayanan pengemudi mobil, bayar sesuai aplikasi.",negative
2026-03-30 14:00:28,Arba Suryan,susah dapet driver ampas bgt,grab,google_play,susah dapet driver ampas bgt,negative
2026-03-30 13:56:32,ayuu setiffanii,sangat bagus membantu sekali,grab,google_play,sangat bagus membantu sekali,positive
2026-03-30 13:55:42,mita ginting,"kenapa sih ribet sekali grabfoodnya???? kenapa tidak bisa ganti alamat kalau pakai tunai????, trus kenapa gak bisa ganti metode pembayarannnn kalau emang gegara tunai nih gak bisa ganti alamat????? perasaan di aplikasi kompetitor lain bisa... ribettttttt",grab,google_play,"kenapa sih ribet sekali grabfoodnya???? kenapa tidak bisa ganti alamat kalau pakai tunai????, trus kenapa gak bisa ganti metode pembayarannnn kalau emang gegara tunai nih gak bisa ganti alamat????? perasaan di aplikasi kompetitor lain bisa... ribettttttt",negative
2026-03-30 13:48:39,feilanna wijoyo,lama cari drivernya,grab,google_play,lama cari drivernya,negative
2026-03-30 13:35:18,Vincent N.,Enak ya bs batalin pesenan kapan aja pas nunggu lama,grab,google_play,enak ya bs batalin pesenan kapan aja pas nunggu lama,positive
2026-03-30 13:23:14,Teguhh82,amanah,grab,google_play,amanah,negative
2026-03-30 13:21:44,Cardi Girimukti,mantap,grab,google_play,mantap,positive
2026-03-30 13:13:41,Fahmi Skw,grab gimana ngasih harga mahal lalu,grab,google_play,grab gimana ngasih harga mahal lalu,negative
2026-03-30 13:12:30,andini,nice,grab,google_play,nice,negative
2026-03-30 13:03:45,Andi Prasetiyo,aplikasi ga beres. gede ukurannya aja bikin lemotnya minta ampun. drivernya rewel-rewel klo agak jauh sedikit jemputnya. sedangkan yg mencari driver aplikasi,grab,google_play,aplikasi ga beres. gede ukurannya aja bikin lemotnya minta ampun. drivernya rewel-rewel klo agak jauh sedikit jemputnya. sedangkan yg mencari driver aplikasi,negative
2026-03-30 12:54:37,Yusriadi Priasalato,"nyaman & akurat ,sopirnya ramah tamah mkch Grab",grab,google_play,"nyaman & akurat ,sopirnya ramah tamah mkch grab",positive
2026-03-30 12:49:09,Mell N T,"platform fee naik mulu, tp driver2 makin makin sembrono(cancel tnpa alasan, ngomong seenaknya), terutama bulan puasa ini orderan makan delayed mulu, dikira semua orang puasa, platform fee makin naik, tapi servicenya turun",grab,google_play,"platform fee naik mulu, tp driver2 makin makin sembrono(cancel tnpa alasan, ngomong seenaknya), terutama bulan puasa ini orderan makan delayed mulu, dikira semua orang puasa, platform fee makin naik, tapi servicenya turun",negative
2026-03-30 12:37:25,Putra grantung Grantung,sangat ramah sopirnya,grab,google_play,sangat ramah sopirnya,positive
2026-03-30 12:10:01,rully lipiyandi,mantapp perjalanan sy mudah dan santai,grab,google_play,mantapp perjalanan sy mudah dan santai,positive
2026-03-30 12:03:18,Yusuf Alhasni,goed,grab,google_play,goed,negative
2026-03-30 11:52:35,Zulkan Shop,memudahkan dan semoga drivernya makin banyak lagi,grab,google_play,memudahkan dan semoga drivernya makin banyak lagi,positive
2026-03-30 11:39:25,Wahyu Wahyuab,ok,grab,google_play,ok,negative
2026-03-30 11:37:23,Syarah Fitriani,LAMA DAPAT DRIVER!!,grab,google_play,lama dapat driver!!,negative
2026-03-30 11:29:24,Adianoor Al-Farisi,"mantap, banyakin voucher nanti saya sering belanja",grab,google_play,"mantap, banyakin voucher nanti saya sering belanja",positive
2026-03-30 11:15:01,Risky Ramadani,mantapp,grab,google_play,mantapp,neutral
2026-03-30 10:54:35,Mei Yusnita,tepat waktu orgnya ramah,grab,google_play,tepat waktu orgnya ramah,positive
2026-03-30 10:37:42,Sitti Halimatussa'diyah,bagus,grab,google_play,bagus,positive
2026-03-30 10:36:25,Radit,bagus banget ini aplikasi,grab,google_play,bagus banget ini aplikasi,positive
2026-03-30 10:35:24,Aris Faisal,sangat bagus dan membantu perjalanan,grab,google_play,sangat bagus dan membantu perjalanan,positive
2026-03-30 09:50:41,Gede Subrata,ok joss,grab,google_play,ok joss,negative
2026-03-30 09:28:04,Kalam Zein,bermanfaat,grab,google_play,bermanfaat,positive
2026-03-30 08:28:24,Stiyani Azz,bagus banget bantu di setiap keadaan,grab,google_play,bagus banget bantu di setiap keadaan,positive
2026-03-30 08:26:14,Yeni Mulyani,Ok,grab,google_play,ok,negative
2026-03-30 08:20:32,Sri Sundari,👍,grab,google_play,👍,negative
2026-03-30 07:54:58,CARENENA,"saya penumpang setia grab dari dulu. Tapi sekarang performa grab memburuk, Sekarang cari pengemudinya susah, di aplikasi di kasih yg drivernya jauh-jauh. sangat buang waktu, saya bisa menunggu driver sampai 18 menit. sudah menunggu lama namun driver juga mengeluh tidak mau ambil karna harga nya tidak sesuai. tolong di tinjau kembali yah grab biar penumpang dan driver sama-sama nyaman",grab,google_play,"saya penumpang setia grab dari dulu. tapi sekarang performa grab memburuk, sekarang cari pengemudinya susah, di aplikasi di kasih yg drivernya jauh-jauh. sangat buang waktu, saya bisa menunggu driver sampai 18 menit. sudah menunggu lama namun driver juga mengeluh tidak mau ambil karna harga nya tidak sesuai. tolong di tinjau kembali yah grab biar penumpang dan driver sama-sama nyaman",negative
2026-03-30 07:40:47,Lydia Haydee,harga naik biasanya grabcar 18k jadi 28k wow 👏🏻,grab,google_play,harga naik biasanya grabcar 18k jadi 28k wow 👏🏻,neutral
2026-03-30 07:39:46,Nur Jaman,apk ini bisa diandalkan bagus,grab,google_play,apk ini bisa diandalkan bagus,positive
2026-03-30 07:39:35,Arif Romadhon,"bagus, membantu sekali",grab,google_play,"bagus, membantu sekali",positive
2026-03-30 07:20:20,ahmad sodikin,driver'a ramah...,grab,google_play,driver'a ramah...,positive
2026-03-30 07:17:00,gdra 12,kok mantap kali grab ini ?,grab,google_play,kok mantap kali grab ini ?,positive
2026-03-30 07:10:05,Ani Naibaho,"giliran ngorder yg dekat"" aja pada jauh"" driver nya aneh!! gak bisa digunain saat buru"" nih. Tolong berpaikin kualitasnya yah. Makasih. Tetap saya kasih bintang 5",grab,google_play,"giliran ngorder yg dekat"" aja pada jauh"" driver nya aneh!! gak bisa digunain saat buru"" nih. tolong berpaikin kualitasnya yah. makasih. tetap saya kasih bintang 5",negative
2026-03-30 07:01:28,Inal Furqani,"TOLONG YA BUAT YG KERJA DI GRAP, MAU MOBIL, MAU KERETA, TOLONG BANGET YA TOLONGGGGGGHG BANGET YA KALO ADA PENUMPANG ITU DI AMBIL YA JGN BUAT ORANG NUNGGU LAMA YA MANUSIA",grab,google_play,"tolong ya buat yg kerja di grap, mau mobil, mau kereta, tolong banget ya tolongggggghg banget ya kalo ada penumpang itu di ambil ya jgn buat orang nunggu lama ya manusia",negative
2026-03-30 06:58:13,Anjay Men123,keren,grab,google_play,keren,positive
2026-03-30 06:54:07,Madedr Madedr,jelek,grab,google_play,jelek,negative
2026-03-30 06:53:13,Muhammad Adriansyah,jelek lambat pengendara sering membatalkan orderan dan selalu beralasan lain,grab,google_play,jelek lambat pengendara sering membatalkan orderan dan selalu beralasan lain,negative
2026-03-30 06:51:34,Ansori Ansori,susah cari pengemudi,grab,google_play,susah cari pengemudi,negative
2026-03-30 06:48:08,Rahma Ningrum,"jelek banget aplikasinya, driver banyakan gabisa baca maps, waktu tunggu hampir tidak pernah sesuai .tulisan 2 menit bisa sampe 20 menit realita nunggunya, nyari driver susah padahal harga tinggi dan sekitaran banyak driver. apalagi kalo hujan bisa ber jam jam mana harga naiknya ga ngotak jarak 2.3 km bisa tembus 100rb an. satu lagi mapsnya ga update ampas bngt banyak banget lokasi yg ga kedetect di grab",grab,google_play,"jelek banget aplikasinya, driver banyakan gabisa baca maps, waktu tunggu hampir tidak pernah sesuai .tulisan 2 menit bisa sampe 20 menit realita nunggunya, nyari driver susah padahal harga tinggi dan sekitaran banyak driver. apalagi kalo hujan bisa ber jam jam mana harga naiknya ga ngotak jarak 2.3 km bisa tembus 100rb an. satu lagi mapsnya ga update ampas bngt banyak banget lokasi yg ga kedetect di grab",negative
2026-03-30 06:46:37,Anugrah Ramadhan,Grab Good Aplikasi,grab,google_play,grab good aplikasi,neutral
2026-03-30 06:42:57,armand muhdy,drivernya banyak yang cancel seenaknya dan ada juga yang parah tidak mau jrmput ke titik lokasi penjemputan penumpang,grab,google_play,drivernya banyak yang cancel seenaknya dan ada juga yang parah tidak mau jrmput ke titik lokasi penjemputan penumpang,negative
2026-03-30 06:34:12,dafiya ms,Murah sih harga grab nya.. TAPI YANG BIKIN KESEL ITU DRIVER PADA GAMAU AMBIL PENUMPANG!! PADAHAL DI DEKAT LOKASI ADA DRIVER YANG DEKAT TAPI GA DI AMBIL-AMBIL SAMA DRIVER. WAKTU ITU PERNAH KEJADIAN DAPET DRIVER UDAH MANA JAUH TIBA-TIBA DIA BERHENTI SELAMA 5 MENIT SEDANGKAN POSISI SAYA SUDAH SANGAT TELAT MALAH DI TAMBAH TELAT. KONDISI JUGA LAGI HUJAN JUGA. JADI NYA TERPAKSA CANCEL.,grab,google_play,murah sih harga grab nya.. tapi yang bikin kesel itu driver pada gamau ambil penumpang!! padahal di dekat lokasi ada driver yang dekat tapi ga di ambil-ambil sama driver. waktu itu pernah kejadian dapet driver udah mana jauh tiba-tiba dia berhenti selama 5 menit sedangkan posisi saya sudah sangat telat malah di tambah telat. kondisi juga lagi hujan juga. jadi nya terpaksa cancel.,negative
2026-03-30 06:31:34,Oktavia Vanesa,drivernya dikit banget selalu nunggu 1 jam lebih gak 2 jam lebih buat dapet driver padahal rumahku juga di kota,grab,google_play,drivernya dikit banget selalu nunggu 1 jam lebih gak 2 jam lebih buat dapet driver padahal rumahku juga di kota,negative
2026-03-30 06:25:59,Rayyan Muhamad Zidane,"nyari driver jauh"" banget sih",grab,google_play,"nyari driver jauh"" banget sih",negative
2026-03-30 06:25:31,wh Yuni,"aneh banget sumpah, tiba² akun di tinjau pdahal ga ngelakuin apa²",grab,google_play,"aneh banget sumpah, tiba² akun di tinjau pdahal ga ngelakuin apa²",negative
2026-03-30 06:11:08,Shilla Maulia,susah bangt carinya pdhl butuh bangt pls pls bangt ini,grab,google_play,susah bangt carinya pdhl butuh bangt pls pls bangt ini,negative
2026-03-30 06:02:35,Anisa Rohmah,"grab nya suka cancel order habis itu mencari pengemudi lain , nunggu berjam2 kaya org gila , jgn KY GT kerja mas ,",grab,google_play,"grab nya suka cancel order habis itu mencari pengemudi lain , nunggu berjam2 kaya org gila , jgn ky gt kerja mas ,",negative
2026-03-30 05:52:50,Abe,pemesanan terlalu lama dan driver jauh jauh,grab,google_play,pemesanan terlalu lama dan driver jauh jauh,negative
2026-03-30 05:47:35,M. Ibnu Hudayanu,👍👍👍👍👍,grab,google_play,👍👍👍👍👍,positive
2026-03-30 05:22:15,Kate Jhes,saya kasih Bintang 5,grab,google_play,saya kasih bintang 5,neutral
2026-03-30 04:48:21,agustinus ratri,pelayanan memuaskan .,grab,google_play,pelayanan memuaskan .,positive
2026-03-30 04:32:41,Jogrek Grek,bagus ramah,grab,google_play,bagus ramah,positive
2026-03-30 04:17:50,Percil Gimang,Sangat membatu,grab,google_play,sangat membatu,positive
2026-03-30 03:59:42,AHMAD NAZIR,jooss,grab,google_play,jooss,negative
2026-03-30 03:35:50,Victor McManus,"kecewa lah, udah pesen berkali kali ngechat driver ngga ada yang bales liat di lokasi jalan tapi makin jauh, keterima orderan tapi yang jemput malah ngga ada respon di maps jga gitu gitu aja, kacaw",grab,google_play,"kecewa lah, udah pesen berkali kali ngechat driver ngga ada yang bales liat di lokasi jalan tapi makin jauh, keterima orderan tapi yang jemput malah ngga ada respon di maps jga gitu gitu aja, kacaw",negative
2026-03-30 02:36:08,Andy Risdianto,Mantap👍,grab,google_play,mantap👍,positive
2026-03-30 01:46:33,Edward Farhan,"tolong ini ko nyari pengemudinya lama ya.? trus kalo dapet selalu pengemudinya yg jauh, jadi ngk bisa jemput",grab,google_play,"tolong ini ko nyari pengemudinya lama ya.? trus kalo dapet selalu pengemudinya yg jauh, jadi ngk bisa jemput",negative
2026-03-30 01:39:31,Dewi “Anjani” Lestaluhu,pelayanan cepat diversifikasi ramah,grab,google_play,pelayanan cepat diversifikasi ramah,positive
2026-03-30 01:28:22,dimas angga,kecewa bener² kecewa,grab,google_play,kecewa bener² kecewa,negative
2026-03-30 00:05:35,Kiki Fatma (20),sangat memuaskan,grab,google_play,sangat memuaskan,positive
2026-03-29 23:45:03,Faiq Nurrahkman,good,grab,google_play,good,positive
2026-03-29 23:20:47,Risty Taqwatul islami,"bisa gk si masukin fitur laporkan penjual, atau ada kompensasi gitu kalo penjual gk ngasih info? 2 jam gw nunggu gk ada kabar apapun, cuma makanan sedang di siapkan, gw gk bisa batalin trus apa? pihak penjual juga gk ngebatalin.",grab,google_play,"bisa gk si masukin fitur laporkan penjual, atau ada kompensasi gitu kalo penjual gk ngasih info? 2 jam gw nunggu gk ada kabar apapun, cuma makanan sedang di siapkan, gw gk bisa batalin trus apa? pihak penjual juga gk ngebatalin.",negative
2026-03-29 22:49:35,Sherlya,bagus,grab,google_play,bagus,positive
2026-03-29 22:46:52,Crezy Store,Kalo Emng Gak bisa ngambil Ga usah Di Nyalain Apk Nya Hadehh gatau lagi ama grab,grab,google_play,kalo emng gak bisa ngambil ga usah di nyalain apk nya hadehh gatau lagi ama grab,negative
2026-03-29 22:42:25,M ibna Frasetya,buat apa fitur hemat klo driver nyaa gak mau ambil orderan,grab,google_play,buat apa fitur hemat klo driver nyaa gak mau ambil orderan,negative
2026-03-29 22:40:45,Qurotuzzahra S.,"baru pertama kali order langsung cocok, rasanya pas, sambal nya pedas enak banget approve pkoknya bakalan order lagi, pertahanin cita rasa nya yaa, thank you i like it",grab,google_play,"baru pertama kali order langsung cocok, rasanya pas, sambal nya pedas enak banget approve pkoknya bakalan order lagi, pertahanin cita rasa nya yaa, thank you i like it",positive
2026-03-29 22:31:13,arin,"pesan grabfood kenapa si lama bgt dpt pengemudi udah laper aku loh nunggu sampe 2jam setengah parah bgt,, mana gak bisa dicancel chat resto juga gak bisa",grab,google_play,"pesan grabfood kenapa si lama bgt dpt pengemudi udah laper aku loh nunggu sampe 2jam setengah parah bgt,, mana gak bisa dicancel chat resto juga gak bisa",negative
2026-03-29 22:21:25,Nita Widiya,"gimana sihh orang nunggu udah sejam gak bisa dibatalin aneh, orang order biar instan malah makin lama mau dibatalkan gak bisa perbaiki lagi dong gak memuaskan customer banget sih",grab,google_play,"gimana sihh orang nunggu udah sejam gak bisa dibatalin aneh, orang order biar instan malah makin lama mau dibatalkan gak bisa perbaiki lagi dong gak memuaskan customer banget sih",negative
2026-03-29 22:13:05,Elkezia Datu,"hah? gimana-gimana??? cuma 1km loh, kudu bayar 30rb, ojek pula itu... padahal harga normalnya 10-14rb kok gitu sih??!! tolong ini tarifnya yang logis dikit yah!",grab,google_play,"hah? gimana-gimana??? cuma 1km loh, kudu bayar 30rb, ojek pula itu... padahal harga normalnya 10-14rb kok gitu sih??!! tolong ini tarifnya yang logis dikit yah!",negative
2026-03-29 22:06:21,C- hope,"maaf ya, aku hapus apknya. udah order makan dari jam 9 kurang sampe jam 10 belum ada driver yg ambil karena aku bayar pake cash. kalau gitu engga usah sediain pilihan cash. selama ini masih pake karena banyak promo grabbikenya. maaf kecewa banget",grab,google_play,"maaf ya, aku hapus apknya. udah order makan dari jam 9 kurang sampe jam 10 belum ada driver yg ambil karena aku bayar pake cash. kalau gitu engga usah sediain pilihan cash. selama ini masih pake karena banyak promo grabbikenya. maaf kecewa banget",negative
2026-03-29 21:54:15,Alifia Azzahra,"aplikasi bgst, udah nunggu makanan lama lama tiba tiba dibatalin tanpa persetujuan pembeli, kalau bisa kasi bintang 0 gua kasi ini bintang 0",grab,google_play,"aplikasi bgst, udah nunggu makanan lama lama tiba tiba dibatalin tanpa persetujuan pembeli, kalau bisa kasi bintang 0 gua kasi ini bintang 0",negative
2026-03-29 21:52:16,Muhamad jislam,mantap,grab,google_play,mantap,positive
2026-03-29 21:47:48,Sonny Ariady,"pemesanan terjadwal ga bisa dicancel sama sekali, menunya muter2. cust care lama bnr tersambungnya, buruan wooy pulsa jalan terus neh",grab,google_play,"pemesanan terjadwal ga bisa dicancel sama sekali, menunya muter2. cust care lama bnr tersambungnya, buruan wooy pulsa jalan terus neh",negative
2026-03-29 21:47:23,Yunita Purba,udh nunggu pesenan makan sampe 2 jam malah dibatalin.. ga bisa kirim ulasan ke mcd atau pun ke grab lewat apk harus selesai dlu pesanan nya,grab,google_play,udh nunggu pesenan makan sampe 2 jam malah dibatalin.. ga bisa kirim ulasan ke mcd atau pun ke grab lewat apk harus selesai dlu pesanan nya,negative
2026-03-29 21:41:36,Rinrin Dewi,"BURUK BANGET, KECEWA 100% TIDAK BISA BATALKAN PESANAN MALAH DISURUH SABAR, WOY GA WAJAR NUNGGU MAKANAN SAMPE 2JAM LEBIH, PENGADUAN TIDAK BERGUNA. CHATBOT TIDAK MEMBANTU SAMA SEKALI. UNTUK APA ADA FITUR PENGADUAN KALO TIDAK MEMBERIKAN SOLUSI, JIKA SEPERTI ITU PENGEMUDI SEENAKNYA MENGIRIMKAN SEBISANYA DIA. UNTUK APA ADA ESTIMASI WAKTU ANTAR KALO HABIS WAKTU BERTAMBAH TERUS WAKTU TUNGGUNYA. MENDING 5 MENIT 30 MENIT LEBIH.. LAH YANG LAPER KEBURU MAGH DONK. GOOD BYE GRAB SAYA PELANGGAN ANDA DULU",grab,google_play,"buruk banget, kecewa 100% tidak bisa batalkan pesanan malah disuruh sabar, woy ga wajar nunggu makanan sampe 2jam lebih, pengaduan tidak berguna. chatbot tidak membantu sama sekali. untuk apa ada fitur pengaduan kalo tidak memberikan solusi, jika seperti itu pengemudi seenaknya mengirimkan sebisanya dia. untuk apa ada estimasi waktu antar kalo habis waktu bertambah terus waktu tunggunya. mending 5 menit 30 menit lebih.. lah yang laper keburu magh donk. good bye grab saya pelanggan anda dulu",negative
2026-03-29 21:39:27,Gilang Ramadhan,"Payah, cancel orderan grabfood sepihak padahal udh nunggu 1 jam",grab,google_play,"payah, cancel orderan grabfood sepihak padahal udh nunggu 1 jam",negative
2026-03-29 21:38:55,Ajeng Putri,"susah banget dapat driver, padahal banyak driver disekitar tempat kita pesan, kadang sudah dapat driver malah di cancel padahal pakai grabcar biasa bukan pake yang hemat dan ga pake promo juga. minta tolong banget di edukasi lagi deh drivernya, jangan sampai banyak pelanggan pada pindah ke aplikasi sebelah.",grab,google_play,"susah banget dapat driver, padahal banyak driver disekitar tempat kita pesan, kadang sudah dapat driver malah di cancel padahal pakai grabcar biasa bukan pake yang hemat dan ga pake promo juga. minta tolong banget di edukasi lagi deh drivernya, jangan sampai banyak pelanggan pada pindah ke aplikasi sebelah.",negative
2026-03-29 21:36:12,Imascahayu Ayu,ok,grab,google_play,ok,negative
2026-03-29 21:28:58,Adam Pratama putra,"grabfood sering di cancle pengemudi dan jam estimasi mundur, makanan sampai sudah dingin",grab,google_play,"grabfood sering di cancle pengemudi dan jam estimasi mundur, makanan sampai sudah dingin",positive
2026-03-29 21:26:04,Gani,sekarang driver nya pemilih banget sering gak di response,grab,google_play,sekarang driver nya pemilih banget sering gak di response,negative
2026-03-29 21:14:34,Rivan Iman Valendri,"Drivernya pada gak mau ngambil orderanya, masa saya pesan makanan, sudah 1 jam lebih, belum nemu drivernya",grab,google_play,"drivernya pada gak mau ngambil orderanya, masa saya pesan makanan, sudah 1 jam lebih, belum nemu drivernya",negative
2026-03-29 21:09:08,Taufiq Hardika,"aplikasi. sampah, harga makin naik tapi dapat driver makin jauh, udah gitu ga bisa report driver yang suruh kita nunggu terut tiba-tiha di cancel lagi, biat ga kebiasaan drivernya.",grab,google_play,"aplikasi. sampah, harga makin naik tapi dapat driver makin jauh, udah gitu ga bisa report driver yang suruh kita nunggu terut tiba-tiha di cancel lagi, biat ga kebiasaan drivernya.",negative
2026-03-29 20:54:03,Putra Gucci,untuk grabfood susah banget buat nyari driver nya pada so sibuk,grab,google_play,untuk grabfood susah banget buat nyari driver nya pada so sibuk,negative
2026-03-29 20:44:53,Filio Hara,apaan ini nunggu 1 jam pesan makanan driver ga dapat2 tapi ga bisa dicancel??????????,grab,google_play,apaan ini nunggu 1 jam pesan makanan driver ga dapat2 tapi ga bisa dicancel??????????,negative
2026-03-29 20:39:55,Rudi Hut,semakin buruk buruk buruk,grab,google_play,semakin buruk buruk buruk,negative
2026-03-29 20:37:13,Dewa Armenia,pengiriman food 2 jam tolol,grab,google_play,pengiriman food 2 jam tolol,negative
2026-03-29 20:25:38,Achmad,grap food pler nyari driver susah bgt ajg padahal udh pilih layanan yg paling cepat nyampe nya 1 jam lebih,grab,google_play,grap food pler nyari driver susah bgt ajg padahal udh pilih layanan yg paling cepat nyampe nya 1 jam lebih,negative
2026-03-29 20:25:31,Rus Wae,sangat membantu,grab,google_play,sangat membantu,positive
2026-03-29 20:16:20,Oma Zea,pesan grabfood kelamaan terus tidak bisa dibatalkan,grab,google_play,pesan grabfood kelamaan terus tidak bisa dibatalkan,negative
2026-03-29 20:13:33,Sanji onepiece,bagus,grab,google_play,bagus,positive
2026-03-29 20:13:02,Fahreza Nqs,"KACAUUUUU SELALU PASS PESEN GRAB FOOD DIBATALIN SEPIHAK, MAKSUDNYA KALO EMANG NIAT BATALIN BATALIN DARI AWAL KOCAK ! INI UDAH NUNGGU 2-3 JAM BARU DI BATALIN MAKSUDNYA APA COBA.",grab,google_play,"kacauuuuu selalu pass pesen grab food dibatalin sepihak, maksudnya kalo emang niat batalin batalin dari awal kocak ! ini udah nunggu 2-3 jam baru di batalin maksudnya apa coba.",negative
2026-03-29 20:12:12,Mohammad Rafinoor Munggaran,Selalu terlalu lama mencari driver saat membeli lewat grab food saya disuruh menunggu lama hanya untuk di cancel sangat membuang-buang waktu saya. saya paham jika memang driver sedang sibuk tapi tolong berikan informasi terkait hal tersebut lebih cepat dan parahnya saya tidak bisa cancel makanan dan saya dipaksa menunggu pencarian driver yg tidak pasti. kejadiannya tidak sekali atau dua kali sudah beberapa kali padahal saya tinggal di daerah yang ramai.,grab,google_play,selalu terlalu lama mencari driver saat membeli lewat grab food saya disuruh menunggu lama hanya untuk di cancel sangat membuang-buang waktu saya. saya paham jika memang driver sedang sibuk tapi tolong berikan informasi terkait hal tersebut lebih cepat dan parahnya saya tidak bisa cancel makanan dan saya dipaksa menunggu pencarian driver yg tidak pasti. kejadiannya tidak sekali atau dua kali sudah beberapa kali padahal saya tinggal di daerah yang ramai.,negative
2026-03-29 20:12:01,Dendo Se,"jarak 800 m apakah habis bensin mobil 100 liter min ??? ongkos ny gak worth it bnget masa 52 ribu ,,, ngotak dikit lah 20 - 25 masih wajar ,, kalian ini",grab,google_play,"jarak 800 m apakah habis bensin mobil 100 liter min ??? ongkos ny gak worth it bnget masa 52 ribu ,,, ngotak dikit lah 20 - 25 masih wajar ,, kalian ini",negative
2026-03-29 20:08:07,Muharrika,terlalu mahal,grab,google_play,terlalu mahal,negative
2026-03-29 20:07:54,Pardy Kantong,mudah,grab,google_play,mudah,neutral
2026-03-29 20:06:52,Rea Reo,semakin lama semakin buruk sistem dalam internal. apa pegawai nya tidak digaji ya 🤣🤣🤣🤣🤣,grab,google_play,semakin lama semakin buruk sistem dalam internal. apa pegawai nya tidak digaji ya 🤣🤣🤣🤣🤣,negative
2026-03-29 19:51:56,EndeR D,l ga guna kalo lagi butuh pada ilang grab nya,grab,google_play,l ga guna kalo lagi butuh pada ilang grab nya,negative
2026-03-29 19:49:54,Ayman Hafiz,"ini aplikasi hari hari ongkir makin mahal, order juga lama banget bisa 1 setengah jam. kocak!!!",grab,google_play,"ini aplikasi hari hari ongkir makin mahal, order juga lama banget bisa 1 setengah jam. kocak!!!",negative
2026-03-29 19:47:34,Hafidh Hasan,"kecewa, pesen grab food yang nganter drivernya naik mobil udah tau jl. perkampungan susah dilewati mobil, kok bisa2nya sistemnya ngasih driver grab food yang pake mobil",grab,google_play,"kecewa, pesen grab food yang nganter drivernya naik mobil udah tau jl. perkampungan susah dilewati mobil, kok bisa2nya sistemnya ngasih driver grab food yang pake mobil",negative
2026-03-29 19:45:02,Astri Admadeva,"pengemudi driver banyak di sekitar tapi gk mau ambil pesanan,pesanan ulang harga makin di naikkan sekarang grab sudah tidak layak buat konsumen.mending gk usah pake promo2 tapi pelayanan di tingkatkan",grab,google_play,"pengemudi driver banyak di sekitar tapi gk mau ambil pesanan,pesanan ulang harga makin di naikkan sekarang grab sudah tidak layak buat konsumen.mending gk usah pake promo2 tapi pelayanan di tingkatkan",negative
2026-03-29 19:44:37,Ryo Aqsha,"bagus, cepat nganter nya, diskonnya banyak bangettt❤👍👍",grab,google_play,"bagus, cepat nganter nya, diskonnya banyak bangettt❤👍👍",positive
2026-03-29 19:40:45,Darlingga Aurora (DAP),"apk jahat, berkali2 order Grab Car sangat lama ga dapet2 Nunggu sampe 1 jam Lebih di Kota tegal Jawa Tengah sangat Jelek",grab,google_play,"apk jahat, berkali2 order grab car sangat lama ga dapet2 nunggu sampe 1 jam lebih di kota tegal jawa tengah sangat jelek",negative
2026-03-29 19:38:26,aby waffaq,top,grab,google_play,top,positive
2026-03-29 19:34:43,Yudha Pria nugraha,layanan mantap,grab,google_play,layanan mantap,positive
2026-03-29 19:34:16,yunita anggraeni,🤝,grab,google_play,🤝,negative
2026-03-29 19:29:12,call_mee 1syaa,gasuka klo pesen grabfood dpt pengemudinya lama dn hrus nunggu lama hbs tu dicancel pula tlg diperbaiki!,grab,google_play,gasuka klo pesen grabfood dpt pengemudinya lama dn hrus nunggu lama hbs tu dicancel pula tlg diperbaiki!,negative
2026-03-29 19:20:33,FrancDarmy Jr,"dalam sebulan terakhir payah sekali, bantuan grab chat nya mana ?",grab,google_play,"dalam sebulan terakhir payah sekali, bantuan grab chat nya mana ?",negative
2026-03-29 19:14:31,siti urmila,"lama kali dpt driver, apa dah kaya driver",grab,google_play,"lama kali dpt driver, apa dah kaya driver",negative
2026-03-29 19:08:13,Sive CL,ok,grab,google_play,ok,negative
2026-03-29 19:07:40,Massava Saiful,"Grabfood kalau pakai pengantaran hemat sama standar gak ada driver yang mau pickup. Potongannya gede, padahal saat pesan udah di potong 2500, driver juga masih di potong, restoran juga masih di potong jadi harga makanan silisih jauh, lebih mahal, pakai promo juga gak berguna kalau gak ada driver yang ambil. Koreksi ulang kebijakan potongan untuk driver dan restoran nya, masak user udah dipotong 2500, driver sama restoran masih aja dikasih potongan gede.",grab,google_play,"grabfood kalau pakai pengantaran hemat sama standar gak ada driver yang mau pickup. potongannya gede, padahal saat pesan udah di potong 2500, driver juga masih di potong, restoran juga masih di potong jadi harga makanan silisih jauh, lebih mahal, pakai promo juga gak berguna kalau gak ada driver yang ambil. koreksi ulang kebijakan potongan untuk driver dan restoran nya, masak user udah dipotong 2500, driver sama restoran masih aja dikasih potongan gede.",negative
2026-03-29 19:04:38,Agan Kusuma,okeh,grab,google_play,okeh,negative
2026-03-29 19:00:48,Abdurizal_sufi 48,ini gimna nih udh satu hari uang returnya ngak masuk ke M banking saya sebanyak 163.000 !!!,grab,google_play,ini gimna nih udh satu hari uang returnya ngak masuk ke m banking saya sebanyak 163.000 !!!,negative
2026-03-29 18:51:53,diana dolores,"klo ngasih driver yg jauh2 mending gausah adain lokasi terdekat deh kocak, sekalian aja jemput dari jepang",grab,google_play,"klo ngasih driver yg jauh2 mending gausah adain lokasi terdekat deh kocak, sekalian aja jemput dari jepang",positive
2026-03-29 18:50:56,Ade yunus dwi Saputra,pelayanan nya jelek,grab,google_play,pelayanan nya jelek,negative
2026-03-29 18:50:13,Sherlin Angrhaini,"sekarang pesen makan di grab super lama, jadi males. bolak balik pengemudi membatalkan untuk mengantarkan pesanan. entah apa sebabnya jadi makin malas order di grab",grab,google_play,"sekarang pesen makan di grab super lama, jadi males. bolak balik pengemudi membatalkan untuk mengantarkan pesanan. entah apa sebabnya jadi makin malas order di grab",negative
2026-03-29 18:43:51,Kasiadi,terimakasih🙏,grab,google_play,terimakasih🙏,positive
2026-03-29 18:28:13,gi ran,siiiip...!!!,grab,google_play,siiiip...!!!,negative
2026-03-29 17:54:14,Winardi Winardi,bagus berguna bermanfaat,grab,google_play,bagus berguna bermanfaat,positive
2026-03-29 17:53:49,Raysan Naufal,"Woiiiu harga makin mahall driver gak ada 1 pun yg nyangkut, gimana sih?",grab,google_play,"woiiiu harga makin mahall driver gak ada 1 pun yg nyangkut, gimana sih?",negative
2026-03-29 17:41:26,Nur Asia,drivernya pada galak2,grab,google_play,drivernya pada galak2,negative
2026-03-29 17:35:14,Trisnasari Trisnasari,"ga suka karena kebanyakan alasan apapun , padahal aku sama Kaka aku udah nungguin malah di batalin atau banyak alasan yang lain lah",grab,google_play,"ga suka karena kebanyakan alasan apapun , padahal aku sama kaka aku udah nungguin malah di batalin atau banyak alasan yang lain lah",negative
2026-03-29 17:33:26,Niken Riani,kebayakan alasan ini itu,grab,google_play,kebayakan alasan ini itu,negative
2026-03-29 16:49:22,Kuncoro Yakti,Mantap,grab,google_play,mantap,positive
