date,username,content,brand,source
2026-04-06 16:02:00,Nining Yuningsih,bagus,gojek,google_play
2026-04-06 16:00:48,Radit Raditya athaya ramadhan,mantab,gojek,google_play
2026-04-06 15:57:01,Arsenio shagan,bagus,gojek,google_play
2026-04-06 15:55:40,Alya Nadhira,"dih gajelas dah gojek,masa gak bisa ganti pembayaran ke gopay, padahal saldo gopay cukup,gak ada limit juga, gak ada pemberitahuan apa2, eh malah gak bisa ganti pembayaran ke gopay, gak rispek wok padahal kan udah di tf in ke gopay, eh ujung2nya make cash shibal😒🤬😠😞😭 padahal udah update,udah nyoba segala cara buat benerin,eh gak bisa",gojek,google_play
2026-04-06 15:55:21,Wahyu Fambudi,seep,gojek,google_play
2026-04-06 14:54:56,Clarissa An,"ngeselin tiba tiba saya pesen ojek jadi 2 kali padahal saya pesen satu untuk lokasi berbeda malah tiba tiba kepesen kedua kali dengan lokasi yg berbeda juga, ni kenapa si kalau banyak yg make suka error gitu malu malu in aja",gojek,google_play
2026-04-06 14:52:35,Fendy bagus Dewa Pamungkas,mantap,gojek,google_play
2026-04-06 14:47:06,EZRA KEREN,sangat baik,gojek,google_play
2026-04-06 14:43:49,Nana Salsabila,lebih cepat,gojek,google_play
2026-04-06 14:37:12,Ika,terima kasih atas pelayanannya,gojek,google_play
2026-04-06 14:33:37,Zahra Adilla,good,gojek,google_play
2026-04-06 14:30:03,Eddy Prw,oke,gojek,google_play
2026-04-06 14:18:57,Haneko,Mantap,gojek,google_play
2026-04-06 14:13:10,Abdul Gani,lumayan,gojek,google_play
2026-04-06 14:09:10,Hana Tiwi,"woy gojek jgn terlalu byk potongan buat driver, yg susah customer!!! skg susah buat dpt in driver",gojek,google_play
2026-04-06 14:05:13,wasgembok,Driver tepat waktu,gojek,google_play
2026-04-06 13:52:40,Salman Faris,bagus bagus bagus,gojek,google_play
2026-04-06 13:49:12,Matteo Uccheddu,sangat membantu terutama untuk orang mageran seperti saya 😂,gojek,google_play
2026-04-06 13:42:06,Ahmad Saidi,sikap dan pelayan baik,gojek,google_play
2026-04-06 13:31:17,Secret,"ngelag banget njim, aku pakai grab aja lancar",gojek,google_play
2026-04-06 13:28:47,Dedy Gusriadi,ok,gojek,google_play
2026-04-06 13:22:05,rizky hidayat,👍,gojek,google_play
2026-04-06 13:16:39,coprex zoxuzan,mantap,gojek,google_play
2026-04-06 13:05:50,Nurkholis Azmi,ok,gojek,google_play
2026-04-06 12:50:13,Prawira Dijaya,kecewa sama aplikasi ini.. 1 jam gak dapet2 driver. padahal di medan kota. tolong lah perbaiki kinerjanya.... jangan sampe pelanggan pada lari ke aplikasi sebelah !!!!!!,gojek,google_play
2026-04-06 12:49:28,Dedeh Komala,tepat waktu is the best,gojek,google_play
2026-04-06 12:48:33,Skyzo Deep,aplikasi sering error,gojek,google_play
2026-04-06 12:43:33,BKL FF,lama nyari driver nya,gojek,google_play
2026-04-06 12:36:46,Ananda Kaison,muantap,gojek,google_play
2026-04-06 12:19:13,Ari Ando,"disc promo digofood tidak ada, gojek plus tidak ada.. pesen makanan jadi mahal banget.. sedangkan di aplikasi teman saya ada disc makanan",gojek,google_play
2026-04-06 12:17:22,Budiono Prayogo,bagus.bintang *****,gojek,google_play
2026-04-06 12:13:43,Pikia Wati,"tolong fitur telp nya di perbaiki, buat angkat telp susah matiin susah, suara jadi gak jelas. jadi kita susah komunikasi sama driver",gojek,google_play
2026-04-06 12:11:44,Marlen Sutopo,top global,gojek,google_play
2026-04-06 12:09:16,Sayuti Mar,sangat membantu perjalanan aman nyaman 👍,gojek,google_play
2026-04-06 12:08:42,Farsyah Mail,aplikasi nya mantap,gojek,google_play
2026-04-06 12:05:31,DRS Sunardi sunardi,mantul tul tul....,gojek,google_play
2026-04-06 11:51:20,Saiful Huda,membantu,gojek,google_play
2026-04-06 11:45:47,Rodli Dio,"sampah ,gofood Udah disuruh konfirmasi rumah dan orang nya yg mana,fitur chat fungsi nya apa kalo didiemin?disuruh minta foto buat konfirmasi apa susah nya sih ,Duit ga dibalikin juga main antar ke orang yg salah",gojek,google_play
2026-04-06 11:43:33,Cazz,"paling gak suka kalau udah bayar mahal untuk pesanan makanan express, kan niatnya agar datangnya cepat ya, tapi driver selalu saja lama untuk mengambil makanan. Akhirnya, jadi sama aja kayak reguler tapi lebih mahal saja. Menyebalkan sekali.",gojek,google_play
2026-04-06 11:43:27,Slamet Widodo,nice app,gojek,google_play
2026-04-06 11:28:42,Arie Yanz,ok,gojek,google_play
2026-04-06 11:28:08,Wiwied Lelyati Setyawan,mantap,gojek,google_play
2026-04-06 11:27:24,Ray Rizaldi amanda,susah dpet driver,gojek,google_play
2026-04-06 11:26:49,Rezza Falefi,bagus,gojek,google_play
2026-04-06 11:25:44,Murti Itnisia,memuaskan. mohon diperbanyak.promonya untuk yang menggunakan pembayaran cash,gojek,google_play
2026-04-06 11:23:44,Tiara Maniezz,"aplikasi go invest,terjadi kendala di penjualan. tolong di bantu yaa admin",gojek,google_play
2026-04-06 11:12:52,Sus Prasetyo,good job,gojek,google_play
2026-04-06 11:00:55,Wiedya Wiedya,"nyari driver kaya nunggu jodoh dateng lamaaaaaaaa pdhl yg dkt byk, gojeg skr beda sk yg dulu kasian driver & custumer alhasil uninstal aplikaai n pindah k apj lain baayyy👎",gojek,google_play
2026-04-06 10:56:57,Muhammad Laili,suuip,gojek,google_play
2026-04-06 10:55:08,Lutfa Putfa,Menyenag kan,gojek,google_play
2026-04-06 10:53:50,Udin Cantuk,bagus banget jadi gk pusing lgi berpegian dengen aplikasi gojek,gojek,google_play
2026-04-06 10:53:48,Farul Albert,puas,gojek,google_play
2026-04-06 10:50:57,Jaslin Salifah,driver selalu ramah dan asafeti,gojek,google_play
2026-04-06 10:46:51,shochib Munawaroh,ok,gojek,google_play
2026-04-06 10:45:06,Rifky Aldi,"kocak jir posisi driver ada yang dekat, tapi malah di dapetin yang jaraknya jauh bukan sekali dua kali",gojek,google_play
2026-04-06 10:31:36,Dwie Yantie,ok,gojek,google_play
2026-04-06 10:31:13,Ezal 0099,bagus,gojek,google_play
2026-04-06 10:15:30,Saja Saomiharja,ok,gojek,google_play
2026-04-06 09:59:04,Lucia Merry Wahyu W,Gooood,gojek,google_play
2026-04-06 09:56:03,Kolp Polo,sangat membantu,gojek,google_play
2026-04-06 09:53:36,Elle,Sangat membantu mempermudah hidup. ❤️,gojek,google_play
2026-04-06 09:52:56,Olip Saja,mempernudah hidup 🥰,gojek,google_play
2026-04-06 09:43:17,Nanang shaw lin,"gojek aplikasi parah mau pesen tiket KAI engga bisa terus, mau di batalain sama aja engga bisa, sedangkan uang nya sudh masuk kacauuuuuuuu",gojek,google_play
2026-04-06 09:41:00,Zapscape,IKLANNYA SANGAT MENGGANGGU 🙏🏻,gojek,google_play
2026-04-06 09:36:09,Muhammad Yusuf Anwar Pane,membantu di saat anu😊,gojek,google_play
2026-04-06 09:35:33,Ahmad Syafei,ok,gojek,google_play
2026-04-06 09:28:32,advenia abel,driver nya baik semua,gojek,google_play
2026-04-06 09:24:43,Andry Kurniawan,Pengemudi Gojek Di Purwokerto Banyumas Drivernya Kurang Banyak Dan Masih Banyak Driver Terlambat Dalam Penjemputan,gojek,google_play
2026-04-06 09:23:36,Atep 220,"trims, untuk kenyamanan dan keselamatan pengguna. drivernya ramah dan cepat respon untuk pencarian cepat. semoga tetap sukses di tengah persaingan. salam sehat untuk semua team",gojek,google_play
2026-04-06 09:21:18,Rayyandha Atharizky,simpel,gojek,google_play
2026-04-06 09:19:46,syamlan akbal,"kenapa ini kok tiba2 semua promo hilang di gojek, gak ada satupun resto yang pake, walaupun nyari di kategori ""banyak promo""",gojek,google_play
2026-04-06 09:14:47,RiRe SamidTV,Mantap Gojek setiap Rejeki datang Jangan pernah kau tolak karena Anda Memang Butuh Itu,gojek,google_play
2026-04-06 09:04:50,Lintang Sevriana,"Udah booking dua hari lalu , berharap dapat cepet , eh tetep aja nunggu lama , mana sampai kena cancel dua kali , 😞😞😞",gojek,google_play
2026-04-06 08:57:09,Maulana Anwar,"kalo bisa lebih intuitif, lebih ringan aplikasinya",gojek,google_play
2026-04-06 08:50:42,Andangg,bagus banget,gojek,google_play
2026-04-06 08:46:45,Rahmatiah Tiyaah,"okelah permudah kita yg butuh beli makan butuh kendaraan tpi mls keluar dan malas jln nyari kendaraan ,tpi lbh ok lgi klu byk discount nya 😁",gojek,google_play
2026-04-06 08:46:08,ER EF,sangat membantu sekali 🙏🏻,gojek,google_play
2026-04-06 08:38:45,Fris Eliyansyah,tingkatkan terus aplikasi gojek👍,gojek,google_play
2026-04-06 08:28:03,edelweiss marbun,"makin kesini gjls,di apps tinggal 2 menit lg nyatanya sampe 10 menit masi ga dtg2",gojek,google_play
2026-04-06 08:10:26,Nisrina Fauziah,banyak promo dan aplikasi nya bagus sih bahasanya mudah di mengerti,gojek,google_play
2026-04-06 08:09:50,Rora Aurora,gojek tolong tanggungjawabnya. gosend kalian gk aman sama seklia. saya kirim parcel sehrga 500 rb ilang gk ada tnggung jawab. katanya mediasi tapi susah kusebutkn tgl jam malah jatanya aku gk respin. gila kalian ya. gk amanah mending pakai SPX,gojek,google_play
2026-04-06 08:07:33,eko prasetyo,"apalah gak jelas, gopaylater tiba2 bs, pas urgent gak bisa, layanan goride tiba2 lagi ramai, masa gak ada 1 driverpun.",gojek,google_play
2026-04-06 08:02:58,Ade Ety,tepat waktu,gojek,google_play
2026-04-06 07:59:07,DEWI AYU,"mantap membantu sekali , top gojek indonesia",gojek,google_play
2026-04-06 07:52:51,Saskia Karimah NP,"terpercaya, cepat, sangat membantu",gojek,google_play
2026-04-06 07:51:30,Husnan Damanik,"sekarang cari driver susah banget, padahal driver di Deket gw banyak banget. mana harga normal sama harga hematnya jauh bgt bedanya. ini emang sistemnya yg konyol atau gimana?",gojek,google_play
2026-04-06 07:50:19,emon sudarman,ok,gojek,google_play
2026-04-06 07:42:19,Syarifah Hidayah,ramah dan nyaman,gojek,google_play
2026-04-06 07:32:22,bryan bintang,gajelas,gojek,google_play
2026-04-06 07:26:59,Engla Deliany,ok bgt,gojek,google_play
2026-04-06 07:19:03,Maruta Sda,oke,gojek,google_play
2026-04-06 06:56:32,Awan Store,oke,gojek,google_play
2026-04-06 06:53:48,sutarno x,"setiap bulan pasti naik ini,,,",gojek,google_play
2026-04-06 06:50:13,Irwan,memuaskan,gojek,google_play
2026-04-06 06:47:30,Ukasah Ibnu,"untuk patokan harga kemahalan, lebih mahal dari kompetitor sebelah, sering for close apk nya, banyak masalahnya nih.",gojek,google_play
2026-04-06 06:32:06,Fariz Noval Rabbani,sangat memudahkan perjalanan,gojek,google_play
2026-04-06 06:25:38,rahmat saepulloh,"dikasih voucher goride hemat,tetep susah cari driver akhirnya tetep pake reguler. mending langsung reguler aza tapi driver deket sama posisi custumer. ga harus nunggu lama.",gojek,google_play
2026-04-06 06:25:02,Yenny Wati,gojek paling murah apa KRNA sering pakai gojek.,gojek,google_play
2026-04-06 06:21:46,Istikomah Istikomah,"gojek sekarang kok beda Ama yang dulu dulunyA cepat sekarang kok lemot lama Skali dapat drivernya, Skali dapat jauh drivernya lama lama 😡",gojek,google_play
2026-04-06 06:21:08,Fitrian Noor,mantap,gojek,google_play
2026-04-06 06:15:18,Budi Adi,Alhamdulillah semoga selalu mendapatkan berkah amiin.,gojek,google_play
2026-04-06 06:10:43,ani ana2874,pelayanannya cepat sampai tujuan dengan selamat terimakasih,gojek,google_play
2026-04-06 06:10:36,Almira Qalesha,"tolong manajemen drivernya lebih diperhatikan, ini saya sudah pesen sebelum jam rame ttp gak dapet. gak tau emang drivernya gk bersyukur ato emg dari pihak gojeknya saya gak tau tapi ini jelas menyusahkan saya",gojek,google_play
2026-04-06 06:08:59,sito nugroho,sering merasa tertolong dgn adanya gojek,gojek,google_play
2026-04-06 05:56:12,Rif Ales,"apliksi anj,udah order gak dapet² driver jadi telat gw ke sekolah anj",gojek,google_play
2026-04-06 05:22:46,Purwita Putri Mihdadiya,mantab boss,gojek,google_play
2026-04-06 05:15:06,Diana Rizki,"min tolong sekali utk para driver jika tidak bersedia ambil orderan segera fast respon balas chat. setidaknya jgn buang waktu customer utk menunggu supaya bisa cari driver lainnya. karna kan kita tidak tau waktu customer itu sedang buru2 atau tidak. oke lah jika menunggu 5-10 utk balasan, ini 20 sampai 30menit lebih, menurut saya itu cukup buang waktu yg seharusnya bisa dapet driver lain ini malah tidak ada jawaban.",gojek,google_play
2026-04-06 05:06:45,Sawah sumur,bisa d bantu untuk daftar,gojek,google_play
2026-04-06 05:05:36,Rahmat Rahmat36,👍👍,gojek,google_play
2026-04-06 04:56:23,zamzam rasyid,ok,gojek,google_play
2026-04-06 02:51:39,Rana Ran,selamat ulang tahun,gojek,google_play
2026-04-06 02:43:57,Rudi Pasya,ok,gojek,google_play
2026-04-06 02:26:56,SutrisnoTM,driver goride sekarang banyak yang tidak punya uang kembalian. di tarif 37 ribu ahirnya malah mbayar 45 ribu. kere semua dan bikin tidak nyaman,gojek,google_play
2026-04-06 02:02:43,asep hendra,ok,gojek,google_play
2026-04-06 01:46:46,Raja 0508,mntap,gojek,google_play
2026-04-06 01:41:40,Eldani Gultom,"gofood nya ga jelas, buat waktu habis, alasan sudah jelas tapi pas buat laporan , hasilnya mengecewakan, kalau bisa hapus aja gofood nya ini, pengembang nya busuk ga bagus ngatur nya, hapus aja gofood nya dari sistem",gojek,google_play
2026-04-06 01:30:40,Abizhar Rezky,"pesen gomart udh sejaman driver nya 3 kali ganti ngga ada yg mau Nerima,keburu kaper",gojek,google_play
2026-04-06 00:44:00,yayah yauau,"gak bisa claim voucher GORIDEAJA sekarng katanya udah di claim padahal belum, waktu itu 2 minggu gak bisa klaim juga yang GORIDEAJA dengan alasan tidak memenuhi syarat. Tolong ya",gojek,google_play
2026-04-06 00:39:47,Muhammad Fajar,sangat membantu👍,gojek,google_play
2026-04-06 00:30:48,Webo As,mantap n oke,gojek,google_play
2026-04-06 00:29:24,yudhi Permana,🙏🙏🙏terimakasih gojeg...,gojek,google_play
2026-04-06 00:16:15,Saptaadi1972,mudah cepat dan singkat,gojek,google_play
2026-04-05 23:50:58,Zaky Salman,bagus,gojek,google_play
2026-04-05 23:48:04,Aghitia Ardis,"untuk pemesanan gofood harus menunggu sangat lama mendapatkan driver, dan opsi pembatalan juga menunggu sangat lama",gojek,google_play
2026-04-05 23:26:24,Rahman Ajie,"udah nunggu lama, driver ga dpt"" sekalinya dpt langsung dincancel, punya driver milih"" pada nolak rejeki, prioritas ataupun express ga ada gunanya kyk sama aja dengan biasa, memesan makan hampir 3 jam drivernya pada ngecancle ada masalah apa sii gojek dan gofood",gojek,google_play
2026-04-05 23:24:06,Rico Harianto,"apk ini baguss banget, dan memiliki banyak promo setiap hari nya😇",gojek,google_play
2026-04-05 23:10:25,muhamad ramadan,setiap order gofood lama terus dapetin drivernya sampe di cancel resto terus,gojek,google_play
2026-04-05 22:49:21,susanto yoi,ok,gojek,google_play
2026-04-05 22:38:58,iqbal maulana,buruk. penemuan driver lama. pembatalan sulit,gojek,google_play
2026-04-05 22:35:49,Andre _Yoga,kasih ongkir lebih murah dong,gojek,google_play
2026-04-05 22:29:07,Muhammad Ilyas Ilyas,terima kasih,gojek,google_play
2026-04-05 22:25:03,Mohamad Zainulloh (Zyn),makin susah dapet driver,gojek,google_play
2026-04-05 22:12:38,Pinky Lala,parah bgt driver pada ga mau ambil padahal msh jam 10 mlm beda kayak grab,gojek,google_play
2026-04-05 21:53:02,Fahrur Rosi,mantap,gojek,google_play
2026-04-05 21:52:15,Wira Mulia,aplikasi sangat bagus,gojek,google_play
2026-04-05 21:46:04,margonus,SUSAH BANGET DAPET DRIVER GORIDENHA MAU HEMAT ATAU BIASA SEKALIPUNNYA APALAGI SAAT UJAN. KALOPUN ADA DI CANCEL SM DRIVERNYA. TLG YA GOJEKK PERBAIKIII. TLG BGT PERBAIKIII INIMAH HUHUHU GABISA PULANG GUE JADINYA DN BERALIH KE APLIKASI LAIN😭🙏🏻,gojek,google_play
2026-04-05 21:39:31,Penjual Gorengan,"Aplikasi paling lelet, selalu tdk sesuai titik jemputan. Go food parah, sering menampilkan pengantaran TEPAT WAKTU, padahal lebih sering TELAT. Dan sulit membatalkan pesanan kecuali melewati dari batas waktu estimasi pengantaran makanan. Ini penipuan. Jika saja masyarakat bisa dgn mudah menuntut, kalian sudah pasti gulung tikar. Lucunya lagi, kalian dari pihat gojek cuma bisa balas ulasan kritik dgn kalimat mohon maaf atas ketidaknyamanan anda. Parah....",gojek,google_play
2026-04-05 21:34:53,Imamlavesi L,👌,gojek,google_play
2026-04-05 21:30:25,Syela Nur Fitria,"diskonnya banyak banget, dan murah murah, lebih mudah mendapat mobil dari aplikasi gojek di banding kan maxim",gojek,google_play
2026-04-05 21:27:51,Ganantara_Yurie Kurniawan _MAN 1 Jombang,gacor,gojek,google_play
2026-04-05 21:25:46,Nelly Ana,"susah dapet driver nya, pdhl dulu gampang. kecewa dengan layanan yang sekarang!",gojek,google_play
2026-04-05 21:19:53,Tiaraisnalia,gbs didownload,gojek,google_play
2026-04-05 21:09:45,Yuli,aplikasi yg bagus,gojek,google_play
2026-04-05 21:09:16,Siti Rahmah,nice,gojek,google_play
2026-04-05 21:08:55,Ade Hasanah,hehee berguna bangett.. tapi kadang-kadang suka males kalo dapet driver jutek.. tapi aplikasi inii bergunaa bangettt,gojek,google_play
2026-04-05 20:58:38,Emirensiana Dwi,"pihak gojek yg terhormat sebenarnya saya ngak suka review jelek karena bisa merusak rejeki orang ,tapi yg ini keterlaluan sekali hari ini saya order go ride dan selama hampir 3 atau 4 kali para driver seperti tidak mau melakukan penjemputan dengan sengaja mengambil jalan memutar sampai lebih dari 15 menit padahal titik awal penjemputan hanya 3-4 menit. begitu terus sampai berkali-kali. jadi saran saya lain kali mohon dikenakan sangsi bila ada driver yg seperti itu karna saya udah langganan",gojek,google_play
2026-04-05 20:55:02,Elvira Azriani Agustin,"udah skrg tarifnya mahal, susah dpt driver, udh gitu kadang pesanan digantung sama drivernya",gojek,google_play
2026-04-05 20:54:18,M. Yusuf,"aplikasi tidak menghargai customer. udah 1 jam lebih nunggu pesanan makanan tiba tiba nggak ada driver yang bisa pick up makanan nya. pesan ulang disuruh nunggu sejam lagi, nggak ada kompensasi pula dari pihak sana.",gojek,google_play
2026-04-05 20:51:32,Churotul Dewi Anjani,"PENIPUAN GO PAYLATER!!! sudah hubungi pihak nya malah mempersulit, tidak ada solusi!! Kronologi : pesan gofood suda dapat driver tp tidak jg jalan drivernya, hubungi pihak resto jg gabisa bantu, pesanan tidak bisa dicancel, aplikasi stuck. lapor ke pihak gojek nya gabisa bantu juga apa apaan, tiba tiba hari ini ada tagihan paylater 500.000 padaha tidak pernah sekalipun menyebarkan pin/sandi dll. TANGGUNG JAWAB DONG klo bisa rating 0 ataupun minus pasti saya rating 0/- SEMOGA BISA LEBIH RESPONSIF",gojek,google_play
2026-04-05 20:49:35,Alif Ali rendra,susah nyari drivernya,gojek,google_play
2026-04-05 20:26:21,Siti Nurazila,sekarang kalo mesen gak pernah dapet susah banget dapat nya sekali dapet jauh banget gimana sih padahal saya mesen mlm sekali pun tetep ada pas saya mau pulang ini kok di persulit ya saya tinggal di Sumatra sulit sekali rasanya dapet drive oke lah kalo mlm aja ini terkadang sore pun susah dapet,gojek,google_play
2026-04-05 20:21:24,Boim Naif3,mantab,gojek,google_play
2026-04-05 20:15:06,Eka Yuliana,mempermudah,gojek,google_play
2026-04-05 20:14:31,Thv,"jelek bgt, masa udah pesen makanan nunggu 1 jam an ttp ga dapet driver mau cancel gabisa, giliran pesen lagi ttp kaya awal, dih",gojek,google_play
2026-04-05 20:05:11,Bobby,Ongkir penipuan diubah ketika order. Menunggu driver sejam tidak bisa dibatalin. Makin lama makin kacau.,gojek,google_play
2026-04-05 20:04:48,Ayu Lely,"ya allah driver gojek knapa sih, susah bngt dpet buat gofood smpai di batalin. pdhal cuman beli nasi padang yang notabennya gak antri dan lngsung d bngkus gak nunggu masak , orderan jga gk sdkit 🥲",gojek,google_play
2026-04-05 19:54:35,Olivia Febyola,buruk,gojek,google_play
2026-04-05 19:43:21,Hendra Zaky,puas,gojek,google_play
2026-04-05 19:43:09,Darmillah Millasari,"kenapa susah banget dapet driver nunggu 1 jam gak dapet dapet sampe harus di cancel. kasihan buat resto yang udah masakin makanannya, dan voucher juga hangus jadinya. padahal lokasi Deket dan strategis tetap gak dapet²",gojek,google_play
2026-04-05 19:39:32,Iis Mujiyati,mantap,gojek,google_play
2026-04-05 19:39:09,Fajar Asta perdana,"jangan pake gojek susah dapet driver food nya terus lama pula, cc gojek sukabumi",gojek,google_play
2026-04-05 19:20:06,P. Faisal,"lama bet, walaupun yang mahal juga, dasar ngerugiin waktu, maaf tidak jadi sebuah alasan, karna kau dah buang waktu ku",gojek,google_play
2026-04-05 19:15:27,yohanes depari,"tidak ada respon dan lama, sekali cancel harga naik tidak wajar",gojek,google_play
2026-04-05 19:13:36,ansori_poenya,bug di game gocats jika klaim gopay coins di tugas--tantangan. gopay coins tidak masuk ke riwayat transaksi,gojek,google_play
2026-04-05 19:12:28,Beryl Ahmad,aplikasi aneh.. orang2 pada mikir lebih mending aplikasi lain... asli ga bohong gw.. dzolim ke mitra juga kan elu.. ckckck,gojek,google_play
2026-04-05 19:10:19,Ng Suphing,"parah. sudah bbrp x susah bgt dpt driver saat malam. pdhl masih jam 18.00 pun udh susah dpt. blm lagi harus tunggu +- 50 menit lebih baru bs di batalkan. orang kelaparan lalu tunggu 1 jam baru batal, ujung2 harus pesan ulang nunggu 1 jam lg. tolong lah perbaiki sistemnya",gojek,google_play
2026-04-05 19:09:36,gadhavi hermawan,mantap,gojek,google_play
2026-04-05 19:03:53,Arofah Mukarromah,keren,gojek,google_play
2026-04-05 19:01:02,Moch Andi Hariyanto,sangat susah mendapatkan driver baik goride ataupun gofood sekali dapat driver ehh lama banget tolong diselesaiin permasalahan driver untuk gojek,gojek,google_play
2026-04-05 18:54:29,Aji Ara yudha,sudah berap kali mesen go food udah lama naunggunya ngga taunya ngga ado sriver yg ambil pesanan. kecewa banget dengan gojek..,gojek,google_play
2026-04-05 18:51:03,Sindi Slanky,"Pesan food nggak sampai 1km tapi mahal bgt sampai 14000, mana masih nunggu lama bgt lagi, belum lagi nanti kalau batal tidak dapat driver Udah nunggu lama, bayar mahal masih tidak dapat driver Mohon banget di perbaiki lagi !!",gojek,google_play
2026-04-05 18:50:42,Sanny Apituley,intinya bintang 5,gojek,google_play
2026-04-05 18:41:23,WAHyu u,puass,gojek,google_play
2026-04-05 18:40:55,Mega Sanjaya,"gojek sistem aplikasi nya diperbaikin lagi donk, kasian drivernya pada jemput nya jauh2 saya dapet driver dtg ketempat titik saya masa nya jauh banget,jemput nya bisa 4kg sampe 5kg hrus nunggu lama",gojek,google_play
2026-04-05 18:34:25,Arif Widarsah,sangat baik dan bagus,gojek,google_play
2026-04-05 18:31:13,putra siagian,tolong kemanan ya di tingkatkan dan penyelesaian masalah tolong cepat,gojek,google_play
2026-04-05 18:27:03,Laily Sa'adah,Susah buat cari driver,gojek,google_play
2026-04-05 18:26:47,Embay Bahriyah,"setiap nyari driver pasti lama banget alasannya banyak yang booking lah, trus pas udah dapet driver pasti yang jauh jauh dan suka cancel? kaya kalo gamau di cancel gausa cancel anjirr bikin lama aja trus juga nyari 1 jam lebih padahal di Indonesia banyak banget ojol masa sibuk semua engga kan? heran banget sama ojek ojek yang ga nerima orderan cuman karna jauh/gamau tapi giliran gofood aja pasti tuh cepet mending pindah maxim aja dah asli",gojek,google_play
2026-04-05 18:19:19,Umah Sambie,makin kesini makin mahaaaall aja lu!! tapi buat drivernya potongan gila banget gedenya... kasihan driver.. masih enak zaman nadim laaahhh.... sekarang mah banyak tikus² rakusnya.,gojek,google_play
2026-04-05 18:18:13,Pengguna Google,terus tingkatkan pelayanan & kwalitasnya jadilah ojol terbaik masa kini,gojek,google_play
2026-04-05 18:18:04,Lenta 16,"drivernya baik dan ramah ,mobilnya bersih",gojek,google_play
2026-04-05 18:17:58,Risma Ambar23,ok,gojek,google_play
2026-04-05 18:15:52,Winanda,"makin mahal, wkwk",gojek,google_play
2026-04-05 18:14:39,Yulia Sasciya,tolong nih ya kalo drivernya gk mau nerima harga yg mode hemat mending gak usah di adain deh pake segala protes ke penunpang. kan apknya sendiri yg nyediain yah harus terima dong lagian org waras mana yang milih harga mahal padahal ada yg lebih murah. gak semua manusia Sultan bro,gojek,google_play
2026-04-05 18:12:41,Gokil Abis new,mantap,gojek,google_play
2026-04-05 18:11:41,Ade Amin,terima kasih,gojek,google_play
2026-04-05 18:03:55,Aalviandra Bagas pratama,Pesanan Selalu Di Tolak Oleh Pihak Gofood Nunggu Pesanan Makanan Saya Hampir 1 Jam Kecewa Saya Di Kasih Rezeki Nolak,gojek,google_play
2026-04-05 17:56:54,Nadia Anjani,aplikasi tolol,gojek,google_play
2026-04-05 17:53:21,Dedy Tri,Alhamdulillah.. Mantapp 👍,gojek,google_play
2026-04-05 17:44:50,Iwan Abdul,"lama lama pindah aplikasi , nyari driver susah sekarang yang ride",gojek,google_play
2026-04-05 17:34:26,Muhammad Habibi,diskon nya mana anj,gojek,google_play
2026-04-05 17:24:14,Aku Rudi,mantap,gojek,google_play
2026-04-05 17:21:04,Jajang Nurjaman,Mantap,gojek,google_play
2026-04-05 17:20:38,Achmad Diof Aditya Putra,Dari terakhir bulan puasa sampai sekarang susah dpt driver dan selalu lama nunggu nya. Ini udh nunggu 30 menit driver GK DTG jg ke lokasi jemput dan 30 menit tunggu buat dpt driver,gojek,google_play
2026-04-05 17:19:07,Opik kipopik (Goliat),"sekarang susah banget dapat driver, tolong dicek mitra kalian, udah kalian gaji sesuai engga!!!!!",gojek,google_play
2026-04-05 17:01:33,Asep bobby Yudhiarina Sudjoko,mantap,gojek,google_play
2026-04-05 16:50:22,Gesna Adji Santoso,"makin parah potongan gedhe banget, 19.500 bersihnya 11.200 kepotong 8.300, 42%",gojek,google_play
2026-04-05 16:43:23,Dino Junior,lama dapet ojolnya parah dan udah lama nunggu d cancel,gojek,google_play
2026-04-05 16:39:21,HERY DANIS PRASETYA,ok,gojek,google_play
2026-04-05 16:27:22,Nova Fiandi,Tepat waktunya,gojek,google_play
2026-04-05 16:26:54,Yudi Pranajaya,sangat membantu aktivitas saya. terimakasih,gojek,google_play
2026-04-05 16:24:11,Didy Reza,lelet.. susah dpt driver.. pesan makanan hrs nunggu berjam2..,gojek,google_play
2026-04-05 16:23:14,Wawan Setiawan,pokoknya bagus dan layak 5 bintang!,gojek,google_play
2026-04-05 16:21:21,Aulia Rachmawati,"sekarang gojek kalau pesan makanan lama dapat drivernya, biasa bisa sampai 1 jam. selama ituu dapat driver. kirain bakal sekali aja lamanya, ini setiap mau pesan lamaaaa. bisa sampai 1 jaman, mana gak bisa di batalin lagii. udah minta bantuan di cs ny tetap gak ada solusi, malah ttp disuruh nunggu sampai 1 jam duluu, adohhhh jelek sekarang aplikasinya. tidak worth it untuk dipakai, bukannya memudahkan malah menyusahkan",gojek,google_play
2026-04-05 16:20:22,zaim ukhrowi,"belakangan driver dan penumpang diberikan layanan yg jauh, minimal 1 km. bukan berarti tidak sabar menunggu, tp kalo pelayanannya harus menunggu lama (1 km di tengah transportasi) maka saya kemungkinan akan menggunakan layanan lain yg lebih mudah mendapatkan driver dekat dan lebih murah",gojek,google_play
2026-04-05 16:19:09,ipehhh,"aplikasinya sih bagu, tapi kadang driver nya di acc tapi engga jalan. itu sih bikin kesel min, makan waktu juga udah di telfon di chat gak di bales.",gojek,google_play
2026-04-05 16:06:11,Lintang Chennal,"siap"" sebntar lagi aplikasi sampah ini susah dpt driver wkwkwk terutama food",gojek,google_play
2026-04-05 16:04:00,Fikri Dwinanto,"Oke, terus tingkatkan promo/diskon 🙂👍🏼👍🏼",gojek,google_play
2026-04-05 16:03:25,Kennisha Zinnia,"gojek makin jelekkkkkkkk, sistem eror terus, mau bayar pake gopay tp dibilang saldo gak cukup pdhl jelas2 cukup",gojek,google_play
2026-04-05 16:01:15,Septian 15,pergantian nomor hp hilang gagal terus,gojek,google_play
2026-04-05 15:59:45,Sua Ardi,Makasih,gojek,google_play
2026-04-05 15:58:07,Hasta Bramsovia,ok,gojek,google_play
2026-04-05 15:56:58,ajiji Basir,lama nyari driver nya di cancel Mulu sok iya bgt,gojek,google_play
2026-04-05 15:56:18,Acoh Dasoh,Aplikasi jelek! Gara-gara lu terlalu kapitalis sama sistem dampaknya jadi merugikan driver bahkan customer! Gue jadi harus nunggu lama gara-gara lu seringkali lempar orderan gue ke driver yang JAUH dari titik jemput.,gojek,google_play
2026-04-05 15:55:26,Lulus Suprayogo,cepat dan nyaman,gojek,google_play
2026-04-05 15:55:24,Dea Suryani,pelayanan yg selalu okeee mantappp gercep gerak cepat,gojek,google_play
2026-04-05 15:33:35,Jauharotul Mufidah,tidak bisa memberi respon ketika sudah memesan driver,gojek,google_play
2026-04-05 15:32:10,Khanza Khanza,"selama saya menggunakan aplikasi ini sangat membantu saya jika ingin berpergian jauh, sangat di rekomendasi untuk download apk gojek. sukses trs buat para gojek di seluruh Indonesia!!!",gojek,google_play
2026-04-05 15:30:35,Fatma Wati,lumayan,gojek,google_play
2026-04-05 15:26:31,Danz Hamdanz,Good,gojek,google_play
2026-04-05 15:20:32,Muhamad Giri R,kegedean ambil keuntungan dari driver nya,gojek,google_play
2026-04-05 15:18:54,Siti Siti,aman & nyaman,gojek,google_play
2026-04-05 15:14:44,Ahmad Paidi,"good applikasi, sangat membantu sekali",gojek,google_play
2026-04-05 15:12:05,Eny Sety4th 9 clip intoawati,cepat dan sopan,gojek,google_play
2026-04-05 14:59:39,Anindya Qurotul ain,tambah aneh perjalanan driver gak bisa di lacak,gojek,google_play
2026-04-05 14:54:14,Teni Yulianti,terimaksih banyak...,gojek,google_play
2026-04-05 14:49:40,Evandy meilan,Oke Oke.sip,gojek,google_play
2026-04-05 14:48:16,arsyak javas bramasta,top,gojek,google_play
2026-04-05 14:46:39,Tiktok02,mantap,gojek,google_play
2026-04-05 14:40:53,Syah Weni,"gojek, tolonglah dibuat cepat datang nya lagi perlu kyak gini malah booking rame",gojek,google_play
2026-04-05 14:37:37,Alvian syiah,hapus program blitz,gojek,google_play
2026-04-05 14:36:52,Nova Aniska,"driver ny kaya ga niat cari uangg, nyari driver kaya nyari harta karun saking susah nya. antara susah/driver milih milih wkwkwk",gojek,google_play
2026-04-05 14:35:32,Ariel Taufik,SISTEMNYA LOLOT BGT MESEN MAKANAN SEJAM LEBIH GA DPT DPT DRIVER,gojek,google_play
2026-04-05 14:34:28,Adi_ pratama004,👌👌👌👌,gojek,google_play
2026-04-05 14:34:02,Ana purba Ana,di pesan gk ada respon,gojek,google_play
2026-04-05 14:33:42,Rudi Juanda,oke,gojek,google_play
2026-04-05 14:22:44,Alden Setychrista,"saya mau protes. saya sudah bermain pawsome catch 2 kali dapet bonus win skornya 650, kenapa 200 gopay coinnya tidak masuk?. saya sudah cross-check berkali kali tapi ternyata gopay coinnya memang tidak masuk",gojek,google_play
2026-04-05 14:17:43,Zulfa Germila,Fast Respon,gojek,google_play
2026-04-05 14:05:15,raisya putri,jelek banget,gojek,google_play
2026-04-05 14:04:53,Defan,"padhl ga dh pecet cancel eh ga ke cancel, sengaja apa gmn nih",gojek,google_play
2026-04-05 14:01:38,Ajizul Hakim,selalu lama kalau mencari driver,gojek,google_play
2026-04-05 14:01:00,Ahmad reyhan Saputra,nyaman,gojek,google_play
2026-04-05 13:55:38,MUHAMMAD MAHFUD,baik,gojek,google_play
2026-04-05 13:50:38,Anni Nuraini,"makin lama bukannya makin merakyat malah makin menguras lho GOJEK ini. terutama, menu harga di GOFOOD terlalu sadis padahal diresto harganya ngga sesadis itu & para driver pun juga ngga dibayar sebanyak itu.",gojek,google_play
2026-04-05 13:38:57,Ida Eliza,"Bertahun2 pake aplikasi ini hal paling menyebalkan yg gprnh di benerin sm aplikasinya itu soal chat, knp sllu centang 1 klw lg urgent ad ap2 dikbrin susah drivernya yg bkin kita cekcok sm driver, tlong dong jgn rating doang bagus tp ampas sistemnya",gojek,google_play
2026-04-05 13:35:13,Bayu Fauzan,gojek mantap,gojek,google_play
2026-04-05 13:28:39,Nanang Sunadi,kenapa gojek makin jelek. gofood maps nya ga gerak gerak. 1 menit lagi tapi posisi driver ga ada di maps. infonya 1 menit lagi tapi udh 45 menitbga nyampe nyampe.,gojek,google_play
2026-04-05 13:26:02,Langgeng Wiharto,bagus,gojek,google_play
2026-04-05 13:12:50,Maulana malik Ibrahim,"Sering telat, bobrok banget",gojek,google_play
2026-04-05 13:11:01,ani aryani,best,gojek,google_play
2026-04-05 13:07:46,Muhamad Rizki Ramdhani,sekarang kok loading nya lama bnget padahal jaringan hp bagus,gojek,google_play
2026-04-05 13:05:41,Pe Pe,"kalau emang gak ada driver kasih kita cancel bukan malah nyuruh nunggu sejam itu pun belum tentu ada driver, karna gw sering nih driver baru ada pas dha nunggu sejam trs harus nunggu lagi makanannya siap, padahal kalau dari awal bisa cancel juga resto gak akan rugi orang makanan juga belum buat, mau untung, cs juga di komplain slowresp tidak mendengar keluhan cust dan bahkan jwb sangat tidak membantu suruh tunggu bapak dia ku suruh tunggu, buang' waktu saya sejam nunggu mikir kalau ada otak",gojek,google_play
2026-04-05 12:56:31,Ahmad Sidik,"sangat baik, cuma kenapa internet hilang2 terus",gojek,google_play
2026-04-05 12:53:30,Dian Purwanti,kok di manja malah makin jadi..promonya malah sama sekali GK ada lagi di aku,gojek,google_play
2026-04-05 12:47:44,Cumbrotmu Oleng,semakin mahal ongkosnya.,gojek,google_play
2026-04-05 12:45:33,Boncel Gaming,mantap,gojek,google_play
2026-04-05 12:29:45,Dawi Dawi,"apk dan cs nya sama-sama ga bisa diandelin. Gua nunggu driver selama satu jam, padahal dari posisi driver ke titik jemput cuma 8 menit. Dan setelah gua nunggu slama hampir satu jam, pesanan gua dicancel. Ngerugiin orang bgt",gojek,google_play
2026-04-05 12:17:51,Muhammad Miftah,bagus,gojek,google_play
2026-04-05 12:04:43,Bille Vo405,"driver lu jagoan semua ya,dh tau salah tp ngotot",gojek,google_play
2026-04-05 12:04:00,Josef Argya Satria Putra Pratama,"banyak mitra yang melakukan vandalisme dijalan raya, tolong ditindak tegas mitra yang buruk.",gojek,google_play
2026-04-05 11:59:43,Fadila Dwi,oke,gojek,google_play
2026-04-05 11:54:07,Fitria Ramadhan,"uda beberapa hari ini digofood ga ada promo sama sekali, semuanya ga ada, gocar goride semua mahal juga",gojek,google_play
2026-04-05 11:51:38,Sea Romance,👍,gojek,google_play
2026-04-05 11:32:58,HDHD VLOG,good drive with gojek id,gojek,google_play
2026-04-05 11:26:54,Rumiyani Suparman,bulat bulet,gojek,google_play
2026-04-05 11:25:32,Nauval Faza,langanan❤,gojek,google_play
2026-04-05 11:24:53,Dean Arga,"ngga bakal pakai gojek lagi, 1 jam nyari driver ngga ada yg nerima dan sekali ada yg nerima langsung di cancel, karna itu hampir ketinggalan bis, kalo cuaca mendung goride dan gocar pada ngga mau ambil order mending suruh keluar aja dari pihak gojek, customer buru2 dan butuh eh drivernya seenak jidat cancel",gojek,google_play
2026-04-05 11:17:46,Shafa Putri Falisha,semua cs nya tidak sopan,gojek,google_play
2026-04-05 11:10:17,wanda uye,nice drive,gojek,google_play
2026-04-05 11:08:33,Muhammad,"aplikasi tidak bisa membantu, sy download gopay plus selalu ditolak trus",gojek,google_play
2026-04-05 11:03:28,Erwin Online,coba dong sambungin ke ovo juga biar kalo saldo gopay hbis kan bisa pake ovo,gojek,google_play
2026-04-05 11:03:05,dimas Agung prakoso,topppo,gojek,google_play
2026-04-05 10:51:58,Nurul Awaliyah,goodddd,gojek,google_play
2026-04-05 10:51:05,RI S KI,suka sekali,gojek,google_play
2026-04-05 10:44:33,abdulah Fadli,sangat membantu dalam aktivitas sehari-hari,gojek,google_play
2026-04-05 10:41:48,Nur Inayah,bagus,gojek,google_play
2026-04-05 10:39:46,1318013-Alvin Chandra Hadiyanto,apaan internetmu mati pas otp gmail terus otp wa pake apa? ga pake internet,gojek,google_play
2026-04-05 10:38:27,Fakhruzy Alvin,mantab cepat,gojek,google_play
2026-04-05 10:37:51,Kamal Caem,biaya penanganan.. semakin lama semakin mahal,gojek,google_play
2026-04-05 10:32:02,Galih Fg,"keren, terima kasih",gojek,google_play
2026-04-05 10:31:52,Elissa Wahyu Pratiwi (Lisa),"dituduh penyalahgunaan promo, kita ini tinggal beli dan pakai promo aja, tapi kalian semena mena bekuin akun orang. yang bikin tombol kan kalian, sesuai prosedur kalian, tapi kita yang disalahkan. ga bakal saya pakai aplikasi ini, padahal saya sering beli pakai gofood dan langganan gojek plus, tapi kalian gak tau terimakasih sama customer. pelayanan buruk, cs buruk.",gojek,google_play
2026-04-05 10:31:51,Mutia Ananda,semoga ga susah cari driver,gojek,google_play
2026-04-05 10:30:07,Putri Widyaningsih,mantap,gojek,google_play
2026-04-05 10:29:32,sigit wahyu,untuk saat ini oke pemakaian aplikasinya,gojek,google_play
2026-04-05 10:12:13,Zai Nab,ok,gojek,google_play
2026-04-05 10:11:13,Akane Yui,"Saya pesan Mi aceh di sebuah resto, tapi yang datang ifumie dengan pengantaran prioritas dan terlambat. Nah muncullah notifikasi bahwasannya bakal dapat voucher atas keterlambatannya, tapi tidak ada voucher tersebut setelah saya cari. Komplain lah saya dan kasih bukti juga, tetapi dari pihak cs nya malah bilang tepat waktu. Selanjutnya saya komplain tentang menu yang salah, eh dibilangnya malah sesuai. Bukan bermaksud apa², saya udah bayar untuk gojek plus dan memilih prioritas",gojek,google_play
2026-04-05 10:06:16,A'Myoongi,sangat membantu,gojek,google_play
2026-04-05 10:03:33,Nur Khikmah,ok,gojek,google_play
2026-04-05 10:00:04,Suyatno Ahmad,"Gojeg tak mampu mendeteksi alamat gang, jalan sempit , jadi kalau kita mau kirim barang yg muncul alamat jln besar",gojek,google_play
2026-04-05 09:59:05,AL-LEA MUSIC,mantap,gojek,google_play
2026-04-05 09:55:10,bangkuang 9944,Bagus. Baik.,gojek,google_play
2026-04-05 09:53:26,saski,"driver lo penipu, bilangnya ga ketemu titik udah disamperin malah malak, habis itu bilangnya aplikasi ga bisa dipake sampe senin karna pengiriman barang tidak bisa diselesaikan, pas gw tf malah pengiriman selesai.",gojek,google_play
2026-04-05 09:48:23,rusliansyah alifi,menyenangkan. makasih,gojek,google_play
2026-04-05 09:37:03,Zaki Alwi,good,gojek,google_play
2026-04-05 09:34:16,Ahmad Sobari,mantap,gojek,google_play
2026-04-05 09:29:23,Yadi Kamarudin,apk perjalanan terbaik👍,gojek,google_play
2026-04-05 09:24:23,Bagas Raditya Dz,Aplikasi yang bagus,gojek,google_play
2026-04-05 09:15:19,Basuki Rahmat,Joss..memudahkan,gojek,google_play
2026-04-05 08:55:39,Huda Arridwan,mantap,gojek,google_play
2026-04-05 08:53:20,Paulus Christian,sangat kecewa dengan aplikasi dan Mitra GO-JEK.,gojek,google_play
2026-04-05 08:46:20,Rochmat Nuryadi,"biasa aja,",gojek,google_play
2026-04-05 08:44:59,URANG aring,aplikasi lelet.. gambar GK muncul.. mau pesan gofood GK ada gambarnya sama sekali..,gojek,google_play
2026-04-05 08:41:53,JOST_LAILA,mudah bangett,gojek,google_play
2026-04-05 08:13:18,Suhail Exe,bintang lima,gojek,google_play
2026-04-05 08:11:47,hasani sani,bagus oke,gojek,google_play
2026-04-05 08:01:58,Andika Pratama,nice,gojek,google_play
2026-04-05 07:58:06,Refandy Refandy,sangar bermanfaat guys buat pakai aplikasi ini karena lebih mudah dan murah,gojek,google_play
2026-04-05 07:55:56,Luhur Setyowati,baik,gojek,google_play
2026-04-05 07:54:02,bocim 1933,pelayanan bagus dan ramah,gojek,google_play
2026-04-05 07:47:19,khaula nurqadri,memberikan kemudahan dalam tansaksi,gojek,google_play
2026-04-05 07:44:17,Bsk Baban,TERBAIKK,gojek,google_play
2026-04-05 07:38:11,nabila atmariani 9A 22,Sang Penyelamat,gojek,google_play
2026-04-05 07:25:24,Ahmad Solihin,mudah2n Gojek bangkrut,gojek,google_play
2026-04-05 07:09:43,Bandi Alfacino,bagus... penjemputan cepat..,gojek,google_play
2026-04-05 07:06:56,Agung Prasetya,nyaman,gojek,google_play
2026-04-05 07:05:52,Zahra Aulia,best,gojek,google_play
2026-04-05 06:59:34,Bramsida Prabono Saleh,sangat bagus dan membantu,gojek,google_play
2026-04-05 06:40:50,Syam Hoed,yang paling murah,gojek,google_play
2026-04-05 06:14:26,Aqila Algoni,oke,gojek,google_play
2026-04-05 05:58:22,Andi Faisal,mati kelaparan nunggu makanan via gofood mana gak tau hub cs harus bagaimana.,gojek,google_play
2026-04-05 05:57:36,Abdus Salam,mantap jayaa,gojek,google_play
2026-04-05 04:53:51,Diding Sbn,klu cuma bikin kastamer nunggu lama mending hapus aplikasi ini,gojek,google_play
2026-04-05 03:41:16,Ari Widodo,bagus dan nyaman,gojek,google_play
2026-04-05 02:10:06,Irwansyah Putra,setelah di download knp hp saya langsung down ya. di hapus aplikasi nya lancar jaya. koq bisa seperti ini gojek,gojek,google_play
2026-04-05 01:58:53,Leo Rizki,"gofood nya bermasalah,udah pesan makanan,udah nunggu 1 jam an ehh tiba tiba dibatalin sama sistemnya,eror x,bintang 1 broooh,tolong di perbaiki laa,kalok emang ga bisa yaudaa ga bisa gitu,ini udah nunggu lama lamaa kan",gojek,google_play
2026-04-05 01:26:03,iksan al,aplikasi ini tidak mau nolong hati hati kepada bapak ibu jangan pernah pakai aplikasi inib,gojek,google_play
2026-04-05 01:10:42,Ryan Akiyama Official,jos,gojek,google_play
2026-04-05 01:07:29,iwan baroengs,gak banyak membantu...,gojek,google_play
2026-04-05 00:56:57,Tania Tanu widjaya,oke punya,gojek,google_play
2026-04-05 00:40:06,Muhammad Ardyansyah Pratama,"Aplikasi ini makin lama makin nyusahin. Gara gara kebijakanmu yg gajelas bikin promo gajelas yg motong dari uang driver akhirnya banyak driver ogah ambil orderan , dan cust susah dapat driver. Kebangetan !!. Dikaji lagi deh tu kebijakan tarif nya , ini aplikasi mau mempermudah apa nyusahin ?",gojek,google_play
2026-04-05 00:27:35,tomblok ae,sangat membantu banget,gojek,google_play
2026-04-04 23:54:26,Naufal Adiyat,tolong kalo sudah lewat 30 menit tanpa dapat driver otomatis batalkan orderan gofood jangan biarkan kami customer menunggu lama tanpa kepastian dan kelaparan,gojek,google_play
2026-04-04 23:54:17,Fikran tanjung12,"bagus tapi tolong buat apk gojek nya kalau nyari driver menit nya jangan lama"" karena orang juga punya urusan pribadi buat apa lama"" ujung"" nya ke cancel juga kalau gaada driver",gojek,google_play
2026-04-04 23:47:57,Big Smoke,"muak banget sama aplikasi ini,udah pakai layanan express tapi lama banget dapet drivernya, gabisa batalin pesanan tapi malah disuruh nunggu 30 menit lebih, kalau ada kendala disuruh pakai bantuan chat tapi cuma muter-muter doang pembahasannya, mending pakai aplikasi sebelah",gojek,google_play
2026-04-04 23:47:28,Together // End,"jelek banget, nunggu 3 jam lebih driver gofood ga dapat dapat. mana orang lapar lagi",gojek,google_play
2026-04-04 23:41:01,anka Syauqii albari,"jelek ga ada solusi, udah nunggu 2 jam udah mau di anter malah di cancel dri sistem udah tau orang lapar, cs ga ada solusi, gausah make gojek lagi",gojek,google_play
2026-04-04 23:33:35,araa klaten,gofood cari driver lama 1 jam pengambilan makin jauh yg deket ada padahal,gojek,google_play
2026-04-04 23:24:35,Edi Edi,update teruss,gojek,google_play
2026-04-04 23:15:11,Rena Mardiana,"keamanan kurang, pengaduan barang tertinggal call centre hanya menggunakan robot. sampe skrg hp sya yg tertinggal di gocar Tdk di kembalikan oleh driver",gojek,google_play
2026-04-04 23:04:39,ZZrabiatul adawiyah,"sangat membantu bagi saya yang ke mana-mana sendiri, harganya cukup terjangkau",gojek,google_play
2026-04-04 23:04:01,dewi rahmawati,good,gojek,google_play
2026-04-04 23:01:43,vicko agung wiyono,"Sopir nya pada belagu, pada ga punya sopan santun, nunggu blm smpe 10 menit dicancel, agak jauh dikit jemput nya, ga mau ambil, suka kebut kebutan, suka marah marah, mobil bau rokok, ga punya etika. Ajarin etika dong sopir sopir lo. Jgn cuma nyari untung doang lo.",gojek,google_play
2026-04-04 23:00:08,Mumtaz Daffa,"segini dulu, jelek soalnya",gojek,google_play
2026-04-04 22:57:15,Zero,parah nunggu lama d chat gk d respon driver tiba2 gk mau jemput parah2,gojek,google_play
2026-04-04 22:46:03,saya,woii adain pembayaran via danaa!!!! oiya lupa ongkirnya juga murahinnn!!!,gojek,google_play
2026-04-04 22:36:22,Mohammad Usman Asegaf,"hmmm sekarang udah lebih stabil tapi belum ada penjelasan beda perdetik waktu itu malah naik 1800 tiap kali ubah order. ya kali naik keadaan sama cuaca tambah parah berkali kali dalam kurun waktu 30 detikan, jadi waktu itu gk jadi.",gojek,google_play
2026-04-04 22:35:56,Meilani Ellyarosa,"terimakasih Gofood, Go-Jek",gojek,google_play
2026-04-04 22:27:15,sonysumarsono sumarsono,gojek oklah,gojek,google_play
2026-04-04 22:27:12,Tito Dimas Fadillah,"settt susah bgt nyari driver, padahal bersliweran di sekitar, ngehe lahh buang buangin waktu, mending di apk sebelah sekarang pdhl dari dulu pakenya gojek",gojek,google_play
2026-04-04 22:18:51,Rubiatun,"mudah, murah dan aman",gojek,google_play
2026-04-04 22:18:32,Nayverr,"kenapa setiap aku pesan makanan di Gofood itu selalu di arahin ke kota? padahal rumahku kabupaten. mana di tulisannya jaraknya 2-3 Kilometer an, tapi pas di chek out malah 23 Kilometer. kasihan ke ojolnya harus jalan sejauh itu. perbaiki lah, padahal aku aktifin lokasi sama dah kasih lokasi rumahku malah di arahin ke kota.",gojek,google_play
2026-04-04 22:08:34,Beni Sucipto03,ok bgt,gojek,google_play
2026-04-04 22:07:20,Yutrie Endet,penolong disaat kepepet,gojek,google_play
2026-04-04 22:01:31,Diah Susilowati,"aman, nyaman dalam perjalanan",gojek,google_play
2026-04-04 21:58:58,Marden Marden,salam satu aspal,gojek,google_play
2026-04-04 21:58:35,Astrid Septyanti,Subhaanalloh.. Hari ini sungguh mengecewakan. Sebenarnya ini sudah bbrp kali sy alami. Energi sy sudah habis mau cerita. Udahlah. Rating 1 aja. Capek banget,gojek,google_play
2026-04-04 21:46:37,Pau Llus 03,Suka dr dlu sm aplikasi ini,gojek,google_play
2026-04-04 21:43:42,Akun sementara,"yg bnr aj lh, saya udh masukin 2nomor yang berbeda (itu nomor saya), tp malah masuk akun org, gmn ceritanya cb (gmail jg punya saya), tp tiba² beda gmail. jd gmn saya mau buat akun?, pake akun org lain? saya pesennya?",gojek,google_play
2026-04-04 21:42:35,Adhitya Maryam,"lelet banget gofood nunggu sejam bru bisa cancel, buang buang waktu",gojek,google_play
2026-04-04 21:42:32,Stein Amsikan,driver lu kemana?? pada tewas kah??,gojek,google_play
2026-04-04 21:41:06,Infinix Hot 50 4g,sangat membantu Terima kasih,gojek,google_play
2026-04-04 21:30:53,Asep Purnama,"Mengecewakan, kalau tidak bisa diperbaiki saya pertimbangkan UN install, pindah ke apk lain.",gojek,google_play
2026-04-04 21:29:03,muhammad arif,lama dapet driver gofood,gojek,google_play
2026-04-04 21:20:52,Izzah Kamila,"Saya cukup kecewa sebagai user yang baru kembali menggunakan Gojek . Hari ini Saya menggunakan fitur beli barang di apk Gojek , Namun Saya tidak dapat driver untuk membelikan barang . Awalnya harga yang tertera normal , kisaran harga juga sesuai seperti yang saya cantumkan. Namun setelah beberapa saat , setelah mencari driver ke dua kalinya , Harga yang saya cantumkan jadi 3 kali lipat . Alhasil setelah barangnya datang , Saya harus membayar dengan harga diluar nalar tsb.:) 💔",gojek,google_play
2026-04-04 21:16:56,agung budianto,👌,gojek,google_play
2026-04-04 21:16:41,Wahdinah Sarip,"top up gopay duit gak masuk, complain gak ada follow up, emang gampang cari duit?",gojek,google_play
2026-04-04 21:16:09,Idzawahyuning Putri,"Baru nyoba pesan gak dapat driver ini bagaimana??? Tolong di tingkatkan driver nya,emang pada sibuk kah??🙏🙏🙏",gojek,google_play
2026-04-04 21:13:34,Ira Maya yanti,bagus,gojek,google_play
2026-04-04 21:11:44,Call Me Dudex,2026 cari driver go food makin syuliit!!!,gojek,google_play
2026-04-04 21:08:43,yutt Borneo,"gak jelas nih gofood 3 kali order pske harga ongkir mahal tetep gak dapet driver , nungguin kalian pesan makan keburu asam lambung naik bangke emang",gojek,google_play
2026-04-04 21:07:14,Catur Tjah Cityzen,aplikasi jelek programnya jg jelek.....,gojek,google_play
2026-04-04 21:05:52,Fina Project,sudah 5 kali pesan gofood. selama 2 jam an tapi nda ada yg ambil oleh drivernya. saya kecewa berat,gojek,google_play
2026-04-04 21:00:13,Dengan Jejak,"sistem kapitalis yang tidak masuk akal,membuat aplikator mengkambing hitamkan driver. Kalau punya hati,lebih baik perbaiki bukan mencaci",gojek,google_play
2026-04-04 20:50:32,Nandang PermNa,ok,gojek,google_play
2026-04-04 20:41:47,Yudha Wijaya,"pesan makanan lewat gofood. pakai pengiriman express yang dijamin tepat waktu, udah nunggu sejam lebih. ternyata dibatalin sepihak sama gojek nya. padahal di chatbot pilih lanjutkan pembelian berkali2, bersabar menunggu. ternyata direspon sama gojek dengan status ""diBATAL-in"" oleh gojek nya sueddiihhh nya perut ku, meronta-ronta",gojek,google_play
2026-04-04 20:38:16,Komang Norista,pokoknya makasi banyak untuk gojek,gojek,google_play
2026-04-04 20:36:27,Wanto Chicken,Jooss pokok nya,gojek,google_play
2026-04-04 20:33:20,Flaminggo Tocoz,"pelayanan pencarian driver sangat buruk , bisa sampe hampir 1 jam ga dapet² gilaaa, mending pindah ke sebelah sih ini lelet bener",gojek,google_play
2026-04-04 20:32:54,Git n Nay family,memuaskan,gojek,google_play
2026-04-04 20:24:04,Joker 5,baguss,gojek,google_play
2026-04-04 20:19:25,Agus Budiadi,aplikasinya jelek merugikan penggun dan driver jgn di dunlon ya ntr hapi di haiker,gojek,google_play
2026-04-04 20:18:10,doy 15,"untuk gocar nya knapa ya kalo sekiranya ga ada niat buat narik aplikasinya ga di matiin aja , bikin php orang sama buang buang waktu aja 3x pesan dapet ga di batalin langsung, giliran udah lama nunggu baru ngebatalin jemputan aneh , tolong dong yg gitu gitu di benahin lagi , inget waktu adalah uang dan hargai customer jangan sampe bikin kesel customer . .",gojek,google_play
2026-04-04 20:17:29,Sutisna Patas,thank aman berkendaranya,gojek,google_play
2026-04-04 20:14:46,Muhammad Munadi Al khairi (Munadikuy),"jadi susah cari driver, dapet nya jauh jauh mulu",gojek,google_play
2026-04-04 20:09:11,Gerald Armando,nunggu drivernya lama bgttt ada kali sejaman hadehhh,gojek,google_play
2026-04-04 20:09:05,Adin Abdilah,masa nunggu sampe satu jam masih gk sampe² yang bnr dong seleksi orang jadi driver,gojek,google_play
2026-04-04 20:05:14,Albertino Albertino,mantp,gojek,google_play
2026-04-04 19:57:39,Kusnan Ninan,bagus,gojek,google_play
2026-04-04 19:56:47,Dewo Prasetyo,ok,gojek,google_play
2026-04-04 19:52:45,Rizki S,ini kenapa map nya nge bug lokasi di map udh bener tapi tulisan lok nya salah,gojek,google_play
2026-04-04 19:52:16,Cicih Ratnaningsih,"Mudah,,Cepat",gojek,google_play
2026-04-04 19:51:40,Anggi Tampubolon,ongkir gofood mahal banget🥲🥲,gojek,google_play
2026-04-04 19:50:38,Sugeng Noviansyah,"makin ke sini makin lemot, pengen liar riwayat aje muter muluuu",gojek,google_play
2026-04-04 19:46:13,Windri Septian,ngsih driver jng yg jauh kasian penumpang dan drivernya,gojek,google_play
2026-04-04 19:44:43,Arr saputra,bagus,gojek,google_play
2026-04-04 19:37:51,Miqdad Hassan,ngelunjak,gojek,google_play
2026-04-04 19:37:38,Zahal Mahfudz,lelet cari orderan kalau sekarang mah,gojek,google_play
2026-04-04 19:32:47,griezy,driver gofood lu pada males semua,gojek,google_play
2026-04-04 19:31:42,Thomy zig'zag,kendaraan banyak gak mau ambil padahal jarak cuma.3km ongkos 20k pada gk mau ambil pihak gojeg kurang bagus ke pelanggan yah,gojek,google_play
2026-04-04 19:30:18,wahyudi 7777,"susah dapat driver kalau memang sdh ga mau kerja lagi nanti kita buat aplikasi lokal saja, alasannya jam sibuk pdhl sdh jam 23.00 dan saya melihat ada driver yg dilokasi. untuk beli gofood jg susah mau dibatalkan sdh buang waktu",gojek,google_play
2026-04-04 19:29:35,Widiyatno M,drivernya pilih². tidak mau jarak dekat. cari driver 10 menit tdk ada yg mau ambil,gojek,google_play
2026-04-04 19:28:03,Yana Muhamad,mantep,gojek,google_play
2026-04-04 19:15:59,siti Jubaidah,sangat membantu,gojek,google_play
2026-04-04 19:12:26,Risma Wati,sebenarnya mah ongkir nya mahal banget di bandingkan harga beli nya,gojek,google_play
2026-04-04 19:07:40,Hanif Saputra,"tolong buat driver yg udah tua"" di berhenti kan kasian masih byk yg mudah"" gesit",gojek,google_play
2026-04-04 19:03:41,Septiyan Hendiyana,"biaya2 di gofood udh ga masuk akal! jasa antarnya dekat masih wajar, tp bayangkan, beli makanan 30rb, kena biaya jasa ga jelas 25rb. orang gila mana yg mau order?",gojek,google_play
2026-04-04 18:55:12,Ganda Priscilla,"heran, gw yg gak di respon driver tp justru tarifnya makin di naikkin terus setiap mau order ulang. kocakkk",gojek,google_play
2026-04-04 18:54:07,Ismaika Nur Baety,"saya pesan gofood dari jam 18.00 baru dapet driver jam 18.51 ,sudah saya chat ke Cs nya buat batalin malah muter"" gak jelas penjelasanya .. lamaaaa dapat drivernya !!!!!",gojek,google_play
2026-04-04 18:52:44,Laudya Shafiqha salwa,sehat2 ya pak,gojek,google_play
2026-04-04 18:50:54,Desi Astika,sejauh ini cukup bagus dan membantu👍🏻,gojek,google_play
2026-04-04 18:50:43,Siti Nabila,"akun baru tiba-tiba di blokir karna katanya ngelakuin pelanggaran, di pake juga belom",gojek,google_play
2026-04-04 18:35:33,naeraimutkiyut,"bagus,cuma kadang ngelag,amanah jugaa",gojek,google_play
2026-04-04 18:32:04,F2_Fauzy Rizky Ramadhan,penggunaaan mudah cepat dan menyenangkan,gojek,google_play
2026-04-04 18:25:42,Mas Bro,Suka sekali,gojek,google_play
2026-04-04 18:22:10,Zuanita Az - Zahra,"ongkos terlalu mahal, padahal sudah berlangganan gojek plus",gojek,google_play
2026-04-04 18:15:38,IndraFatriansah,membantu bgt,gojek,google_play
2026-04-04 18:13:44,Habibi Kakaka,aplikasi bego lemot responya ga ada gafaham dah gimana ini sistemnya,gojek,google_play
2026-04-04 18:12:29,Syifa Latifah,adakan pembayaran via dana pls 🙏,gojek,google_play
2026-04-04 18:02:04,Widya Rahayu,"Gue belakangan asli kesel banget, kalo pilih mitra yang emang niat kerja gitu loh. Sering banget udah dapet driver tapi driver gak jalan terus dengan seribu alesan gak bisa ambil orderan, ujung-ujungnya minta cancel. Padahal menurut gue tarif juga sesuai bahkan gue kalo bayar itu gue lebihin bisa sampe 2x lipat, dievaluasi lagi mitra mintranya yang memang sering di cancel atau mengcancel customer. Merugikan customer banget, gue pake GRAB langsung dijemput tanpa BaBiBu",gojek,google_play
2026-04-04 18:00:26,Nicholas Gregson,"driver nya gak jelas, suka sengaja menjauh dari titik",gojek,google_play
2026-04-04 17:57:27,Rio Kristian,"Pesanan Go food sering telat, CS bisanya Maaf doang",gojek,google_play
2026-04-04 17:50:08,Davina Elshanum,sangat membatu di saat di butuh kan hingga semua beres,gojek,google_play
2026-04-04 17:43:46,Indra Ahmad Ryansyah,"setiap kali pesen gocar, gocar tidak bergerak dan sopir di telpon tidak bisa di hubungin tolong di perbaiki lagi",gojek,google_play
2026-04-04 17:30:47,Heroes Cell,jadi aplikasi sampah ga guna..nunggu driver lama...makanya jgn orientasi cari untung aja...,gojek,google_play
2026-04-04 17:28:18,Sakhi Muhammad,ok mantap,gojek,google_play
2026-04-04 17:26:42,Adisti Madaniah Islami,"Susah cari gocar, sudah dapetpun sampe nunggu 2 jam. Cari yang lain masih nunggu lama, terpaksa di cancel dan naik taxi aja.",gojek,google_play
2026-04-04 17:24:16,Akmal Rafi Athallah,Desain aplikasinya mantap dan layanannya memuaskan 👍,gojek,google_play
2026-04-04 17:14:40,Memet Kusrin,bagus,gojek,google_play
2026-04-04 17:09:53,Aulia Tushiva,tolong perbaiki map delay,gojek,google_play
2026-04-04 17:05:51,Riki Riki,bagus,gojek,google_play
2026-04-04 17:04:51,Junaedi,hebat,gojek,google_play
2026-04-04 16:54:30,Arnine Nobell,ADS,gojek,google_play
2026-04-04 16:54:24,Novita Syafriani,keren,gojek,google_play
2026-04-04 16:50:59,Yono disconnectted,samgat puas,gojek,google_play
2026-04-04 16:35:26,Ihsan Jk Muhamad Ihsan ramadhan,bagussss,gojek,google_play
2026-04-04 16:32:35,Tia Bali galeria,"susah cari driver, driver bisa cancel seenaknya",gojek,google_play
2026-04-04 16:23:01,W. nurainiii,tiap pesan gocar selalu lama dapatnya lalu diterima tapi tidak jalan-jalan. kecewa bgt !!!,gojek,google_play
2026-04-04 16:21:39,Monika Aas,bagusss,gojek,google_play
2026-04-04 16:03:13,Dellya Winda Yuniar,"Please, Gojek, adain FITUR 'Jangan ajak ngobrol'. Soalnya kadang capek ngeladenin driver yg sering curhat. Malah pernah juga dicurhatin masalah selingkuhannya. Masalahnya aku tuh ga enakan kalo mau cuek tuh. Please, lah, yg ini butuh banget. Apalagi kalo pas lagi capek di jalan. Males ngobrol bawaannya.",gojek,google_play
2026-04-04 15:52:35,verza duck,"kenapa kok jalan yang pendek gabisa rusak apa gimana apk ini tolong diperbaiki ya, sampah banget padahal cuma deket suruh pastikan jarak jangan tolol deh klo buat apk ya sebagai pengguna ya menyesuaikan jarak dia mau kemana kenapa kok malah gabisa suruh pastikan jarak dan gabisa dilanjutkan pilihan saya TERUNTUK DEVELOPER TOLONG DIBENAHI APK NYA JANGAN ASAL MAIN PASTIKAN LOKASI LAGI DAN GABISA MILIH YANG UDAH KITA CANTUMKAN PADAHAL DARI PENGGUNA SUDAH MEMASUKKAN JARAK YANG MAU DI TEMPUH.",gojek,google_play
2026-04-04 15:50:57,Hasna,yeeyy kenyangggg,gojek,google_play
2026-04-04 15:48:14,akunpreziku2 fuuu,driver nya baik,gojek,google_play
2026-04-04 15:42:11,Zaini Mubarok,aplikasi aneh bin ajaib. kasih rating 1 saja,gojek,google_play
2026-04-04 15:40:57,Marsono,Mantab dan lancar,gojek,google_play
2026-04-04 15:37:22,Gilang Realme,"mantap, semoga Istiqomah",gojek,google_play
2026-04-04 15:36:22,aditya syachrezzy,Ok,gojek,google_play
2026-04-04 15:31:03,Ridho Putra Purnomo,Makin kesini makin susah dapat driver,gojek,google_play
2026-04-04 15:28:26,Nur Asiyah Asiyah,bagus banget..cepet sampai nya,gojek,google_play
2026-04-04 15:26:12,vivi vindie,👌,gojek,google_play
2026-04-04 15:20:04,Wawan Wanisar,bagus,gojek,google_play
2026-04-04 15:19:29,Riska Mung,kenapa siih driver mobil itu selalu cancel kalau order hujan2. emang ga niat banget kerja.,gojek,google_play
2026-04-04 15:15:31,Yustika Nurul Fadillah,"kenapa jadi kaya gini yaa gojek? lemot, belum lagi lama dapat drivernya, udah milih harga biasa jga tetep lama dapat drivernya. ada masalah apa ya?",gojek,google_play
2026-04-04 15:08:49,Eka Agus,saya kecewa dengan gojek uang saya di bawa pergi katanya mau di tukarkan tapi sampai saat ini ridaki kembali,gojek,google_play
2026-04-04 15:05:53,Rindang Nailah,"kesalahan pada orderan dan respon lama, minta foto makanan yg diorder, tapi respon lama. yaa sudah dikasih ke orang makanan yg ga sesuai orderan. keburu basi, uninstal dahh ga rekom",gojek,google_play
2026-04-04 14:58:13,RandyWilliam Pangestu,anjay,gojek,google_play
2026-04-04 14:57:52,Tokopedia alimaro,admin nya sampah,gojek,google_play
2026-04-04 14:57:23,Lenny Haryati,setiap nyari gosend sering dicancel...,gojek,google_play
2026-04-04 14:51:17,Iqbal Maulana,bagus,gojek,google_play
2026-04-04 14:41:22,Robi Habarita,mantap,gojek,google_play
2026-04-04 14:25:58,洪菱锹,"kalo pesen gofood udh nunggu lama, trs dibatalin, gadpt kompensasi apaapa",gojek,google_play
2026-04-04 14:25:44,Teryyana wijaya,pesenan aku sering di batalin huh😡😡😡😡😡😡😡😡😡😡😡😡😡😡😡😡😡😡😡😡😡😡😡😡😡😡😡😡😡😡😡😡,gojek,google_play
2026-04-04 14:17:55,Syaiful Poya,on time,gojek,google_play
2026-04-04 14:10:49,Burhanuddin Rabbani,"tidak transparan dalam ratting costumer, sedangkan driver dengan mudah mengetahui ratting nya. sangat tidak adil.",gojek,google_play
2026-04-04 14:07:34,Mulyono Rasta,"tolong dong diperbaiki jangan iklan doang yg di bagusin, 2 hari paket instan saya baru di pu, orderan paket ga ada yg ambil",gojek,google_play
2026-04-04 13:59:23,Yuli Ulee,nhebantu bgt kalo saya lagi ribet,gojek,google_play
2026-04-04 13:55:52,Haura Kamila,bgus,gojek,google_play
2026-04-04 13:45:08,Iskandar Maulana,bagus mengentas pengangguran,gojek,google_play
2026-04-04 13:42:09,Eyesnasyaa,huhhh,gojek,google_play
2026-04-04 13:38:26,dhifa nadhifa,bantu bgt kalo laper TPI males keluar atau masak,gojek,google_play
2026-04-04 13:24:14,albert setiana,terlalu lama vlcari drivernya padahal didepan Mall cityplazza banyak driver sudah nunggu 30 menit mau kirim paket.masih gak dapet driver,gojek,google_play
2026-04-04 13:24:06,Samiddd 05,aplikasi gak jelas,gojek,google_play
2026-04-04 13:13:51,Reni Ulfa,keamanan kurang yang gampang dicuri,gojek,google_play
2026-04-04 13:05:12,Iwan Putra,mantap,gojek,google_play
2026-04-04 13:00:32,Baa Nii,"saya sudah menghentikan iklan di amplifikasi, dan mengajukan penghentian iklan di bantuan. tapi tagihan masih berjalan kok di anggap tidak ada apa apa. masalah nya saya sangat keberatan dengan biaya iklan karena tidak ada pesanan sama sekali selama ikut iklan. dalam satu tahun saja hanya beberapa pesanan yang masuk",gojek,google_play
2026-04-04 12:51:02,Endri Wibowo,bagus,gojek,google_play
2026-04-04 12:38:46,Fauziah Ika Mawarni,Susah banget sekarang kalo pesen gofood ga dapet driver hampir 2 jam..,gojek,google_play
2026-04-04 12:38:28,NuruL Dimas,mantap pakai gojek,gojek,google_play
2026-04-04 12:32:11,An Dina,sangat membantu,gojek,google_play
2026-04-04 12:32:11,Suhelmi Manullang,"“Driver sangat ramah, sopan, dan profesional. Berkendara dengan aman serta memperhatikan kenyamanan penumpang selama perjalanan. Komunikasi juga sangat baik dan tepat waktu saat penjemputan. Terima kasih atas pelayanannya yang sangat memuaskan. Semoga selalu diberikan kelancaran dan semakin sukses ke depannya.”",gojek,google_play
2026-04-04 12:25:15,Ral Yviaa,bagus,gojek,google_play
2026-04-04 12:22:52,susila moralia,mantab,gojek,google_play
2026-04-04 12:16:42,fernando girsang,susah dapat driver di medan,gojek,google_play
2026-04-04 12:15:17,Samsiir Kombiih7,muaanntap,gojek,google_play
2026-04-04 12:09:16,Sutrisno Trisno,ramah tepat waktu,gojek,google_play
2026-04-04 12:04:13,yudhi harry,👍,gojek,google_play
2026-04-04 12:03:05,Gopar ismail,terimakasih,gojek,google_play
2026-04-04 11:54:23,Abdul Matin,makin susah dapet driver. sekalinya dapet dikasih yang jauh. udah gitu malah dikasih opsi pencarian cepat yang musti ngasih buiaya tambahan.,gojek,google_play
2026-04-04 11:21:47,BaeCell BaeCell,mantap,gojek,google_play
2026-04-04 11:19:45,Yosihiro Tamaru,sangat membantu,gojek,google_play
2026-04-04 11:19:04,Andhika Subono,bagus & sangat membantu,gojek,google_play
2026-04-04 11:17:12,Anna Purnama,oke,gojek,google_play
2026-04-04 11:04:10,Kaysha Khairani,membantu,gojek,google_play
2026-04-04 10:53:30,Justin Axelle12,mantap,gojek,google_play
2026-04-04 10:41:57,Sarjono Luwu,siip,gojek,google_play
2026-04-04 10:40:27,rangga Setiawan,aplikasi apaan dah ini lemot bener Uda beberapa Minggu,gojek,google_play
2026-04-04 10:36:14,Julius Salaijang,mantap,gojek,google_play
2026-04-04 10:30:34,Fatimah Fat,sangat membantu dalam urusan bertransportasi,gojek,google_play
2026-04-04 10:23:54,koharudin koharudin,saya menyesal dan kecewa pesan gocar bawa bayi tapi AC nya panas seperti ga pake AC..,gojek,google_play
2026-04-04 10:23:34,bolot binbudeg,bahan bakar adalah kunci utama.ongkos goceng hari gini beli kopi seduh doank.,gojek,google_play
2026-04-04 10:06:55,novita sari,saya suka aplikasi gojek Krn mudah mencari titik penjemputan dan tujuan. drivernya slalu mau mengantar sampai ketempat tujuan walau titik tujuannya Gak sesuai GPS.,gojek,google_play
2026-04-04 09:57:27,meiza dzulka,👍,gojek,google_play
2026-04-04 09:43:02,Sugiono456 Ajus,suka,gojek,google_play
2026-04-04 09:40:06,wira santa,bagus,gojek,google_play
2026-04-04 09:17:44,Hamdani Wijaya,mohon bertanya ini untuk amplikasi naik antar jemput kah,gojek,google_play
2026-04-04 09:15:57,Deden Iskandar,aman dan cepat,gojek,google_play
2026-04-04 08:55:40,Rofiah,"sangat sangat sukaaa, aplikasinya sangat memudahkan segala urusan mulai dari antar jemput, pesan makanan,beli kebutuhan dapur dll. Pokoknya manteplah👍🏻👍🏻",gojek,google_play
2026-04-04 08:19:54,Nada D.Islami,"susah dapat driver, dpt pun g direspon sama driver nunggu lama banget eh trnyta g ada niatan jemput.. parah emang. aplikasi sebelah drivernya responsif kalo emang g bs jemput ya hub.pelanggan..",gojek,google_play
2026-04-04 08:06:19,Rangga Hidayat,bagus lahh aplikasinya krna bnyk voucher,gojek,google_play
2026-04-04 07:43:58,Setia Wati,"keluhan ttg susah dpt goride ditampung IMAM GHOZALI opertor malah kita dibilang gak paham aplikasi gak paham pdhal kami setiap hari bergulat dg komputer & kami py D1 komputer, kalau memang aplikasinya bermasalah knp tidak mengakui saja!!!!!gak heran knapa pd pindah ke Grab, Maxim & aplikasi ojol lainnya.",gojek,google_play
2026-04-04 07:43:50,Syabil Mahrez,ok,gojek,google_play
2026-04-04 07:28:34,Sanemi Shinazugawa,ok,gojek,google_play
2026-04-04 07:23:20,Mohamad Ramdan,"Very good, selalu bisa diandalkan",gojek,google_play
2026-04-04 07:16:21,Ali Robert,cepat tepat smart,gojek,google_play
2026-04-04 07:06:34,Berton Sirait,ok,gojek,google_play
2026-04-04 06:54:35,Ramon Ptm,parah lu punya driver gua nungguin 30 menit kaga ada datang KLO lu punya driver kaga niat mending bloking nyesel gua donlod app gojek,gojek,google_play
2026-04-04 06:27:22,Aisyah Zahra delia,jujur kurang enak pake aplikasi gojek karna dapet pengalaman ga enak banget dari driver nya udah bokiing yang prioritas ttp lama di jemputnya minimal sesuai lh ya,gojek,google_play
2026-04-04 05:18:51,Abidullah Abidullah,sangat membantu,gojek,google_play
2026-04-04 05:18:12,Ibnu Junior,oke,gojek,google_play
2026-04-04 04:05:36,veeiling23,mantapp,gojek,google_play
2026-04-04 03:42:57,priyo setiawan,Ok,gojek,google_play
2026-04-04 03:21:03,Nur Ikhsan,"lu bikin map pengantaran gofood gimana sih? map lu kaga gerak bro, gw kaga bisa ngeliat pergerakan si Drivernya secara real time, gw kasih bintang 2",gojek,google_play
2026-04-04 03:07:18,yoga putrasabaya,lanjut,gojek,google_play
2026-04-04 01:51:52,Abu Hasan Alansari,"kasian kali Para driver Gocar gojek, info nya Mereka dapat Dikit Untung ongkos dari uang penumpang bayar di aplikasi gojek. contoh aja, SAYA BAYAR PAKAI GOPAY pesan gocar dikenahkan 54.000 , dan si driver hanya dapat 30.000 kasian kali kan banyak kali potongan ongkos dilakukan PIHAK APLIKASI GOJEK merugikan driver. tolong lah bantu UP dan evaluasi potongan nya agar Nyama para driver, kasian melihat mereka bensin mobil + AC mobil lagi diberikan driver kepada kami penumpang agar nyaman.",gojek,google_play
2026-04-04 01:34:55,Muhammad Ade,cukup membantu ketika mager hee,gojek,google_play
2026-04-04 01:30:33,sella ella,"kecewa parah bgt sm ini apk, udah 2x di cancel gtu aja pas mesen makanan. mana lama nungguin nya, org mana yg tahan nahan rasa lapar berjam"" . di perbaiki lg y untuk servis ny. mau gnti apk dan gaakan pernah pke gjek lg thks 🙂",gojek,google_play
2026-04-04 01:19:40,wendra wendra,mantap,gojek,google_play
2026-04-04 01:12:31,faried prass,istimewa,gojek,google_play
2026-04-04 01:11:03,Zack Arya,"makin kesini makin gk bener nih aplikasi, byk yg komplain susahnya cari driver, argo gk ngotak, perbaikan layanannya mu woooy",gojek,google_play
2026-04-04 00:15:55,Jember Jember,👍,gojek,google_play
2026-04-03 23:45:50,Indonesia Glory,GO MART SUDAH MEMBUAT TITIK KE ASTON TAPI SAAT PESAN GESER KE SUN CITY INI GAK BISA DI CANCEL SUDAH BERJAM JAM. BAGAIMANA IN TANGGUNG JAWABNYA,gojek,google_play
2026-04-03 23:39:09,ustadza,trimakasih gojek,gojek,google_play
2026-04-03 23:33:32,Arum Sekar Kinasih,"Gojek/Gocar makin lama dptnya. Sekalinya dpt jaraknya jauh. Saya liat postingan di ig, algoritma gojek diubah. Driver disuruh bayar 20k per hari bwt bisa dpt order, satu driver terima gofood lebih dr 1, dll. Zalim. Makin kapitalis minim humanis. Smoga manajemennya diganti dgn manusia yg punya hati nurani. Aamiin.",gojek,google_play
2026-04-03 23:30:21,Fira Oi,good best,gojek,google_play
2026-04-03 23:09:29,Revita Dewi,"Layanan semakin menurun kualitasnya. Semakin lama cari driver, pembatalan gofood sangat dipersulit sementara pesanan makin lama dapat driver, sangat membuang waktu.",gojek,google_play
2026-04-03 23:05:17,Muhammad Adittya,nyari driver motor dikala hujan susah,gojek,google_play
2026-04-03 22:58:08,Dian Tanjak,"tindak driver arogan, plat B 5685 TXD",gojek,google_play
2026-04-03 22:48:41,Nurmayanii Maya,sangat gak sesuai ekspektasi,gojek,google_play
2026-04-03 22:48:05,Welly Cemong,percuma ada aplikasi susah cari driver,gojek,google_play
2026-04-03 22:43:26,Initial D,smakin parah klo pesen makanan/goride... sering dapat driver jaraknya jauh-jauh. padahal normal gk pakai voucher. bayar mahal pelayanan gk optimal.,gojek,google_play
2026-04-03 22:41:45,Ali Syam,sangat baik,gojek,google_play
2026-04-03 22:41:16,Trisna Yahya,bagus,gojek,google_play
2026-04-03 22:31:04,Sofyan Daelami,okbgd om,gojek,google_play
2026-04-03 22:17:13,Muhammad Syahril Ramdani,"Aplikasi tidak ada masalah. Hanya saja, jika ingin order susah banget dapat pengemudinya. Sepertinya para drivernya yang menghilang ditelan bumi atau para drivernya rasis/fasis (memilih pelangan sesuai selera pengemudinya..walah3.",gojek,google_play
2026-04-03 22:14:20,Ayoe Wahyuningsih,"sudah beberapa Minggu belakangan ini banyak kekecawan yang customer alami (hasil berbincang - bincang dengan semua teman yg menggunakan aplikasi gojek): order gojek motor, mobil, gofood & gosend sangat lama sekali dapat driver, padahal titik driver banyak tetapi tidak ada yg mau pick up sudah pesan prioritas tetap lama bahkan pesan gosend sudah ditunggu sampai 3 jam tidak juga dapat akhirnya pindah aplikasi. pernah pesan gofood ditolak terus & sekali nya dapat bisa sampai 2 jam. kecewa berat",gojek,google_play
2026-04-03 22:10:02,Oktavia Gisella,bagus layananya cepat,gojek,google_play
2026-04-03 22:02:16,Yatii Gemoy,belum pernah kecewa,gojek,google_play
2026-04-03 21:58:20,Imam Budiman,tidak adil untuk mitranya,gojek,google_play
2026-04-03 21:46:40,Eko Wardono,baik,gojek,google_play
2026-04-03 21:33:40,Fifa Fifa,"mengecewakan! re connect mulukkkk,gak bisa munculin lokasi juga,kacauuuuuuu",gojek,google_play
2026-04-03 21:29:02,Didi Cahyanto,"aplikasi tolol drivernya kgk ada yang mau jemput, kocak padahal nggak pernah kendala tuh gw ma driver.",gojek,google_play
2026-04-03 21:27:53,Nandy Franata,mantap,gojek,google_play
2026-04-03 21:13:44,Narbito Narbito,tarif ekonomis pelayanan cepat responsive,gojek,google_play
2026-04-03 21:07:29,andi doetoez,keren,gojek,google_play
2026-04-03 21:01:32,Ogie Esse,nice try,gojek,google_play
2026-04-03 20:53:28,revlon ngl,good job,gojek,google_play
2026-04-03 20:37:05,Sabar Triyono,Sikap Driver dan cara mengemudinya baik,gojek,google_play
2026-04-03 20:35:25,keanu abdillah,map nya sangat tidak akurat,gojek,google_play
2026-04-03 20:30:46,katenun Katenun,nyaman dan tepat jga aman.cepat.,gojek,google_play
2026-04-03 20:30:23,Violla Gisca,"driver pilih-pilih, selalu bertambah mahal, driver mudah nge cancel tanpa bilang",gojek,google_play
2026-04-03 20:23:40,Mas Wi,rumit skarang gak kaya dulu .masa tiap pesen goride dapat jauh terus .dari pada dapat jauh terus jdi pindah ke sebelah,gojek,google_play
2026-04-03 20:18:47,Asri Asri Haryatun,memudahkan utk pergi kemana saja👍👍,gojek,google_play
2026-04-03 20:16:28,Swahyuni Md,susah bgt nyari driver nya. udah nunggu lama bgt ternyata gaada 1pun yang nyantol. ngebatalinnya jangan nunggu sejam donggg! ntar ditinggal nyari yg lain malah dapet driver!!,gojek,google_play
2026-04-03 20:14:52,oshie alexis,"KASIH EDUKASI DRIVER NYA, KALO MAU CANCEL ATAU GA MAU AMBIL ORDERAN KARNA ARGO KECIL BILANG KE CUSTOMER NYA KONFIRMASI BAIK BAIK, KAMI KASIH TIPS KO YANG LAYAK. JANGAN DIEM GA GERAK GA ADA KONFIRMASI TUNGGU DI CANCEL SAMA CUSTOMER. ADA YANG URGENT, BAWA BAYI, BAWA ORANG TUA. EDUKASI LAGI DRIVER NYA. KASIH WAKTU KALO DIA GA GERAK GA ADA KONFIRMASI SYSTEM KALIAN YANG KASIH AUTOTEXT.",gojek,google_play
2026-04-03 20:14:50,Ufi Taruna,"tolong biaya Ongkosnya Lebih murah dr Tetangga Sebelah, Biar banyak Peminatnya.",gojek,google_play
2026-04-03 20:12:18,aight thea,"perubahan harga yang sangat signifikan,beberapa hari yang lalu goride ke tempat yg sama 35k,dua hari kemudian 55k,kayaknya seminggu kemudian naik lagi jadi 100k🤣🤣🤣",gojek,google_play
2026-04-03 20:10:46,USERSIGN_ID,lokasi leles kab garut kalo gak ada driver atau penjual gak bisa nerima oderan jangan di iming iming paket exprees percuma exprees kalo makanan tetep aja lebih dari 1 jam . padahal distu tertulis 20 menit deket itu,gojek,google_play
2026-04-03 20:06:15,Riky Martino,"payah, sering error",gojek,google_play
2026-04-03 20:00:56,Suhendra Putra,derever nya asik,gojek,google_play
2026-04-03 19:56:14,Mikha Nita,skarang pesen gojek pas ujan gerimis..susah banget dapet drivernya.pdahal mmng butuhnya karna ujan...harus nya di out aja driver yg menolak orderan ketika hujan...,gojek,google_play
2026-04-03 19:55:14,Yayit Ardyon,Murah dan terpercaya,gojek,google_play
2026-04-03 19:51:27,Leo Hutama,"Pesanan Go-Food, tidak ada driver, lama sekali pencarian driver, tapi tidak bisa dibatalkan. Kalau memang tidak ada driver sebaiknya bisa di batalkan dan mencari alternatif lain.",gojek,google_play
2026-04-03 19:33:43,RIZKY MULYADI OFFICIAL,sangat membantu,gojek,google_play
2026-04-03 19:27:46,Dian,"GOCARNYA pada banyak duit gak ada yg mau nerima😃 jauh dikit pada minta cancel..sekalinya diterima banyak alesan. klo gak mau macet ya jangan narik mobil..narik aja sepeda goes kita mh kasian pesen biar dapet order,tapi pada males² nerimanya😄",gojek,google_play
2026-04-03 19:20:54,Rida Hasanah,oke banget,gojek,google_play
2026-04-03 19:18:10,Jefri Rizaldy,kembalikan uang saya woii,gojek,google_play
2026-04-03 19:18:08,draaa,susah bet nyari driver taila,gojek,google_play
2026-04-03 19:12:10,Martin Aruan,harga nya sihh lumayan terjangkau,gojek,google_play
2026-04-03 19:00:09,Ilham Fauzan,mantaapp,gojek,google_play
2026-04-03 19:00:00,andika yudistira,bagus banget tiap hari ada diskon jadi ongkos nya tetap sesuai dompet,gojek,google_play
2026-04-03 18:56:30,Alvaro.S.O.Situmorang,mantap sekali,gojek,google_play
2026-04-03 18:52:24,Agus Herry Covral,mantab,gojek,google_play
2026-04-03 18:51:13,Ade Ganteng,bagus banget buat yang mager,gojek,google_play
2026-04-03 18:47:58,Moorisa Reina,memudahkan alat transportasi,gojek,google_play
2026-04-03 18:39:21,Khasan Ubaidillah,sangat membantu,gojek,google_play
2026-04-03 18:37:07,Haidar Asfahani,mantap,gojek,google_play
2026-04-03 18:22:33,Udiono Mukti Wibowo,sangat membantu disegala kondisi,gojek,google_play
2026-04-03 18:19:48,Nur hidayani,good,gojek,google_play
2026-04-03 18:19:10,Andy Yuwono,pelayanan ok,gojek,google_play
2026-04-03 18:01:14,Herni Mulyani,aman nyaman,gojek,google_play
2026-04-03 18:00:28,Said Bin Ishak,saldo dari dana CUSTOMER g amsuk ke gopay ku..parah ini siii,gojek,google_play
2026-04-03 17:47:26,Nur Ardika,"belakangan nyari driver susah, lemot, kebanyakan nolak",gojek,google_play
2026-04-03 17:44:42,Ananda Songming,driver nya jangan ngaret,gojek,google_play
2026-04-03 17:32:57,Mortal Kombat,"Makin sering update makin lama dapet driver, mending gk usah update aja sekalian kalau malah jadi lebih buruk",gojek,google_play
2026-04-03 17:31:29,Azzahra Chairunnisa,aneh makin kesini drivernya pada gajelas bgt,gojek,google_play
2026-04-03 17:25:54,SUNDE RIYADI,oke bagus dari pelayanan,gojek,google_play
2026-04-03 17:23:39,Saya Marwan90,"gojek emang selalu bisa di andalin, banyak promo nya terus di kasih gratis ongkir, top markotop pokoknya",gojek,google_play
2026-04-03 17:22:40,Hadi Patidolken,alhamdulillah driver yang saya pesan selalu baik,gojek,google_play
2026-04-03 17:14:14,AAFIYAH FIYAH,top yessss,gojek,google_play
2026-04-03 17:10:23,Mochammad Choirudin,siip,gojek,google_play
2026-04-03 17:09:59,Arini Putri Salsabila,"tolong dong gojek masa iya aku mau ngampus jadi susah banget dapet driver sekarang? 😭 mau beli makan juga jadi ga affordable buat aku sebagai mahasiswa, maaf bgt tapi pake gojek suka jadi lebih mahal daripada aplikasi lain buat order makan😔💔 update: demiii apaaa gua udah langganan gojek plus dari tahun kemarin tapi malah nambah mahal?? pas ngecek di akun sodara aku yang ga langganan malah lebih murah? sakit hati banget ah unsubs deh jadinya😭😭💔",gojek,google_play
2026-04-03 16:58:47,Rakhwadi Brebes,top,gojek,google_play
2026-04-03 16:55:47,RennLyoneree`,"#GOFOOD anehh harusnya tu dapetin dlu driver nya baru bisa mesen makanan,ini udah mah ditungguin lama lama lagii laper ginii malah disuruh batalin aja karena ga dapet drives nya,bisa si diganti pickup masalahnya sini tu mau praktis mpruyyy,malaaa disuru batalin aja. dii perbarui napa sistem nya,kaloo belom dpt driver gabisa mesen gitu dongo.yeuu org lapar gini dibuat emosi gw obrak abrik juga ni apk",gojek,google_play
2026-04-03 16:54:40,tunggal kreatifindo,"makin jelek layanannya, susah dapat orderan",gojek,google_play
2026-04-03 16:53:24,niken sumiyarsini,drivernya sopan,gojek,google_play
2026-04-03 16:50:41,Silvia Sartika,"makin sulit dpat gocar, seringkali driver tdk respon, tau2 titik menjauh, kota yg cancel, tarif lgsg 2 x lipat",gojek,google_play
2026-04-03 16:48:51,Yayan Taryana,mencari driver lama,gojek,google_play
2026-04-03 16:38:30,Retno Heny,Alhamdulillah 🤲 nyaman...dan terus berkembang,gojek,google_play
2026-04-03 16:33:53,Alfin Ardiananta,"sering dapet driver tidak jalan ditunggu sekitar 30menit, dedangkan kita sudah ditunggu bis....sangat kecewaa",gojek,google_play
2026-04-03 15:55:01,iwan Kartiwa,aturan gak jelas driver banyak yg off..order jadi terbengkalai...customer pindah ke aplikasi lain,gojek,google_play
2026-04-03 15:50:37,widie widiee,cepat dan tepat sasaran,gojek,google_play
2026-04-03 15:49:15,rayya shofasalsabila,susah dicari,gojek,google_play
2026-04-03 15:45:20,Sobat Bro,banyak orang dan ramah,gojek,google_play
2026-04-03 15:34:47,Daslim WS Medan,mantap bgt,gojek,google_play
2026-04-03 15:30:24,Vallent365 Gaiiotz,service ya sat set mantapzzz,gojek,google_play
2026-04-03 15:25:38,Upan Tek,excellent,gojek,google_play
2026-04-03 15:21:53,Predibanten,manfaat,gojek,google_play
2026-04-03 15:10:20,Ucu Mulyawati,"aplikasi nyebelin, gojeknya ga maju2 terus padahal udah majuuuu, gabisa dicancel dari gojeknya juga lagiiiii. udah nunggu berjam jam!!!!!!",gojek,google_play
2026-04-03 15:01:48,kang jangkung,Sangat kecewa khususnya untuk driver mobil grab.. banyak yang nolak pesanan..carinya susah giliran dapat minta dicancel dengan alasan lokasi jemput jauh.,gojek,google_play
2026-04-03 15:00:42,Nur Asyiah,driver y sopan,gojek,google_play
2026-04-03 14:51:44,Afsha Kurniawan (Afsha),saya pengguna gojek setia tapi akhir2 ini cari driver susah bgt banyak driver yg cancel akhirnya saya pindah ke aplikasi sebelah cari driver gampang,gojek,google_play
2026-04-03 14:24:44,Eko Fajar,aplikasi tidak menghargai driver,gojek,google_play
2026-04-03 14:16:54,abisatria nico,kalo ngasih harga di gofood yang ngotak dikit lah njir,gojek,google_play
2026-04-03 14:16:18,KURSUS MEKANIK MOTOR LPK INDTIF BANDUNG,mantap,gojek,google_play
2026-04-03 14:15:17,MW D,mantap,gojek,google_play
2026-04-03 14:08:13,tanti Luthfiana ** ALIF**,alhamdulillah mau kirim² makanan utk anak dipondok sangat terbantu,gojek,google_play
2026-04-03 14:07:17,Rudy Kurniawan,Okey,gojek,google_play
2026-04-03 14:05:10,Muhamad Farhanadi,the best,gojek,google_play
2026-04-03 14:03:08,Sei Shiki,susah dapet driver,gojek,google_play
2026-04-03 13:50:11,nadiya jihan,"KENAPA GADA YG MAU NGAMBIL TERUS SIH, UDAH GA PAKE YG PROMO PUN TETEP LAMA YG NGAKUTTTT!!!!!! 😡😡😡😡😡😡😡😡😡😡😡",gojek,google_play
2026-04-03 13:47:50,Rapi Rafi,𝙗𝙖𝙜𝙪𝙨 𝙗𝙖𝙣𝙜𝙚𝙩,gojek,google_play
2026-04-03 13:44:13,Sulis Tiyani,"Sekarang susah dapet driver untuk gosend juga gapernah mau ambil, suka dilama2in biar customer yg cancel kadang kalo dapet juga suka maksa minta uang parkir (padahal kita tau kalo parkiran mall sini buat driver tuh ga dipungut biaya) tapi klo ga dikasih malah kasar perlakuannya udah beralih ke aplikasi sebelah sekarang mah pake gojek klo buat transportasi aja.",gojek,google_play
2026-04-03 13:33:30,Paisal Amir,mantap apk nya,gojek,google_play
2026-04-03 13:27:07,Aling Lay,Bermanfaat,gojek,google_play
2026-04-03 13:26:25,Devi Yulianasari,driver ramah semua,gojek,google_play
2026-04-03 13:23:48,Rakhmat syarifudin,oke mantab,gojek,google_play
2026-04-03 13:22:40,hasna ria,knp gk bisa pke dana,gojek,google_play
2026-04-03 13:21:34,Joko Triatmoko,sangat membantu sekali,gojek,google_play
2026-04-03 13:19:07,handayani han,pesen kopi kenangan minuman uda siap tapi uda nunggu 1 jam masi stuck di 16 menit karena ga ada driver. ga lama dibatalin.,gojek,google_play
2026-04-03 13:17:49,gagaro dekorasi,ok,gojek,google_play
2026-04-03 13:08:27,Syarif,ok,gojek,google_play
2026-04-03 13:06:43,Iyod Sutiadi,mantap lebih membantu,gojek,google_play
2026-04-03 13:05:04,Indah Sastra Official,Sulit Sekali dapat driver untuk layanan Go Shop,gojek,google_play
2026-04-03 13:04:29,wawa suay,"drivernya ga komplen karna jarak aku slalu jauh, mantapp",gojek,google_play
2026-04-03 12:53:54,Chandra Adimarta,kalo pesen makanan ongkir nya mahal😭🙏,gojek,google_play
2026-04-03 12:53:04,Nur Aisah Wardani,Mantap drivernya gercep👍,gojek,google_play
2026-04-03 12:42:12,Toyib Suprayitno,Aplikasi yang sangat akses untuk tunanetra,gojek,google_play
2026-04-03 12:31:30,Riska kasmun,👍👍👍👍,gojek,google_play
2026-04-03 12:27:43,fx dony,"bintang 1 aja,pesan go food aja lama mau 1jam.",gojek,google_play
2026-04-03 12:21:47,panahatan siahaan,"Aplikasinya bagus,cocok buat yang bepergian ke tempat yg belum pernah",gojek,google_play
2026-04-03 12:18:47,Lee Knoww,"kak maaf bngt nih tolong voucher diskon gofood ny lebih bnyak lagi, apk sebelah aj voucher diskon makanan ny aja bnyak bngt",gojek,google_play
2026-04-03 12:17:34,Andri Sumardi,Saya baru memakai aplikasi gojek lagi dan menggunakan fitur go ride. ko aplikasinya sekarang jadi ribet ya. untuk pesan go ride saja saya harus booking dulu dan menunggu lebih dari 15 menit ga dapet² drivernya. akhirnya pake aplikasi sebelah ga sampai 1 menit sudah dapat driver. fitur go ride sekarang maaf ga recomended,gojek,google_play
2026-04-03 12:16:14,Lucy Aryani,puas,gojek,google_play
2026-04-03 12:10:46,Saputro,"Aplikasi Bagus, sudah lama jadi andalan. tapi lagi Kecewa aja akhir2 ini. Driver Go-Ridenya Manja2 banget, , Keadaan gerimis aja gk mau ambil orderan.,deket lagi paling ±5km ,klo hujan sih sya maklum, lah ini gerimis kecil. , padahal banyak driver on disekitar, tp gda yg mau ambil. hampir 7x order gda yg mau ambil, bkin kesel. Beda sma apk Sebelah MXM baru order lngsung diambil. .. itu aja terimakasih.",gojek,google_play
2026-04-03 12:09:30,Septi Sesa,"proses pembatalan terlalu lama,misal makanan/driver ga ada dalam 10 menit udah ga respon harus nya udah bisa di batalin.",gojek,google_play
2026-04-03 12:07:38,Rezki Prasetia,Mantap,gojek,google_play
2026-04-03 12:06:03,Kulay Tikut,baik,gojek,google_play
2026-04-03 11:54:41,Mimow Miw,untuk saat ini oke.,gojek,google_play
2026-04-03 11:52:34,andrie safargi,terimakasih,gojek,google_play
2026-04-03 11:47:02,Vanessa t,"harusnya kita bisa chat ke resto sih kalo buka atau tutup, masa iya udh nunggu 1 jam driver kesana malah tokonya tutup. adain fitur apa aja deh biar ga nunggu lama klo tokonya tutup",gojek,google_play
2026-04-03 11:32:14,Eduwardo postahan Silalahi,good job,gojek,google_play
2026-04-03 11:21:29,Muhammad Luthfi Nasution,Cepat responnya dan mantul,gojek,google_play
2026-04-03 11:16:51,Thuf el Thuf el,KLO cancel g bisa ..... nyesek bgt suruh bayar dobel,gojek,google_play
2026-04-03 11:13:26,Hani Lizzie,chatnya suka centang 1. tolong perbaiki lagi. biar komunikasi dgn driver lancar.,gojek,google_play
2026-04-03 11:09:08,Fitri Welli,ok,gojek,google_play
2026-04-03 11:08:47,Hauzanirhab Nabil,b aja,gojek,google_play
2026-04-03 11:05:24,FAZNI AZIZAH,oke bgt,gojek,google_play
2026-04-03 11:01:02,Desy Tri,"puas, komunikasi baik,tepat waktu",gojek,google_play
2026-04-03 10:42:40,Poetri Lestari,semuanya oke,gojek,google_play
2026-04-03 10:28:39,Anthon Cinay,ok,gojek,google_play
2026-04-03 10:25:58,Maheswara,"nyusahin mau ketik no telp harus manual, g bisa copy paste",gojek,google_play
2026-04-03 10:25:20,Daryani Zaky,ok,gojek,google_play
2026-04-03 10:00:04,Agus Setiawan,ok,gojek,google_play
2026-04-03 09:45:21,Ridwan Syah,"ongkir ekonomi sudah kagak ada,mana regular mahal lagi🥲",gojek,google_play
2026-04-03 09:37:58,Audrey Lysandra-3c,sangat membantu,gojek,google_play
2026-04-03 09:37:25,Rulianda Sriwijaya,"promo nya kurang khususnya untuk kota Palembang,tolong ditingktkan lagi",gojek,google_play
2026-04-03 09:22:43,Siti Sofiyatin nihayah,bagus banget,gojek,google_play
2026-04-03 09:10:09,Puji Santosa,mantul,gojek,google_play
2026-04-03 09:02:32,Novita Miradewi,bagus,gojek,google_play
2026-04-03 08:54:33,Arif Bowox,baik sekali,gojek,google_play
2026-04-03 08:44:03,Febri Cs,segini dlu deh klo bagus tambah lagi,gojek,google_play
2026-04-03 08:41:20,Moses Sudanartha,Drivernya tolong jangan memainkan orderan. ditunggu sangat lama tidak jalan sama sekali. Apkikasinya sering mengalami bug double order. bikin saya repot.,gojek,google_play
2026-04-03 08:39:56,Supena,terima kasih,gojek,google_play
2026-04-03 08:29:24,Taryudi 08,halaman gocats lagi error ya? misinya ga jelas,gojek,google_play
2026-04-03 08:24:11,Didit Gunawan,good,gojek,google_play
2026-04-03 08:11:49,Eman Palembang,pelayanan bagus sy beri tip500,gojek,google_play
2026-04-03 08:00:25,iloo,"sering banget telat dateng kalo mesen gofood, kadang juga ga dapet driver buat ambil makanan nya jadi terpaksa cancel, udah nunggu lama nahan laper malah ga jadi, ga ada kompensasi juga lagi buang waktu buat nungguin",gojek,google_play
2026-04-03 07:53:04,Seri Wahyudi,gak pernah kecewa,gojek,google_play
2026-04-03 07:45:14,es pisang ijo BISO,ok,gojek,google_play
2026-04-03 07:15:03,WIHARJA OFFICE,Min saya Kena penipuan 300 ribu ke Gopay Penipu yang mengatasnamakan kepala desa dan pas dilacak bukan kepala desa,gojek,google_play
2026-04-03 06:41:03,Griya Sehat Priangan Mandiri,"dari sejak awal ada gojek, tetep nyaman. terpercaya...",gojek,google_play
2026-04-03 05:46:16,Saka Sakasaka,good workog,gojek,google_play
2026-04-03 05:30:36,Saefudin Matus,Bagus,gojek,google_play
2026-04-03 04:44:12,Dwi Ani123,mantap,gojek,google_play
2026-04-03 04:34:53,Sukma Prima Majiid,"Argonya makin mahal tapi pelayanan malah makin turun. Harga sering gak masuk akal dibanding jarak, beda jauh sama dulu. Yang lebih ngeselin, driver sekarang banyak yang pilih-pilih order. Udah nunggu lama, di-cancel terus, atau didiemin tanpa kejelasan. Buang waktu banget.",gojek,google_play
2026-04-03 02:49:18,Syafiah Azzahra,aplikasihnya sangat membantu,gojek,google_play
2026-04-03 02:36:58,Ajik Afriandi,"Kok bisa promo di akun temen ku bisa sampe 50% tapi di aku 40%, ???? padahal sama-sama gojek plus",gojek,google_play
2026-04-03 02:17:02,rico apriyanto,akun orang main asal bekuin aja padahal sering dipakai untung ga ada gopaynya mending pake grab aja sekarang dah,gojek,google_play
2026-04-03 02:10:48,Haerudin Basri,aplikasinya sangat mudah digunakan. banyak diskonnya. love it.,gojek,google_play
2026-04-03 01:49:39,padi yanto,Pastikan semua drivers Amanah klu ada barang tertinggal,gojek,google_play
2026-04-03 01:34:08,Said b salim Dahdah,mantep,gojek,google_play
2026-04-03 01:24:05,Rismawati Risma,sangat baik abang ya,gojek,google_play
2026-04-03 00:55:45,Deni Aji,"sangat buruk pelayanan nya, karena susah cari driver",gojek,google_play
2026-04-03 00:26:58,Dsy Allya,nice driver,gojek,google_play
2026-04-02 23:57:22,Heri Hermawan,kesan pertama paki go food puas sekali pelayanannya👍👍👍,gojek,google_play
2026-04-02 23:49:44,Bimo Melodic,susah nyari driver,gojek,google_play
2026-04-02 23:40:55,Mohamad Abdul rohman,maps nya selalu pas sesuai titik,gojek,google_play
2026-04-02 23:40:09,Suswati suswati,puas pelayanan baik,gojek,google_play
2026-04-02 23:37:55,A Mustafa,"Jahat banget deh. Udahlah mahal, dicariin driver yang jauh. 👎",gojek,google_play
2026-04-02 23:34:08,Yuliwahyudigobox Driver,bagus,gojek,google_play
2026-04-02 23:32:05,Raga Jaya,"Aplikasi tolol, bikin customer nunggu lama",gojek,google_play
2026-04-02 23:10:50,Lintang Ika,"driver sulit, pelit, jutek, platform juga tidak ramah pada harga driver",gojek,google_play
2026-04-02 23:09:58,Tegal Bahari,makin ke sini makin ga jelas,gojek,google_play
2026-04-02 23:05:35,THE SMILE HAPPY,ok,gojek,google_play
2026-04-02 22:55:40,Ribka els,"makin kesini gojek susah banget dapet driver nya, sekalinya dpt malah jauh. mencari-cari driver padahal dititik terdekat banyak, TPI gak ada driver yg mau ambil. jadi males",gojek,google_play
2026-04-02 22:54:17,Mochamad Randi,kse download ngni p aplikasi di t cewe ka ta bongkar ngni p kantor,gojek,google_play
2026-04-02 22:49:22,Pandu Dwi krisnanto,"aplikasi lelet,lemot,gofood Berjam jam ga dapet driver. driver juga lambat, kebanyakan ngeluh",gojek,google_play
2026-04-02 22:49:17,Siti Dahlia,"makin kesini makin susah dapet driverrr ngeselin banget, udah gitu guaa beli pake saldo gopay klo dibatalin saldo gua ilang ,udah beberapa kali saldo ga balik grgr ga dapet driverr, kocakkkk",gojek,google_play
2026-04-02 22:46:52,Irna Wati,"saya mau minta dari pihak mitra ,agar pelayanan mencari driver di perbaiki lagi .kasih peringatan keras kalau perlu di pecat ajh untuk driver yg tidak mau mengantarkan makanan ke cosumen.saya sudah menunggu lama .terima kasih .",gojek,google_play
2026-04-02 22:41:31,Mang Jay,nice,gojek,google_play
2026-04-02 22:40:15,Wahyu Ginting,sangat membantu disaat keadaan darurat..,gojek,google_play
2026-04-02 22:34:24,dimaz hs,gojek parah kalau udah malah ngak ada driver yang mau ngabil orderan sekitar jm 10 an. padahal driver banyak.,gojek,google_play
2026-04-02 22:27:43,Supriatna,ok,gojek,google_play
2026-04-02 22:15:37,TheBoys Rafly,lelet parah,gojek,google_play
2026-04-02 22:14:37,Dicky Reksa,lama dapet driver,gojek,google_play
2026-04-02 22:10:37,titi titi,kalau pelanggan kasih rating ke driver bintang 1 itu kalian tangani tidak sih? kok masih banyak driver yang tidak punya sopan santun dan seenaknya? kalian tindak lanjuti tidak saya ingin tau,gojek,google_play
2026-04-02 22:07:03,hayden wu,cepat sampai,gojek,google_play
2026-04-02 22:05:25,prima sanwani,"maaf saya kasih bintang 1. sempat baca di ulasan lain ada yg susah nyari driver bbrp minggu ini. benar bgt, skrg hal yg lebih mudah dan efisien jadi menyulitkan dlu sring pke apk ini krna byk diskon dan harga terjangkau skrg apk nya jd lelet. mesen gofood 2 jam lebih ga dpt2 driver antar nya mesen gojek nunggu 10 menit lebih pun gaada sama sekali pdhl trlihat jls driver byk di 1 titik itu. tolong di tindak lanjuti untuk apk gojek.",gojek,google_play
2026-04-02 22:04:24,Subhan Ari wibowo,yaaa oke laahhh,gojek,google_play
2026-04-02 22:04:20,Alrida Tyas,semangat driver!,gojek,google_play
2026-04-02 22:01:02,Aldyth BJ,"Flash Sale gajelas, udh mesen dari jam 20.00 udah dapet driver, makanan juga statusnya ""sedang di sajikan"" bahkan sampai ada estimasi waktu pengantaran 21.30. Tau tau di cancel jam 22.00. 2 jam nunggu angin doang kocak",gojek,google_play
2026-04-02 21:59:54,Sukasno,no good,gojek,google_play
2026-04-02 21:59:39,fannisa,"kenapa saya kasih bintang 2? karna saya lebih sering kecewanya dengan apk ini. saya tuh selalu mau gofood ya, tapi knp selalu susah banget cari driver? paling susah kalo di kondisi hujan sama malam, padahal rumah saya tuh bukan pelosok masih terbilang pun banyak ojol disekitar sini.. tp kenapa susah bangeett! nyebelinnya tuh udah nunggu nya lama bgt ujung2nya gagal pesenannya karena gak nemu driver. bayangin udah laper posisi gabisa keluar butuh order makan bangeet udah ngu nih 50mnt, eh gagal.",gojek,google_play
2026-04-02 21:54:59,Ani Julianti,sangat membantu,gojek,google_play
2026-04-02 21:54:40,Imam Hanafi,bagus,gojek,google_play
2026-04-02 21:53:46,suci lestari21,"sakit hati banget. mesen gojek dari jam 9 malam sampai jam 10 ada 3 kali di cancel. dari yang ride hemat ke go ride biasa juga sama. kalau emang menurut driver harganya kemurahan kan bukan kita yang menentukan toh kita juga ga bakal kasih segitu, pasti kasih tip juga. 1 jam nunggu sia sia!",gojek,google_play
2026-04-02 21:53:06,Rahmat Hidayat,"tolong dibantu cari driver, masak saya ber kali2 pesen gofood sulit mendapatkan driver..",gojek,google_play
2026-04-02 21:50:48,Pengguna Google,semakin baik,gojek,google_play
2026-04-02 21:50:35,Gabe Batara,yeay,gojek,google_play
2026-04-02 21:47:48,Ahmed Faesal,"udah seminggu susah bgt dpet driver , heran pdhl apk sbleh cpet bgt dpet ny..",gojek,google_play
2026-04-02 21:47:25,Ratuhpurnama Sari,"sekarang driver diaplikasi ini susah bnget buat dapet, risih jadi nya",gojek,google_play
2026-04-02 21:46:57,F A,"Pesen makanan lama bener ga dapat driver, batal otomatis. 👎",gojek,google_play
2026-04-02 21:46:00,Alim Min,oke,gojek,google_play
2026-04-02 21:36:35,wulandari sw,"saya gomart, gosend buat beli obat, tpi gada mulu driver nya, lama bngt, pdhal ga ujan ga apa",gojek,google_play
2026-04-02 21:26:44,Zainal Arifin,aplikasi semakin menyulitkan dengan sulit mendapatkan driver dari stasiun cikarang dan semakin tidak ada bedanya dengan ojek pengkolan dengan harga yg tidak masuk akal,gojek,google_play
2026-04-02 21:25:46,Eko Kalomurtono,Ok Banget,gojek,google_play
2026-04-02 21:25:22,Mifta Hudin,keren sangat membantu,gojek,google_play
2026-04-02 21:21:37,Waris Aulia,"agak kecewa sih akhir ""ini gojek klo mau pesen makan dimalam hari susah banget nemu driver nya,, sampe harus nunggu 1/2 jam tetap masih gk dapat driver nya.",gojek,google_play
2026-04-02 21:17:57,Anjas Guntur Virgiantoro,ok,gojek,google_play
2026-04-02 21:16:01,Grace Oktavia,"Kualitas Pelayanan sangat buruk Kalau harga mahal baru dapat driver,itupun lama",gojek,google_play
2026-04-02 21:12:37,Lords Again,parah.....kalau rekrut driver yang benar dan yang kompeten jangan yang sukanya main cancel.....,gojek,google_play
2026-04-02 21:09:26,Raudatul Jannah,sesusah itu dapet driver,gojek,google_play
2026-04-02 21:06:11,U ser,susah banget dapet driver,gojek,google_play
2026-04-02 21:02:37,ExoTerra (Exo),"lambat banget kalo mesan malam, udah lapar malah ga ada yg antar padahal banyak tuh ojol yang masih diluar nganterin pesanan lain",gojek,google_play
2026-04-02 20:49:31,ASEP KOMARUDIN,mahal dikota bogor gojek.dan gocarnyq,gojek,google_play
2026-04-02 20:46:13,Rafi Fabian,woyy kasih tambahan buat developer untuk kasih pembayaran via dana atau qris aja menurut ku kurang lengkap kalok cuman itu2 aja wkwkwk thanks semoga di notice,gojek,google_play
2026-04-02 20:44:07,afkanihbos boyss,oke,gojek,google_play
2026-04-02 20:41:07,Budi Setiawan,sangat membantu untuk kebutuhan transportasi,gojek,google_play
2026-04-02 20:41:06,Mekel Azizi,wah!!,gojek,google_play
2026-04-02 20:41:01,iqbal abdurrahman,"banyak error, aplikasi yg dibutuhin banyak org loh. bangkrut aja dah",gojek,google_play
2026-04-02 20:33:46,Viola Gustiraa,susah dapet driver udah ga butuh penumpang lagi kali ya jual mahal semua sekalinya dapet ga gerak tu driver,gojek,google_play
2026-04-02 20:33:10,Key Cu'ong,"mentang"" argo kecil dicancelin mulu sama drivernya kocak",gojek,google_play
2026-04-02 20:29:37,GABRIEL BERNHARDT,kenapa harus nunggu lama banget buat cancel order dah gitu driver juga susah banget nyarinya,gojek,google_play
2026-04-02 20:29:19,Yohan_4rt,"aplikasi gaguna, tiap dapet driver di cancel terus, lama ga gerak2, berjam jam nungguin gadapet2 padahal banyak yang deket, bener2 *1 lah, driver2 juga udah diambil bukannya dikerjain malah cancel",gojek,google_play
2026-04-02 20:27:24,Muhammad Ardyramadhan,"gofood parah awalnya di bilang tepat waktu, trus telat, dan ujungnya malah di cancel dari pihak gofoodnya karena tidak dapet driver, sudah menunggu 98menit lebih malah di batalin karena tidak dpt driver dan kalo mau mesen, malah harus pesen ulang. bagaimana ini?",gojek,google_play
2026-04-02 20:26:32,kimi rika,parah gosend udh nunggu 10 menit eh pas dapat malah dibatalin sm driver. parah aplikasinya ga ngebantu,gojek,google_play
2026-04-02 20:20:00,Oman Husen,memudahkan perjalanan,gojek,google_play
2026-04-02 20:16:13,serupa kita,buat apa pakai gojek udah bayar mahal tapi aplikasi dam sistem bukan mempermudah pelanggan mahal di permainkan aplikasi dan sistem yg makin hancur dan bobrok.,gojek,google_play
2026-04-02 20:11:47,Deni Kamaludin Jamil,Ini kalau sistemnya gak susah dapat driver pas hujan/sibuk bintang 5,gojek,google_play
2026-04-02 20:03:50,Didit Chrisbiantoro,membantu sekali,gojek,google_play
2026-04-02 19:55:26,Anastasia Damita,"kalo ujan pasti driver gaada yg mau ambil, padahal pake mobil, udahlah harganya naik jauh nunggu ga dapet dapet pula, saya udah nunggu 1 jam👎",gojek,google_play
2026-04-02 19:50:22,Faiq Akma,oke,gojek,google_play
2026-04-02 19:50:21,Dicky Hermiansyah Putra,susah banget dapat driver kondisikan dong mitranya sampe 5x lebih ganti driver nih,gojek,google_play
2026-04-02 19:46:58,Nur Khaliq,Tagihan masih ada padahal sudah dilunasin. diminta bayar denda lagi,gojek,google_play
2026-04-02 19:45:21,Almartin Tasilipet,"sangat buruk driver lama ketemu ampe sejm gak ketemu, dan mahal bagusan maxim",gojek,google_play
2026-04-02 19:39:07,Von Manstein,"dapet driver yang jauh, payah",gojek,google_play
2026-04-02 19:33:41,Nadia Nur Sausan,"maaf aku kurangi bintangnya, apk bagus sebenernya tapi driver gojek akhir"" ini pada nyebelin semua gtw kenapa, apa karna sistem pembayaran ke mereka atau gmn idk. waktu pesan goride abangnya salah titik jemput dan pas aku tegur malah balik ke pangkalan gk balik"" lagi trus didiemin doang tlp gk diangkat smp akhirnya setelah 20 mnt aku cancel dan gabisa rating abangnya juga. trus gosend instan 3 jam juga gatau kenapa banyak yg gamau keep dari jam 3 sore sampe jam 7 malem padahal lagi butuh bgt :((",gojek,google_play
2026-04-02 19:32:30,R siti Maryam,"alhamdulillh terbantu dengan adanya gojek ,, terimakasih",gojek,google_play
2026-04-02 19:26:52,Maxwell Mitchell,sip baik sekali semoga berkembang sampai masa depan,gojek,google_play
2026-04-02 19:25:45,Merselino Adimas Widiantoro,"belakangan ini susah banget dapet driver, sekalinya dapet selalu di batalin. tolong di improve",gojek,google_play
2026-04-02 19:25:04,Hantu galau,"serius ini aplikasi makin hari makin gila? ngasih drivernya selalu yang paling jauh, sampai berkali-kali kena cancel padahal udah nunggu. sekedar cerita juga, tadinya diaplikasi tarifnya 19.000, mungkin karena cuaca buruk (meskipun gk hujan), tapi di driver cuma masuk 12.000, jadi lu ngambil keuntungan sekitar 7000 gitu buat biaya admin? lu manfaatin cuaca buruk yang dihadapi driver di lapangan buat naikin keuntungan berkali-kali lipat? iblis aja keknya gak sejahat itu loh. gila emang",gojek,google_play
2026-04-02 19:20:19,Endangsetiawati endangsetiawati,hari ini saya byk kecewa Krn susah utk mendapatkan gojek mobil maupun motor,gojek,google_play
2026-04-02 19:15:10,Elita Betsi,sejauh ini masih bagus pelayananya,gojek,google_play
2026-04-02 19:09:42,any kusumaeni,love..,gojek,google_play
2026-04-02 19:08:39,Ela Lala,"mau nutup akun karna gojek jadi mahal bgt aja susah bgt,saldo harus nol mau gw ikhlasin aja repot bgt..ada fitur chat cs tp ga ada papan ketiknya cm bisa kirim pesan instan yg udah mereka siapin,lah gimana bisa nolong kl begitu..uninstal aja jawaban terbaik",gojek,google_play
2026-04-02 19:06:18,Herli Marcelina,"sumpahhhh kesal bgt, kurir GO-SEND ada masalh apa si susah bgt dapet 🙃",gojek,google_play
2026-04-02 19:05:50,Khair Faramulya,Mantab,gojek,google_play
2026-04-02 19:05:35,Dea Lestari,"LEMOT BANGET UDAH TAU BURU BURU MAU MASUK KERETA MALAH LOADINGNYA MINTA AMPUN, PADAHAL JARINGAN BAGUS BAGUS AJA",gojek,google_play
2026-04-02 19:05:34,ansyrulla fabela,apaan susah banget cari driver ud dapt malah di cancel driver,gojek,google_play
2026-04-02 19:02:06,rizki cahya,cari kendaraan lama amat,gojek,google_play
2026-04-02 18:53:19,Muhammad Farras Athar,mantap,gojek,google_play
2026-04-02 18:50:27,Rayhan Mahendra,respon cepat,gojek,google_play
2026-04-02 18:50:03,Atala Raffi,sumpah akhr2 ini susah bgt dpt goride maupun gocar masak nyari driver smpk 2jam gak dpt2 pdhl sekitar banyak tp kok.gak ada satupun yg nyantol..... tolonglah di perbaiki,gojek,google_play
2026-04-02 18:48:01,Satwika Darmanto,"Gak suka pesanan udah masuk tapi belum dapet driver jadi makanan belum disiapin, dan baru bisa cancel pesanan setelah satu jam gak ada driver. kecewa, mending bisa langsung di cancel kalo gak ada driver, biar saya mesen yg lain. Sama aja ini gak menghargai waktu saya sebagai customer dan pihak resto. Buang-buang waktu!!",gojek,google_play
2026-04-02 18:38:31,ERWIN DWI SENDY ANDIKA,susah dpt drivver akhir akhir ini meskipun pakai yang pencarian cepat,gojek,google_play
2026-04-02 18:35:29,Afrizal eka Saputra,lama gak sesuai waktu,gojek,google_play
2026-04-02 18:20:41,Roy Rianto,good,gojek,google_play
2026-04-02 18:15:48,Riswan Paja,lama nunggu nya skrg,gojek,google_play
2026-04-02 18:15:17,Yenni Agustus,puas,gojek,google_play
2026-04-02 18:14:42,Dave Dove,"jangan ambil ongkir yg lebih mahal di gojek dgn embel2 pelayanan lebih cepat, bayar lebih tetap saja proses 2 kali lebih lama...makanan yg harusnya ready untuk buka puasa dan sy order 1 jam sebelum buka puasa dimana estimasi sampai dalam 20 menit, tapi setengah jam setelah buka puasa selesai baru sampai...driver yg jadi kambing hitam... awas hati2 gojek kuras kantong anda dgn cara penambahan biaya2",gojek,google_play
2026-04-02 18:09:08,kita ayo,ok,gojek,google_play
2026-04-02 18:07:28,M.D.C.M,"Tolong dong diperbaiki bagian pembayaran emas kok jadi ribet, dan gagal mulu pasti tolong cepat diperbaiki",gojek,google_play
2026-04-02 18:05:52,Maya Selviana,"susah banget dpt driver nya, dari kemarin coba gofood ga dpt PT driver... gajelas bgt sih asli",gojek,google_play
2026-04-02 18:04:27,Kafedanloundry Minions,cepat jng lambat,gojek,google_play
2026-04-02 17:59:36,Kristy Tambunan,Gojek👍👍 Cepat menemukan driver sesuai harapan👍👍🤩😍,gojek,google_play
2026-04-02 17:58:27,Arfiah Nurhayati,siip,gojek,google_play
2026-04-02 17:57:13,Neylaa,Keluar keluar sndiri stres,gojek,google_play
2026-04-02 17:48:26,Danny Kurniawan Gandih,driver sering gantung penumpang. trakhir ini digantung sejam dan tidak dijemput. chat dan telp tidak dibalas,gojek,google_play
2026-04-02 17:47:04,Ririn Natalia,ok,gojek,google_play
2026-04-02 17:41:37,Christoper Sinurat,nungguin 1 jam kaga ada 1 pun yang mau.,gojek,google_play
2026-04-02 17:39:32,Annisa sri236,driver nya pada belagu parah order slalu di batalin ga jelas lama2,gojek,google_play
2026-04-02 17:35:44,Pew Pepew,bagus,gojek,google_play
2026-04-02 17:35:21,Lela Sinaga,keren.di perbaiki lagi kinerja Google maps nya ya,gojek,google_play
2026-04-02 17:35:14,IKA FATMASARI19,oke,gojek,google_play
2026-04-02 17:31:13,Nurul Kamala,"aplikasinya membantu tapi entah kenapa sekarang kalau mau pesen go ride selalu susah dapet driver, sekali dapet lokasi driver sama tempat jemput jauh dan juga udh nunggu lama"" malah di cancel, giliran Dateng malah ngomel"", kalao emang seperti itu sistemnya yg di benerin",gojek,google_play
2026-04-02 17:27:50,Ega Prayoga,"lebok hujan wae, titah saha suspend aya dei, padahal bae sina ngajak driver mah da begu jeng alusna ges resiko driver, jadi eweh nu marawa orderan dan suspend waktu wae. tolol sistem teh",gojek,google_play
2026-04-02 17:25:33,pran pranoto,aplikasi lemot,gojek,google_play
2026-04-02 17:23:37,Windi Purnamasari,Gerimis doang juga susah bgt dpt driver,gojek,google_play
2026-04-02 17:23:24,Nurna Ningsih,sudah lama jd custamer gojek...aman cepat dan terbaik,gojek,google_play
2026-04-02 17:21:13,M. Ma'ruf Akafi,"Padahal banyak driver yg dekat, tapi susah bet dapat driver. Begitu dapat jauh bet",gojek,google_play
2026-04-02 17:20:29,GN,"Ga beres, pesan go car lama'nya ga karuan, di cancel pula oleh pihak drivernya 👎👎👎👎👎👎👎👎👎",gojek,google_play
2026-04-02 17:18:17,pandjie hermawan,sekarang area Semarang kl hujan gofood jarang ada driver yang on udh gt suruh tunggu batas waktu baru bs di cancel haiyah kok jd kaya gini sih gojek,gojek,google_play
2026-04-02 17:17:36,Wahyu Nugroho,"aplikasi gopay semakin di update semakin gakk jelas.. game gopay pet jg gaak bs di buka serta game"" lain penghasil koin gopay.. gojek pun jg gt, susah dlm hal penggunaan aplikasi.. sepertinya pihak gojek sdh malas buat terobosan baru karena pemikiran nya cabang 2 antara grab dan gojek..",gojek,google_play
2026-04-02 17:11:14,Elga Putri,"sekarang Order Gofood susah dapat Driver , sekali dapat nunggu Lama terus di Cancel 🥲",gojek,google_play
2026-04-02 17:05:47,Rineka Kumara,"keren,cocok untuk yang mager keluar rumah pengiriman cepat makanannya enak mantap",gojek,google_play
2026-04-02 17:01:41,01_ Anastasia Putri Dian,apk jelek skrng driver pilih pilih. mentang mentang dia yg merasa dibutuhkan. jarak dkt nominal besar pd gmau ambil. dan klau ada yg ambil dia diem aja tanpa komunikasi ke kita,gojek,google_play
2026-04-02 16:57:18,3 ELANG,mudah komunikasi,gojek,google_play
2026-04-02 16:55:59,Etin Hoerotin,pokonya the best lah,gojek,google_play
2026-04-02 16:53:14,Bonyel Il,oke,gojek,google_play
2026-04-02 16:50:18,Stoe ann,"gak bisa liat rating customer, sedangkan driver bisa liat rating kita",gojek,google_play
2026-04-02 16:49:50,Yoga Eko Pradana,Sangat Puas,gojek,google_play
2026-04-02 16:49:21,agustina silvyana,gila saya mau ibadah di suruh menunggu . sementara waktunya driver sampai di rumah ga ketauan jam berapa. udh menunggu hampir 1 jam loh. ckckckckck,gojek,google_play
2026-04-02 16:47:54,G Dyah lestari Wahyuningtyas,paket sampai dengan cepat,gojek,google_play
2026-04-02 16:40:08,Ananda Putra Dhefa,membantu,gojek,google_play
2026-04-02 16:34:38,Salsabila Hamidah,"sejauh ini aplikasi yang menguntung untuk kita dan orang lain adalah gojek ya,kalo kita dapet masalah juga gojek sebisa mungkin ngebantu,makasii banyak love you gojek",gojek,google_play
2026-04-02 16:32:47,Wan Gaming1,diWA udah yampe tapi pas didatengin gak ada udah muter 3x tetep gak ada hehhhhh 🥲😡,gojek,google_play
2026-04-02 16:31:34,mirah nursiana,good,gojek,google_play
2026-04-02 16:30:08,mrasya1 fabian,mantapppp,gojek,google_play
2026-04-02 16:24:48,Mbenk Ezkha,"PHP DOANG PAYLATERNYA. SEMUA TAGUHAN SUDAH DI BAYAR, MALAH LIMIT TETEP GA NAIK DAN TAK BISA DIGUNAKAN...APA MAKSUDNYA...????",gojek,google_play
2026-04-02 16:22:59,Info Wisata Bandung,mantap,gojek,google_play
2026-04-02 16:18:43,Andre Dwi Putra Kamta,"TOLONG DI-UPDATE, saya sering terkendala Notifikasi sehingga merugikan pihak driver ataupun saya.",gojek,google_play
2026-04-02 16:18:04,Yudha,"Customer Service nya kagak jelas, lama, jaminan voucher ga jelas",gojek,google_play
2026-04-02 16:14:53,FADHIIL ISLAMY Pasha,pelit drivernya ga rekomen buat mode hemat,gojek,google_play
2026-04-02 16:14:47,assaychuna ali,sangat membantu dalam beraktifitas,gojek,google_play
2026-04-02 16:07:41,Agbi Awan,keren,gojek,google_play
2026-04-02 16:07:19,Yasin Raihan Yassar,buruk!! lambat dalam mencari driver dan driver cancel seenaknya.,gojek,google_play
2026-04-02 16:03:04,Nur Laeli,sangat membantu,gojek,google_play
2026-04-02 16:01:33,senja sundji,"akhir-akhir ini kalau pesen go-food selalu susah dapet drivernya, akhirnya selalu aja dibatalin. padahal drivernya banyak",gojek,google_play
2026-04-02 16:01:27,Satoru Tamaba,mungkin kalau bisa pakai merchant dana atau qris lebih mantap,gojek,google_play
2026-04-02 16:00:12,Antonelli Kimi,"alamat saya error cuman di gojek doang, gajelas ni aplikasinya",gojek,google_play
2026-04-02 15:59:16,tri yanto,"gila kali mau pesen gofood ongkir awal Rp 100 kembali ke menu utama aplikasi ongkir jadi Rp 8.000 kembali lagi ke menu utama aplikasi dan mau checkout ongkir jadi Rp 13.000, itu yang error aplikasinya atau bukan, ongkir kok berubah-ubah makin mahal pula, kocak parah. Ongkir makin mahal alhasil mengurungkan tidak jadi pesan makanan, gilanya",gojek,google_play
2026-04-02 15:58:46,Lidi Gent,ini jelek banget .. dapat drivernya lama .. auto uninstall,gojek,google_play
2026-04-02 15:58:30,Siti Mulyani,sangat membantu,gojek,google_play
2026-04-02 15:54:14,Muhamad Sofiyuddin (Sofi),"sering di cancel, sulit dapat driver",gojek,google_play
2026-04-02 15:50:46,Sativa af,"kenapa sekarang susahhhh buanget dapet driver, padahal banyak driver di sekitar lokasi tapi dapet nya yg jauh dari lokasi",gojek,google_play
2026-04-02 15:48:56,Jessiana Leticia Azka,"kenapa setelah update jadi lemot ya min,ga bisa hubungi driver",gojek,google_play
2026-04-02 15:45:27,Akek Pandeklang,sangat puas,gojek,google_play
2026-04-02 15:43:48,Nurrohim Suryo,Alhamdulillah sangat membantu,gojek,google_play
2026-04-02 15:33:25,Tya Hapsari,mantap,gojek,google_play
2026-04-02 15:31:04,MILAH AMALIYAH KASIM PEI,gojek itu membantu bgt ketika lgi ga ada kendaraan untuk membeli sesuatu,gojek,google_play
2026-04-02 15:31:04,Maritza Aulia putri,"jelek kurir nya gajelas ,",gojek,google_play
2026-04-02 15:22:56,Yongki Susanto,"pick up instant lama, dan drivernya banyak yang idiot",gojek,google_play
2026-04-02 15:08:54,Gita Dewi,sangat bagus 👍👍👍,gojek,google_play
2026-04-02 14:46:33,Hari ono,mantap..tepat..cepat.sopan kendaraan bersih,gojek,google_play
2026-04-02 14:44:10,Novi Darmawan,cepat gak perlu nunggu lama,gojek,google_play
2026-04-02 14:25:39,Ulil ilmi,"Selalu dicancel, lelet, dan tidak ramah driver nya.",gojek,google_play
2026-04-02 14:24:04,salma rahmawati,"gojek udah nemenin aku dari jaman aku masi sekolah SMK sampai kerja dan selalu pakai gojek, sukses selalu gojek 🩷",gojek,google_play
2026-04-02 14:15:32,Stars Fiki,menyenangkan menggunakan gojek,gojek,google_play
2026-04-02 13:57:11,Abangfinnan Akbar,"susah dapet driver pas gopud,tapi oke",gojek,google_play
2026-04-02 13:54:49,Aldino Novebian,mantap,gojek,google_play
2026-04-02 13:51:08,Muhamad Agil Siroj,"thx gojeg, udh jadi partner dikehidupan sehari2",gojek,google_play
2026-04-02 13:39:42,zul fikar,Puas dgn pelayanan Gojek,gojek,google_play
2026-04-02 13:33:32,LSM-GMAS DPD GRESIK,"Fitur makin lengkap, proteksi dan Privasi makin terjamin",gojek,google_play
2026-04-02 13:32:19,NVS,nice,gojek,google_play
2026-04-02 13:12:08,Yose Rizal Manurung,"Sebenarnya secara overall oke oke saja, namun belakangan hari seringkali driver tidak provide helm. Pernah kemarin saya pesan malam 3 kali berturut² dapat driver yang ga ada helm, jadi saya cancel. Safety is important loo. Mohon untuk lebih diperhatikan kembali.",gojek,google_play
2026-04-02 13:07:58,ukkas muh,okkkkk,gojek,google_play
2026-04-02 12:51:24,R. Bagus Adhirasa,"Alhamdulillah lancar, terima kasih",gojek,google_play
2026-04-02 12:50:36,sutopo sutopo,cepat dan mudah,gojek,google_play
2026-04-02 12:44:00,nlionel richie,aplikasi transportasi terbaik di 2026,gojek,google_play
2026-04-02 12:41:11,Salsabila Ramadhanty,"jujur, kecewa sama gojek skrg. makin kesini makin dzolim sama driver dan customer. biaya admin dll ditambah tp dapet driver susah ketika mau pesan makan dan kendaraan. uang yang diterima driver juga ga sebanding. dzolim bgt👎🏻",gojek,google_play
2026-04-02 12:38:52,Andi H,makin kesini aplikasi gojek kok rasa²nya ga nyaman dipake ya,gojek,google_play
2026-04-02 12:19:58,Suci Mega,"pengalaman saya terburuk ketika ingin makan tetapi sulit mendapatkan driver, lalu pihak ini menyampaikan menunggu dan berulang kali saya menyampaikan minta dibatalkan itu mengecewakan juga bukan secepatnya mengatasi masalah itu sangat mengecewakan tolong jangan memaksa customer menunggu dengan alasan apapun",gojek,google_play
2026-04-02 12:15:23,Wira Hardi,bagus,gojek,google_play
2026-04-02 12:10:38,Maria Sahara,gojek titik alamatnya pas ...... banyak discount,gojek,google_play
2026-04-02 11:51:15,Pak rizki Pak rizki,OK,gojek,google_play
2026-04-02 11:47:10,AndryH0706,✅️,gojek,google_play
2026-04-02 11:41:26,Gus priyadi,drivernya baik& sopan,gojek,google_play
2026-04-02 11:35:04,Novie Queen,sangat membantu,gojek,google_play
2026-04-02 11:32:06,Dina Zakia,aplikasi yg sangat membantu,gojek,google_play
2026-04-02 11:28:48,Ais,"OJK tolong awasi gopay pinjam dari Gojek kalau perlu hapuskan saja, MEREKA MENYEBAR DATA YANG GAK² MENEROR PADAHAL BELUM JATUH TEMPO, NEROR KANTOR, DC DATANG SEBELUM JATUH TEMPO, TEROR BAHASA BINATANG, BAHKAN MEMASUKAN DATA UNTUK BERHUTANG ! banyak pelanggaran dari mereka padahal katanya LEGAL tapi oknum di gopay pinjam semua ILEGAL",gojek,google_play
2026-04-02 11:18:00,Febriana Sari,sat seet,gojek,google_play
2026-04-02 11:11:04,Rio Jeremy,bagus sangat membantu bwt orang kantoran,gojek,google_play
2026-04-02 11:00:55,Bunga Setya,pelayanan baik recomend,gojek,google_play
2026-04-02 10:54:15,vania massage,aplikasi ok,gojek,google_play
2026-04-02 10:47:47,Arifin johan Hutagaol,mantab,gojek,google_play
2026-04-02 10:44:34,Petiwi Mesin,ok,gojek,google_play
2026-04-02 10:36:45,Aji putra pelangi glass,Sangat bagus,gojek,google_play
2026-04-02 10:26:38,Dicky Angga,"download bukti tidak bisa, sudah lapor cs malah suruh ngikutin step2 orang udah keluhannya di bilang tidak bisa download bukti, aplikasi nya ngebug malah di suruh ikutin step2 download emang dikira ga bisa make aplikaisnya",gojek,google_play
2026-04-02 10:22:53,Baby More,sangat membantu sekali👍👍👍👍👍👍👍,gojek,google_play
2026-04-02 10:16:10,Rian Rahmadi,"nyoba pakai gopay later, lupa bayar lewat sehari, nominal 40rb denda 50rb 😊 lintah darat online",gojek,google_play
2026-04-02 10:04:10,Sri Nur Senjani,"bagus lah pokoknya, dari dulu gak pernah mengecewakan",gojek,google_play
2026-04-02 09:55:15,Ridho Nathakumara,wow,gojek,google_play
2026-04-02 09:46:59,achmad raihan,gud,gojek,google_play
2026-04-02 09:44:56,Riska Oktorina,"drivernya baik, ramah, on time",gojek,google_play
2026-04-02 09:44:16,Dyah Psya01,gud,gojek,google_play
2026-04-02 09:43:11,Meilinda Syanet,mau ngajuin pinjeman tp di tolak.. padahal bayar selalu tepat waktu!! Najis bgt Gopinjem!!!,gojek,google_play
2026-04-02 09:42:03,Osissjshshhehdkdmdbdb tuwhwbnwksidndbd,"aneh, tiba tiba bet ga bisa bayar pake ni aplikasi",gojek,google_play
2026-04-02 09:30:28,khanzaki,"apknya bgus, gergep, banyak promo, drivernya juga ramah ramah, semoga tarif drivernya nambah ya soalnya emg sebaik dan seramah ituuu drivernya",gojek,google_play
2026-04-02 09:29:16,Juna Andre,mantab,gojek,google_play
2026-04-02 09:04:22,Purwanto Wanto,terimakasih,gojek,google_play
2026-04-02 08:57:47,Darus Boy,sangat puas n driver nya ramah,gojek,google_play
2026-04-02 08:41:34,zainullahzen zen,puas,gojek,google_play
2026-04-02 08:40:25,Azyindra Anderson,"pesen gocar tapi driver g mau cancel pdhal dia yg blng ga mau jemput dgn plat BE1816JH Agung apa gitu, kalau g mau knpa di ambil ordernya? driver yg sebelumnya juga bermasalah, ambil ordernya tapi ga jalan² juga tuh diliat di maps nunggu sampe 40menitan padhal di orderan nunggunya cuma 5menit tolong yaa ditindak lanjuti nihh untuk oknum² yg seperti ini kita sama² butuh padahal",gojek,google_play
2026-04-02 08:40:24,KANG HFZ,ok mantap,gojek,google_play
2026-04-02 08:30:28,Dwi Kristiono,"Bagus pelayanannya,driver santun",gojek,google_play
2026-04-02 08:24:15,Asmani Asmadi,mantul pokoknya selalu tepat saat dibutuhkan,gojek,google_play
2026-04-02 08:21:01,Diana Kalandra,mantap,gojek,google_play
2026-04-02 08:09:34,15. Muhammad Faizien,bagus,gojek,google_play
2026-04-02 08:04:24,Memed Syahid,ok,gojek,google_play
2026-04-02 08:00:19,Talitha Zayya Salsabila,sejak 1 april aku gabisa pake voucher untuk gofood. heran deh ni aplikasi on ol... udh langganan plus lama malah kek gni wkwk 🤣,gojek,google_play
2026-04-02 07:49:55,Ad Hadi,oke,gojek,google_play
2026-04-02 07:42:25,Deddy Purwanto,"Saya senang dengan aplikasi gojek, bisa pergi kemana saja yg kita mau, saya pakai aplikasi ini sejak tahun 2018.😁",gojek,google_play
2026-04-02 07:26:16,Rokhatun Atun,ramah dan nyaman,gojek,google_play
2026-04-02 07:16:58,HENRI JULIAN,"Saya belom pernah daftar gopay plus Kenapa pas daftar gagal karena ID ktp saya sudah terdaftar,",gojek,google_play
2026-04-02 07:13:45,Dhimas Alfi,Sangat bangga bisa minggunakan aplikasi lokal pada awalnya. tapi dengan respon laporan terkait ketidaksesuaian produk yang saya Terima saat menggunakan aplikasi gofood 1 april 2026 lalu sangat mengecewakan. tidak solutif. Alhasil uninstall aplikasi ini jauh lebih baik,gojek,google_play
2026-04-02 07:09:56,Natasya Yulianti,okee baguss,gojek,google_play
2026-04-02 07:04:41,Harun Sunarso,mantaaaap,gojek,google_play
2026-04-02 06:59:55,Indah Wenda,foto wajah gak terbaca mulu,gojek,google_play
2026-04-02 06:54:14,Sutho Wijaya,"driver minta pembayaran lebih di luar aplikasi dengan alasan aplikasi lagi error,sudah di laporkan dan saldo sudah di kembalikan",gojek,google_play
2026-04-02 06:49:28,Bima Wahyudi,oke,gojek,google_play
2026-04-02 06:48:24,J&T Express Batam Cepat,bagus,gojek,google_play
2026-04-02 06:46:54,Dinda Zainuri,Kalo ngasih driver jgn yg jauh dari titik jemput. Terus drivernya suruh fast respon.,gojek,google_play
2026-04-02 06:39:50,Nelis Rosdianie,"Sangat terbantu banget dengan aplikasi ini, sering banget lupa bawa sesuatu yang penting ke sekolah, nah dengan apikasi ini selamat dech tugas ataupun sesuatu yang lupa bisa dengan cepat sampe ke sekolah.",gojek,google_play
2026-04-02 06:38:33,Rice renata,ok sip 👍🏻 mantap,gojek,google_play
2026-04-02 06:17:53,Cahyo Nugi31,murah bgt harganya gak kayak yg warna kuning,gojek,google_play
2026-04-02 06:16:45,Yongki Elektronik,gojek telat,gojek,google_play
2026-04-02 06:10:08,Valley Brons,mantap,gojek,google_play
2026-04-02 05:18:31,0nedha,for now okay,gojek,google_play
2026-04-02 05:14:08,Hanik Kholifatul ulla,aplikasinya bagus banget dan harga gojeknya pas di kantong,gojek,google_play
2026-04-02 05:12:20,Ginanjar Prayuda,aneh,gojek,google_play
2026-04-02 05:06:36,Jihan,selalu oke,gojek,google_play
2026-04-02 05:01:09,Rahmat Andri,"perasaan dari sekarang susah sekali cari drivernya , bahkan cari yang level comfort aja susah, agak kecewa",gojek,google_play
2026-04-02 04:48:04,Hardi Pae,Baik,gojek,google_play
2026-04-02 04:31:58,Ady Dangers,oke,gojek,google_play
2026-04-02 03:38:59,Junaidi Aja,sangat membantu,gojek,google_play
2026-04-02 03:28:23,Stephanus Triyana (Mastri),kerjasama dengan Tokopedia,gojek,google_play
2026-04-02 03:27:57,Amir Hamka,saya pengguna apk gojek dan gopay bahkan dari limit masih 500rb menjadi belasan juta sekarang tidak pernah mengalami telat bayar..saya kecewa karena telat beberapa jam dikarenakan jaringan dan tidak ada notifikasi saya dikenakan denda sebesar 50rb saya sangat kecewa seharusnya ada notifikasi atau himbauan atau dikenakan sangsi telat perdana saya sangat kecewa padahal sudah menggunakan apk ini lebih dari 3 tahun,gojek,google_play
2026-04-02 03:22:02,KING COC WAR,lelet,gojek,google_play
2026-04-02 03:21:51,Ridwan Pulungan,bagus dan mantap,gojek,google_play
2026-04-02 01:05:19,ibnu sapari,sulit dapat driver,gojek,google_play
2026-04-02 00:57:05,Wildan Cw,Drivernya suka batalin order,gojek,google_play
2026-04-02 00:43:15,Queen Nara,good,gojek,google_play
2026-04-02 00:33:33,bot gaming,semakin kesni aplikasi ini semakin aneh drver bnyak susah bnr ambil orderan padahal ga pernah gw pake orderan fiktiv kalo sudah g mampu dan g ada driver ttp aja aplikasi nya.. dan ini terakhir saya pake gojek mulai skrng ganti aplikasi lain,gojek,google_play
2026-04-02 00:26:19,Risa Yaliasari10,"sangat mudah untuk mencari kendaraan ataupun makanan, banyak promo juga terimakasih saya sangat suka dngn aplikasi ini",gojek,google_play
2026-04-02 00:19:59,Putri Harisa29,👍🏻👍🏻👍🏻👍🏻👍🏻👍🏻,gojek,google_play
2026-04-01 23:59:54,Syafa Nur,oke,gojek,google_play
2026-04-01 23:56:36,Sinta Spa,Is the best,gojek,google_play
2026-04-01 23:56:02,Madinah Lovelia Shaqile,Lumayan Bagus,gojek,google_play
2026-04-01 23:49:29,Yosua Edy saputra,ini skarang ongkir nya mahal bgt yah,gojek,google_play
2026-04-01 23:29:23,Wilson Wijaya,bagus,gojek,google_play
2026-04-01 23:24:52,Wili Kandar,sangat bagus,gojek,google_play
2026-04-01 23:23:47,Seftia Rahma,mahal sekali untuk gofood nya promo nya gaada,gojek,google_play
2026-04-01 23:10:57,Nadia Rahmah shopee,"SUSAH DAPAT DRIVER DI Kalsel Banjarbaru -Banjarmasin Jika dapat Driver lokasinya snagat jauh, tidak worit terlalu lama menunggu",gojek,google_play
2026-04-01 23:07:43,Burhan Kelana,"Terkhusus di BANJARMASIN, sangat di sayangkan saya dapat Driver terlalu jauh jaraknya, dan itu tidak terjadi hnaya sekali, TOLONG PERBANYAK DRIVER GOCAR, agar mendapatkan Driver yang dekat hanya berjarak 1 KM-2KM jangan sampai 5 KM, terlalu lama menunggu. Beda dengan aplikasi sebelah si kuning, sangat dekat Drivernya karna banyak ada dimana2. Semoga masukan saya dapat di Evaluasi lagi. Agar penggunaan Gocar tidak berpaling. Terima kasih",gojek,google_play
2026-04-01 23:01:00,aulia wdyat cahyaa,ngebantu banget buat kaum mageran,gojek,google_play
2026-04-01 22:55:57,Ema Maesaroh,...gratistis,gojek,google_play
2026-04-01 22:54:20,Basir Syahfutra,saya sangat kecewa sama Go-Jek tadi pagi saya TF dari Go-Jek ke akun dana dan seratus nya berhasil namun jumlah yang saya TF tidak masuk ke akun dana padahal bukti TF nya ada namun saya buat pengaduan tidak di respon . memang jumlahnya sedikit tapi sangat berarti buat saya .,gojek,google_play
2026-04-01 22:52:37,Supri Yanto,Sangat bermanfaat dan amanah,gojek,google_play
2026-04-01 22:47:24,bara alkautsar,top,gojek,google_play
2026-04-01 22:44:45,Sri Pretty,bagus,gojek,google_play
2026-04-01 22:43:42,Nita afandi,kenapa kalau habis hujan banyak driver ngak.mau anter penumpang ataupun makanan padahal ngk hujan.lagi kenapa nolak.rezeki saat hujan,gojek,google_play
2026-04-01 22:36:14,Sri Hartutik Tutik,"senang sekali, sangat membantu setiap saat",gojek,google_play
2026-04-01 22:29:42,Denis Purwayana,pengiriman cepat tepat waktu,gojek,google_play
2026-04-01 22:27:52,Dewi Damanik,Banyak banyak berbenah deh. Gak rekomen bgt ini aplikasi,gojek,google_play
2026-04-01 22:23:03,ratna eka,lama bgtt dapet drivernya posisi beli makanan,gojek,google_play
2026-04-01 22:22:47,Dika Setia kim,"sangat mengecewakan! go food tidak bisa chat penjual maupun driver, hanya menunggu yang tidak pasti, menunggu 1 jam alhasil penjual tidak respon!",gojek,google_play
2026-04-01 22:00:52,Marsya Fajrina Haya,"susah banget dapat driver, bukan susah lagi malah ga dapet samsek. drivernya juga bermasalah abis, dia nerima order gocar, tapi tiba"" chat lokasinya kejauhan dari lokasi dia. loh klo kek gitu kenapa dia terima??? alhasil harus saya yang cancel, klo gitu kan rating saya yang buruk ya?? dan kesel banget sama per ratingan costumer ini, kita klo driver nya salah tetap kasih bintang 5, ehh kita ada kendala sedikit entah berapa itu di kasih nya. selama ini saya pakai gojek ga pernah pas pasan bayarnya",gojek,google_play
2026-04-01 21:55:08,Arik Zaregan,makin lama makin menyebalkan...susah sekali dapat driver trs apalagi kalau pesan makanan..dah pasti kacau ..entah waktu dan rumah makan yang terlalu lama gak dapat driver...semoga aplikasi ini bangkrut,gojek,google_play
2026-04-01 21:47:31,Ellis Mhei,d butuhkan di waktu yg tepat,gojek,google_play
2026-04-01 21:45:33,Luqman Hakim,good,gojek,google_play
2026-04-01 21:40:20,Humas Polsek Jatiasih,Sangat membantu,gojek,google_play
2026-04-01 21:32:19,Amel Mina,mantaaaap👍👍👍👍,gojek,google_play
2026-04-01 21:31:32,Grey 05,"nyari driver lelet, udah kejadian gonta ganti resto karena harus nunggu sejam. orderan makanan saya baru di proses waktu ketemu driver sedangkan nyari driver aja bisa sejam bahkan lebih",gojek,google_play
2026-04-01 21:16:30,Sasuke 123,bagus,gojek,google_play
2026-04-01 21:15:16,Rozaq Arifudin,dear operasional minta tolong di tanggapi keluhan pelanggan terimakasih,gojek,google_play
2026-04-01 21:13:45,Sabrina Wardani,"jangan membebani driver dengan ambil untung banyak dong, kasian mereka udah panas panasan, hujan hujanan.. tapi untungnya cuma sedikit..",gojek,google_play
2026-04-01 21:08:50,gilang Ramdani,ok,gojek,google_play
2026-04-01 21:01:24,chealse alicia,susah dpt driver,gojek,google_play
2026-04-01 20:59:40,Augustnad,makin lama makin aneh nyari makan aja kudu mikirin nasib driver,gojek,google_play
2026-04-01 20:53:49,Azizah Khoirotun,bapuk makin susah aja dapet driver,gojek,google_play
2026-04-01 20:53:36,Denny Agus cahya,lama dapat driver,gojek,google_play
2026-04-01 20:52:18,RUMAHKU JOGJA1,bagus,gojek,google_play
2026-04-01 20:38:26,Denys Cahya,"biar bintang yg bicara. susah dapet driver, nunggu lama, sekalinya dapet minta cancel alesan jauh lah itu lah. tinggal nunggu waktu collapse aja lu.",gojek,google_play
2026-04-01 20:37:58,Huzaefah,mNtap,gojek,google_play
2026-04-01 20:37:16,T H,ok bgus,gojek,google_play
2026-04-01 20:32:45,abdullah perkasa alam daulay,😘😘,gojek,google_play
2026-04-01 20:31:06,Desinta Nurulazmi,"nunggu 30 menitt ga dapet"" sekalinua dapet jaraknya jauhh nunggu 5 menit drivernya tbtb dicancel seenak jidat 😡😡😡😡",gojek,google_play
2026-04-01 20:29:46,Achmad,good,gojek,google_play
2026-04-01 20:29:37,sysca sysca,baik,gojek,google_play
2026-04-01 20:26:02,nasgorvillain,kebanyakan cancel,gojek,google_play
2026-04-01 20:20:21,Astuti Damanik,ga lagi deh pake apk ini. bad!!,gojek,google_play
2026-04-01 20:20:19,agus rahayu,top,gojek,google_play
2026-04-01 20:17:55,Ribi Maulidya,aplikasi penipuan saldo ilang semua,gojek,google_play
2026-04-01 20:11:27,Rio Kuswanto,mantafff,gojek,google_play
2026-04-01 20:11:21,Niel Sidauruk,hapus aja paket hemat nya kalau driver ga mau bawa penumpang. terkhusus daerah Medan..,gojek,google_play
2026-04-01 19:59:58,Deno Suharti,"selama memakai aplikasi gojek,alhamdulillah puas.kalau mobil,biasanya bpk/ibu sopirnya bersih,mobilnya harum...",gojek,google_play
2026-04-01 19:55:28,Elayna pipiripuu,susah banget buat dpt driver akhir akhir ini,gojek,google_play
2026-04-01 19:46:30,Habib Rani,gampang banget kalo buat beli apa apa,gojek,google_play
2026-04-01 19:44:57,Anita GW CHANNEL,susah dpt driver,gojek,google_play
2026-04-01 19:38:06,Nana Una,sekarang.. kadang maps nya gak akurat. apalagi kalo gofood,gojek,google_play
2026-04-01 19:31:00,Zevanya Angelica detris,"sekarang kok susah banget ya nyari driver,padahal di peta nya ada gambar driver di sekelilingnya banyak,dan kalau dpt juga jauh.buang buang waktu aja",gojek,google_play
2026-04-01 19:30:53,Ruth anggreni Siagian,apk jelel,gojek,google_play
2026-04-01 19:22:59,ann _1876,sangat mengurangin kegiatan diluar dan membantu..,gojek,google_play
2026-04-01 19:19:20,Slamet bj,gojek sangat membantu yh saling menguntungkan,gojek,google_play
2026-04-01 19:15:31,Naufal Hilmi,tidak bisa ganti metode pembayaran,gojek,google_play
2026-04-01 19:13:26,rajab Lubis,baik,gojek,google_play
2026-04-01 19:12:48,Mukh Tarom,utk kebutuhan tranfortasi gercep,gojek,google_play
2026-04-01 19:10:51,Muhammad Noor,Sangat cocok untuk Kebutuhan sehari-hari,gojek,google_play
2026-04-01 18:58:34,Iyan Adipraja,mantap,gojek,google_play
2026-04-01 18:52:49,Edi Wahyudi,payah lama proses food nya oderan segala dable..makin ksni makin payah pelayanan gojek..food masa 2jm.mw cepet kudu bayar mahal..pinter bener nyari duit nya,gojek,google_play
2026-04-01 18:48:46,Dewi Rosita,senang dpt pemgendara yang baik hati,gojek,google_play
2026-04-01 18:48:40,eddy wiratmoko,😒,gojek,google_play
2026-04-01 18:48:07,Syahrini Ahmad,bagus banget aplikasinya,gojek,google_play
2026-04-01 18:43:10,Infi Nik,aplikasi sangat membantu,gojek,google_play
2026-04-01 18:36:12,Eli Sebastian,tdk jelas,gojek,google_play
2026-04-01 18:35:13,Arvi Aziza L. Y.,cari driver sejam sendiri,gojek,google_play
2026-04-01 18:34:37,Huk Bakery,aman nyaman tepat,gojek,google_play
2026-04-01 18:23:57,LUTHFI KHIYARI,pke lah,gojek,google_play
2026-04-01 18:15:00,Lis ta,like,gojek,google_play
2026-04-01 18:00:21,Yohanessaka Saka,sangat berguna,gojek,google_play
2026-04-01 17:55:25,RCB skincare id,Good banyak bonus,gojek,google_play
2026-04-01 17:46:26,Sultan Fachri septiana,bgus,gojek,google_play
2026-04-01 17:45:57,WildanfajaR Maulid,lamaa banget ngambil nya kaya apa banget sumpah lambat,gojek,google_play
2026-04-01 17:45:32,Nabilah Nasri,GA BANGET,gojek,google_play
2026-04-01 17:43:11,Yana Kucing,kmn2 lbh mudah pkai gojek,gojek,google_play
2026-04-01 17:37:51,Devy Herdiman,mantap,gojek,google_play
2026-04-01 17:36:55,Suhidi Hh,aplikasinya sangat memuaskan pembeli pengrimanya cepat barang aman,gojek,google_play
2026-04-01 17:36:05,Pejuang Keluarga,membantu sekali,gojek,google_play
2026-04-01 17:32:39,Zein Tech,"tolong dong itu driver carnya ,kalo ga niat narik kaga usah nyalahin aplikasi, kita udah nungguin sejaman, pada nolak gara gara macet, masalahnya di chat ga direspon sengaja biar kita cancel, kita costumer mau cancel kaga enak takut udah jlan, tapi malah drivernya sengaja ,buang buang waktu orng, tegasin lagi tuh driver driver begitu masih banyak yg butuh costumer",gojek,google_play
2026-04-01 17:29:19,Aris Cilik,baik,gojek,google_play
2026-04-01 17:28:52,cassa picture,mantap,gojek,google_play
2026-04-01 17:23:50,Saifulloh fitriansyah Fitriansyah,sangat memuaskan,gojek,google_play
2026-04-01 17:03:26,Ahmad Untoro,"bagus, nyaman...",gojek,google_play
2026-04-01 16:46:55,Chris Harry,sangat praktis,gojek,google_play
2026-04-01 16:46:33,rangga lawe,bermanfaat,gojek,google_play
2026-04-01 16:43:02,Mahmud Razaq,Alhamdulillah cepat... aman,gojek,google_play
2026-04-01 16:42:05,Agus Rosyid,Gojek memang tiada lawan dah yang lainnya maaf saya selalu setia dengan Gojek 🥰,gojek,google_play
2026-04-01 16:39:27,fatah tab,top markotop,gojek,google_play
2026-04-01 16:37:24,Diandra,"Ada apa dengan GO-JEK, aku dari tadi pesan GO-MART gagal terus ga dapet driver, sekalinya dapet malah di tolak. Padahal selama menggunakan GO-JEK ga pernah ada kendala sama sekali, baru kali ini dapet kendala saat mesan GO-MART, biasanya juga ga kenapa-napa, tolong di tingkatkan lagi.",gojek,google_play
2026-04-01 16:26:15,Achmad Ropi,baik pelayan sopir nya,gojek,google_play
2026-04-01 16:20:39,ELDE LIANDARI,pertahankan kualitasmu..bila perlu perluas pelayanan dan kualitas Gojek.. Semangat..Semangat..!!💪💪🔥🔥🔥👍👍,gojek,google_play
2026-04-01 16:20:33,Ashila Putri,ok,gojek,google_play
2026-04-01 16:15:37,ATRIATINI_KE11_363,good,gojek,google_play
2026-04-01 16:09:51,Rizka Bputri,bagus dan mudah,gojek,google_play
2026-04-01 16:08:45,risa Alayubi,saya uninstall aplikator terlalu serakah tidak memperdulikan driver,gojek,google_play
2026-04-01 16:05:23,Banten 98,gojek bisa anter jarak jauh gak sih iyaa?,gojek,google_play
2026-04-01 15:53:29,Ahmad Syahril Rizky,apk aneh cotumer komplen bukan nya di tanggalin,gojek,google_play
2026-04-01 15:50:37,Vino Norman,kereen,gojek,google_play
2026-04-01 15:43:57,Nafi Fakhrizal,makin lama makin ngaco aja pesen makanan 2 hari berturut2 g pernah dapet driver aplikasi ngawur,gojek,google_play
2026-04-01 15:43:26,siti humairoh,sip bagus,gojek,google_play
2026-04-01 15:39:23,intan edelweis,"sekarang gojek payah banyak driver yg kurang menyenangkan terutama driver gocar . sudah order , sudah nunggu lama malah gk bergerak posisi driver nya di chat gk di balas , di tlp gk diangkat .. sampai berjam2 gk dateng2 dn ttep gk bergerak . sampai gnti 6x driver sama saja ternyata banyak driver yang mengeluh ongkos gak sebanding sm jarak klo emang gak mau kenapa gk di batalin ajah biar kita gk nunggu berjam2 mreka pngennya kita yg cancel agar bintang mreka gk jelek kecewa banget sm gojek",gojek,google_play
2026-04-01 15:38:51,Neny Septiani,pelayanan bagus,gojek,google_play
2026-04-01 15:33:38,Hazimah Khayyirah,"jelek, sekarang dapet driver jadi lama tidak konsisten, ada driver yang posisinya dekat tapi malah dikasih yang paling jauh, jam ramai masih banyak driver kosong tapi tidak dikasih APLIKASI TERJELEK SEDUNIA. edit: masalahnya kak, bahkan aplikasinya sendiri juga sering tbtb loading dan gak bisa dibuka padahal kuota aku ada dan buka aplikasi lain aman, tapi pas buka gojek malah gabisa?? katanya ada kendala teknis??",gojek,google_play
2026-04-01 15:28:14,Christina Dewi,is the best,gojek,google_play
2026-04-01 15:24:46,CBU,ok,gojek,google_play
2026-04-01 15:23:43,Huda Modly,aplikasinya setiap buka selalu nge lag jarak motor masih jauh tiba² udh sampai aja tolong perbaiki lagi jaringan server nya jangan bikin lag,gojek,google_play
2026-04-01 15:23:20,Manta Tera,pokonya mantap,gojek,google_play
2026-04-01 15:06:14,Aderas Smaseh,memudahkan perjalanan,gojek,google_play
2026-04-01 15:04:53,7. AVEL,solusi buat gak ada yang bisa nganter,gojek,google_play
2026-04-01 15:00:59,Adisand Mates,terimakasih cepat dan yepat pelayanannya.,gojek,google_play
2026-04-01 14:58:54,Muhamad naufal fadhil,mantap,gojek,google_play
2026-04-01 14:50:56,Andri Suhedi,"saya sudah 3 tahun setia pakai gojek,dan baru kali ini saya sangat kecewa karena tidak ada layanan hemat lagi, dan saya sanagat butuh untuk transportasi berangkat maupun pulang sekolah, dan saya pindah ke grab karena hematnya ada terus",gojek,google_play
2026-04-01 14:48:00,Asep Yudiana,ok,gojek,google_play
2026-04-01 14:47:40,umi maliq,goodluck,gojek,google_play
2026-04-01 14:38:47,Satriani ani,aplikasi yg sngat membantu,gojek,google_play
2026-04-01 14:34:47,Pabrik Fiberglass Royalfibertech,bagus,gojek,google_play
2026-04-01 14:27:41,Wahyu Firmansyah,sangat membantu,gojek,google_play
2026-04-01 14:25:13,Nadhira Carolina,ok,gojek,google_play
2026-04-01 14:24:11,Keisya Divania,"perasaan dulu ga sesusah ini nyari driver, apalagi kalo pagi, beuhh ga dapet2 dah tuh sampe siang",gojek,google_play
2026-04-01 14:13:30,Uciez Pa,Good,gojek,google_play
2026-04-01 14:07:10,andri firmansyah,mantap pelayanan di aplikasi ini,gojek,google_play
2026-04-01 14:02:05,edi Junaedi,murah taripnya,gojek,google_play
2026-04-01 13:54:51,Ronan Arvinando,Best aplikasi transport online 😍😍,gojek,google_play
2026-04-01 13:45:36,Nieh Eni,ok,gojek,google_play
2026-04-01 13:40:19,Genk Solo,TOP,gojek,google_play
2026-04-01 13:40:15,Tinto Bagaskara,mantap,gojek,google_play
2026-04-01 13:15:47,Abu Hamzah,sangat terbantu cuman kasian bapak ojol banyak kena potongn,gojek,google_play
2026-04-01 13:04:51,Ak Sara,ok,gojek,google_play
2026-04-01 13:02:41,Yerlin waruwu,bagus,gojek,google_play
2026-04-01 13:01:08,Ibrar zikry,saya suka saya suka,gojek,google_play
2026-04-01 12:55:24,roberta pungki,"mantab, gigih mas drivernya cari alamat",gojek,google_play
2026-04-01 12:49:11,Gale Gul,sangat bermanfaat,gojek,google_play
2026-04-01 12:34:35,"P, By one",bagus,gojek,google_play
2026-04-01 12:33:20,martha rosmala,"Ga ada perubahan, pesen gofood ga dapet driver 1 jam lebih, sekalinya dapet di cancel dan mesti nunggu, akhirnya resto minta batalin karna ga dapet2 driver HARUSNYA BIKIN KETENTUAN DRIVER GA BISA CANCEL ORDERAN MASUK,, CUSTUMER UDH ISI GOPAY, PESEN MAKAN DAN UJUNG2 NYA DIBATALIN ITU NGERUGIIN BANGETTT",gojek,google_play
2026-04-01 12:29:38,Ananda Derra,ok,gojek,google_play
2026-04-01 12:26:46,awrel kayla,gblk aplikasi gaje drivernya pd ga niat kerja,gojek,google_play
2026-04-01 12:20:37,Arvino Tristan,baik baik ojolnya,gojek,google_play
2026-04-01 12:19:33,Allen Sulistio,bagus,gojek,google_play
2026-04-01 12:18:23,Reiz,Saya tidak akan berlangganan lagi. Sudah berkali-kali order diterima tapi tiba-tiba kena cancel padahal posisi driver sudah sangat dekat. Saya kena peringatan padahal bukan saya yang cancel,gojek,google_play
2026-04-01 12:08:18,Hikari Akira,i uX u hh,gojek,google_play
2026-04-01 12:03:37,kurniadwi,"selalu dapet diskon yang dar der dor, syukakkkk",gojek,google_play
2026-04-01 12:02:49,Yohanes Hendra,cepat sampai,gojek,google_play
2026-04-01 12:01:53,Yuningsih Yunie,puas.,gojek,google_play
2026-04-01 12:01:25,Pudi Hantoro,the best,gojek,google_play
2026-04-01 11:58:24,Aston Saja,"PROMO PINJAMAN, UNDIAN MOBIL, MOTOR, DST. AKAN DIUNDI 31 MARET 2026 SAMPAI SEKARANG TIDAK ADA PENGUMUMAN BOHONG BGT NIH APLIKASI SUDAH BUNGA TINGGI, TENOR PINJAM PUN, HANYA 2 BULAN TOK.",gojek,google_play
2026-04-01 11:53:25,Arizal Caesar Romadhon,"Aplikasi Gojek Lelet sekali, pantesan saja mahal! Kasih bintang 1 biar tau rasa!",gojek,google_play
2026-04-01 11:36:45,Desi Arisandi,amanah,gojek,google_play
2026-04-01 11:35:22,Paymin Paymin,bagus,gojek,google_play
2026-04-01 11:34:30,Sulthan Luqman,ok,gojek,google_play
2026-04-01 11:33:30,cahya cayyaa,"susah bgt cari driver untuk gofood, udah 2× dibatalin gara"" ga dpt driver",gojek,google_play
2026-04-01 11:30:21,Ibnu Persodo,ok,gojek,google_play
2026-04-01 11:17:14,Novi Novia,bagus,gojek,google_play
2026-04-01 11:16:59,Ruswiko Haris,okelah,gojek,google_play
2026-04-01 11:11:53,Ahsan Nur Khafii,ok,gojek,google_play
2026-04-01 11:09:12,dedik arsavin,ok,gojek,google_play
2026-04-01 11:08:40,Herman Sawiran,good,gojek,google_play
2026-04-01 11:06:37,Afrdynii,sangat membantu,gojek,google_play
2026-04-01 11:05:21,Nurjamal M32,mantab,gojek,google_play
2026-04-01 11:00:39,Azka Aufar,goood,gojek,google_play
2026-04-01 10:56:40,Arya Fahrulrozi,memuaskan terimakasih,gojek,google_play
2026-04-01 10:53:01,Sari Umiyatin,good,gojek,google_play
2026-04-01 10:47:37,iik khot,sangat membantu,gojek,google_play
2026-04-01 10:46:39,ahmad kahfi,good,gojek,google_play
2026-04-01 10:41:01,Abdul Habidi,on time,gojek,google_play
2026-04-01 10:31:24,Gustavo Gutta',rekomendasi,gojek,google_play
2026-04-01 10:20:20,Dandy Congo,mantappp,gojek,google_play
2026-04-01 10:10:47,I Ketut Gordeyase Mas,"gocar sangat baik pelayanan nya, khususnya dapat sopir yg baik² semua",gojek,google_play
2026-04-01 10:07:09,Alia Genial,enggak pernah kecewa sama apk inii love sekali semoga semakin sukses dan pertahanan kebaikan apknya walau sering eror aku ttap pengguna setia gojek apapun jenis layanannya...,gojek,google_play
2026-04-01 10:03:10,Ika Kartika,nyaman driver rapi,gojek,google_play
2026-04-01 09:56:08,Yatni Permana,good driver,gojek,google_play
2026-04-01 09:49:14,Herlina Herlina,"mantap,mempermudah sy utk bepergian n memesan makanan cepat........................",gojek,google_play
2026-04-01 09:39:49,Iin Elika,"akun tiba2 terblokir, katanya ada penyalahgunaan promosi, tapi gak dijelaskan situasinya. pengaduan ke aplikasi dan telp ke cs juga gak ada penjelasan, padahal sudah bertahun tahun pake gojek dan melakukan aktivitas seperti biasanya",gojek,google_play
2026-04-01 09:23:43,Farid Rudisyehlendra,gojek enak sekalii pollllll,gojek,google_play
2026-04-01 09:12:30,Yoyok Yuliyanto,Semoga selalu memuaskan pelanggan,gojek,google_play
2026-04-01 08:59:53,Dodi Suandi,mantap,gojek,google_play
2026-04-01 08:58:35,Naufal Maulana Y,sangat puas dan menyenangkan,gojek,google_play
2026-04-01 08:58:16,Gerald Awesome,mantab,gojek,google_play
2026-04-01 08:44:50,jem jem,good,gojek,google_play
2026-04-01 08:43:57,aulia amaliah,oke dah,gojek,google_play
2026-04-01 08:32:53,Fina Larawatti,"susah bgt dapet driver, ternyata dikasih rating rendahh,pdhl sering ngasih tip dan bintang 5 sama driver.. please perbaiki sistemnya biar costumernya bisa liat siapa driver yg suka ngasih rating rendah sama costumer.. dendam bgtt lagi jm lapar.. kalau udh nanti bintang lima",gojek,google_play
2026-04-01 08:32:04,D Bagas Dmwn,"sistem sampah gabisa hubungi resto itu sistem terjelek, ga bisa cancel makanan karna udah keambil resto. gw salah alamat, biasa app langsung ganti alamat pengantaran ini engga. sialan 50k ilang gitu aja.",gojek,google_play
2026-04-01 08:31:04,Eren Yeagers,"harga ongkir gofood sangat mahal, bahkan lebih mahal daripada harga satu porsi makanan yang akan dibeli",gojek,google_play
2026-04-01 08:25:16,patar mgurns,mantap,gojek,google_play
2026-04-01 08:25:15,WDI,"payah bayar gopay pinjam lancar sampai lunas ga telat2, mau ngajuin lagi di tolak.",gojek,google_play
2026-04-01 08:21:17,Arjuna Shifan,gojek apk bobrok nyari driver lama banget mending hapus saja bikin telat asu dancu,gojek,google_play
2026-04-01 08:18:37,Diana Novita,sangat membantu,gojek,google_play
2026-04-01 08:18:16,Imam Nurhadi,senang,gojek,google_play
2026-04-01 08:09:22,Asep bpm,smkin d tingkatkan kinerja nya,gojek,google_play
2026-04-01 08:06:28,Anissa 89,pokoknya sangat... dan sangat membantu😊👍👍👍,gojek,google_play
2026-04-01 08:02:13,rini kusuma,ok lah drpd ACI,gojek,google_play
2026-04-01 07:53:45,Haulillah Zaini,bagus gampang,gojek,google_play
2026-04-01 07:42:13,Nur Fya,"selaku pelanggan lama gojek agak kecewa ...krn sekarang sepeda listrik masuk k goride comfort, jujur gak nyaman tempat dudukan nya...bikin pinggang sakit..apalagi klo ada jln raya nya gak mulus sakit semua setelah naik goride comfort sepesa listrik...mohon d ubah donk gojek...please",gojek,google_play
2026-04-01 07:37:49,Pengguna Google,Pelayanan dan promo sudah baik,gojek,google_play
2026-04-01 07:35:28,Hollyono Toto,....aman dan bertanggung jawab👍,gojek,google_play
2026-04-01 07:26:26,Santa Tiara,pelayanan driver nya bagus,gojek,google_play
2026-04-01 07:24:38,Yatno Darwes,ok,gojek,google_play
2026-04-01 07:20:20,Agus Sunandar,mantap,gojek,google_play
2026-04-01 07:17:21,Andika Agustian,bagus,gojek,google_play
2026-04-01 07:04:15,Kharina Tri Cahyani,Terkadang gojek ini tidak pake baju gojek pakek baju biasahh kann risihhh kalo di gonceng,gojek,google_play
2026-04-01 07:03:35,Renseo Gabut,"lambat, aplikasi GK jelas ada driver di samping malah di kasih yang 1,9km gila gila. dah malah telat lagi bujg",gojek,google_play
2026-04-01 07:01:58,Frans Manurung,asik supirnya sama2 pernah di palembang,gojek,google_play
2026-04-01 07:01:24,Ria Maya,ni aplikasi kalau di gunakan pagi hari suka aja buat org telat!!!,gojek,google_play
2026-04-01 06:54:51,Miuna Louna,Suka banget 👍,gojek,google_play
2026-04-01 06:53:27,Danang Adi,kadang lama dapet driver nya,gojek,google_play
2026-04-01 06:52:15,Rakanero Valderiz,"driver lu pada manja manja, seenak jidat ngelayanin cust",gojek,google_play
2026-04-01 06:46:48,Hatta Saputra,aplikasi lambat,gojek,google_play
2026-04-01 06:45:17,Damas akbar Maulana,tumben gak ada promo hemat nih min hehhehehrhehhe biasanya ada kembali ke harga normal ya?,gojek,google_play
2026-04-01 06:40:18,Muhammad Budi Syahyamun,"mau pesen mobil susah banget udah pake mode pencairan cepat juga sama aja kalau misal ngak ada mobil,tulis aja ngak ada jadi kagak nunggu berjam² nyari kagak muncul²",gojek,google_play
2026-04-01 06:39:06,Alvi Maulidda oktavia,alah ga berguna lu jadi aplikasi dasar tolol maaf maaf ga nyaman tolol lu makin kesini servernya makin jelek ga bermutu bikin telat gua brgkt kerja monyet lu,gojek,google_play
2026-04-01 06:36:06,Priyatna Computer,parah driver sekarang pilih2 customer sama tarif tujuan ke sekolah pasti pelajar di cancel terus....kacau,gojek,google_play
2026-04-01 06:34:11,Aisy Rahman,"kecewa banget sama gojek, driver nya gaada yg mau terima program hemat, mending gausah di adain aja sekalian, aku mau sekolah jadi telat dan kena marah, padahal udah 30 menit nunggu gaada yg mau ambil, dahlah uninstall aja",gojek,google_play
2026-04-01 06:29:46,Indra Pratama,aplikasi paling lelet setiap pagi susah mencari driver sekali dapet langsung di cancel,gojek,google_play
2026-04-01 06:20:08,Andri Saputro,"Tukang Ojeknya sekarang banyak yang ga mau narik , mending pecat pecatin aja biar pada nganggur lagi",gojek,google_play
2026-04-01 06:20:07,Anaphalis Perdana,👍🏻👍🏻👍🏻👍🏻👍🏻,gojek,google_play
2026-04-01 06:04:55,Rafa Antoni,"lelet,mahal,jarak cuma 1km semahal itu",gojek,google_play
2026-04-01 06:01:16,Rizma Aulia,keren,gojek,google_play
2026-04-01 06:00:11,Rifqi Juani akbar,"aplikasi jelek, cuman buat telat aja, ga bisa diandelin, banyak driver yang lebih dekat tapi disambungin sama driver yang paling jauh",gojek,google_play
2026-04-01 05:40:33,Youknow Me,"layanan semakin buruk, baik dari layanan aplikasi yang semakin mahal dan banyak tarif lainnya serta pengemudi sekarang yg kurang loyal. saya pikir ini terjadi karena kebijakan dari gojek sendiri",gojek,google_play
2026-04-01 05:17:55,Annisa Dewi,kecintaan makhluk magerr,gojek,google_play
2026-04-01 04:32:50,Hardi Saputra,"login awal susah sekalinya gagal langsung nunggu 60 menit , kecewa 😑😑",gojek,google_play
2026-04-01 04:13:07,Arie Wibowo Nugroho,Sangat bermanfaat,gojek,google_play
2026-04-01 03:51:27,Sulistyo,"tolong untuk para driver nya di cek lagi, banyak sekali yang di luar ekspektasi, dateng pakai sendal lah, celana pendek, spion kiri gak ada, gak pake jaket go jek, sambil ngerokok, kalau perlu yang rate di bawah 4, langsung di Shut down akun nya",gojek,google_play
2026-04-01 03:50:02,Tirta Wardhana,"Smoga sukses n Sistem tolong di Rubah untuk Promo & Voucher khusus Coustumer or Pengguna Aplikasi Go-Jek Pelanggan,untuk Pemesanan or Orderan jngn terlalu Kelamaan untuk Mendapatkan Driver or pun untuk Pengantaran dri Driver. Spaya Mempermudah & Melancarkan untuk Pemesanan dri Aplikasi Go-jek. Trimakasih...",gojek,google_play
2026-04-01 02:25:06,Erwinsya Putra,"driver nya parah , g ada yg mau ambil padahal saya sdh minta tolong tapi g Da yg mau",gojek,google_play
2026-04-01 02:20:02,Amy Priswanti,"Saya bayar, sebelum bayar udah dipastikan voucher nempel. Pas udah bayar, malah voucher gak dihitung nempel & gak dpt cashback. Aplikasi Penipu!! 👎👎👎👎👎 sekarang ditambah lelet banget aplikasinya. 👎👎👎👎👎",gojek,google_play
2026-04-01 01:41:47,Wiyono Wiyono,22o,gojek,google_play
2026-04-01 01:29:10,Parluhutan Gultom,ok,gojek,google_play
2026-04-01 01:23:36,Raisya Mahira,makin keerrreen aplikasi nya,gojek,google_play
2026-04-01 01:20:51,Rendi Dovala,"TOLONG DONG UNTUK DEVELOPER / IT SUPPORT / SEARCH ENGINE APLIKASI GO JEK, ini loh banyak sekali dari oknum driver kalian yang masih tidak tau aturan lalu lintas ( lampu lalu lintas, Marka jalan, symbol plang di pinggir jalan, dll ) tolong untuk lebih di ketatkan lagi dan apalagi banyak oknum yg provok. Dan tolong juga nih di perhatiin untuk costum drivernya kalau bisa di berikan gratis/berbayar dalam jangka waktu 1-3 tahun sekali,karna banyak driver kalian yg costumnya udh rusak/sobek/dll.makasi",gojek,google_play
2026-04-01 01:04:52,Annisa Puspita .S,ga ada perubahan. klo complain ke cs pun ga akan ngasih solusi yg terbaik buat cust. mendung dikit aja pasti susah dpt driver. jarang bgt juga dapet driver yg ramah & sopan. intinya kureng makanya ku pindah ke sebelah,gojek,google_play
2026-04-01 00:53:47,Muhamad Andry,diskon nya tidak ada dan gratis ongkir nya sangat sedikit,gojek,google_play
2026-04-01 00:29:52,Misran,sesuai kemauan konsumen👍👍,gojek,google_play
2026-04-01 00:22:03,Muhammad Furqan,nicee,gojek,google_play
2026-04-01 00:06:43,Sulistyo Ning,apk goblok di nteni suene neni malah raono tukang ngeterno ne picek tuwas ngenteni kaliren,gojek,google_play
2026-04-01 00:03:02,Bilqisthi Khuril Wazni,anehh padahal ga pake ongkir hemat pun dapet drivernya susah bgttt bisa sampe 2 jam 😭,gojek,google_play
2026-04-01 00:00:37,Rahmad Eko Prabowo,"3 jam nunggu driver ga ada driver mulu, error ni apk",gojek,google_play
2026-03-31 23:57:17,Echa Karundeng,selalu pajak Gocar,gojek,google_play
2026-03-31 23:36:16,Eko Hs,Bagus,gojek,google_play
2026-03-31 23:22:08,Angga Rama Putra,jelek banget malam dikit susah dapat driver norak,gojek,google_play
2026-03-31 23:21:52,Mita Permatasari,Entah sistemnya yang bobrok atau gimana ya sampai driver goride dll pada gamau ambil orderan.. kadang tuh klo urgent kita jadi bingung.. udah males pake gojek kalau nunggu goride aja bisa sampe 10 menitan gada yang mau angkut padahal harganya udh naik banget.. alhasil ku pilih ijo yg disebelah bayar pake cash yang penting cepet dapet drivernya.. sangat mengecewakan gojek sekarang.. jangan kebanyakan korup makanya.. 🙏,gojek,google_play
2026-03-31 23:06:26,Krisyanto Wahyudi Wijaya,"Armada buat di bandara diperbanyak lah, gila aja list antriannya sampe 30",gojek,google_play
2026-03-31 23:01:51,Akmal Kdy jfg kgh htg gdg,"udah di apdet pula, apdet mulu anying, nunggu 1 jam gila', februari 31 maret 2026, gak tawu gak mood gua lapar dan gua udah pesen makanan dari resto lain, disuruh nunggu driver sebelum makanannya di kemas, padahal mah resto lain s.o.p nya kagak gitu, inisial geprek bassmallah, + juga kagak bisa di pencet untuk chat resto gila' kontlolodon apatis kelen, yaelah kesalahan sistem anying harus out dulu dari gojek, karena warungnya lupa matiin kontlolodon",gojek,google_play
2026-03-31 22:51:48,CemonX 88,LauMayanLah' dariPada LauManyunLah..,gojek,google_play
2026-03-31 22:43:18,Gihan Pratama Yoga,"sangat membantu dalam banyak aktifitas, pergi pesen makan atau minum dan progam program lain nya.",gojek,google_play
2026-03-31 22:41:58,Khalisa Aiza Nurfakhira,mantap 👍,gojek,google_play
2026-03-31 22:30:54,Eri Hermawan,Tolong kesejahteraan driver di perhatikan ya. bisnis memang cari untung sebanyak. tapi jangan lupa jasa driver yang jadi ladang penghasilan gojek. terimakasih.,gojek,google_play
2026-03-31 22:17:00,Miftah Fauzi,cepat,gojek,google_play
2026-03-31 22:12:47,Dede Risdianty,"Gatau kenapa udah hampir semingguan ini susah dapat driver, kata nya karena ada kebijakan sistem (dari komen driver di tik tok) yang membuat driver cuman dapat sedikit dari hasil.",gojek,google_play
2026-03-31 22:04:11,Neneng,"Lama susah cari driver ketika di butuhin, kadang sampe sejam",gojek,google_play
2026-03-31 22:00:40,Shugenk Riyadi,mending pake ijo sebelah lebih manfaat . ini aplikator korup.,gojek,google_play
2026-03-31 21:57:49,nano Elektronik,oke,gojek,google_play
2026-03-31 21:34:45,Chntyxnkdr,GOJEK BIKIN FITUR BUAT PEMBATALAN GOFOOD DONG! SUSAH BANGET KALO SALAH PESANAN MAU NGEBATALINNYA KUDU NUNGGU 1 JAM ORANG UDAH MATI KELAPARAN. KALO TERLALU JAUH TUH DRIVER GAADA YANG MAU AMBIL PESANAN! KITA KONSUMEN JUGA KALO UDAH KELAPARAN SUKA GA BACA ALAMAT WARUNG NYA,gojek,google_play
2026-03-31 21:31:40,Gatot Kenzie,sipo,gojek,google_play
2026-03-31 21:30:04,Sarimah Fitriani,bagus pelayanan nya,gojek,google_play
2026-03-31 21:14:14,Dwi Novita,ramah,gojek,google_play
2026-03-31 21:12:19,Nana Kripkrip,ok,gojek,google_play
2026-03-31 21:03:38,Afiqa Putri,wah,gojek,google_play
2026-03-31 21:01:09,Rizki Putra Pratama,sangat membantu dalam kegiatan sehari hari,gojek,google_play
2026-03-31 21:00:54,Marjono Thimothi,ok,gojek,google_play
2026-03-31 20:58:25,Fenny Permata,"kalo buat pesen gofood selalu lama banget nganternya dan dapet drivernya juga suka lama bahkan sampe gak dapet driver dan kalo pesen buat nganter orang juga lama dan selalu dapet driver yang jaraknya jauh-jauh, sama kalo pembayaran menggunakan cash driver selalu bilang gak ada kembalian terus sebel jadinya😡😡😡😡",gojek,google_play
2026-03-31 20:57:25,Ishar Qualva,Good... 👍,gojek,google_play
2026-03-31 20:46:16,juandi rosandi,"sekarang susah cari driver, dapat kadang posisi jauh2",gojek,google_play
2026-03-31 20:43:19,azkadina putri,"hem, bagus",gojek,google_play
2026-03-31 20:36:12,Naufal I.F,"lumayan kecewa gw ama sistem aplikasi, utk cari go ride susah sekali dan selalu dapat yang jauh-jauh. belum lagi tiba tiba drivernya cancel walaupun deket. kecewa gw anjg ama sistem apk ini",gojek,google_play
2026-03-31 20:22:13,Arma Rh,kenapa ya gofood sekarang susah banget untuk dapat driver?,gojek,google_play
2026-03-31 20:20:54,Hans weltry,memuaskan,gojek,google_play
2026-03-31 20:14:02,perdian dreiano,"susah bgt dapat driver food, mana gk bsa cancel lagi hrus nunggu 1 jam lebih baru bisa di cancel. tolong ubah dong sistemnya bisa di cancel 15 menit paling lama. ini gmna sih kecewa bgt. dlu aman2 aja skrng knpa bisa gini.",gojek,google_play
2026-03-31 19:51:45,Guno Trisetio,"pelayanan cepat, tidak ada bug, gacor",gojek,google_play
2026-03-31 19:34:13,Pengguna Google,kalau pagi sulit buat dapat gojek & sering di minta cancel oleh driver,gojek,google_play
2026-03-31 19:34:12,Muhammad Bilal ramadhan,"mohon untuk di atasi untuk penjemputan yang lama,di karenakan memakan waktu dan tidak worth it dengan harga yang di berikan kepada customer, di mohon untuk pihak Go-Jek melakukan pembenahan agar customer tidak harus menunggu lama dan jenuh, jika menunggu 5 menit untuk mendapatkan driver baik baik saja, tapi ini lebih dari 30 menit, bahkan sampai 1 jam lebih menunggu driver yang tidak kunjung datang, jadi mohon di dengar untuk keluhan user/pengguna",gojek,google_play
2026-03-31 19:25:04,Ahmad Adifa,lama kalo cari driver nya,gojek,google_play
2026-03-31 19:22:42,Novi rahma utami,ini kenapa sih aplikasi nya di download ga jalan jalan padahal internet lancar,gojek,google_play
2026-03-31 19:20:43,22bersenyum manis,sayang nya mahal ongkir makan,gojek,google_play
2026-03-31 19:17:16,Afni Wirda,emang oke gojeknya tepat waktu ramah baik,gojek,google_play
2026-03-31 19:00:08,Beriel Musthofa,Aplikasi susah sinyal,gojek,google_play
2026-03-31 18:55:33,Wirdiata Jnanayaka,mantap,gojek,google_play
2026-03-31 18:53:17,Nasution Renovasi Bagunan,bagus,gojek,google_play
2026-03-31 18:46:15,Raffa Febrian,dapet driver lama banget sumpah bikin telat aja,gojek,google_play
2026-03-31 18:36:49,azzatrulala,"baguss bangett, banyak promo, ga nyesel download gojek selama ini. ter the best💗✨",gojek,google_play
2026-03-31 18:34:46,Donatz Corleone,"susah mendapatkan driver, saya kesulittan untuk berangkat atau pepergian, karna tidak ada driver yang mengambil orderan",gojek,google_play
2026-03-31 18:34:33,Rini Swandana,menyenangkan,gojek,google_play
2026-03-31 18:33:44,Rezaa Fazry,dr 2017 SMP skarang 2026 best dll pkai apk gojekkk,gojek,google_play
2026-03-31 18:31:54,Yehezkiel Margiyanto,cepat sampai tujuan,gojek,google_play
2026-03-31 18:29:20,Maureen Jansen C,knp selalu menyediakan promo & fitur goride hemat padahal pengemudi jarang yg mau ambil. Klo fitur hemat driver sering nolak. Buang2 waktu apalagi udah ditunggu ujung2 nya cancel sepihak!!,gojek,google_play
2026-03-31 18:13:17,Zaki Hidayat,nyaman,gojek,google_play
2026-03-31 18:01:14,Azzqb,"Aplikasi nya bagus, tapi tolong masa karena sistem nya error gara gara pesan makanan lewat go food",gojek,google_play
2026-03-31 17:53:18,Rahma Jibril,akhirnya aplikasi nya kembali normal lagi,gojek,google_play
2026-03-31 17:47:44,MOIRA KORESH,kewrennn,gojek,google_play
2026-03-31 17:40:25,Mer,Make everything easier.,gojek,google_play
2026-03-31 17:34:29,Madi Rahmadi,aplikasi ini sangat baik untuk di gunakan,gojek,google_play
2026-03-31 17:23:14,Dava Syarifudin,"Udah ke sekian kalinya saya memesan makanan udah nunggu beberapa menit tapi driver gak di temukan ini gimana !, pada kemana coba padahal perkota kan banyak",gojek,google_play
2026-03-31 17:19:47,Sukho,Good job bro,gojek,google_play
2026-03-31 17:07:16,Bahru din,ok lah,gojek,google_play
2026-03-31 17:06:13,Moch Fazril,"hadeu sangat susah dapat driver padahal lokasi para driver nya dekat, tolong d perbaiki lagi",gojek,google_play
2026-03-31 16:58:17,Latisha Haira,bagus bisa beli yang kita mau,gojek,google_play
2026-03-31 16:49:27,Ari Sugiyarto,TOP,gojek,google_play
2026-03-31 16:44:11,zaydan hails,pokoknya bagus,gojek,google_play
2026-03-31 16:43:55,So Na,pokok nya baguss,gojek,google_play
2026-03-31 16:36:36,Jery Borland,nyaman,gojek,google_play
2026-03-31 16:33:23,Najmi Khaira,baik,gojek,google_play
2026-03-31 16:33:09,Eko Setia,semoga semakin sukses di dalam melayani dan semakin baik,gojek,google_play
2026-03-31 16:20:04,Veronica 0401,gojek bnyk penipuannya y skrng,gojek,google_play
2026-03-31 16:17:49,Giyanti Masage,aplikasinya sekarang ndak sip,gojek,google_play
2026-03-31 16:10:05,Nanda AlRamadhan,entahlah kalo mulai mendung para driver pilih2 penumpang,gojek,google_play
2026-03-31 16:08:45,Indra Mardhani,"kesan pertama mengecewakan, dikasih promo tapi dapet driver yang aneh, pertama abangnya gak jalan2 dan kedua juga sama, tunggu lama gak jalan juga dan baru driver ke 3 tanpa promo drivernya baru reapon cepet dan langaung jalan",gojek,google_play
2026-03-31 15:56:29,Fatimah Happyshopping,bagus nganterin saya 🙋kapan saja,gojek,google_play
2026-03-31 15:53:28,poltak hasudungan,mana no customer service gojek driver nya?,gojek,google_play
2026-03-31 15:43:37,Daniel Aryawan,pelayanan bagus👍🏻🙂,gojek,google_play
2026-03-31 15:38:35,key,"banyak promo, mantapppp🔥",gojek,google_play
2026-03-31 15:35:19,Mustika Farma,drivernya Ndak sopan karna motornya hampir nyeruduk pintu kaca apotek.,gojek,google_play
2026-03-31 15:28:38,Ickhar Jili pratama,gajelas driver pilih pilih banget aplikasi gj hapus dri playstore aj,gojek,google_play
2026-03-31 15:07:31,zacky wow raditya,"good aplikasi, rekomendasi untuk yang mau berpergian",gojek,google_play
2026-03-31 15:07:22,Andriana Rahman,good,gojek,google_play
2026-03-31 15:04:22,Nofri Yanti,suka dg aplikasi ini sangat membantu,gojek,google_play
2026-03-31 14:54:38,Ani Lestari,terimakasih Sampai tepat waktu,gojek,google_play
2026-03-31 14:49:03,Mauana Hidayat,ok mantap,gojek,google_play
2026-03-31 14:45:22,Ron Imron,pelayan aman sopan,gojek,google_play
2026-03-31 14:43:02,Ikhsan Setyo,Bagus dan cepat saat memesan gojek dan prosesnya tidak lama,gojek,google_play
2026-03-31 14:35:46,Watiyem Mm,"kenaoa aplukasunya dibuka lelet banget serink blank putih,padahal saya sering banget pakai gojek",gojek,google_play
2026-03-31 14:33:10,Amrullah,sangat membantu disaat saat yg mendedak,gojek,google_play
2026-03-31 14:30:07,Fauzan Ramadhan,bagus,gojek,google_play
2026-03-31 14:28:44,FAHRUL PATTIKUPANG,good,gojek,google_play
2026-03-31 14:26:22,Ham Mdc278,aplikasi terbaik dan terbagus,gojek,google_play
2026-03-31 14:10:58,Kristina Tina,terima kasih,gojek,google_play
2026-03-31 14:10:52,Sakhuri,memuaskan,gojek,google_play
2026-03-31 14:01:18,Kartika Fitrazari,"driver gojeknya kurang ajar, numpang berteduh di depan rmh orang tp motornya di naikin sampe hampir nyeruduk pintu rmh, di kasi tau baik2 malah nyolot. gimana sih ini gojek milih driver tp TDK sopan.",gojek,google_play
2026-03-31 13:59:19,Muh Ridwan,Mantap...,gojek,google_play
2026-03-31 13:55:54,Hary Anto,keren,gojek,google_play
2026-03-31 13:53:32,MyCha Dwi,"ini aplikasi gocar saya ko gk bisa dipakai kenapa saldo saya masih banyak,, pengen ngamuk saya kalau gini, semakin error aja ini",gojek,google_play
2026-03-31 13:46:15,Safia Maulida,sangat membantu,gojek,google_play
2026-03-31 13:45:56,unay bastiansyah,memuaskan,gojek,google_play
2026-03-31 13:45:25,kriss boy channel,"Murah,cocok buat berangkat kerja",gojek,google_play
2026-03-31 13:38:17,Salsabhila Nazhifa Amelia,bagus,gojek,google_play
2026-03-31 13:34:16,Muzie Taher,"Solusi terbaik,untuk menghemat waktu",gojek,google_play
2026-03-31 13:32:22,kareen draka,bagus aplikasinya lancar buat transportasi luar maupun dalam kota.,gojek,google_play
2026-03-31 13:24:54,Zaky Kiya,Bagus banget cepat,gojek,google_play
2026-03-31 13:24:09,Farah Dwi destaviani,BESSSSSTTTTT,gojek,google_play
2026-03-31 13:18:12,Marno Marno,ya gitu deh,gojek,google_play
2026-03-31 13:11:19,pemi mjp,baguss,gojek,google_play
2026-03-31 12:56:45,Nizar Zaidi Hasfi,cakep,gojek,google_play
2026-03-31 12:56:32,Ilham Musidiq,good,gojek,google_play
2026-03-31 12:51:23,Mery Andriana,"kebiasaan ngasih driver yang jauh, orang butuh cepat jadinya telat terus walaupun udah pesan 30menit sebelumnya",gojek,google_play
2026-03-31 12:46:10,Ferri Nita Kumalasari,bagus,gojek,google_play
2026-03-31 12:46:02,Maulana Maulana,sagat bagus dan membantu,gojek,google_play
2026-03-31 12:43:33,shrantingjetisjogja,ok,gojek,google_play
2026-03-31 12:42:00,Agung Kurnia,"order driver lama,kalo sekalinya dapet,jaraknya jauh,sama drivernya juga suka nge cancle,karna dari aplikasinya.",gojek,google_play
2026-03-31 12:36:30,Samsung Galaxys23fe,terbantu sangat 1.untuk perantauan seperti saya terkadang jalan yang saya ga tau jadi tau 2. merasa aman ga takut kesasar 3. terbantu untuk transportasi umum bila butuh cepat dan tepat waktu,gojek,google_play
2026-03-31 12:30:34,Eko Saryanto,mantappp,gojek,google_play
2026-03-31 12:27:32,Fernando Panjaitan,grab lebih bagus ada fitur cod kadal Ama biawak,gojek,google_play
2026-03-31 12:21:42,MuhammadUjang Ujang,mudah di dapat drivernya begitu juga metode pembayaran nya bisa tunai dan gopay,gojek,google_play
2026-03-31 12:10:52,Diah Iswoyo,orangnya ramah enak diajak komunikasih😍😍,gojek,google_play
2026-03-31 12:10:06,ERLINA YULIANI,dapet driver jauh terus deh.,gojek,google_play
2026-03-31 12:07:09,Siti Patimah,sangat baik,gojek,google_play
2026-03-31 12:00:55,Aqwam Thariq,"Memudahkan kebutuhan kita sehari-hari, baik transportasi maupun pesan makan online",gojek,google_play
2026-03-31 11:59:53,Juliantara XD323,"saya beli kuota, malah nga masuk, aneh bgt, padahal saya pakai kerja lo, klo mau korup jangan sama rakyat kecil,",gojek,google_play
2026-03-31 11:59:36,Roeihsadzi,"Sangat memudahkan klo naik gojek atw gocar,cm klo anak saya mau brgkt sklh pg,knp GK ada yg mau order ya,apa ongkos nya murah.saran saya klo anak sklh pergi pg,tlg dong di respon,jd anak saya GK bolos lg.",gojek,google_play
2026-03-31 11:50:17,endang lestari,oke,gojek,google_play
2026-03-31 11:42:01,Ipoer 1604,Pelayan & respon mantaps,gojek,google_play
2026-03-31 11:41:06,muhammad malik SF,"driver pada males, pilih² orderan. kalo trip deket ga ada yang mau ambil",gojek,google_play
2026-03-31 11:35:43,Agen 188,OK,gojek,google_play
2026-03-31 11:31:36,XXX TENTACION,"login akun dan memetakan lokasi lama untuk penguna baru. bisa 10menit+. alasan jaringan ngak ada, padahal bagus lancar",gojek,google_play
2026-03-31 11:06:34,Wilman Pratama,"tengah malem laper susah nyari driver, sampe tokona tutup-_-",gojek,google_play
2026-03-31 11:06:23,Rico Ronaldo,Nice aplication easy for Journey,gojek,google_play
2026-03-31 10:54:20,NAUFAL,banyakin promo,gojek,google_play
2026-03-31 10:35:28,Wendra Munib,mantap,gojek,google_play
2026-03-31 10:35:26,Rp 750,app status Mitra rasa karyawan kebijakannya sangat jelek,gojek,google_play
2026-03-31 10:33:31,Otak Atik,"payah susah dapet driver giliran dapet di cancel lagi mau ngirim barang susah bener bayar pake gopay gak bisa knp jadi banyak amat masalahnya akhir"" ini",gojek,google_play
2026-03-31 10:27:34,Ipa SS,good,gojek,google_play
2026-03-31 09:55:59,Nurhiyanto Wahyu,sangat suport nyaman dan aman,gojek,google_play
2026-03-31 09:53:14,Eris Suryadi,muantap,gojek,google_play
2026-03-31 09:45:06,Asrori Yahya,layanan cepat dan mudah,gojek,google_play
2026-03-31 09:35:58,jae_054,baik,gojek,google_play
2026-03-31 09:24:58,Rahmad Efendi,ok,gojek,google_play
2026-03-31 09:19:45,Edi Suryanto,aplikasi masa kini yang sangat membantu,gojek,google_play
2026-03-31 09:17:24,Arif Alhabsi,mantap pokoknya,gojek,google_play
2026-03-31 09:17:04,AL,byk GOCAR SERING MENYETUJUI tp tdk merespon chat dan tdk datang,gojek,google_play
2026-03-31 08:43:55,luh Putu,ok,gojek,google_play
2026-03-31 08:40:46,Ardy Anggriawan,👍,gojek,google_play
2026-03-31 08:13:56,Richard Nbbn,Pokonya bagi saya pengguna Apknya bagus deh....,gojek,google_play
2026-03-31 08:05:52,Edho M Rosyid,Rating bagus tapi jadi yang paling sering dirugikan gojek.,gojek,google_play
2026-03-31 08:04:03,A. Andini Dinda Adisqa,"sy pesan makanan dekat rumah tp malah drivernya ambil pesanan saya trus terima orderan lain dan itu lokasinya di Pallangga jauh dari lokasi saya di sungguminasa. mana drivernya gabisa dihubungi, anak saya sampe udah kambuh maagnya nungguin muntah-muntah dia, dan pesanan jg gabisa dibatalin terpaksa pesan dua kali tp bayarnya dua juga",gojek,google_play
2026-03-31 07:40:28,Dimas Kris,Mantaap,gojek,google_play
2026-03-31 07:36:22,Ajat Sudrajat (Adjedoang),Mantap,gojek,google_play
2026-03-31 07:17:14,Chandra Pradipta,Aplikasi penagih hutang,gojek,google_play
2026-03-31 07:14:58,IDN AINUN,👍👍👍,gojek,google_play
2026-03-31 07:14:27,Nuryadi Yadi,Baik.,gojek,google_play
2026-03-31 07:13:37,andi shevchenko,"enak, murah, bisa paylater juga😍👍🏻",gojek,google_play
2026-03-31 07:09:19,Eriska Widianti,bisa diandalin saat keburu-buru,gojek,google_play
2026-03-31 07:06:50,Indratno Amd,"untuk anter sekolah anak driver jemput perjalanan 9 menit,sesek ngak tu... mau cancel kasihan nunggu kelamaan. apa ngak ada driver terdekat wooii...gojek",gojek,google_play
2026-03-31 07:06:42,Dip Yuw,siiip,gojek,google_play
2026-03-31 06:57:09,Arya Harmadika,sngat membantu,gojek,google_play
2026-03-31 06:55:46,ellaa,"ngga ngerti lagi sama ini apk lelet bgt, udh pake harga yg paling mahal tapi ga dapet driver🥰🥰",gojek,google_play
2026-03-31 06:54:47,Ika Invansona,ok,gojek,google_play
2026-03-31 06:51:39,Fitria Nova,kenapa sekarang pesen Go Ride itu lama banget gak ada yg ngambil pesenan yah... bayar dah normal kadang ngasih tip juga,gojek,google_play
2026-03-31 06:45:54,Fahri Joe,SEMAKIN MAHAL dan TIDAK REKOMEN 🥵,gojek,google_play
2026-03-31 06:41:40,Dikha,lama dapet driver telat mulu anjjggg,gojek,google_play
2026-03-31 06:41:36,Hendra Saputra,"pesanan lama, pas dapet driver posisi jauh , gojek udah bodoh",gojek,google_play
2026-03-31 06:39:43,Ardany Arlita,makin sulit cari driver perbaikin dong sistem nya kasian user yang jadi korban,gojek,google_play
2026-03-31 06:34:48,Satu Enam,"lelet banget bikin sya telat sekolah,udh di booking dr awal waktu aja masi gada yg bsa d dapet",gojek,google_play
2026-03-31 06:28:14,Ubil Ubil,susah dapet gojeknya,gojek,google_play
2026-03-31 06:25:32,Pponyo Picolo,"sekarang nyari driver susah, pada ga MW ambil",gojek,google_play
2026-03-31 06:23:38,FAIRUZTRANS,tolong banget nih kak goride hemat tolong cepetin pencarian driver nya mak,gojek,google_play
2026-03-31 06:21:36,SEPTIA PUTRA,suka susah dapat driver gak rekomend bat payah,gojek,google_play
2026-03-31 06:20:56,Gilang Goper,puas,gojek,google_play
2026-03-31 06:17:42,Fadhlurrahman NF,ok,gojek,google_play
2026-03-31 06:16:08,Arsyilla Syilla,mempercepat perjalanan apabila dibutuhkan,gojek,google_play
2026-03-31 06:08:03,Firman Syah,"selalu susah dan tidak dapat driver kalo pagi pagi order, padahal pagi itu jam jam rawan anak mau berangkat sekolah... sekelas gojek ga ada yang bersedia",gojek,google_play
2026-03-31 06:05:35,Hagai gabriel L.T,tolong lah gojek jangan rakus akhir akhir ini driver jadi makin jauh dapet lokasi saya tau maksud fitur yang baru yang tambah 3000 untuk cari driver lokasi dekat tapi bukan begini,gojek,google_play
2026-03-31 05:53:00,Nur Halim Alma'mury,menyenangkan....,gojek,google_play
2026-03-31 05:52:28,Putri Kholifa,"susah sekali dpt gojek, sudah pakai yg paling mahal pun ditolak, 30 menit nungguinnya.",gojek,google_play
2026-03-31 05:39:14,Yuma,ini kenapa ya saldo kepotong 72.000 padahal order gocar gak dapat??? sudah yang kedua kalinya nihhh kacauuuu!!,gojek,google_play
2026-03-31 05:27:19,Disney Family,"hati2 para pelanggan, saya memakai app ini sdh sgt lama dan hr ini sy sgt kecewa krn 3 hari lalu sy memesan makanan tp 2 item oleh resto di bilang abis, bgtu makanan tiba sy byr driver lgsg tancap gas tanpa memberi sy uang kembalian dan lngsung di end chat. sy buat laporan hingga 3 hr bertele2 di minta foto berulang kali n di blg gk bs lapor sth 24 jam pdhl sy lapor saat itu jg tp pihak gojek yg sengaja meresponnya keesokan hari. Hati2 aja para pengguna app gojek jika beli makanan.",gojek,google_play
2026-03-31 05:18:56,Syafiq Mochammad,👍,gojek,google_play
2026-03-31 04:59:47,Vemby Aditya Herman,"APK OJEK MAKIN GOBLOKKKKKK, GADA BAGUSNYA KNTL",gojek,google_play
2026-03-31 04:52:13,Putra Kurnia,driver nya pilih pilih,gojek,google_play
2026-03-31 04:49:04,cor chon chanel,"bnyak driver nakal,, diapliksi tulisnya 12rbu glirn byar mintanya 30rbu.hati"" klo plat beda dgn nmor yg trcntum diaplksi jgn mau.hnya modus.",gojek,google_play
2026-03-31 04:32:59,Muhammad Sukron,tolong drivernya yang kompeten saya sudah nunggu lama udah sampai di cancel,gojek,google_play
2026-03-31 02:59:51,Devi Firdaus,great app,gojek,google_play
2026-03-31 02:14:52,Rendi Prtma,mantp,gojek,google_play
2026-03-31 02:02:12,Veri Kurniawan,cs layanan nya jelek ga member solusi,gojek,google_play
2026-03-31 01:53:58,Elseria Naibaho,DRIVER TERSEBUT (DALAM GAMBAR SCREENSHOT TERLAMPIR) MELAKUKAN PELANGGARAN DALAM MEMBERIKAN PELAYANAN KEPADA SAYA SELAKU PELANGGAN !,gojek,google_play
2026-03-31 00:35:42,gagan sugandiatmawijaya,Bagus,gojek,google_play
2026-03-31 00:19:06,rre,Bagus banget aplikasinya🥺,gojek,google_play
2026-03-31 00:01:01,yatno back,Mulai bosok 🤣,gojek,google_play
2026-03-30 23:38:29,fikri manda,terimakasih,gojek,google_play
2026-03-30 23:32:37,Sumardi Laga,segala sesuatu menjadi lebih mudah,gojek,google_play
2026-03-30 23:28:27,Kartika Islamiya,"bagus applikasi nya cuman buat gofood banyakin voucher gratis ongkir, untuk transaksi under 20 ribu dong 🙏🏻",gojek,google_play
2026-03-30 23:12:01,andy 689,mantaaaap,gojek,google_play
2026-03-30 22:58:52,Okta Piani,"yaoooooo berguna banget buat aku yang suka mageran ini, pelayanan nya juga oke2",gojek,google_play
2026-03-30 22:55:24,Slamet Sugiyanto,jos,gojek,google_play
2026-03-30 22:43:20,dhini yulianita,"Selama 10 Tahun Pake Gojek, Baru Sebulan ini merasa SANGAT KECEWA. 1. Argo Selangit tapi buat dapet Driver Lamanya minta ampun; sekalinya dapet Jauh, nunggu lagi; 2. Order Gofood juga susah buat dapet driver, harus nunggu 30-45 menit baru bisa cancel.. Itupun belum tentu dapet driver. Sekalinya dapet, mesti nunggu lagi makanan untuk dibuat; 3. Dari dulu kalo Hujan Lelet. Gojek Gak Menghargai Customer kalo begini caranya!!",gojek,google_play
2026-03-30 22:34:32,ARIF RAHMANSYAH,MANTAAAAAP 👍,gojek,google_play
2026-03-30 22:29:38,Chiechie Salon,tolong di perbaiki LG susah dapat driver Skali nya dapat lama jadi kesel,gojek,google_play
2026-03-30 22:27:36,MONKEY MAGIC22,mantul,gojek,google_play
2026-03-30 22:07:36,Ardi Susanto,Putar-putar cari driver pembayaran tunai,gojek,google_play
2026-03-30 22:06:37,Nur Hanifah,"u've to download it😙 update 30 Maret 2026, skrg pesan gofood mencari driver LAMAAA BANGET. itu tuh kenapa??? saya di fnb jg gitu, pesanan lama di pick up dan berujung cancel. toko rugi, buang waktu customer nunggu makanan.",gojek,google_play
2026-03-30 22:06:23,yogi suryono,"lemot cari driver keburu asam lambung ,aplikasi nya yg lemot",gojek,google_play
2026-03-30 21:50:01,Nur Nonaa,smua baguss,gojek,google_play
2026-03-30 21:49:13,Berbard Bir,"tolong bilangin gojek daerah Dawuan Karawang, ga usah blagu kalo dpt order 10k, nnti anyep koar2.",gojek,google_play
2026-03-30 21:46:27,Windia Ajah,susah bgt dapet driver pdhl lokasinya driver nya pada deket bgt tapi susah bgt,gojek,google_play
2026-03-30 21:45:28,RATNA NINGSIH,"pesan gofood sdh hampir 1jam tiba² restonya membatalkan pesanan,supeer² kecewa berat sama restonya knpa GK dari awal kasih info,bagusnya kasih bintang 1 resto macam itu",gojek,google_play
2026-03-30 21:41:03,Aconk Cong,Satu aja dulu klw bagus kasih bintang 7 puyer Go-Jek lemot perbaikin LG,gojek,google_play
2026-03-30 21:39:04,Putra akhir,tolong perbaiki lagi aplikasinya sama supir nya mobil ga bergerak-gerak terus,gojek,google_play
2026-03-30 21:29:23,Bobby Saputra,"makin hari makin susah dapat driver, mana markup harga tinggi",gojek,google_play
2026-03-30 21:28:27,Zul Kifli,Mantap,gojek,google_play
2026-03-30 21:26:12,Su Hendi,resto nya banyak.yang bermasalah dalam konfirmasi dan penutupan makanan habis ..di tambah lagi driver nya sulit dapat ..kalau argo murah ...ini menyulitkan konsumen yang sedang butuh ..kalau begini bukan serba gapang tapi serba susah..jika begini terus kedepan nya saya rasak bakal rusak pelayanan gojek ini,gojek,google_play
2026-03-30 21:25:09,Rohmadi Prasetyo,memudahkan dlm transportasi darat,gojek,google_play
2026-03-30 21:21:51,Rizki Rahmat,cocok,gojek,google_play
2026-03-30 21:21:18,Arifa Mutiara Ramadhani,"driver nya pilih pilih, g mau kalau pesen dari aplikasi maunya langsung Carter dn harga ny lebih mahal dari harga apk",gojek,google_play
2026-03-30 21:19:53,Desi Purnamasari,bagusss terima kasih,gojek,google_play
2026-03-30 21:15:46,Bayu 99,bagus dan yama,gojek,google_play
2026-03-30 21:01:16,Evan Febrian,"nih baru aja gofood pake reguler, padahal lagi ngga rame pasti di notifikasinya selalu telat. gila emang kita diminta bayar lebih untuk pake ongkir yg lebih mahal (padahal yg mahal sama aja telat juga)",gojek,google_play
2026-03-30 21:01:01,Mas Karebet,Sangat membantu aktivitas perjalanan saya,gojek,google_play
2026-03-30 20:50:35,Ridho bagass2806,"jadwal selalu nd sesuai aplikasi,kadang di aplikasi jam 20:10 bakal dianterin eh malah nunggu sejam an,kadang disuru cencel sm apk ny",gojek,google_play
2026-03-30 20:46:07,Sabekti Udoyo,Bagus,gojek,google_play
2026-03-30 20:44:45,Dewi aryani Satria,"titik pengantaran tidak sesuai padahal gps saya aktif, jadinya saya berantem sama abg gojeknya, saya pesan dari rumah malah d antarnya ketempat lain",gojek,google_play
2026-03-30 20:35:17,MUA AMAR,"saya pesen gofood,tapi malah kaga dapet driver pengantarnya dan disuruh nunggu keterlambatan lamaa bgtt😡",gojek,google_play
2026-03-30 20:33:00,Priyo Setiawan Driver,bersih sopan cepat,gojek,google_play
2026-03-30 20:27:58,stroberi,selalu dapet driver yg gasopan,gojek,google_play
2026-03-30 20:22:05,Asih Sukaesih,lelet lelet lelet lelet lelet lelet selalu kaya gitu,gojek,google_play
2026-03-30 20:15:46,Ruby,mantap,gojek,google_play
2026-03-30 20:11:47,NELSYA AVIFA DEWI,"penyelesaian masalah kaalian sampah, tanggapan CS kalian lebih sampah",gojek,google_play
2026-03-30 20:08:41,Jay Fals,memudahkan segalanya,gojek,google_play
2026-03-30 20:06:19,Muhammad Iqbal,nyaman aja sama gojek,gojek,google_play
2026-03-30 19:59:35,MASRUR WA,Puasssssss,gojek,google_play
2026-03-30 19:58:20,Muhammad Rafli,udh lama pake gojek dan gopay bahkan transaksi bulanan bisa sampe 12juta tapi kalo nyari driver harus nunggu sampe 1jam lebih dan banyak vitur yang ga bisa di akses kaya gopay pinjam dan gopayletter juga gabisa huh,gojek,google_play
2026-03-30 19:58:04,Snowee,kasih bintang 5 biar si baca..makin kesini tarif ongkir gofood makin ngsak ngotak.. cuma beberapa km aja ongkirnya bisa SE mahal itu..di jarak yg tinggal nyebrang doang..misalnya antar lounge 78 ke kantor pajak..bisa 43 ribu..,gojek,google_play
2026-03-30 19:54:56,Zaskia Amanda,oke,gojek,google_play
2026-03-30 19:52:00,Ervin Tan,sangat mengecewakan aplikasi hanya bisa chat balik saat pesanan diterima tidak lengkap driver tidak dapat di telepon kembali,gojek,google_play
2026-03-30 19:46:17,Gilang Farhanudin,susah banget dapet driver,gojek,google_play
2026-03-30 19:42:16,Sahirul Haidar,"langganan gojek plus udah kebayar dan kepotong 2x malah tapi tetep gabisa dan error, aneh",gojek,google_play
2026-03-30 19:41:25,Abrisamdanish Arifin,keren,gojek,google_play
2026-03-30 19:38:54,Lay Sajalah,bagus,gojek,google_play
2026-03-30 19:35:29,Jihan,asik banget semenjak dowload gojek,gojek,google_play
2026-03-30 19:35:16,Fikri Syaiful,kecewa kalo musim hujan driver susah apa lg argo murahbanyk drama driver nya,gojek,google_play
2026-03-30 19:35:07,Zulfa Fakhirah,"ole sih, tapi skrng knp jadi mahal bgt mana lama lg",gojek,google_play
2026-03-30 19:31:58,Purmadi Purmadi,kenapa ya kalau cuaca mendung cari driver susah nya setengah mati apalagi pas pesen makanan nunggu sampai 2 jam tu tolong aplikasi gojek nya di pebarui atau kekmana supaya pelanggan puas,gojek,google_play
2026-03-30 19:29:27,nub carrot,"sekarang makin susah nyari driver, jelek pemcariannyq padahal disekitar lokasi banyak, diperbaiki lah",gojek,google_play
2026-03-30 19:28:44,Ricky Elloy,sangat membantu di saat membutuhkan,gojek,google_play
2026-03-30 19:24:49,Jawhed rendy,ok,gojek,google_play
2026-03-30 19:19:36,Zakky Gufron,"Makin kesini makin busuk, goride gocar dapat driver nya lama meskipun sudah prioritas sama gofood pun juga lama",gojek,google_play
2026-03-30 19:18:58,aluna estian,"sering kelamaan buat dapat driver untuk gofood,jelek gak ky dulu gercep.",gojek,google_play
2026-03-30 19:15:59,najwan sidik,lama banget dapet drivernya,gojek,google_play
2026-03-30 19:15:43,The Author,teruji lah,gojek,google_play
2026-03-30 19:14:57,Revi Arnan,aplikator kikir tolong di perbaiki sistem nya saya dapet driver susah karena aplikator nya kikir,gojek,google_play
2026-03-30 18:59:21,Inakaa Syafa,gjls bgt g bisa login,gojek,google_play
2026-03-30 18:57:39,putri jung,"lama banget cari drivernya padahal rating ku juga bagus, trs kalo pesen gofood cari drivernya juga lama banget, udah dapet drivernya ehh sama yg punya resto tiba tiba dibatalin gitu aja harusnya kasih masukan buat para resto kalo tiba"" cancel"" aja gaada konfirmasi dikenakan sangsi biar kita para customer gak harus buang waktu",gojek,google_play
2026-03-30 18:52:31,Akbar Ramadhan,gojek nipaling oke,gojek,google_play
2026-03-30 18:51:38,Nisa Fajriyah,top,gojek,google_play
2026-03-30 18:48:18,19_Muhammad Dafa Resputra_XI MIPA 1,deket cuman 1km pasang tarif 30k pindah ke grab aja deh udah muak sama gojek,gojek,google_play
2026-03-30 18:48:07,Wahyu 12,driver susah,gojek,google_play
2026-03-30 18:45:42,Rijal Zuhdi,ok,gojek,google_play
2026-03-30 18:38:06,Brian Ramadhan Iverson,"sudah pesan GoFood, disuruh nunggu 30 menit, smpe 3 jam nggk kekirim"", penipu..",gojek,google_play
2026-03-30 18:36:53,Irma Sari,"mau ambil barang pake go send, pesen Uda 1 jam tapi ga dapet2,,paraaaaaaah",gojek,google_play
2026-03-30 18:35:31,Vicky Firnanda,Sekarang tidak bisa tracking drivernya,gojek,google_play
2026-03-30 18:35:15,Aniz Ermawati,membantu 👍,gojek,google_play
2026-03-30 18:32:31,Johan Joe,sejauh ini ok,gojek,google_play
2026-03-30 18:26:51,Fatika Tri Ningsih,bagus,gojek,google_play
2026-03-30 18:26:20,saskia fariska,pelayanan lama,gojek,google_play
2026-03-30 18:24:26,Nadaa Fauziyya,"drivernya sering mogok kerja ga mau ambil orderan, cari driver susah bgt pdhl genting gada transportasi",gojek,google_play
2026-03-30 18:18:58,Neni Nuraeni,memuas kan,gojek,google_play
2026-03-30 18:18:04,Nur Lathifah,susah dapat driver skrng,gojek,google_play
2026-03-30 18:15:25,chaca,seringgg susah dapet driver & kenapaa goride hematnyaa dihilangkan,gojek,google_play
2026-03-30 18:10:42,Rohim aminnulloh,"LAMAAA BGTTTT LELEETTTT, YAAMPUN GUA GOPUD NUNGGU HAMPIR 2 JAM",gojek,google_play
2026-03-30 18:08:01,Kaka,susah nyari driver padahal masi sore,gojek,google_play
2026-03-30 18:06:43,Indarti Arti,Pelayanan aman dan ramah,gojek,google_play
2026-03-30 18:04:44,Syahriwal Putra,oke,gojek,google_play
2026-03-30 18:02:59,best dj 996,keren,gojek,google_play
2026-03-30 18:02:48,Tazkiyyah azzahro,tarifnya tambah mahal,gojek,google_play
2026-03-30 18:02:46,Ijang Fajar,gojek apk pembohong masa iya jarak dekat cuman muter2 gax jelas,gojek,google_play
2026-03-30 18:01:46,Eksa Fatorina,makin lemot. berkali kali order berkali kali pula GK dapat kendaraan.,gojek,google_play
2026-03-30 17:59:40,Diana Andayani,mantap,gojek,google_play
2026-03-30 17:46:19,Ratna Sari,sangat membantu apa lagi kalau lagi buru - buru .,gojek,google_play
2026-03-30 17:45:18,Widiyanti Utami,"gojek kenapa dah sekarang lelet banget, gofood bisa lama banget berasa pake yang hemat padahal pake express dengan alasan antri dll. nyatanya sampe rumah makanan dah dingin 😭",gojek,google_play
2026-03-30 17:43:42,Dimas Ferian,"Ribet nyari driver pake ada ""pencarian prioritas"" harus bayar lebih, kalau gak pake ini gak dapat-dapat driver.",gojek,google_play
2026-03-30 17:43:04,Ida Hindayah Sihombing,"Thank youuuu Gojek, dimana ada saya disitu ada gojek selalu standby Sukses selamanya.",gojek,google_play
2026-03-30 17:42:45,Ivana Christinasari,"entah kenapa akhir2 ini susah dapat driver, go ride go food gak dapat driver males banget",gojek,google_play
2026-03-30 17:41:58,Adinda Haysa,saya percaya gojek,gojek,google_play
2026-03-30 17:39:18,Kharisma Afrilia Nabilla,ok,gojek,google_play
2026-03-30 17:31:07,ARBOW,"tidak membantu, tidak membuat lebih cepat jg, sistem gojek emang sangat sangat buruk, terburuk !!",gojek,google_play
2026-03-30 17:28:52,denmas angkara,manfaat,gojek,google_play
2026-03-30 17:27:10,Wisnu Z,"gak jelas, sinyal msih full tp pas mau pesen eror mulu tulisannya gak ada sinyal², padahal kuota masih banyak bisa buat sosmed lancar",gojek,google_play
2026-03-30 17:21:16,elmira rahma,mantap belum pernah kecewa pake app ojek online ini,gojek,google_play
2026-03-30 17:15:55,Rahma Ulia,"lelet, mahall di aplikasi pdahal udah tertera harganya sekian tapi ngeyel minta tambah mana minta tambah e GK kira"" lagi KLO engga kepaksa mana mau saya pesen di gojek ini",gojek,google_play
2026-03-30 17:13:01,Akun ff sg reaper,"gw bingung kasih bintangnya. setiap hujan pada pemalas, kalau misal hujan 2 harian full berarti libur dadakan ya ojeknya? nolak rezeki banget ya?",gojek,google_play
2026-03-30 17:11:44,Eva Eva,ok,gojek,google_play
2026-03-30 17:05:57,Ardiansya Solechan,layan go green sm saya tidak muncul kenapa?,gojek,google_play
2026-03-30 17:05:44,cmlnsyh,tolong kecepatan untuk memperoleh driver diperluas karena saya sering kesulitan order goofood tapi kelamaan nunggu dapat driver dan akhirnya saya cancel percuma driver banyak tapi stay di 1 tempat yang rame saja outlet lain kesulitan dapat driver,gojek,google_play
2026-03-30 17:04:56,ian rafay,membantu,gojek,google_play
2026-03-30 16:56:39,Nining Yuniarti,semoga semakin jaya dan drivernya baik tidak boong in orang,gojek,google_play
2026-03-30 16:54:31,rahayu prabandari,lebih praktis kalau ada gojek,gojek,google_play
2026-03-30 16:53:01,Reva Skena,ini aku gak tau ya permasalahannya dari mana entah dari drivernya apa app nya ini drivernya dari tadi cuma stay di tempat gk ada pergerakan sama sekali tolong dong ditegaskan lagi ini nunggu drivernya sudah cukup lama ya driver dari tadi gk gerak sama sekali!!!,gojek,google_play
2026-03-30 16:50:58,19 - Frishella aulia Joren,"jujur sebenarnya aplikasinya bagus, tapi kalo lagi hujan atau sehabis hujan ituh susah banget buat cari driver saya ga paham antara emang ga mau atau mereka matikan aplikasi namun sebanyak driver gojek yang ada tidak ada satu pun yang ambil, saya sudah mau rela keluarin uang yang aga cukup besar untuk pulang dengan jarak yang aga emang jauh sih, cuman biasanya saya akan kasih lebih untuk drive nya, sama saya sering kali dapat perlakuan yang tidak enak, dan gunakan kenalpot yang sni",gojek,google_play
2026-03-30 16:47:56,Danang Sigit,Pelayanan oke..,gojek,google_play
2026-03-30 16:43:37,Deni Agung,jos,gojek,google_play
2026-03-30 16:37:19,MUH AZIZ,mantap,gojek,google_play
2026-03-30 16:30:04,Suguru,"drivernya sombong bgt main cancel cancel mlu, udh lama nunggu eh di cancel jembot",gojek,google_play
2026-03-30 16:29:19,Ivan Agustiar,Puas,gojek,google_play
2026-03-30 16:28:46,Rafael,"susah banget cari driver pas lagi hujan, dan mahal banget ongkos nya udah kayak berkali kali lipat",gojek,google_play
2026-03-30 16:28:09,Muhammad Gian Aditantra _Peserta,gajelas sekarang nyari driver lama dateng juga lama,gojek,google_play
2026-03-30 16:19:30,Dian Eka Safitri,seneng banget bisa membantu ketika sedang mencari apa yang di butuhkan ada semua,gojek,google_play
2026-04-06 15:37:44,Asmudi Di,puas pelayanannya.,grab,google_play
2026-04-06 15:10:11,Arum Indonesia,selalu terbaik,grab,google_play
2026-04-06 15:06:14,Jisung gf,"akun saya sering di tangguhkan tanpa alasan, saya biasanya ingin pesan namun biasa tiba-tiba tertangguhkan sendiri padahal saya tidak pernah membatalkan pesanan atau apapun itu.",grab,google_play
2026-04-06 14:57:37,Ahmd Hnfi,terkadang driver banyak yang papipu,grab,google_play
2026-04-06 14:55:00,Hendra,mantap,grab,google_play
2026-04-06 14:51:08,Haikal Munadi,"Tolong dong min, saya pesen makanan pakai pengataran prioritas tapi kok makananya lama diproses sama restoranya. Saya pesen jam 2 an eh datengnya udah jam 5.40 an, saya niat beli makanan biar kenyang eh inimalah jadi kesel",grab,google_play
2026-04-06 14:30:40,Akbar Zulkarnain (Akbar),Istri My Mommy,grab,google_play
2026-04-06 14:00:33,Nurani Hia,mantap,grab,google_play
2026-04-06 13:46:42,Ghozie Kuasa 3,gercep,grab,google_play
2026-04-06 13:42:08,Alloez Collection,ok bangettt,grab,google_play
2026-04-06 13:35:00,semprot 187,"pelayanan ampas , pesan instant sama sameday kok gada bedanya, sama sama lelet.",grab,google_play
2026-04-06 13:25:10,BOY 199 HAIK,fast respon ini,grab,google_play
2026-04-06 13:13:20,Nata Nael,bagus,grab,google_play
2026-04-06 13:05:17,Elfattah Nur,mantap,grab,google_play
2026-04-06 12:51:50,diana mayasari,baik,grab,google_play
2026-04-06 12:47:58,Sopandi Pandi,ramah sopan dan perjalanan nya menyenang kan terimakasih,grab,google_play
2026-04-06 12:46:53,Savinaul Zanah123,baik,grab,google_play
2026-04-06 12:14:25,Nurul Chumairoh,layanan yg bagus,grab,google_play
2026-04-06 12:12:33,Bolang tampan,selamat jalan lagih moga selamat di perjalanana,grab,google_play
2026-04-06 12:00:52,megaa j,"lapor! setiap menerima telpon dari pengemudi pasti ngelag, sampai pernah diprotes pengemudi kenapa telp gk dijawab? gimana mau jawab tombol jawabnya gk bisa dipencet",grab,google_play
2026-04-06 12:00:09,Alice Amalia,"makin mahal dan gajelas, masa yg jaraknya 1km ongkir 5rb, 2km 6rb, 4km 4rb 😭 ini sistemnya makin jauh makin murah?🤔",grab,google_play
2026-04-06 11:53:03,Kk Juri,baik,grab,google_play
2026-04-06 11:44:57,Yuli Yulyani,pelayanan sangat baik,grab,google_play
2026-04-06 11:40:39,Angga Siddik,niccceee bagussss,grab,google_play
2026-04-06 11:31:12,Jesko Sianturi,grab baigus dan bisa di percaya,grab,google_play
2026-04-06 11:15:45,Desiarianti Desi,sangat cocok,grab,google_play
2026-04-06 11:04:54,Minan Angga,bagus,grab,google_play
2026-04-06 11:04:41,enda rahmadela,bagus,grab,google_play
2026-04-06 11:02:34,Loka Ahmad,.aqaa MK,grab,google_play
2026-04-06 11:02:04,Juni Antari,suka,grab,google_play
2026-04-06 10:55:34,Navela Aulia,baik,grab,google_play
2026-04-06 10:46:23,Maakh Nofita,grab nh seenaknya saja yaa.. masa iya rute dekat bayarannya mahal baget,grab,google_play
2026-04-06 10:45:30,Rifky Aldi,"kocak jir posisi driver ada yang dekat, tapi malah di dapetin yang jaraknya jauh bukan sekali dua kali",grab,google_play
2026-04-06 10:36:41,Susi Susanti,membantu,grab,google_play
2026-04-06 10:36:18,Owen,"pesan grab car sampainya lama,sama harga tidak sesuai dengan yang ada di app,tapi konsisten dalam melayani penumpang walaupun banyak komplain soal waktu.",grab,google_play
2026-04-06 10:26:07,Azwezaa,saya suka karena dapat driver yang dekat teruss,grab,google_play
2026-04-06 10:25:20,Putra Ajay,"aplikasi yang sangat membatu untuk memudahkan kita dalam waktu yang cepat dan aman,ketika berbelanja makan atau keperluan lainnya, trimakasih sukses selalu",grab,google_play
2026-04-06 09:44:28,WARNI CELL SHOP MARKET ONLINE,tokonya lengkap,grab,google_play
2026-04-06 09:34:56,Topan Gigi,ramah dan baik,grab,google_play
2026-04-06 09:32:08,Pandawa Lantai 2,Bajuz...tingkatkan lagi Min,grab,google_play
2026-04-06 09:10:47,Imam Wahyudi,god job,grab,google_play
2026-04-06 08:33:29,Jasoft Art,dpt driverY susah...sekaliY dpt jauh posisi driverY...jdi buang waktu,grab,google_play
2026-04-06 08:22:17,Udin apipudin Udin,pokonya asik naik grab,grab,google_play
2026-04-06 08:08:23,Mikail_ khai,ok,grab,google_play
2026-04-06 07:53:42,dherwita 28,tolong dong pihak grab yang terhormat untuk membaca ulasan ini. sering kali orang berangkat kerja itu macet untuk mengantisipasi ya berangkat lebih awal tapi jangan di kasih driver yang double pelanggan terus dong . waktu kebuang banyak 4x order melakukan pemberhentian semua . tolong perhatiannya . banyak driver yang mengeluh tidak dapat orderan tapi dari pihak konsumennya malah dapet yg double customer trus . sangat amat kecewa. jika terjadi kecelakaan yang di rugikan siapa driver dan customer,grab,google_play
2026-04-06 07:36:49,Rio A정해인,bisa QRIS ya,grab,google_play
2026-04-06 07:30:30,Marwah,baik sekali,grab,google_play
2026-04-06 07:27:27,Tony Fresh,Integritas Kurirnya 👍👍,grab,google_play
2026-04-06 07:03:59,ABD WAHID WAHID,mantap,grab,google_play
2026-04-06 06:46:03,Salsabila Meyga Danella,sekarang ga jelas aplikasi grab ini... PAYAH.,grab,google_play
2026-04-06 06:43:07,Melianawati Soesanto,"knp ya akhir2 ini susah bgt dpt drivernya... ada yg mendekat tp ga terkonek, malah tiba2 hilang... bs telat2 terus ini",grab,google_play
2026-04-06 06:18:03,Arif Tamtomo,Driver Sopan dan baik,grab,google_play
2026-04-06 04:35:16,Farhann Elvano,pesan dari jam 1 MLM jam 5 dpt driver Krn udh MLS kluar ngantuk aku TF ke driver nya tnp konfirmasi tanpa aba aba di batalin restooo biasanya aku g prnh pke ini masih percobaan pertama buat kapokkk bgtt smoga dinperbaiki dan gak lagi² pke grab cukup kecewa,grab,google_play
2026-04-06 03:31:31,29 Stephen Delon OS,"udah berkali kali pesen makanan hasilnya g memuaskan, terakhir pembayaran langsung bayar pake ovo org yg nganterin cman chat doank g nelpon sehingga saya g ngeh, dianya main pengiriman selesai aja barang blm sampe, saldo saya berkurang",grab,google_play
2026-04-06 02:52:38,Salma Alma,cepat dan ramah,grab,google_play
2026-04-06 02:46:32,Tarwa Tarwa,terimakasih,grab,google_play
2026-04-06 02:36:11,Zul Fazri,apk tai,grab,google_play
2026-04-06 02:19:14,M Rizki,pengantarannya cepat✌️,grab,google_play
2026-04-06 00:55:11,Adraka 0036,langganan sudah dibatalkan tapi tetap terpotong saldo,grab,google_play
2026-04-06 00:14:28,Safira,sangat berguna untuk kita yang mager keluar,grab,google_play
2026-04-05 23:51:01,marchshell jaya,mantap Drivernya Tepat Waktu Dalam Mengantar Pesanan,grab,google_play
2026-04-05 23:26:56,kevin adiyatma,gak jelas,grab,google_play
2026-04-05 23:22:09,Haris Swastam,memuaskan.....,grab,google_play
2026-04-05 23:19:16,Linda Evans,"saran aja ya,jangan kasih promo hemat pengiriman,klo estimasi pengiriman bakal lama sampai ke konsumen nya... saya sdh 2X pesan d resto yg berbeda,2 dua ny d batal kn,krn pertama estimasi terlambat dan wktu estimasi nya sampe 1 -2 jam.n saya nunggu",grab,google_play
2026-04-05 22:26:06,renika evadiasti,"kecewa dg aplikasi grab jastip harusnya ada sosialisasi lebih sih shg driver2 udh paham kalo aplikasi grab jastib itu beda dg grab delivery krn kebanyakan driver taunya grab jastip itu sma dg grab delivery tinggal ambil barang pdhal beda. karna udh 2x ini zonk pakai grab jastip, kalo bkn krn urgen beli susu ndk bakal pakai grab jastip lg, kalo harganya puluhan ribu mngkn msh bisa dimaklumi tp ini ratusan ribu padahal udh dilebihin utk feenya malah gak dikembalikan kembaliannya .",grab,google_play
2026-04-05 22:17:43,Rifan Syaripudin,"APLIKASI SAMPAH, ORDER GRABFOOD SAMPAI 3 JAM LEBIH DAN TOLOLNYA GAK BISA DI CANCEL. JANGAN PERNAH ORDER MAKANAN DI GRAB. BIKIN DONGKOL",grab,google_play
2026-04-05 22:14:57,Chandra Christian,"Saya pengguna grab cukup lama, beberapa waktu ini respon dan layanan grab terutama di food Sangat mengecewakan, biasa pesan makan butuh waktu 40 menit, ini bisa 1jam lebih. Dan hari ini saya pesan food di akun istri saya, pesan jam 21.00 sampai saat ini 22.13 belum dapat driver . Tolong perbaiki jika tidak ingin kehilangan pengguna setia.",grab,google_play
2026-04-05 22:10:04,Indah Rayzan,mantep pool,grab,google_play
2026-04-05 21:54:47,Agus Yasin,Pelayanan Grab baik,grab,google_play
2026-04-05 21:54:06,Siti Almira,pengiriman tepat waktu,grab,google_play
2026-04-05 21:36:26,Rahmad Saputra,mau cancel makan aja ribet,grab,google_play
2026-04-05 21:27:40,Siti Lailatul Fuadah,grab car lamaaaa ... grabfood lamaaaa gak sesuai estimasiiiiii,grab,google_play
2026-04-05 21:27:07,Naima Fatimatuz alzahro,cukup membantu,grab,google_play
2026-04-05 21:21:56,gina gina,susah mendapatkan driver pada akhirnya pesanan makanan saya di batalkan berkali kali,grab,google_play
2026-04-05 21:21:34,gayatri cahya,"ini kenapaa yaa, aku yang eror apa gimana.. dari jam set 9 sampe skrg jm set 10 sama sekali blm dapet driver, muak bgttt nunggu lama",grab,google_play
2026-04-05 21:13:43,priscilla putri maharani,"skrg cari driver ssh bgt, hrs nggu 1 jam bru dpt gilaa",grab,google_play
2026-04-05 21:11:44,R.S,"kalau bapak grab nya nlp ga masuk ke aplikasi cust tdk ada panggilan, dulu ada notif jika masih dlm transakai skrg ga ada.. tlg diperbaiki dong aplikasinya pdhal sdh upgrade di playstore.",grab,google_play
2026-04-05 20:59:29,Burhan Udin,mantap respon nya cepat,grab,google_play
2026-04-05 20:58:22,Jandri Yasa,"MITRA PENGEMUDI TIDAK ADA YANG MAU AMBIL SETIAP MESAN, DAN TIDAK BISA DI BATAL KAN.",grab,google_play
2026-04-05 20:56:37,Celeng51 Celeng51,bagus,grab,google_play
2026-04-05 20:55:51,Yuni Trisiawati,ok,grab,google_play
2026-04-05 20:49:26,El Zhafirahh Afsheera,tolong d tingkatkan lg,grab,google_play
2026-04-05 20:48:44,Achmad Andy Wijaya,banyak yg cancel drivernya,grab,google_play
2026-04-05 20:31:09,Rita -,sangat disayangkan ga ada fitur grabnow untuk grabcar sprti di 'taksi biru' yg memudahkan pemesanan klo on the spot dan klo pngn lebih cepet 😥,grab,google_play
2026-04-05 20:07:52,Fitri S,"aku pengguna baru, mau pesan makanan di minta verifikasi wajah, sudah ikut perintah tapi sulit sekali verifikasi nya. jadi ngga mood lagi buat pesan",grab,google_play
2026-04-05 20:05:26,Rifai Ipay,terbaik,grab,google_play
2026-04-05 19:58:02,Natalia Pradana,"semua metode pembayaran saya ditolak,mohon solusinya",grab,google_play
2026-04-05 19:54:52,Siska Trianingsih,sangat baik,grab,google_play
2026-04-05 19:50:01,Sholeh Jamil,memuaskan,grab,google_play
2026-04-05 19:38:49,Imam Subehi,ok,grab,google_play
2026-04-05 19:33:21,Rizky Surya,tlol susah bngt dpt driver,grab,google_play
2026-04-05 19:26:40,blue ocean,setelah di update malah lemot,grab,google_play
2026-04-05 19:24:16,Pasukan Samsung,sangat membantu,grab,google_play
2026-04-05 19:21:41,Ahza Maulana Prakarsa,nyaman dan bersih dan perjalanan nya pun asik,grab,google_play
2026-04-05 19:07:33,Intan Febryningsih,baik,grab,google_play
2026-04-05 19:01:38,Sarnawati 123,"baik,sopan, mobil rapih dan bersih",grab,google_play
2026-04-05 18:50:51,Yendra Paldi,mantap,grab,google_play
2026-04-05 18:33:21,Intan Rahayu,"agak lama mungkin antri, tp mz nya ramah",grab,google_play
2026-04-05 18:29:41,AHMAD ARIEL,Sistem Nya Ke Makanan Tolong Di Perbaiki Lagi,grab,google_play
2026-04-05 18:21:36,Putri Lina,"grabfood ini tolong Di perbaiki lg lh.. buat mau makan aja nunggu berjam"" pengenmudi nya.. di batalin gk bisa kelen suruh tunggu org udh kelaparan kelen suruh nunggu di mana otak kelen.. 2 smpe 3 jam nunggu gak dapat"" ... seharusnya kelen buat batalkan pesan mandiri capek x lihat nya asik gitu"" aja.. tlong lh agak kelen perbaiki.. udh gk dapat 1 jam an aja seharusnya kelen buat batal mandiri nya.. gk harus kelen suru org nunggu berjam""",grab,google_play
2026-04-05 18:20:56,Zahrun Nisa,good,grab,google_play
2026-04-05 17:58:53,Ali Akbar,mode hemat tapi susah cari driver,grab,google_play
2026-04-05 17:06:32,Putra Tazik,ok,grab,google_play
2026-04-05 17:04:41,Adil Azis,sangat membantu,grab,google_play
2026-04-05 17:01:04,Elly Mashar,pelayanan mantap,grab,google_play
2026-04-05 16:49:14,Andini Novita Ramandani,"driver ngga paham sama fitur grab mart, bukannya diambil dulu malah langsung ke tempat pengantaran tpi barang belum diambil😭😭",grab,google_play
2026-04-05 16:26:59,Vebri,GRAB SCAM PENYELESAIAN TIDAK OBJEKTIF saya beli dari grabmart SunCo tapi alfamart ganti Filma tanpa konfirmasi dan struk masih SunCo jadi binggung karena driver lampirkan struk itu jadi coba hubungi alfamart gak ada balasan laporan dihalaman grab dibilang sesuai berdasarkan struk. biasanya kalo barang habis tanpa edit memang diganti dengan struk sesuai order tapi dengan konfirmasi ini tanpa konfirmasi diganti jadi kecewa dengan grabmart pelayanan kurang objektif kecewa banget sama grab pokoknya,grab,google_play
2026-04-05 16:23:25,Reyha 58,good,grab,google_play
2026-04-05 16:01:35,Rani Astuti,senang dpt pengemudi yg Cewek.. 🫠👍,grab,google_play
2026-04-05 15:30:38,MUHAMMAD MUKHLIS,bintang,grab,google_play
2026-04-05 15:28:22,dafa ulhaq,grabfood terlambat 1 jam,grab,google_play
2026-04-05 15:10:16,Iyan Mulyana,cepat tanggap,grab,google_play
2026-04-05 15:09:46,Suryo Super,"Janganlah serakah. kau mark up harga makanan, kau ambil jg dr seller, dr buyer & dr driver. Ingatlah ojol2 lokal mulai bermunculan, mrk cm bayar driver aja.",grab,google_play
2026-04-05 14:45:22,XANDER Ilham,"bagus, cuma pas pakai bayar prioritas pas nunggu lama waktu yang di tetapkan tiba tiba di ubah aplikasi dari yang target jam 2-3 tiba tiba di ubah jadi 3-4, sama aja dong kayak yang ngga prioritas, percuma ngarepin voucher dari terlambat kalau pas waktu lama tiba tiba di ubah target estimasi waktu sesukanya",grab,google_play
2026-04-05 14:40:45,Anita Rambu Magdalena,pelayanan nya bagus,grab,google_play
2026-04-05 14:35:44,TERRA MAHARDHIKA Kartika Putra,"masalahnya sama terus dari kapan hari, jika pesanan dibatalkan maka refund tanpa jeda waktu lah, kenapa harus menunggu 60 menit???, aneh",grab,google_play
2026-04-05 14:33:29,Pipit Arifin,"tepat waktu, ramah",grab,google_play
2026-04-05 14:32:13,Tarlam Khan,"Grab Bike harus lebih saftey lg, biar nyaman penumpang.., sama pencarian kendaraan juga lama sampe di cancel2...",grab,google_play
2026-04-05 14:22:56,reyhan syafitri7777,maps ga jelas 2x ga sesuai,grab,google_play
2026-04-05 14:16:42,Nirmala Nirmala,ramah dan baik,grab,google_play
2026-04-05 13:58:53,Dhanie Rahman,ok,grab,google_play
2026-04-05 13:53:13,B edi Sucipto,"josssss...., Top Markotop dan Lai. Sebagainya",grab,google_play
2026-04-05 13:29:13,Samsu Sam,mantap,grab,google_play
2026-04-05 13:15:31,Suwito Nolo,ok,grab,google_play
2026-04-05 13:13:51,Mukhtar Efendi,pengemudi ramah. cara mengemudi enak,grab,google_play
2026-04-05 12:32:45,Mastura Tura,drivernya ramah,grab,google_play
2026-04-05 12:20:28,Marianus Marianus,good,grab,google_play
2026-04-05 12:16:38,Ayuangita Ayu,sangat bagus,grab,google_play
2026-04-05 11:54:56,Anisa Bella,banyak pengemudi penipu...,grab,google_play
2026-04-05 11:47:17,Nur Halimah,"tolong dong itu driver lu, emang iya sop nya driver boleh pake knalpot brong, iya sih emng saya pake promo diskon. dapet driver motornya berisikkkkkkk bngt bikin sakit telinga mana panas bikin pusing aja sepanjang jalan hadehhh.",grab,google_play
2026-04-05 11:44:55,rengga aja,baik,grab,google_play
2026-04-05 11:39:19,Nazhwa Rayhana,sesuai dan berguna,grab,google_play
2026-04-05 11:34:54,Saddam Andreannanto,baik,grab,google_play
2026-04-05 11:25:25,Saepul Annam,Bagus,grab,google_play
2026-04-05 11:21:01,Bagio Hartono,sering dalam tempat qqpenjemputan salah melulu,grab,google_play
2026-04-05 11:12:56,Juni Lespian Hadi,oke banget,grab,google_play
2026-04-05 11:12:39,Lukman Hakim234,baik,grab,google_play
2026-04-05 11:12:16,Muhammad Ulil Albab,Minta Tolong ban akunnya Driver aneh masak saya yang disuruh cancel pesanan karena motornya mogok atas nama Agustinus Kasianto driver grab malang.,grab,google_play
2026-04-05 11:00:14,Sefi Keysha,ok aq suka apk ny bagus 👍,grab,google_play
2026-04-05 10:55:17,Iyan Blek,terpercaya,grab,google_play
2026-04-05 10:45:43,Rostono Jablay,praktis,grab,google_play
2026-04-05 10:44:55,Herry Kacapiring,Tidak pernah mengecewakan selama order Grab. Tingkat pelayanan lebih mantabh dari pada sebelah,grab,google_play
2026-04-05 10:34:47,Zulkarnain Zulkarnain,Driver sangat baik dan bersahabat,grab,google_play
2026-04-05 10:11:52,Tu Misah,cocok dengan makananya dan pengantaran tepat waktu serta ramah..terimakasih🙏,grab,google_play
2026-04-05 10:09:32,Diah Sundari 5386,"Sangat bagus aplikasinya , setelah diupdate",grab,google_play
2026-04-05 10:06:45,Fely Cia,"udah entah keberapa kalinya di batalin terus sama pihak grabnya, padahal mau pesen makan karna sudah lapar posisi sudah malam",grab,google_play
2026-04-05 10:01:13,Naufal Ferdi,"ui ux sampah, membingungkan customer",grab,google_play
2026-04-05 09:57:02,Mus Topa,very good,grab,google_play
2026-04-05 09:46:49,Warung Banghen,Drivernya ramah rapih dan sopan,grab,google_play
2026-04-05 09:39:00,Muhamad Fadilah,yang grab bike hemat nya sedikit,grab,google_play
2026-04-05 09:10:56,jelita ramadhani,SUSAH BANGET DAPET PENGANTAR NYA,grab,google_play
2026-04-05 08:24:24,Adi Àdi,ok baik,grab,google_play
2026-04-05 08:20:04,Nabila Septiningrum,aplikasi yang hmmmm apa ya.. tidak bisa mengajukan refund pembatalan langganan 🤣 lucuuuu,grab,google_play
2026-04-05 08:08:33,Much Rosyidi,good job × God usopp ✓,grab,google_play
2026-04-05 08:03:22,Asih Suwarsih,driver nya sangat ramah sekali,grab,google_play
2026-04-05 07:44:35,Julianda P,👍,grab,google_play
2026-04-05 07:42:59,Niken Luqizar,sangat membantu,grab,google_play
2026-04-05 07:16:17,rahmawati .Diwirya,"udah 4 tahun menggunakan jasa driver grab. Alhamdulillah aman ngga ada keluhan apapun. disayangkan hampir 1 bulan ini (maret 2026) saya mengeluhkan sikap driver mobil yang mematok harga sendiri, tidak sesuai dengan aplikasi. Tanggal 22 maret saya pesan grab car dengan tujuan ke stasiun, di aplikasi itu harganya Rp36.000, driver menelepon saya dari aplikasi bilang ""ini mbak mau ke stasiun ya, bisa ngga bayar saya 80.000,- kalau mbak bersedia saya akan jalan. "" mohon kebijaksanaannya Bpk/ibu🙏",grab,google_play
2026-04-05 06:48:53,apri_supriono apri,keren,grab,google_play
2026-04-05 06:29:02,Fa Ra,bagus,grab,google_play
2026-04-05 06:08:20,Almahyra,bintang yg berbicara,grab,google_play
2026-04-05 05:48:54,Hendra Djoehardi,Santun dan pengertian.👍👍,grab,google_play
2026-04-05 04:51:12,roman adryan,ok,grab,google_play
2026-04-05 04:21:18,Mas Amah,driver nya ga ada yg Mau duit apa .suami saya mau berangkat kerja sampai lama menunggu drivernya..buruk sekali,grab,google_play
2026-04-05 02:57:47,Joko Sarjono,best👍,grab,google_play
2026-04-05 01:53:20,ROFIQ Ayla,oke,grab,google_play
2026-04-05 01:40:13,Rhendy Rhen,sangat terbantu,grab,google_play
2026-04-05 00:13:12,Andi Chua,bagus,grab,google_play
2026-04-04 22:39:16,Sanri pandiangan,"bagus baguslah kalian , udah lama nunggu drivernya, tiba tiba di cancel",grab,google_play
2026-04-04 22:35:07,Bayu Hidayat,sangat membantu,grab,google_play
2026-04-04 22:05:29,Anggi Adesti,Kenapa ya nunggu driver sekarang tuh lama banget. Ga ada pergerakan. Terlambat.,grab,google_play
2026-04-04 21:54:26,Yosùa Meek,harga dibandingkan kompetitor lainnya lebih murah,grab,google_play
2026-04-04 21:53:52,Tiara Silvia,"pesen grabfood udah 2 jam lebih gaada yang ngambil, kelamaan",grab,google_play
2026-04-04 21:34:47,Peok Peok,ok,grab,google_play
2026-04-04 21:11:30,Rinda,payah nunggu 2 jam cuman liatin mencari driver di batalin alasan nya sedang meningkatan pencarian driver ..,grab,google_play
2026-04-04 21:01:22,Andika Tio,"aplikator sangat buruk pelayanannya. grab food, saya memesan grab food dan udah nunggu lama tapi gk dapat Drive sama sekali, saya mau ngajuin pembatalan gk bisa, setelah 50 menit baru saya bisa membatalkan. maksud saya tu, kalian masih waras kan?, 50 menit itu waktu yg sangat lama dan bisa membuat orang kehilangan selera makan. padahal biasanya 30 menit gk dapat Drive langsung bisa di batalin, kok sekarang jadi 50 menit, saya sangat kecewa, makin kedepan kebijakan ini aplikasi makin bobrok.",grab,google_play
2026-04-04 20:58:18,Alan Peter,layanan grab foodnya lama sekali respon drivernya,grab,google_play
2026-04-04 20:54:36,Azhar123 Ganteng,mantap nyaman banget supirnya ju ga ramah,grab,google_play
2026-04-04 20:50:04,Nor Afid,smmgat mmbantu,grab,google_play
2026-04-04 20:32:42,Rafael Arfirianto,Looding setahun lebih,grab,google_play
2026-04-04 20:32:01,Amalia Zainun,kenapa semakin lama semakin menjengkelkan lemotnya minta ampun di perbaiki lagi dong nyebelin banget,grab,google_play
2026-04-04 20:26:51,Nasya Syaikhu,sangat terbantu sekali.,grab,google_play
2026-04-04 20:25:14,Surya Piyawito,ovo paylaternya berapa lama baru bisa dipakai udh 3 hari masih belum bisa,grab,google_play
2026-04-04 20:20:04,Leon pratama Kurniawan,"untuk pembayaran pakai QR susah, mending langsung tampil kode QR dicustomer saja 🙏",grab,google_play
2026-04-04 20:18:34,Insanul Qur'ani,adain fitur bayar pakai aplikasi dana,grab,google_play
2026-04-04 20:14:52,Gema anak mapia,ga niat bgt nganter orderan lama bat kayak siputt,grab,google_play
2026-04-04 20:01:12,Tomi Agus pami,sosial,grab,google_play
2026-04-04 20:00:49,Tegar Al Aqbar,"Pesen grab food lama, alasan antwr banyak pesenan padahal pesen bukan yang ekonomi. makin kesini makin aneehh grab",grab,google_play
2026-04-04 19:52:58,Lathifah Second,"enak tapi akhir akhir ini ko para drivernnya suka cancel tiba tiba ya? jadi males, orng buru buru g ad motor malah dicancel",grab,google_play
2026-04-04 19:44:38,Zaitun Sp Atun,trims sdh tepat,grab,google_play
2026-04-04 19:16:24,sulli mahal,"tampilan barunya merepotkan, sulit dipahami. pesan promosi ditampilkan seperti pesan biasa",grab,google_play
2026-04-04 19:15:02,Agus Siswanto,bagus pelayanannya,grab,google_play
2026-04-04 19:11:03,Andre Siahaan,ramah dan baik',grab,google_play
2026-04-04 19:08:04,Hanif Saputra,bagusss lebih murah dr pada gojek,grab,google_play
2026-04-04 19:07:13,Thomy zig'zag,kendaraan banyak gak mau ambil.. sngat d sayangkan pihak grab yah gk ada gerakan,grab,google_play
2026-04-04 18:57:15,06 Dharma Ika,"kenapa ada promo gabisa dipakai padahal sudah sesuai ketentuan. Saya membeli mie kober, dalam pesanan ditampilkan promo diskon 40% minimal belanja 30 ribu. Namun kenapa promo tersebut tidak bisa dipakai, dari yang saya baca di aplikasi tidak ada kondisi yang membuat tak dapat digunakan. Total belanja 70 ribu, tidak membeli alkohol juga.",grab,google_play
2026-04-04 18:51:42,hery jwehos,"Aplikasi Koplak!! kalau lagi hujan harga nggak ngotak 6x lipat dari harga normal. KALAU NAIK 1X SIH, MASIH WAJAR. PERBAIKI LAYANAN MU, TERUTAMA HARGA SAAT HUJAN",grab,google_play
2026-04-04 18:47:28,Yasir Maulana,ok,grab,google_play
2026-04-04 18:46:45,Asih Asih,kalo hujan kok susah dpat tolong perbarui lah mobil kok yo lama gak nyantol,grab,google_play
2026-04-04 18:38:43,gunawan aji,proses nya kok lama ya,grab,google_play
2026-04-04 18:35:41,Taufik Hidayat Lubis,"lah dh dihapus diskon makanan 52% nya, jadinya apa fungsi aku berlangganan",grab,google_play
2026-04-04 18:19:54,Jeans Modern,drivernya ramah...👍,grab,google_play
2026-04-04 18:18:13,Aluna Syafira Kurdi,ok,grab,google_play
2026-04-04 17:54:36,Riad Kamal,keren grab,grab,google_play
2026-04-04 17:37:18,Tri Sunoko,mantap pesanan cepat sampai,grab,google_play
2026-04-04 17:29:32,tyaangelina,UDAH NUNGGU 2 JAM TAPI TTP GA DAPET DRIVER!!!!,grab,google_play
2026-04-04 17:29:00,Sakhi Muhammad,semoga berkah dan bermanfaat 🤲🏻🤲🏻🤲🏻,grab,google_play
2026-04-04 17:23:46,tarmi nurhayati,bagussss,grab,google_play
2026-04-04 17:16:00,topik topik,mantap,grab,google_play
2026-04-04 17:11:15,Dyah Mega,sangat puas,grab,google_play
2026-04-04 17:05:28,raras Putri,"banyak driver grab khususnya mobil banyak ngeluh krna potongan dr sistem nya yg gede, jadi bnyak driver nego negoan sblm jalan, kadang suka maksa kita yg membatalkan orderan krna kita ga mau pesen offline/kasih tambahan. pdhl gue ga pelit2 amat wkwk entah lah jadi kurang nyaman skrg,",grab,google_play
2026-04-04 17:04:08,Tioma,"driver jarang mengambil orderan, lama sekali dapat driver",grab,google_play
2026-04-04 17:00:24,Erlina Kecik,sekarang gak bisa membatalkan grabfood. dulu masih bisa. jadi saya tinggalkan grab beberapa bulan. tadi coba lagi pesan mau batalkan gak bisa langsung gak ada keluar pembatalan. dulu masih ada jeda bbrp detik kalau ada yg lupa bisa diulang pesan lagi. cukuplah ini. saya gak mau lagi pesan grab. mana harga lebih mahal gak bisa batalkan pdhal belum dibuat resto. waktu itu malah lebih satu jam baru dapat driver lewat tengah malam. biasanya otomatis batal oleh sistem ini gak. kasian diver dan pembel,grab,google_play
2026-04-04 16:49:38,Af Rizal,sangat puas,grab,google_play
2026-04-04 16:48:53,Yulian Mandala,sopir minta batal tetapi saldo terpotong dan laporan terlalu ribet dgn alasan sedang dipantau,grab,google_play
2026-04-04 16:34:28,Neko_ Chan,Semangkin lama semangkin tak logika. perjalanan 2km kena cas 24 Ringgit. Apa lah grab bodo sangat...,grab,google_play
2026-04-04 16:21:32,Siti Indahsari,baik,grab,google_play
2026-04-04 16:20:36,Raal Zyan,Aplikasi sampah,grab,google_play
2026-04-04 15:58:56,maulana Rixzki,ok,grab,google_play
2026-04-04 15:50:50,Ananda Regita,susah dapet driver padahal bukan jam sibuk/hujan,grab,google_play
2026-04-04 15:46:42,Yanti Rahmasari,keren,grab,google_play
2026-04-04 15:46:26,Susilawati Grab,baik .,grab,google_play
2026-04-04 15:37:44,jodi siswant,membantu transportasi,grab,google_play
2026-04-04 15:31:21,Yayan hutani,gek jelassss.. lama2,grab,google_play
2026-04-04 15:26:32,Masita Ksp,bagus,grab,google_play
2026-04-04 15:19:19,Vicky Chandra,"Sistem randomisasi nya suka dapat driver posisi jauh... Map dari grab juga suka tidak akurat, perjalanan suka keputar2 jauh jadinya, mohon diperbaiki",grab,google_play
2026-04-04 15:16:50,Budi Dores,terimakasih untuk pak supir,grab,google_play
2026-04-04 15:11:40,Eko Effendi,ok,grab,google_play
2026-04-04 15:01:41,Rohman Karna,bagus,grab,google_play
2026-04-04 14:54:34,Dimas Rengga,"dapet driver nya lama saya dua kali telat kerja gara nunggu driver nga dapet""",grab,google_play
2026-04-04 14:51:01,Siti Holipah,mantap,grab,google_play
2026-04-04 14:46:33,Azmi Fadhil,di saat ke Pepet ini aplikasi yang saya suka,grab,google_play
2026-04-04 14:22:21,Acih 123,baik sekali,grab,google_play
2026-04-04 14:11:15,Burhanuddin Rabbani,"tidak transparan dalam ratting costumer, sedangkan driver dengan mudah mengetahui ratting nya. sangat tidak adil.",grab,google_play
2026-04-04 14:10:28,Akilaletisya,ok,grab,google_play
2026-04-04 13:50:52,Deni Prasetyo,oke mantap,grab,google_play
2026-04-04 13:38:26,Iki Fadillah,"ditukarlh makanannya ,, terimakasih",grab,google_play
2026-04-04 13:36:46,Wine Aisyah,bagus berguna banget dan membantu saya untuk kemana kemana,grab,google_play
2026-04-04 13:32:24,Alim Lie,good service,grab,google_play
2026-04-04 12:43:17,ahmad ope,bagus banget,grab,google_play
2026-04-04 12:38:28,Dinda Ayunda,bisa untuk antar jemput dan nyaman saat berkendara,grab,google_play
2026-04-04 12:11:10,strawberry 27,"driver grabfood bisa ya seenaknya cancel yg mau di antar, gak pakai beritau tau , parah bener",grab,google_play
2026-04-04 12:10:13,Sugianto Anto,baik,grab,google_play
2026-04-04 11:35:08,One Piece,good,grab,google_play
2026-04-04 11:30:25,Rinee Loy,The best,grab,google_play
2026-04-04 11:24:24,Muafah,Makain mantap,grab,google_play
2026-04-04 11:23:01,Edy Rudianto,makin baik,grab,google_play
2026-04-04 11:06:45,Gendis Manis,bagus,grab,google_play
2026-04-04 10:59:21,Deniiesta Federiicho,kenapa sekarang diaplikasi cust bisa terbatasi pilihan untuk pemberian tips kdriver,grab,google_play
2026-04-04 10:51:59,Arif Pin,ok 👍,grab,google_play
2026-04-04 10:46:12,Ayub Pencarituhan,terimakasih sudah banyak membantu,grab,google_play
2026-04-04 10:33:15,Rahmad Putranto,mantab jiwa,grab,google_play
2026-04-04 10:31:02,Day ART,good thanks,grab,google_play
2026-04-04 10:29:19,ade rudiman,mantaf supir nya,grab,google_play
2026-04-04 10:12:31,Leli Laily02,parah makin mahal gak dapat diskon sama sekali,grab,google_play
2026-04-04 10:07:49,Galen Nugraha,"notifikasiny bikin lag👎, otomatis ngambil ram 300mb",grab,google_play
2026-04-04 10:00:14,Uswatun Hasanah,bagus,grab,google_play
2026-04-04 09:39:54,Nur Biantoro,ok,grab,google_play
2026-04-04 09:37:25,serenity,"maps nya nggak jelas, sesat",grab,google_play
2026-04-04 09:35:09,Kales widodo,trmksh sangat ramah n lancar,grab,google_play
2026-04-04 09:21:34,Shireen Irwan,minta banyak discon 😂,grab,google_play
2026-04-04 09:18:47,Dhanu Sakti Primanamartha,ok,grab,google_play
2026-04-04 09:09:38,Adalia Syifa Izzati,"suka, sangat membantu, tapi sering sering promo plissssz",grab,google_play
2026-04-04 09:07:30,Jauhar Latipah,gbisa di bukaaaaaa,grab,google_play
2026-04-04 08:23:38,Ilong Niaa,pesan grabfood ga bisa di batalin,grab,google_play
2026-04-04 08:15:26,Mochamad Syafril,aplikasi nya lancar dan bagus,grab,google_play
2026-04-04 08:08:35,Warji Warji,alhamdulillah,grab,google_play
2026-04-04 07:35:46,oktaviani arining tyas,apik,grab,google_play
2026-04-04 07:02:53,Muhammad Muharom,🔥🔥🔥,grab,google_play
2026-04-04 06:49:45,Robby Lawalata,sangat baik,grab,google_play
2026-04-04 06:40:28,Shofiyah Rahmah,Saya merasa aplikasi ini sangat membantu dalam menyederhanakan tugas-tugas saya yang sebelumnya terasa sangat rumit. Sekarang semuanya bisa dilakukan hanya dalam satu genggaman saja. Benar-benar sebuah terobosan yang sangat cerdas dan sangat membantu.,grab,google_play
2026-04-04 06:24:30,bang duy,lumayan bagus 😎,grab,google_play
2026-04-04 05:34:40,Romi Putra,Mantap propesional,grab,google_play
2026-04-04 04:56:23,Jessica Christina,sekarang susah banget dapet greb/ greb foot di saat genting kelaparan pas malam mau pesan gofood susah harus sampai pagi dulu baru ada driver yg bisa😭😭,grab,google_play
2026-04-04 04:49:32,Sheline 555,"ini grap gimana sih saya pesen makanan dr jam 2sampe jam setengah lima gak dapat2 pengemudi giliran dibatalkan gak bisa, tolong batalkan saja pesanan saya , grap jadi ribet begini gak bisa dibatalin beda gak kayak Go-Jek, gojek kalo lebih dr 1jam langsung otomatis membatalkan sendiri jadi enak gak kayak grap gajelas",grab,google_play
2026-04-04 04:34:08,krisna dinatha,"driver cepat, mantap.👍",grab,google_play
2026-04-04 02:02:18,yahya yoenoes,Cukup menarik,grab,google_play
2026-04-04 01:39:12,Rosnah Sam,saat pesan makanan suka ga sesuai waktu tiba dan suka di ganti waktu tibanya,grab,google_play
2026-04-04 01:13:36,Anwar Abubakar,"mitra food yang begitu buruk, tidak memiliki integritas. nunggu 90mnt malah dicantel! kapok saya pakai grab!!!",grab,google_play
2026-04-04 00:54:22,Hamdan Hamdan,Baik dan Santun,grab,google_play
2026-04-04 00:45:52,Asep Mayit,bagus,grab,google_play
2026-04-04 00:40:13,Radit Raditya,"beberapa bulan ini sangat kesulitan mendapatkan driver di malam hari,bahkan tarif normalpun susah...",grab,google_play
2026-04-04 00:31:19,Haykal Nicho,mudah banget untuk akses transportasi nya. murah banyak diskon,grab,google_play
2026-04-04 00:15:50,Rika SheRik,"layanan nya makin kesini makin jelek, promo doang, driver gak ada yg ngambil",grab,google_play
2026-04-04 00:05:10,Tgk. Fauzal fikra S.H,mantap,grab,google_play
2026-04-03 23:29:29,Oktoberto Simanjuntak,ehh grab mending perbaiki deh fitur grabfood luuu. masa dah satu jam lebih gak ada update pesanan sudah di dapur atau sedang di kirim apa gimana. udah gitu ga bisa di batalkan. di perbaiki lagi dah. masa iya orang nunggu sampai malam. trus kalau dah di pesan driver ngantar customer ketiduran gimana. kan kasian driver nya nyari nafkah makan malah nombok. malah di bilang pesanan guest 😏😏,grab,google_play
2026-04-03 23:25:22,wawa awaw,sangat puas dengan pelayanan,grab,google_play
2026-04-03 23:21:01,Denis Saputra,sampai dengan tujuan,grab,google_play
2026-04-03 23:15:03,M Kurniawan,ramah. baik,grab,google_play
2026-04-03 23:01:56,Hanivan Mauris,tolong kasih pelanggaran buat driver yg gk mau konfir mau jemput atau nggk nya. saya sudah nunggu lama bukannya lokasi dia makin deket adanya malah makin jauh,grab,google_play
2026-04-03 22:50:17,Edrick Fernandez Toknata,"PESANAN SAYA DI UNDUR TERUS,GABISA MAKAN,APLIKASI GA GUNA,CAPEK TAU GK",grab,google_play
2026-04-03 22:37:02,Apris Nggallataludjawa,mantap,grab,google_play
2026-04-03 22:33:03,Saloy Penobar,playanaya mantap,grab,google_play
2026-04-03 22:19:56,Danang wijayatmo Suryo Joyo diningratq,no grab,grab,google_play
2026-04-03 22:12:56,Wisnu Wijayanto,"grabfoodnya parah, pesan makanan tidak direspon driver hampir 2jam, mencari driver terus tanpa ada menu cancel, siapa yg tahan lapar sampai 2jam?terpaksa kami keluar makan ditempat lain, setelah selesai makan kami pulang sampai rumah baru di pickup, lah siapa yg mau makan? mohon ada otomatis cancel kalau 30 menit tidak ada driver respon.",grab,google_play
2026-04-03 21:58:35,1318013-Alvin Chandra Hadiyanto,update review lah susah cari driver,grab,google_play
2026-04-03 21:55:22,Fina Afiana,"makin lama drivernya banyak tingkah, efek aplikator gak manusiawi sm drivernya.",grab,google_play
2026-04-03 21:29:17,Yunita Selviana,good,grab,google_play
2026-04-03 21:22:19,Yuditi Arman,"aplikasi sampah udah lama nunggu 1 jam masih aja telat waktu di tambah terus, GILIRAN ORANG YG SALAH CEPAT KALIAN VIRALKAN GILIRAN SISTEM KALIAN SALAH DIEM BANYAK ALASAN GA ADA KOMPENSASI",grab,google_play
2026-04-03 21:10:06,Suryati Sur,okee banget aplikasi nya,grab,google_play
2026-04-03 20:56:45,Abduro hman,lek ws suwe maleh larang,grab,google_play
2026-04-03 20:23:02,Shafira Indah Felisha,"sorry to say, tapi pengambilan pesanan nya lambat tidak sesuai estimasi, justru di undur terus, mana gabisa di cancel!!! saya sampai komen kaya gini karna udh bukan sekali duakali, udh di sabarin terus tapi kok makin kek gini? 😅",grab,google_play
2026-04-03 20:13:06,Fandi Arfianto,good,grab,google_play
2026-04-03 20:06:35,aditya ramdani,"pesen food sampe 5x ganti driver terlalu banyak di double order double order, 1 jam setengah nahan lapar, ini afk sengaja buat cs pindah afk atau gimana?",grab,google_play
2026-04-03 20:01:19,Fajar Ariadi,oke,grab,google_play
2026-04-03 19:47:27,Achmad Rayyan,"susah amat si mau pesen car disaat jam sibuk atau hujan, kami customer ga keberatan mahal yang penting mobil cepat sampai! dari pada nunggu buang' waktu mending saya ke gocar walaupun mahal ada drivernya",grab,google_play
2026-04-03 19:40:49,Syah Reza,order makanan nunggu hampir 2 jam blm dpt driver sangat burukkk,grab,google_play
2026-04-03 19:27:52,Sri Septiana,jelek,grab,google_play
2026-04-03 19:25:39,Vita Zein,makasih,grab,google_play
2026-04-03 19:16:35,Inddry Novianty,Bintangnya saya kasih turun karena SUSAH BGT DAPET DRIVER padahal di sistem banyak driver yg lenggang tapi,grab,google_play
2026-04-03 19:08:03,esterlina tarigan,nyaman,grab,google_play
2026-04-03 18:57:13,Mudex Part,👌👌,grab,google_play
2026-04-03 18:48:30,Nisa Damar,ok,grab,google_play
2026-04-03 18:42:33,novita ing,sangat membantu,grab,google_play
2026-04-03 18:34:30,Yudi Handoko,drivernya sabar,grab,google_play
2026-04-03 18:24:28,Junaedi,pelayanan grab sangat baik,grab,google_play
2026-04-03 18:21:46,Putri Kholifah,drever sy baik dan sopan,grab,google_play
2026-04-03 18:16:51,Helda Azhari,"mitra kerjanya atas nama YOSEF IRFANDI tidak kerja sama dengan baik, costumer di ludahi gara gara bawa uang cash, mohon di perhatikan lagi min keluh kesah customernya salam damai dari saya🙏",grab,google_play
2026-04-03 18:09:48,Rozet Pernando,sangat memuaskan,grab,google_play
2026-04-03 17:54:22,agnesi manangkot,pengemudinya tidak ada yang mau terima orderan,grab,google_play
2026-04-03 17:46:59,Hury Maryono,exelent,grab,google_play
2026-04-03 17:37:56,Tory Tan,ada abang ya tarik greb sayangan jelek sifatnya,grab,google_play
2026-04-03 17:35:18,Ayu Sri Lestari,ntah karna akunya yang oon atau apalah susah banget daftar grab sekarang tuh pusing banyak verifikasi banget,grab,google_play
2026-04-03 17:31:45,Harun Aja,grab car udah pada sok kaya padahal mah Deket 1 km an tapi kok ya kacau,grab,google_play
2026-04-03 17:28:23,Munirah Nadia,"mantap,tepat waktu,kurir Ok",grab,google_play
2026-04-03 17:28:22,Queenie Bee,Biaya platform 6.000???,grab,google_play
2026-04-03 17:25:57,Claire Gilmore,"nyari pengemudi susah dan menunggu pengemudi sangat lama. tidak menjawab pesan kita, kendaraan tidak bergerak sama sekali",grab,google_play
2026-04-03 17:16:28,Gibran Handika,ok,grab,google_play
2026-04-03 17:16:14,Sunarto 75,bagus,grab,google_play
2026-04-03 17:12:07,Julia Nita,"Saya pesan food delivery namun prosesnya sangat lama, pencarian driver yang sangat lama, mau di cancel pun sulit harus menunggu lagi, ujungnya saya cancel karena terlalu lama. Tolong penanganannya, tolong diperbaiki sistem pembatalan orderan food delivery nya.",grab,google_play
2026-04-03 16:57:10,Najwa Ulhaq Naul,aplikasi Grab ini sangat membantu,grab,google_play
2026-04-03 16:50:48,Ho Wa,Sangat baik,grab,google_play
2026-04-03 16:42:22,Roy Kimcil,terbaik,grab,google_play
2026-04-03 16:41:49,Obar Hidayat,nyaman,grab,google_play
2026-04-03 16:35:39,yohanes kurnia,Oke,grab,google_play
2026-04-03 16:13:44,ALEX JJ,cepat Dateng nya ini pertama kali ak pakai grap dan grap nya cepet bgt nganter nya malahan beberapa menit lebih awal di anter terimakasih grap,grab,google_play
2026-04-03 16:08:43,Jimmy Rusli,pelayanan bagus,grab,google_play
2026-04-03 16:06:04,Irmayanti Azahra,bagus,grab,google_play
2026-04-03 16:04:10,Nafiza Dania,sangat membantu perjalanan,grab,google_play
2026-04-03 15:49:35,rayya shofasalsabila,susah dicari,grab,google_play
2026-04-03 15:45:27,BL2 Score,"sudah ga nyaman make grab kebanyakan oknum, gw pesen makanan tidak sampai² keterangan sudah sampai di alamat padahal blum",grab,google_play
2026-04-03 14:55:14,Salfa Qurotul Ain,puas sekali,grab,google_play
2026-04-03 14:53:26,Dintje Menong,"gak di anter"" pesanannya",grab,google_play
2026-04-03 14:44:02,IRWAN AHMAD,NOTIF PROMOSI LO BERISIK!!!! TIAP BEBERAPA MENIT ADA AJA NGASIH NOTIF GANGGU!!!!!,grab,google_play
2026-04-03 14:38:39,Ninaimut28 Ninakpbd28,lumayan enak👍🙏,grab,google_play
2026-04-03 14:33:57,Budi Bedjo,well done,grab,google_play
2026-04-03 14:29:28,Hmw Zelviana,terimakasih,grab,google_play
2026-04-03 14:28:16,sa tino,ramah dan sabar bawa kendaraannya tidak ugal ugalan,grab,google_play
2026-04-03 14:11:44,Surya Sudrazat,sangat bagus nyaman diperjalanan nyah👍👍👍,grab,google_play
2026-04-03 14:09:40,Sakina Alkatiri,buka aplikasinya suka lama,grab,google_play
2026-04-03 13:58:30,Sri Wahyuni,oke banget,grab,google_play
2026-04-03 13:47:30,Nadia Anggraeni,smngat bagus,grab,google_play
2026-04-03 13:42:01,Muna,kenapa di tempat ku aplikasinya gabisa terbuka???,grab,google_play
2026-04-03 13:31:26,Raditya Susanto,sopan dan ramah,grab,google_play
2026-04-03 13:30:55,Kurniawan Leo S,error loading lama,grab,google_play
2026-04-03 13:12:54,Karmain Amir,tepat waktu ramah dan profesional,grab,google_play
2026-04-03 13:03:41,Safira Nuri,kenapa skrg pesan makanan/motor pake yg hemat lamaaaaa nya luar biasa. masa bisa 2jam lebih. padahal resto dekat. kalau emng ga mau kasih hrga murah mending hapus aja tu hemat. kasian jga masa driver yg jauh2 yg dpt orderannya.,grab,google_play
2026-04-03 12:53:19,sya rahayu,baik dan bagus pelayanannya maksih grab💜,grab,google_play
2026-04-03 12:12:54,gigih Ginaldi,apk ngelag bbabik,grab,google_play
2026-04-03 12:10:06,M Abdul sakur,mohon maaf pihak grab . tolong aplikasi nya di update lagi tolong di kasih pelaporan untuk tempat makan yang tidak sesuai.atau scam karena yang datang cuma nasi atau sesuatu yang tidak seharusnya ada pada makanan.dan saya tidak bisa mengajukan pengembalian uang itu Sangat merugikan pembeli sekian terima 🙏,grab,google_play
2026-04-03 11:55:33,nia,"engga bisa batalin pesanan itu parah. order belanjaan, udah disiapin toko, tapi lama ga dapet driver. mau ga mau nahan ngantuk nungguin tanpa kejelasan. minimal ada batas waktu tunggu yang bisa auto-cancel kalau memang kebijakan ga bisa batalkan pesanan itu antisipasi supaya customer ga boleh batalin sepihak. itu bagus dalam hal perlindungan driver. tapi kalau ga dapet driver gini, customer pun butuh perlindungan. mau pesan di aplikasi lain ga bisa karena udah terlanjur nungguin di aplikasi ini.",grab,google_play
2026-04-03 11:45:52,Novi Rachmad Dani,mapsnya gajelas,grab,google_play
2026-04-03 11:44:14,Alifia Suci Salsabila,tolong dong kasih informasi tuh yg jelas ke drivernya masa iya nanya terus ke penumpang masalah fee ya mana penumpang tau s&knya lah aneh bgt,grab,google_play
2026-04-03 11:43:36,Dea Regina Putri,"suka sama aplikasinya saya baru coba dari 2025 sampai sekarang masih saya pakai,tapi kadang suka tidak jalan jalan di map nya",grab,google_play
2026-04-03 11:28:00,Kirey Fayyola,trimakasih...untuk abangnya semoga sehat selalu...,grab,google_play
2026-04-03 11:17:36,Nabila,bantu aku saat sedang kelaparan 👍🫰,grab,google_play
2026-04-03 11:17:00,Zaenal Arifin,ok,grab,google_play
2026-04-03 11:03:02,Abdul Kadir,Bagus pelayanan,grab,google_play
2026-04-03 10:55:03,Mahaelani Puja,sangat bagus,grab,google_play
2026-04-03 10:42:47,Nadya Putri,dikit² upgrade males bgt njir,grab,google_play
2026-04-03 10:37:11,fairuzaindana fahrezamustahdi,baik lah kadang dapet diskon voucher,grab,google_play
2026-04-03 10:30:17,Tajudin Fajri,good,grab,google_play
2026-04-03 10:18:45,Adighory Linggantara01,good baik,grab,google_play
2026-04-03 09:40:21,Sandi Yudha,"Grab Support nya bagus, responnya juga baik. Keluhan saya di tangani👍.",grab,google_play
2026-04-03 09:31:25,Zulfa,baik,grab,google_play
2026-04-03 09:25:03,binbin Asatron,sangat membantu transportasi ketempat tujuan,grab,google_play
2026-04-03 08:59:46,Abdurrahman Saragih,mantap,grab,google_play
2026-04-03 08:58:01,Bang Kajon,baik,grab,google_play
2026-04-03 08:06:50,stephen suprianto,ok,grab,google_play
2026-04-03 08:02:56,Jumadi Ahir,sanggat membatu dalam segala keadaan,grab,google_play
2026-04-03 08:00:21,Lina Kansil,"sudah ribet setiap pesan makanan harus isi alamat lagi, tidak seperti dahulu hanya sekali isi alamat pesan berikut sudah tak perlu, mempersulit",grab,google_play
2026-04-03 07:38:11,Meisy Meisy,ramah mas drever nya dan cepat sampai,grab,google_play
2026-04-03 07:26:13,ZA Channel,okay,grab,google_play
2026-04-03 07:12:24,Novia Putri,"ramah ,baik",grab,google_play
2026-04-03 07:01:24,Tiyo Bendol,"cepat,, mudah",grab,google_play
2026-04-03 06:20:53,Hadyanto Onggo subagio,lebih baik,grab,google_play
2026-04-03 05:17:07,Anak Manusia,Baik sekali banyak promonya dan diskon nya besar-besaran:),grab,google_play
2026-04-03 05:14:44,Yofita Densi,"kesel banget sama aplikasi satu ini ,saat saya mau pesan transportasi kendaraan bermotor yang keluar malah mobil gitu aja terus 😒😒😡😡",grab,google_play
2026-04-03 03:30:03,Pengguna Google,"Grab Food di jam 3 pagi s/d subuh gak pernah ada yg pick up pesanan saya, Selalu di batalin karena DRIVERNYA gak ada 😩 Lgi laper²ny malah driverny gak pernah ada 😔",grab,google_play
2026-04-03 02:41:36,Muh Irham R (RHM),"jelek mending shopee, driver sulit, nganter makanan aja lama",grab,google_play
2026-04-03 02:17:42,Mat Ali,pelayanan bagus,grab,google_play
2026-04-03 00:58:46,Fahmi Putra,😀,grab,google_play
2026-04-03 00:50:46,Chriza lamtotalumbanraja,"aplikasi yang membantu, dan gampang digunakan",grab,google_play
2026-04-03 00:27:21,Dino Priyono,"banyak driver mengeluh pendapatan kecil dan hidup ""begini-begini aja"" padahal kalian sendiri sering menolak rezeki, pilih-pilih orderan, gak sedikit pula yg datang dengan wajah judesnya tidak puas dengan peraturan dari aplikator? ya silakan berhenti dan coba ciptakan lapangan kerja sendiri bukan dengan menolak dan pilih-pilih orderan",grab,google_play
2026-04-03 00:18:29,Retno Eno,"Sangat kecewa dengan layanan Grab. Saya mendapat driver yang sejak awal sudah tidak sopan chat (capslock), lalu berkata kasar seperti “woi hemat” dan “niat order kagak”, padahal saya sudah menunggu di titik jemput. Jika fitur “mode hemat” justru membuat customer diperlakukan tidak baik, sebaiknya dievaluasi. Pelanggan berhak memilih layanan tanpa dimaki. Mohon Grab lebih selektif merekrut driver dan memberikan pelatihan etika. Sikap seperti ini mencoreng nama Grab dan merugikan pengguna.",grab,google_play
2026-04-03 00:14:52,jayanta ginting,"uda mesan grabfood lebih sejam tp gk ad fitur batalkan pesanan. smpk trtidur nungguin pesanan dri jam 11 malam smpk jam 1 malam. nti gk di angkat tlpn driver di blng akun bodong. gmn cara angkat ny klo orng uda tidur. tlong ini grab klo gk dpt driver 20 mnit, otomatis timbul fitur batalkan. jgn krn ad promo jdi lama dpt driver. klo krn itu sebab nya, hapus aja promo nya. untuk apa promo klo smua orng jdi kesal. padahal jarak ny dekat.",grab,google_play
2026-04-02 23:53:26,Andy Siau Sun Lie,Grab bukan cuma ada di 1 Daerah tapi Ada Di Mana Mana... 👍👍,grab,google_play
2026-04-02 23:08:08,Arif Hakim,aplikasi ini sangat cocok untuk saya terimakasih,grab,google_play
2026-04-02 23:04:48,Riska Nurlilis,Good,grab,google_play
2026-04-02 22:53:42,Fany Arifin,"sangat membantu,dikala keadaan mendesak",grab,google_play
2026-04-02 22:50:03,Sarwono Wae,Driver Ramah.,grab,google_play
2026-04-02 22:32:52,Sulaiman Bakir,sekarang maps nya Ndak akurat,grab,google_play
2026-04-02 22:29:33,Wahyu Wahyu Iskandar,baik,grab,google_play
2026-04-02 22:27:25,Onong Anni,"kesel banget tiap order makanan di malam hari baru jam 8 juga susah banget dapet pengemudi, masa tunggu aja diperpanjang saya pesen makanan tuh karna lapar ini malah di permainkan nunggu berjam jam, kapok banget pertama pakai aplikasi ini alih alih kemakan iklan murah katanya tapi lambat..",grab,google_play
2026-04-02 22:27:00,Dionisius harken Damsari,aplikasinya ngelag parah padahal jaringan bagus,grab,google_play
2026-04-02 22:06:25,Ahmad Hidayat,mudah,grab,google_play
2026-04-02 22:05:19,cari berkah,sangat membantu,grab,google_play
2026-04-02 22:02:40,Iwan Lampunut,pengendara ok. aplikasi nya kurang bagus. selalau gagal kirim resi,grab,google_play
2026-04-02 21:55:53,Diyah Valisa,"Grab, kamu kenapa tiap aku abis order makan terus aku buka apk lain terus mau buka grab lagi tapi ngga bisa? sampai muncul notif aplikasi terhenti jadi harus install ulang.. udah gitu lama bangett.. ini aku harus gimana? jadinya orderanku dicancel driver-nya jadi harus nunggu lama lagii",grab,google_play
2026-04-02 21:47:33,F A,"Pesen makanan lama bener ga dapat driver, batal otomatis. 👎",grab,google_play
2026-04-02 21:40:06,Hartoyo Setiawan,"emang dasarnya kek ampas , nunggu hampir 2 jam pesen grab food masih di resto aja .",grab,google_play
2026-04-02 21:33:18,Rizky Ramadhan,"tolol Driver nya pada kebanyakan milih"" gua pesen makanan sejam lebih pas udh wktu nya gada yg mau ambil,tolol bat",grab,google_play
2026-04-02 21:32:03,Rahma Dani,"pake grabfood lama nyari drivernya, gua nunggu sejam lebih eh ujung ujungnya di cancel",grab,google_play
2026-04-02 21:19:30,Sari Ono,sangat membantu dikala mengerjakan😁😁😁,grab,google_play
2026-04-02 21:14:43,Grace Oktavia,"Akhir2 ini sulit mendapatkan driver Kalau pakai promo,tidak ada driver yg mau jemput.Tapi kalau saya pilih yang harga jauh lebih mahal baru driver mau ambil.Hari ini grab bike harganya 56 rb biasanya hanya 20 rb an,baru drivernya mau ambil. Seperti ada permainan antara driver dan aplikasi.Kalau harga mahal cepat dapat driver,kalau pilih promo ngga dapat2 drivernya.harganya pun tidak masuk akal",grab,google_play
2026-04-02 21:13:30,Azka,iklan,grab,google_play
2026-04-02 20:59:10,Holip Patulloh,ok,grab,google_play
2026-04-02 20:59:03,Yati Yati,tepat waktu.. baik dan ramah..terima kasih,grab,google_play
2026-04-02 20:55:01,Robi'ah Al-Adawiyah _2062,makin ngawur sistemnya,grab,google_play
2026-04-02 20:44:07,Dhesma Yana,nyari driver nya lama,grab,google_play
2026-04-02 20:41:10,Nazril Rohman,"lama dapet diriver, ga jelas tentang waktunya, segala harus pake prioritas dan ga gratis, pilih kasih, ga bisa batalin pesanan yg lama",grab,google_play
2026-04-02 20:29:23,ridwan ridwan,"pesan makan kadang susah dapet pengemudinya malah nunggu 50 mntan gak ada juga ujung""nya d batalin kecewa",grab,google_play
2026-04-02 20:25:51,Andy Saputra,pelayanan cepat. barang sesuai,grab,google_play
2026-04-02 20:25:04,Abu Surbah,oke top,grab,google_play
2026-04-02 20:23:53,Raida Rumaiza,sekarang susah driver,grab,google_play
2026-04-02 20:20:22,Happy Cahya,pesen makanan susah cari drivernya !!!!!!,grab,google_play
2026-04-02 20:13:31,Naga Budiman Hamdani,"Very Good Fast Respon, Tq Grab🙏",grab,google_play
2026-04-02 20:12:31,kamal ardabili,"pengalaman buruk setiap pesan makanan pasti selalu telat gagal dapat driver Berjam jam tidak seperti aplikasi sebelah padahal jarak restoran ga jauh"" amat, suka mls beli dsni tpi udah terlanjur di pesan pdhal driver bnyk kok susah bngt dpt.",grab,google_play
2026-04-02 19:58:01,Deni Kamaludin Jamil,Ini kalau sistemnya gak susah dapat driver pas hujan/sibuk bintang 5,grab,google_play
2026-04-02 19:49:12,Fitri sridevi Hutabarat,aplikasi kalian ini sangat mengesalkan. pesan grabfood tidak bisa cancel.,grab,google_play
2026-04-02 19:45:34,Arumanda Maru,cepat angkut aku hey,grab,google_play
2026-04-02 19:38:42,Nilawati,asli sumpah. beneran padahal ga pencet beli tiba tiba dikirimin. bahkan belum selese dibagian opsi pembayaran malah kekirim dan hal yg paling mengecewakan tidak ada opsi cara membatalkan pesanan padahal baru di pesan dan belum apa apa. aplikasi ini mengecewakan sekali,grab,google_play
2026-04-02 19:36:25,Fahmi Febrian,good,grab,google_play
2026-04-02 19:30:04,Regi Fauzi,"saya udah berapa Kali mesen makanan , gak pernah di anter .",grab,google_play
2026-04-02 19:27:07,Salani Salani,terlalu mahal,grab,google_play
2026-04-02 19:25:40,Gusti Aditya,cepet jemput ya,grab,google_play
2026-04-02 19:21:55,Najwa Syahirah,lama bngt dpt driver nya,grab,google_play
2026-04-02 19:21:39,Khairani Oktaviani,Sistem Mengecewakan!!,grab,google_play
2026-04-02 19:19:44,Siti Ngaisah,susah dibuka aplikasinya..sering salah titik lok,grab,google_play
2026-04-02 19:17:37,bayu pratama,sangat bagus,grab,google_play
2026-04-02 19:13:32,Hendry Stiono,sangat membantu,grab,google_play
2026-04-02 19:11:56,adi setiawan,grabfood bikin muak...layanan terlalu lama .cari driver harus nunggu 1 jam..orang keburu lapar makanan ga datang2..mending beli offline..makin ke sini makin buruk layanannya...parahhh 👎👎👎👎👎👎👎👎👎,grab,google_play
2026-04-02 19:11:34,Pradina Putri,"sumpah najis bgttt ga expect order pake pengiriman standar nunggunya bisa sampe 2jam, pdhl jarak toko ke kost deket bgt. parah si kataku mah meskipun standar kan ga sepenuhnya gratis juga kirain 11-12 sama shop** pengiriman standar mentok di 30 menit itupun jarang bgt terjadi. bahkan pernah saking Mepetnya duit order gacoan pke pengiriman hemat cuma nunggu ± 40menitan tau gini ga aku download hmm menguji kesabaran bgt",grab,google_play
2026-04-02 19:04:26,Sifa Nursifa,skrng KNPA jdi susah banget nyari driver grabfood. udh nunggu smpe 1jam blm Nemu aja gojek. seharus skrng ada sistem cancel nya,grab,google_play
2026-04-02 19:00:27,nida ulmufida,alternatif kamu gojek mahal,grab,google_play
2026-04-02 18:53:20,Alisang Cinta,"makin lama, makin mahal cibay",grab,google_play
2026-04-02 18:44:59,Amalia,gmna ni grab ...di update udh seminggu gak bisa di buka ...di uninstall mlh gak bisa juga,grab,google_play
2026-04-02 18:38:11,shintaefra nez,DRIVERNYA JUAL MAHAL SEMUA PADAHAL JUGA GAK HUJAN TAPI GAMAU JALAN!,grab,google_play
2026-04-02 18:34:54,Rifaj Yunant,"jangan pake grab guys, 1 jam lebih ga dapet2 driver",grab,google_play
2026-04-02 18:34:13,Nou Val,tapi kurang ya salah penempatan titik lokasi rumah,grab,google_play
2026-04-02 18:30:29,Reni Pabriani,nah udah selesai juga akhirnya. nih ku kaaih bintang 5 lagi. next time sebelum ngebekuin akun. kasih tau dulu alasannya. jangan bekuin sebelah pihak. kami customer juga punya pembelaan.,grab,google_play
2026-04-02 18:17:22,Sholi Van iyeu,membantu,grab,google_play
2026-04-02 17:54:57,nnta,so horny with this much promotion on grabfood ‼️🙏,grab,google_play
2026-04-02 17:50:07,Naswa Zein Qurrotul Ain,"Kalo ganiat ngasih promo gausah gagal mulu promonya, oiya yang pengen makan dapet banyak promo download aja GOJEK di GO FOOD dijamin 100 persen banyak promo nya asli sumpah gak kayak apk ini",grab,google_play
2026-04-02 17:45:43,Dedi Rahman,Driver banyak yang gak bawa helm buat penumpang,grab,google_play
2026-04-02 17:44:24,Mimi Nurasmi,trimakasih pak sudah antar sy Sampay tujuan,grab,google_play
2026-04-02 17:44:08,Muhammad Fakhri,ga pagi ga sore dapet driver lama banget,grab,google_play
2026-04-02 17:32:08,darlis ab,semua lancar,grab,google_play
2026-04-02 16:36:07,Farah Tabitha mar,murah jir,grab,google_play
2026-04-02 16:31:43,Dita Azahara,"drive nya pada malas, hujan dikit aja ga terima orderan, pada ga butuh duit kah? kalo musim hujan susah banget dapat drive, najis",grab,google_play
2026-04-02 16:22:24,EDI,aplikasi bagus,grab,google_play
2026-04-02 16:21:39,lailaa,"grab adalah solusi buat para pelajar seperti aku yang pakai ojol setiap pagi, disini bisa pakai grab hemat sesuai dgn kantong pelajar. sedangkan di aplikasi sebelah ga ada gersi hemat dan harganya yang mahal ga sesuai buat kantong pelajar. disaat aku mau pulang sekolah dan kehujanan pun grab tetap ada versi hemat nya dan waktu sampainya pun cukup cepat. terima kasih grab aku bakal pakai kamu terus ♡",grab,google_play
2026-04-02 16:19:49,Zaenal Arifien,sangat memuaskan,grab,google_play
2026-04-02 16:18:12,Amdi Lubis,"lain kali ngarah kan jalan jgn ke jalan yg macet dan bnyak lampu merahnya ya, ngotak sikit, kasian driver sama penumpangnya",grab,google_play
2026-04-02 16:12:53,esti pandijo,baik kondisi hujan ank sy dilengkapi dgn jas hujan dan helm alhamdulillah terima kasih om,grab,google_play
2026-04-02 16:10:39,Aqila Putri ramadani,baik,grab,google_play
2026-04-02 15:43:44,Nanie Fitria13,order grab gesit dan cepqt dripda shpeefood,grab,google_play
2026-04-02 15:30:41,Hasbull kordes,ok nyaman,grab,google_play
2026-04-02 15:28:56,Astrid Lede,bgus deh pokoknya,grab,google_play
2026-04-02 15:24:38,No Waja,"bikin ribet aja, ngapain sih verifikasi selfie segala",grab,google_play
2026-04-02 15:10:24,Andy Chandra,ok,grab,google_play
2026-04-02 15:06:01,Leonita Wahyu Aryana,tarifnya skrg mahal banget.. sptnya sy harus beralih.. tadinya udh nyaman banget pake grab tp sorry to say ada yg lbh affordable,grab,google_play
2026-04-02 14:53:09,yenyeni Yeni Nurhasanah,sangat baik,grab,google_play
2026-04-02 14:43:16,Widya Wati,"sangat membantu perjalanan saya... sehingga lebih mudah,ramah d kantong biayanya",grab,google_play
2026-04-02 14:42:03,Adi Ganz,"awalnya bagus lama"" bnyk yg cancel jarak jauh bnget ngk bisa buat buru"" nunggu driver nya juga lama berhenti 20mnit baru jalan ke penumpang Gilak sih sekarang malah ngk ada driver disekitar",grab,google_play
2026-04-02 13:55:37,Leni Leny Lavenia,aplikasi yang bagus dan baik,grab,google_play
2026-04-02 13:36:45,Zacky Zack,nyaman sekali,grab,google_play
2026-04-02 13:36:27,Salman Fadhila,bagus dan keren,grab,google_play
2026-04-02 13:33:04,Qania Mardiah,"sayang, murahin lagi ya sayang, aku senang dapet harga murah mulu walau jauh sayang",grab,google_play
2026-04-02 13:26:22,Initial E,"Lebih prefer pesan taxi buat order layanan car. Grab Car selain mahal, para drivernya pada malas, gak sopan, nyetir kasar dan kalo jalan sempit disuruh turun gak sampai titik turun. Bayar pake QRIS gak sabaran duit masuk, marah² kalo duit belum masuk, kan ya harusnya masalah sinyal juga kan. Sering gak mau batalin order kalo rute macet, pelanggan yang harus batalin, alhasil pelanggan yang kena suspend. Pake Grab cuman buat layanan food aja kalo lagi ada promo.",grab,google_play
2026-04-02 12:46:50,Ote Yandi,membantu,grab,google_play
2026-04-02 12:37:38,Bangkit Kharisma Raja,saya ingin kembali pakai grab tapi terkendala oleh otp karena nomor lama sudah tidak aktif. tolong kedepannya buat opsi verifikasi melalui email,grab,google_play
2026-04-02 12:29:29,Leni Wandra,the beast,grab,google_play
2026-04-02 12:21:45,Nasya kanaya,keseringan ngebug,grab,google_play
2026-04-02 12:12:46,Erland Erlambang,sangat baik,grab,google_play
2026-04-02 12:12:45,Agil Ahsina Putra,pengguna sudah hampir 2 th tapi baru2 ini kenapa kalo pesan makanan lama semua?,grab,google_play
2026-04-02 12:03:22,Pikri hidayatulloh,"damnn jahat banget , sedikit cerita paman saya abis kontrol diigd gara gara punya riwayat penyakit stroke dan jalannya sedikit ² di gandeng ,lalu titik koordinat yang saya masukan terlalu jauh memang salah saya ,tapi dengan sopan saya nyuruh nunggu kepada pihak pengemudi 2 menit doang , malah di cancel dengan alasan jauh nyari yang lain aja , sejahat itu yaa padahal paman saya sudah berusaha jalan , sehat teruss deh buat orang orang :)",grab,google_play
2026-04-02 11:58:15,Sugiyanto Yanto,semuanya OK.,grab,google_play
2026-04-02 11:53:52,Dwi Fitri Cahyani,"benar-benar kapok naik grab bike, padahal grab bikenya bukan yg hemat, bisa""nya drivernya gak tahu diri, udah motornya beat duduknya gak mau maju, naiknya kenceng banget, dikasih tahu jalan ngeyel, maunya lewat jalan besar gamau lewat gang dimana lewat gang itu jalan tercepat ya tahu sendiri dia naiknya sekencang apa, akhirnya mogok dah tuh motornya, dan penumpangnya juga yg rugi dan harus jalan kaki sekitar 300 meter",grab,google_play
2026-04-02 11:39:30,Sochibul Mujahidin,baik,grab,google_play
2026-04-02 11:37:11,Linidrain Plumbing,good,grab,google_play
2026-04-02 11:15:41,Nala Antri,bagus,grab,google_play
2026-04-02 11:13:26,Kikiayu Indah sari,pengantar sangt aman,grab,google_play
2026-04-02 11:08:18,Dody Aviantoro,"pelayanan baik ,sampai tujuan",grab,google_play
2026-04-02 10:27:07,Khadijah Indriani,sangat membantu.tp di daerah daerah dan jam tertentu tidak ada driver.,grab,google_play
2026-04-02 10:21:58,Yazid Zaidan,enak poll cocok untuk pelajar,grab,google_play
2026-04-02 10:19:34,Herlina Nayra,baik,grab,google_play
2026-04-02 10:18:56,Alhafis Anmadian,mantap,grab,google_play
2026-04-02 10:16:17,Hadi Purnomo,manteb,grab,google_play
2026-04-02 09:57:05,andi dian dppkbbone,bagus,grab,google_play
2026-04-02 09:46:09,Achmad official,bagus apk nya dan lebih murah dripda gojek,grab,google_play
2026-04-02 09:30:16,Jaya Anggara,lumayan soalnya turunya jauh dari rumah/lokasi,grab,google_play
2026-04-02 09:20:49,Ayu Rahayu,keren,grab,google_play
2026-04-02 08:54:20,Farid Kenan,mantap,grab,google_play
2026-04-02 08:47:55,Heri Wijaya,sangat membantu,grab,google_play
2026-04-02 08:38:01,Irwan Sihombing,puas,grab,google_play
2026-04-02 08:37:54,fajar fitra,"nunggu lama, ada driver di sekitar tapi harus nunggu yg jauh,padahal yg sebelah rumah juga lagi nunggu orderan,...",grab,google_play
2026-04-02 08:37:00,Rizky Putranto,responnya cepat bagus,grab,google_play
2026-04-02 08:32:07,pra restihartati,mantap,grab,google_play
2026-04-02 08:21:58,A Haris,bagus sih. hanya saja saat langganan grab unlimited tidak sesuai dengan informasi produk yang diberikan.,grab,google_play
2026-04-02 08:21:35,favian alfudzaky,makanannya enak,grab,google_play
2026-04-02 08:17:56,Marlina Ndruru,sgt berfungsi,grab,google_play
2026-04-02 08:03:36,Ayub Wibowo,oke,grab,google_play
2026-04-02 07:52:12,Chandra,"dalam 4 hari,2x dicancel yg 1 waktu tunggu nya 7 menit. saya mah ga masalah nunggu,driver nya yg males ambil. yg ke 2 udah mau sampai,eh dicancel tiba². yg td nya udah mepet kerja,jd telat karna pesen ojol LG",grab,google_play
2026-04-02 07:37:55,Kinasih314 Wulan,layanan baik dan cepat,grab,google_play
2026-04-02 07:37:51,Naila Naila,"apk nya sering lelet sehingga menyebabkan penumpang lama menunggu untuk membuat pesanan,dan memakan waktu yang lama.",grab,google_play
2026-04-02 07:36:07,M Yunus,terbaik,grab,google_play
2026-04-02 07:34:34,Nanto Hadi,pengemudi sopan,grab,google_play
2026-04-02 07:18:42,Muhammad Syahrul,Sangat memudahkan keperluan pergi kemana saja. Dengan fitur promo Yang Termurah cukup mulai dari 7500 🌟🌟,grab,google_play
2026-04-02 07:13:43,Susan Widiawati 88,ok 👍,grab,google_play
2026-04-02 07:12:02,Dodol Podol,bagus tapi masalah nya leg mulu,grab,google_play
2026-04-02 06:38:15,ir Tanjung,baik',grab,google_play
2026-04-02 06:19:40,Putri ayu Andira,harga nya tiba-tiba naik padahal pas mesen 12.500 saat sampai di lokasi berubah jadi 21.000 dan uda dua kali terjadi seperti ini pernah juga saya mesen saat mau makan gacoan jaraknya hanya 1.8km dari rumah saya pesen yang harga 10.000 tiba tiba pas nyampek jadi 20.000aneh banget. jujur kecewa banget kok bisa gitu,grab,google_play
2026-04-02 06:19:13,Nur Alam,"muda dipake,ok",grab,google_play
2026-04-02 06:18:50,Utami Dewi,selalu memberikan layanan yg terbaik.... terimakasih babang2 Grab 🙏,grab,google_play
2026-04-02 06:10:15,Geo Imut,"setiap mau pesan pagi kok disulitin gini si gatau jam udh mepet udh dipesen jauh jam sama aja blom dpt""",grab,google_play
2026-04-02 06:01:30,Modifikasi Bandung,"Tinggalkan GRAB, tiap pesan dikasih driver yg jauh dengan harapan dicancel dan kembali pesan, namun ketika kembali pesan harga menjadi naik/diarahkan ke harga yg tinggi agar waktu tunggu menjadi sebentar. Sungguh cara berbisnis yg buruk, kasihan driver yg mencari nafkah dengan aplikator seperti ini.",grab,google_play
2026-04-02 05:57:26,Muhammad Sibli,ok,grab,google_play
2026-04-02 05:31:21,Petrus Sugianto,"dengan perubahan map yg bergerak, membuat pusing dan bingung.. sebaiknya map dikembalikan ke fitur awal (tidak bergerak).",grab,google_play
2026-04-02 05:23:56,Mauliya Nasution,bagus,grab,google_play
2026-04-02 05:23:23,Real Nazo,maps nya kurang detail,grab,google_play
2026-04-02 04:44:36,Pgs Saja,sulit mendapatkan makanan yang terdekat dan murah 🤧🤧🤧🤧 saya maunya motor kok munculnya mobil 🤯,grab,google_play
2026-04-02 03:12:40,Asti Widiari,"usul dong, grab bikin aplikasi versi lite nya biar ga terlalu berat di hp......🙏😁😁😁😁",grab,google_play
2026-04-02 02:42:51,Ahmad Rayhan,Good Aplication 👍🏻,grab,google_play
2026-04-02 02:23:04,Nasirinmasruri Nasirinmasruri,GK ada kembalian,grab,google_play
2026-04-02 02:00:42,Islahadi Abidin,murah potongan besar konflik batin cs dan driver,grab,google_play
2026-04-02 01:22:10,Bengbeng Andin,sangat membantu,grab,google_play
2026-04-02 00:31:47,X-ray X-ray,good,grab,google_play
2026-04-02 00:06:22,Amran banen,biasa di luar.. luar bisa,grab,google_play
2026-04-02 00:04:58,016_Pisi Anggriani,tiba tiba fitur pemesanan makanan saya hilang padahal baru 2 BLN saya gak gunakan saya mau gunakan kembali udh gak ada fitur pesan makan lagi tolong dong penjelasanya itu gimana padahal saya udh jdi memper prioritas sebelumnya,grab,google_play
2026-04-01 23:54:07,Samsul Arifin,Bagus,grab,google_play
2026-04-01 23:09:00,Galih Suhendra,"ape bnde lah, aps berlaku untuk daerah tertentu jer, macam pahang temerloh kuantan bahau dan masih banyak lgi yg tak boleh dapat order, klo nak ramai penumpang bagi la masuk pedalama",grab,google_play
2026-04-01 23:03:03,jon sinchan,baguuussss,grab,google_play
2026-04-01 22:35:50,Shyntia Tia,bagus,grab,google_play
2026-04-01 22:28:14,Eko SM,Semoga terus terupdate aplikasinya sehingga memudahkan para pelanggan dan driver,grab,google_play
2026-04-01 22:01:17,Astrllaa,"sampah, bikin tambah lama saja, tidak ada driver yang ambil, aplikasi sampah",grab,google_play
2026-04-01 22:00:44,Kardo Adrianto,"kecepatan mengendarainya pas,gak kencang gak lambat",grab,google_play
2026-04-01 21:59:14,alirido rido,sangat bagus,grab,google_play
2026-04-01 21:49:43,Farida Mamaida,mantap,grab,google_play
2026-04-01 21:49:40,Toto Doang,menarik,grab,google_play
2026-04-01 21:31:47,Nofita bakar,hari ini saya kecewa sama grab karena saya melakukan 2 kali pembayara dan uangnya tidak kembali,grab,google_play
2026-04-01 21:31:34,Cemput Pegadaian,"pesan makanan lamaaa smpai 2 jam, sya beralin ke applikasi lain aja, tks grab smoga lebih ok lgi!",grab,google_play
2026-04-01 21:21:45,Jul Nelly,titik ny suka berubah sendiri anehhhh,grab,google_play
2026-04-01 21:13:45,Yuwan Azriel Tanzillah,tidak membantu,grab,google_play
2026-04-01 21:08:43,Ryan Taufik,mantap,grab,google_play
2026-04-01 21:02:37,Coky Wibisono,Ok bngt 👍👍👍👍🙏,grab,google_play
2026-04-01 20:59:22,Dewi,aplikasi jelek banget sering error. pesen food tapi gk ke detec history. giliran mau di lacak pesenan malah gk ada.,grab,google_play
2026-04-01 20:54:05,Hanny Putri,"pertama kali order grabfood bener bner ga worth it, sejam setengah nunggu cuma karena perkara bayarnya tunai, padahal jarak resto juga deket. ga lagi lagi make ni apk",grab,google_play
2026-04-01 20:41:49,Suci Nurhayati,kendaraan nyaman,grab,google_play
2026-04-01 20:39:55,Reinsan2,"gak ada driver saat hujan, padahal lagi butuh makanan. harga drive juga mahal. gak ada promo complete.",grab,google_play
2026-04-01 20:39:05,Iskandar Bin Bunito,"terima kasih, sdra abdul, sdh mengantar sy dengan baik dan sampai tujuan",grab,google_play
2026-04-01 20:32:27,Celak an,bagus. tp aring banyak penolakan dr driver,grab,google_play
2026-04-01 20:08:46,Rosihalwa Rosihalwamamamega,sesuai rekomendasi setiap hujan grabfood cocok deh..👍🏻,grab,google_play
2026-04-01 20:00:22,Safirara Tiaa,"driverny rata"" bad atitude main cancel seenakny pdhl alamat udh bener",grab,google_play
2026-04-01 19:57:08,Suwarno,bagus mantap,grab,google_play
2026-04-01 19:42:37,Husni Tamrin,oke,grab,google_play
2026-04-01 19:41:03,Suhardi Iriandi,mantap pengemudi nya lucu awoakwoakaok,grab,google_play
2026-04-01 19:32:43,rara Fahra,kecewa berat akhir akhir ini grabfood susah bgt dapet driver saya sudah nunggu sampe dua jam ga dapet dapet pdhl saya sudah pakai mode regular tetap saja ini karna driver nya males ambil pesanan atau emang gada driver soalnya sering bgt kejadian kayak gini susah dapet driver,grab,google_play
2026-04-01 19:12:48,Nike,"Upgrade your existing features. Why do so many merchants require customers to communicate their order status to their drivers? Isn't there a chat feature or direct contact between merchants and drivers? Seriously, customers have to be the middleman!? Rethink your business process. What if there's a problem or situation that needs to be resolved directly between the merchant and the driver? Don't go through the customer. it's very disruptive and impractical! Shipping costs too expensive!!",grab,google_play
2026-04-01 19:11:48,Sapeq,driver pada sombong udh gabutuh duit gak nemu driver dari 40 menit,grab,google_play
2026-04-01 19:07:53,Muhamad Kaizenta,sangat membantu,grab,google_play
2026-04-01 18:59:05,Kusmayadi,sangat membantu sekali 👍👍👍,grab,google_play
2026-04-01 18:54:14,petrusdumoli panjaitan,bisnis penjajah ala modern. dibalut aplikasi,grab,google_play
2026-04-01 18:51:41,Dede rahman rahman,luar biasa,grab,google_play
2026-04-01 18:47:44,Khairana Shafa Malika Putri,baik👍,grab,google_play
2026-04-01 17:57:37,Eufrasia Sherien,"kasih lokasi tuh yg bener, sesuai titik, apalagi grab car. malah nyusahin customer, aneh.",grab,google_play
2026-04-01 17:42:20,Yufan Yudi,thanks..driver ramah dan sopan serta kompeten,grab,google_play
2026-04-01 17:37:27,Khodijah Dijah,pencarian mobil mudah membantu perjalanan,grab,google_play
2026-04-01 17:25:23,Kaisya “kaisyaazmatt_” Azmatun T.,memudahkan perjalanan,grab,google_play
2026-04-01 17:20:32,nikita aiko,"grab food skrng lama kali, saya sudah menunggu terlalu lama dan kelaparan. masa nunggu menyiapkan makanan hampir sejam lebih, tambahin fitur chat dgn penjual agar lebih mudah. sudah menunggu lama masa driver yang mengantar juga lama dan tidak ada yang mau mengambil karena bayar tunai, ada ada aja. kapok deh pake grab food",grab,google_play
2026-04-01 17:15:24,Sun xx3,"untuk area jatim mohon jngan mahal"" minimal 8k sudah mempermudah masyarakat supaya pelanggan setia makin banyak dan driver juga sejahtera, hidup grab Indonesia.... setia bersama grab",grab,google_play
2026-04-01 17:13:13,zbnt38 FILLY,mantul,grab,google_play
2026-04-01 17:11:32,Tessy Mardi Tosika,"keren, Tksh untuk pelayanan nya yang sudah antarkan orang' tua saya sampai ke rumah",grab,google_play
2026-04-01 17:07:01,Robert Kowel,"saya bersama-sama teman melihat ketepatan waktu grab, terimakasih.",grab,google_play
2026-04-01 16:48:09,noy ayiii,"bagus banget, murah murah, tpi kenapasi susah bnget di buka apk nya",grab,google_play
2026-04-01 16:37:17,Hadli How,bagus sekali,grab,google_play
2026-04-01 16:07:54,risa Alayubi,saya uninstall karna grab tidak memikirkan nasib drivernya,grab,google_play
2026-04-01 16:05:53,D D,mempermudah tiap urusan jarak dekat dan jauh,grab,google_play
2026-04-01 15:48:49,alief feng lee,update mulu,grab,google_play
2026-04-01 15:36:44,Fian Devina,ok,grab,google_play
2026-04-01 15:17:23,Deddy Ariestian,sulit dapat driver.. padahal di sekitar ada beberapa,grab,google_play
2026-04-01 15:16:37,Piper Payne,"Grab is a convenient and reliable ride-hailing app that makes getting around the city a breeze, with affordable prices and friendly drivers",grab,google_play
2026-04-01 15:06:39,Kenji Granada,gile mantep hemat 7.000 doang,grab,google_play
2026-04-01 14:49:58,The Most Incredible Strong,"Jika manajemen internal grab tidak berbenah, maka dipastikan tidak lama lagi bernasib gulung tikar sepi penggemar",grab,google_play
2026-04-01 14:49:36,Mulyono Seroja,siip,grab,google_play
2026-04-01 14:48:05,Wulandari Dari,bagussss,grab,google_play
2026-04-01 14:35:03,• FROZT •,"Saat memesan makanan tertulis ""Ada masalah dengan metode pembayaranmu"" saya sudah mencoba metode pembayaran lain seperti QRIS dan Tunai tetapi sama saja, tolong diperbaiki.",grab,google_play
2026-04-01 14:31:41,Herlina Wijaya,lama banget dapat driver nya,grab,google_play
2026-04-01 14:06:00,Andre Juanda saputra,cepat,grab,google_play
2026-04-01 13:55:49,Ndang Coker,bagus,grab,google_play
2026-04-01 13:52:12,Coco_12 Coco_12,Sangat membantu,grab,google_play
2026-04-01 13:50:01,Asmil Jogja,ok,grab,google_play
2026-04-01 13:32:27,Magdalena Kadi,mantap dan cepat,grab,google_play
2026-04-01 12:47:53,Jimmy,TOP,grab,google_play
2026-04-01 12:45:22,Agnezsy Brahmavamso,"kenapa tiba-tiba tiap pesan harus tunggu lama bgt,saya pas mau ke sekolah atau pas pulang sekolah selalu aja nunggak lama bgt,pas mw pergi jd telat,pas mw pulang,sekolah udh sepi,bru ad yg nyamber,ga salahin org gojekny,tp sistemny kenapa lag bgt,padahal internet saya bagus bagus aja",grab,google_play
2026-04-01 12:37:22,Ratu Billqis,promo nya di jam jam tertentu ya ternyata. mantap,grab,google_play
2026-04-01 12:15:04,Dedi setiawan,oke,grab,google_play
2026-04-01 12:01:09,Pigy Pigu,so nice,grab,google_play
2026-04-01 11:59:34,Defrin Atrika,baik,grab,google_play
2026-04-01 11:55:31,YUS BAUD,mantap,grab,google_play
2026-04-01 11:50:50,Adil Y,baik,grab,google_play
2026-04-01 11:44:46,dew Subang,"sopan,baik",grab,google_play
2026-04-01 11:17:57,Ulfi Latifa,kok sekarang grab susah di bula ya aplikasi nya,grab,google_play
2026-04-01 11:17:33,Alfan Alfan,ok,grab,google_play
2026-04-01 11:08:33,ilham arizal,kenapa grab lemot sekarang?,grab,google_play
2026-04-01 11:02:44,Hiskandar sh,Hiskandar sh Mutiars Bogor Raya (MBR) Masjid Almadinah samping Alkahfi. blok F7 no3 12. Rt.2/16 kel. katulampah. Kec. Bogor Timur. Bogor kota. Jabar. ind. Jemput alamat tsb di ats. tks,grab,google_play
2026-04-01 10:54:23,karisma nuryanti,saya ingin bertanya driver grab banyak? saya pesen grab dari jam 5.40 sampai jam 6.30 susah dapetnya . begitu dapet driver yg jauh harus nunggu 20 menit. saya kedepan banyak driver grab deket rumah pada diem pada lagi nunggu orderan tapi kenapa harus dapet yang jauh sudah dapet driver lama. sampai 1 jam saya nyari driver.,grab,google_play
2026-04-01 10:38:10,Jumrotul Hasanah,enak cepat,grab,google_play
2026-04-01 10:35:48,Jannawase Luke,sangat membantu dalam melakukan aktivitas perjalanan. terima kasih atas kehadirannya.,grab,google_play
2026-04-01 10:30:19,Sahrul Hitam,mantap,grab,google_play
2026-04-01 10:21:04,Yandi Tama,okey aja sih,grab,google_play
2026-04-01 10:17:50,Dwi Fortunan Tomo Popeye's,Grap Food banyak discount,grab,google_play
2026-04-01 10:11:00,Hafiza Turrahmah,good,grab,google_play
2026-04-01 10:06:40,Reyno Fradipta,driver nya sombong²,grab,google_play
2026-04-01 09:17:14,Thamir thamirin,"Grab terbaik menurutku, aplikasi yang sangat mudah tuk bepergian",grab,google_play
2026-04-01 09:08:42,Dany Julianto,sangat baik,grab,google_play
2026-04-01 08:56:19,Sri Sugiarto,"ok,,mntaff..sgt mmbantu",grab,google_play
2026-04-01 08:53:14,Adi,"udah ga kaya dulu, dapet driver jauh2 terus padahal ga pake hemat. pake hemat apalagi",grab,google_play
2026-04-01 08:06:56,Ayu Sugiarto,sangat membantu. menjadikan perjalanan kita menjadi lebih cepat dn nyaman .,grab,google_play
2026-04-01 08:06:49,HERMAN,nyaman banget,grab,google_play
2026-04-01 08:03:16,New umi,ok,grab,google_play
2026-04-01 07:58:41,Pengguna Google,Good,grab,google_play
2026-04-01 07:51:07,zamroni yusuf,good,grab,google_play
2026-04-01 07:49:13,Mamas aja Aja,suka aplikasi ini,grab,google_play
2026-04-01 07:48:38,zaskyaanggraeni8,"lama banget mesen mknn jg, pesen jam 07.41 dikira sampe nya jam 09.10 edan keburu maag kambuh",grab,google_play
2026-04-01 07:31:41,Alfiando Damanik,sangat baik,grab,google_play
2026-04-01 07:26:28,Tarian Tarian adjah,nyaman,grab,google_play
2026-04-01 07:25:21,Vincenso Kayot,"Sudah lebih dari sebulan, mengapa setiap pagi kalau order grab bike, drivernya selalu jauh dari titik jemput? Apakah algoritmanya berubah, sangat mengesalkan, krn harus tggu 7 - 9 menit drivernya.",grab,google_play
2026-04-01 07:20:18,Mbah Giyanto,sangat membantu,grab,google_play
2026-04-01 07:14:01,Willy Varel,aplikasi gak berguna pas yang penting gak ada driver nya pas yang gak penting gampang kali dapat driver gak cocok untuk pigi ke mana mana,grab,google_play
2026-04-01 07:09:23,ALFA BAROKAH,memudahkan segala keperluan,grab,google_play
2026-04-01 07:03:08,064_Dwi Andita Esterlina Naiborhu,"males bngt pake grab paket hemat bike ga ada yg nerima, giliran yg 24rb baru pada nerima. hapus aja dah kalau gini",grab,google_play
2026-04-01 07:01:38,Arifin,ok,grab,google_play
2026-04-01 06:53:37,Rakanero Valderiz,"udh nunggu lama tau tau di batalin sama driver tanpa konfir, sampe telat gua buat pergi, kenapa ga langsung di batalin dari awal? atau ga ngecht dulu? tegasin dong drivernya",grab,google_play
2026-04-01 06:51:44,Hadi Supriyanto,Alhamdulillah membantu,grab,google_play
2026-04-01 06:51:27,Runabiya Channel,"Saya udah lamaaaaa banget pake grab di akun lama, kebetulan kepasangnya di HP anak, order di HP aku yg kebetulan akunnya baru. Nah yg nyebelin, order grab car udah dapet driver pertama. Eh drivernya bilang ""macet bu ke daerah sana, saya jauh posisinya"" bla bla bla akhirnya minta cancel. Order lagi kan tuh, dapet lagi driver kedua, yang juga minta cancel dgn alasan sama. Eh malah saya yg harus nanggung biaya cancel,klo berulang kondisinya gmn itu? masa mau gt terus grab?",grab,google_play
2026-04-01 06:49:21,Maeda Nathania,"paling percaya dgn Grab, semua kebutuhan ada disana",grab,google_play
2026-04-01 06:47:02,Novan Imam Firmansyah,"yang bener aja udah seminggu dikasih driver yang jauh banget, padahal di sekitar banyak driver.",grab,google_play
2026-04-01 06:38:38,mala nadila,parah ya grab sekarang sudah dapat driver mau pagi atw sore sama saja,grab,google_play
2026-04-01 06:35:58,adian duwur,enjoy,grab,google_play
2026-04-01 06:34:29,Hanny Kaligis,sangat baik,grab,google_play
2026-04-01 06:31:24,Alb Yan,"woy ngasi driver jan jauh jauh ngapa bego, gua kesekolah jadinya telat bloon, yrs tolong lahhh grab ini bikin drivernya ini nyelesain orderan nya dlu",grab,google_play
2026-04-01 06:30:47,Pratama Eko,"BB vhi c. vvv u,,v,,v xxxd see x exra BB BB MBB Hb BB b BB b BB",grab,google_play
2026-04-01 06:26:10,Anna nonny Lenting,"bikin promo tapi supir kalian pada ga mau ambil. sekalinya ada yang ambil nungguin lama bisa 15 menit lebih.. promo sama ga promo bedanya jauh bisa 15rb, makanya kami penumpang pasti ambil yang promo. mending apus aja tuh promo",grab,google_play
2026-04-01 06:20:35,aura rahmadinaa,"kalo nyariin driver jangan yang jauh jauh dong min, saya telat mulu padahal bayar udah yang standar tapi tetep jauh juga",grab,google_play
2026-04-01 06:19:41,Rizky R Putri,makin kesini makin payah.. udah tarifnya naik tapi drivernya kalau sdh dapat orderan pada gak bisa dihubungin.. sengaja biar pemesan membatalkan pesanan.. payah banget,grab,google_play
2026-04-01 06:19:18,Andri Saputro,"Sulit cari ojeknya, banyak pilih pilih customer, bubarin aja biar pada nganggur lagi itu tukang ojek",grab,google_play
2026-04-01 06:18:59,rina asriyah,dari hari Senin sampai hari Kamis ini susah mendapatkan driver grab motor,grab,google_play
2026-04-01 06:13:07,Pringsewu Shop,ok,grab,google_play
2026-04-01 06:12:28,AzkaaZzz,"pelayanan nya lama banget, saya mau berangkat sekolah malah gada yg mau ngambil orderan saya",grab,google_play
2026-04-01 06:05:05,Makmur Saeni,mantap,grab,google_play
2026-04-01 06:02:50,Tria Hardianti,"ulasan terbaru ku, per 2026 skrg susah dapet driver pdhl pesen sblm jam 6 pagi. klo lewat jam 6 pagi udah gabisa diharapkan bgt. driver pada jauh, dan gamau ambil orderan dan gamau cancel dari pihak driver. ada yang hemat, tapi bener² susah bgt cari driver. mending dihapus aja yg hematnya sekalian, driver gapada mau ambil. bahkan pesen bukan di jam sibukpun ttp susah. tambahkan juga lencana ibu hamil di apk. biar driver tau.",grab,google_play
2026-04-01 05:58:53,Aris Setyawan,selalu alamat tidak muncul saat menggunakan wifi... sangat buruk aplikasinya,grab,google_play
2026-04-01 05:55:21,atma gatot,Ok,grab,google_play
2026-04-01 05:53:03,Widi Priyatno,"pengemudi ramah, komunikatif dan mahir terima kasih pak Agus. 👍👍",grab,google_play
2026-04-01 04:44:49,Warid Cube,haha membantu sekali,grab,google_play
2026-04-01 03:57:49,Dedi Gunawan,"bikin kecewa mau login masuk SDH puny akun,dgn satu nomor TDK ganti ganti,malah JD sulit login/ masuk,JD bolk balik verifikasi akun google atau nomor skli dicoba pke google jawabnya ini akun BKN milikmu,bikin emosi",grab,google_play
2026-04-01 03:17:15,Nur Nayla Khoerotun Uyun,"bener bener krisis ojol banget, pesen makanan pake prioritas berasa pake hematttttttt",grab,google_play
2026-04-01 01:50:54,Sigit purnomo Lasarika,saya puas dgn apk greb,grab,google_play
2026-04-01 01:02:50,Aulia Kalyana,good.,grab,google_play
2026-04-01 00:29:45,Koko Munthe,ok,grab,google_play
2026-04-01 00:16:32,Faqih,driver nya siaga!,grab,google_play
2026-03-31 23:49:25,Sukur Zai,ok,grab,google_play
2026-03-31 23:43:06,Arya Thalia19,"PELAYANAN ANDA SANGAT BURUK SEKARANG, GRABFOOD DAPAT MAKANAN RASA SABUN CUCI PIRING... STOP PAKAI INI JASA",grab,google_play
2026-03-31 23:37:56,Nay Trie,nice,grab,google_play
2026-03-31 23:31:00,Ria Fashion,"enak,pedas nya pas,tepat waktu,pokok nya mantap,",grab,google_play
2026-03-31 22:52:09,Muhammad Syindre,"Grab bangst 3jam kami nunggu kamk sudah kelaparan, ajg gw pesen lagi malah tambah lama kntl sia sia waktu gw, demi tuhan ga akan gw pake lagi ni grab, aku haram kan keluarga ku memakai grab, fk you",grab,google_play
2026-03-31 22:19:27,Ikbal Rijaldi,mesen grabfood jadi lelet sama ga bisa cancel,grab,google_play
2026-03-31 22:18:34,Opang Nice,sangat baik,grab,google_play
2026-03-31 22:11:13,sri wahyuni95,bagus,grab,google_play
2026-03-31 22:08:26,Aditya Nugraha,sulit menemukan driver,grab,google_play
2026-03-31 22:04:52,Ahlan Wii,driver nya pada gjls sering banget tiba² di cancel padahal udh nunggu lama lama.,grab,google_play
2026-03-31 21:52:10,Alissa Putri,"lama bgt sih dpt driver, berkali kali kek gini apalah",grab,google_play
2026-03-31 21:02:03,Fenny Permata,sebel banget setiap ngoder dan menggunakan pembayaran cash driver selalu bilang tidak ada kembalian terus 😡😡😡😡 kan gak semua orang punya ovo dll.,grab,google_play
2026-03-31 20:57:48,Rahma Wulele ugi,"grabfood slow respon sya sdh pesan yng expres tpi malah sma jam ny kaya yng bukan expres, cari bantuan juga tidak membantu percuma, di minta cancel jga ngak mau, sya sadah percaya sama grab tapi ter nyata malah kya bgtu bkin kecewa sdh bnyak teman saya yng ber pindah aplikasi karna grabfood ny slow",grab,google_play
2026-03-31 20:46:27,feby margareta,aplikasinya susah banget dibuka bhkan sampai ga bisa di buka apalagi kalau urgent.. tolong di perbaiki donk pdahal udah di perbarui,grab,google_play
2026-03-31 20:27:36,Syahril ismuzidan Maulana,"gk tau gw pokoknya males aja sama grab, gw udah terlalu sering di cancel sama pengemudi karena terlalu banyak zona merah ini gimn dari pihak terkait, kesian pengemudi nya kehilangan pendapatan karena terlalu banyak zona merah terutama di wilayah bandung dan jatinangor, dan lainya, ayolah perbaiki biar sama sama enak kalau gini terus sama sama di rugikan",grab,google_play
2026-03-31 20:23:36,Por Speed,pengedaranya rama baik,grab,google_play
2026-03-31 20:22:52,Ginting Hakim,ok,grab,google_play
2026-03-31 20:21:12,Bagoes Widjaja,keren drivernya ramah banget,grab,google_play
2026-03-31 20:20:05,Bejo Urip,jos,grab,google_play
2026-03-31 20:03:41,Adie Riyadi,"waktunya balik ke aplikasi sebelah,",grab,google_play
2026-03-31 19:52:03,Fransiskus Aditya,Makin hari makin susah dapat driver,grab,google_play
2026-03-31 19:46:48,Ipol huda Menye,nyaman,grab,google_play
2026-03-31 19:41:18,cantika tiks10,amanah,grab,google_play
2026-03-31 19:32:30,LAELA VAUZAH,Sangat membantu,grab,google_play
2026-03-31 19:30:32,Alvianti,bagus,grab,google_play
2026-03-31 19:27:11,Van Langen,murah dan baik,grab,google_play
2026-03-31 19:23:52,Yudha Pranata,pesan martabak terang bulan di Martabak Penataran 78 pasti enak gk nyesel . recommended min.,grab,google_play
2026-03-31 18:43:31,Noor Qomari,aplikasi yg bagus,grab,google_play
2026-03-31 18:29:00,rolin vina,"Hari ini benar-benar kesal. Saya pesan grab mahal dan menunggunya 10 menit karena mau antar penumpang dulu. Pas udah diantar penumpang yg satu ini tiba2 pesanan saya dibatalkan padahal alamat dekat sama penumpang yang diantar. saya pesan lagi grab, dapat yang mahal + lama kaliii. Udah itu motornya jupiter dan pijakannya pun gak ada dibelakang. SEBAL BANGET. Mau MURAH sama MAHAL semuanya sama-sama LAMA. Gak ada KEISTIMEWAAN yang MAHAL",grab,google_play
2026-03-31 18:18:12,User Samiasih,mobilnya nyaman dan sopir ramah,grab,google_play
2026-03-31 18:13:17,Dika Ashari,sangat efektivitas,grab,google_play
2026-03-31 18:11:09,umar yasin,hari ini mesen gerb mau cek up ke rs. mesen greb ad 1 jm kurng baru dpt dri jm 16:00 baru dpt jm 16:57 tolng di perbaruii lg kendala y. sekali dpt buat plg ad pertanyaan. mau nunggu pak jemput y jauh. tp saya solat dlu. jwb y. y gpp di tggu. simpel 😁,grab,google_play
2026-03-31 18:08:22,airlangga avryansyah,"verifikasinya tolong dibenahi, saat selfie terlalu cepat namun tidak mempermudah malah gagal terus",grab,google_play
2026-03-31 17:53:09,Qiana Syifana,good bless,grab,google_play
2026-03-31 17:43:23,rudy hartanto,cepat & tepat waktu,grab,google_play
2026-03-31 17:42:29,Alif Alvian,terlalu lama dan ongkir yg terlalu banyak hingga lebih dari pesanan,grab,google_play
2026-03-31 17:34:58,Richard Tuelang,"senang sih pakai grab, cuma sebaiknya grab mulai bisa menertibkan outfit para mitranya, jgnlah driver pake celana pendek, kaos lusuh, usahakanlah penampilan driver lebih profesional sandal jepit, kumel, kaya org baru bangun tidur. bersin seenaknya.",grab,google_play
2026-03-31 17:30:42,iDIN'tknow,"sampah. gada gunanya donwload ni apk. grab bike, car, food mahal semua. selalu nunggu grab bike ampe setengah jam dan gada yg nerima.",grab,google_play
2026-03-31 17:29:23,EDI UMAR,aplikasinya bagus banget saya sangat suka mempermudah saya melakukan perjalanan jauh ataupun dekat grab terbaik...🥰🥰🥰🥰🙏🙏🙏🙏🙏.,grab,google_play
2026-03-31 17:24:57,Iman Hulu,👍,grab,google_play
2026-03-31 17:19:52,Mualifah_85 Official,baik,grab,google_play
2026-03-31 16:32:05,Haidr Bakso,grab murah bagi orang yang jarang make grab klo yang sering gatau ya,grab,google_play
2026-03-31 16:22:31,Dont Know,"semuanya sebenarnya udah oke, hanya saja mungkin bisalah kembalikan fitur batalkan pesanan untuk yang grab food, bukan untuk scam driver atau apa cuman ini bikin malas nungguin untuk dapat drivernya, masalahnya kalau memang tidak ada yg terima ya kita sebagai konsumen gampang kasih batalin pesanan, hanya saja ini aduh..harus tunggu beberapa menit sampai satu jam agar pesanannya terbatal, mau pesan makanan lain karna udah nggak mood jadi takut kalau pesanan yg sebelumnya tiba tiba dapat driver.",grab,google_play
2026-03-31 16:21:56,Nanjar Hazard,pemesanan cepat 👍 drivernya gk pilih pilih 👍,grab,google_play
2026-03-31 16:09:21,Arindra Yudha Oktoberry,"The absolute ultimate ""super-app"" for life in SE Asia. Whether I’m hailing a ride during rush hour or sending a last-minute gift to a friend, Grab always delivers. The drivers are consistently professional and the app interface is incredibly slick. I especially love the rewards system; those points actually add up to some pretty sweet discounts on my future rides and meals. It’s fast, secure, and makes city living so much more manageable. Highly recommend for the convenience!",grab,google_play
2026-03-31 16:08:31,Elfira Andonia,good job👍🏼👍🏼👍🏼,grab,google_play
2026-03-31 15:58:36,Masri Syahputra,Layanannya bagus,grab,google_play
2026-03-31 15:33:55,Anny Marhamah,mantappp,grab,google_play
2026-03-31 15:22:18,Rika Amelia,Maaf saya Uninstall aplikasi setelah bertahun-tahun pake sering dapat pengemudi disini gk sopan sudah menunggu lama tiba tiba di batalkan tanpa konfirmasi jadi buang buang waktu kita nunggu setidaknya konfirmasi terlebih dahulu kalo memang tidak bisa jemput bkn saat pengemudi sudah jalan baru di batalkan sepihak,grab,google_play
2026-03-31 15:18:39,Tiara Rasya,"apk lemot, pesen grabcar karena hujan sore sore malah cuma loading doang, nemu kagak, makin kesini kok malah melakukan kemunduran, gojek yg dulunya kaya lo sekarang drivernya fast respons",grab,google_play
2026-03-31 15:11:07,Dedy Himawan,"hari gini susah sekali dapat grab, para driver udah pada kaya atau memang lagi malas",grab,google_play
2026-03-31 15:06:17,Faris Lucky Prassetya,Top Aplikasi,grab,google_play
2026-03-31 15:02:23,Faiq Khadhi,mantap 😁😁,grab,google_play
2026-03-31 15:00:20,Kaiden Pratama,asyik😊,grab,google_play
2026-03-31 14:56:42,Kesar Siringoringo,kenapa sih sekarang harus verifikasi wajah Mulu ? mana lemot bgt lagi,grab,google_play
2026-03-31 14:53:52,firman abdul,aplikasi tolol lintah darat pelayanan buruk,grab,google_play
2026-03-31 14:40:08,Surya Surya,lancar sampai tujuan,grab,google_play
2026-03-31 14:34:29,Cipto Roso,baik,grab,google_play
2026-03-31 14:29:17,Yoka Prasetyo,tolong jangan gunakan AI dalam periklanan,grab,google_play
2026-03-31 14:22:52,Friska Kinantan,memuaskan,grab,google_play
2026-03-31 14:10:56,Milenia Pink,ganti prwsiden,grab,google_play
2026-03-31 14:04:02,Jepara Phone,alamat nya gak ketemu ketemu,grab,google_play
2026-03-31 13:57:14,SALMAN JR,terbaikkkkk,grab,google_play
2026-03-31 13:52:06,Ahmad Nuryanto,👍,grab,google_play
2026-03-31 13:48:53,Zahiraaulia Febriany,baikkk,grab,google_play
2026-03-31 13:40:15,Ade Sundari,buat grab dan gojek MAPS LO BENERIIIIIN LOL!!!.,grab,google_play
2026-03-31 13:39:04,Ghassan Dafi,baik sekali,grab,google_play
2026-03-31 13:26:31,Bg Awel,oke,grab,google_play
2026-03-31 13:24:31,Robby S,"saya sering pakai yg ride. aplikasi yang buruk. saat pencarian driver banyak driver terdekat, tapi pasti dapat driver yg terjauh.. dan drivernya pada tolol2. bilang mau jalan malah di cancel, banyak driver yang cari customer langsung. cek driver kalian",grab,google_play
2026-03-31 12:51:52,Shaqila Putri Nurmarhali,"kasian driver sekarang jemput orderan ya jauh jauh, tolong perbaiki lagi sistem ya",grab,google_play
2026-03-31 12:35:07,nyoman sidayana,driver greb terlalu milih milih orderan tidak bersyukur berapapun dia dapat kalo malas jangan kerja,grab,google_play
2026-03-31 12:30:21,iBOY,"woy bodoh,,kenapa dengan grab wallet kau,kenapa gak boleh di gunakan baik bayar food atau pun cars..aku sudah top up tapi nda boleh di guna. kau balekan duit ku lagi",grab,google_play
2026-03-31 11:29:11,Anita Interista,punya grab gift gak tau cara pakainya,grab,google_play
2026-03-31 10:46:53,Subur W,sangat puas,grab,google_play
2026-03-31 10:40:40,Desi Rena,"ramah,n bgus",grab,google_play
2026-03-31 10:32:23,Niarahmawati Jkt,👍👍👍👍👍,grab,google_play
2026-03-31 10:16:23,yayan heryana,"mantap , tingkat kan terus layanan nya",grab,google_play
2026-03-31 10:10:56,Tomi padillah,mantap,grab,google_play
2026-03-31 10:06:52,Agus Saputra,baik,grab,google_play
2026-03-31 09:58:44,Naya Lasvinda,ok,grab,google_play
2026-03-31 09:45:28,Made Warmada,sangat baik pelayanan,grab,google_play
2026-03-31 09:26:14,Anto Tono,ok,grab,google_play
2026-03-31 09:11:31,ferdinand zulkarnain,"kenapa sekarang dapat drivernya jauh"",,, tlg pelayanannya di tingkatkan biar cs mudah dapat driver yg dekat",grab,google_play
2026-03-31 09:05:55,Awal Sinring,gama oke,grab,google_play
2026-03-31 08:39:01,P Syahono02,sangat membantu perjalanan dan mempercepat aktivitas,grab,google_play
2026-03-31 08:31:24,Nabtalia Saparoh,respon cepat,grab,google_play
2026-03-31 08:25:01,Ketut Adi,memuaskan,grab,google_play
2026-03-31 08:02:18,Wawan Pradana,bagus,grab,google_play
2026-03-31 07:43:00,Bes ti,ini pihak grab ga mau benerin sistem driver kah? sekarang jadi Lama Lama banget udah ga rekomendasi. mending aplikasi sebelah cepet banget dapat driver nya,grab,google_play
2026-03-31 07:27:02,indra Adipurwanto,ok,grab,google_play
2026-03-31 07:09:00,Lusi Anaa,baik,grab,google_play
2026-03-31 07:06:37,Yozura Ky,"susah amat cari driver, ga jelas",grab,google_play
2026-03-31 07:05:55,Sahar Makasar,aman terkendali,grab,google_play
2026-03-31 07:03:46,Andri Saragih,"parah ,grab bike udh berhari2 ga ada yg nyangkut,dan klo nyangkut udh mau dkt rmh tetiba d cancel pdhl udh mempet dan udh bnyk yg nolak mentang2 dana pelajar,butuh duit tp maunya gede,grabcar jg sama pake XL plus tp kursi belakang d lipat ,alasanya macetlah,ada barang lah....mending ga usah XL plus....parah skrg driver2 udh ga mau jarak Deket, nanti klo udh sepi penumpang ngeluh lg....",grab,google_play
2026-03-31 06:59:21,Soviani Lach,"saya beralih ke grab karena dari segi ongkosnya murah dan terjangkau apalagi untuk seorang pelajar,, saya selalu menggunakan grab bike untuk ke sekolah dan penumpangnya anak saya yang seorang pelajar,,jadi tolong ya grab jgn mengecewakan.dan pencarian pelaksananya juga jgn trlu lama ya,pdhl saya pesan,y ga mepet loh.😌dan tolong di tindak pengemudi yg udh deal tapi mlh membatalkan tiba-tiba.tolong di tindak.",grab,google_play
2026-03-31 06:58:44,The Fantastic Four Empat,jelek👍,grab,google_play
2026-03-31 06:49:46,Bambam akun pribadi,kenapa harus login ke akun yg lama,grab,google_play
2026-03-31 06:26:47,Neng Ani nuraeni,2 hari ini susah bgt nyari driver. knp ya? mana gak kira2 tarifnya sampe naik 4x lipat.,grab,google_play
2026-03-31 06:18:37,Halim Sajah,"nice,cepat dan terjangkau",grab,google_play
2026-03-31 06:16:06,Fatma Aisy,ga dpt' grab nya,grab,google_play
2026-03-31 06:12:12,fifi prasiliya,lama dapat Driver nya skrg,grab,google_play
2026-03-31 06:09:17,Leona Haruka,"sering lama saat mendapatkan kendaraan, lelet, dan juga sering membatalkan pesanan",grab,google_play
2026-03-31 05:57:33,BruhCat,pengemudinya pemalas semua. yang harusnya nunggu cuma 5 menit bisa jadi 10 menit karena mereka diam dulu ditempat.,grab,google_play
2026-03-31 05:48:24,Pasar Elang,bagis,grab,google_play
2026-03-31 05:31:31,Akhtar Daud,"makin susah dapet driver nya dan sekalinya dapet jauh², makin banyak driver yg susah di hubungi pada belagu driver nya wowkwokwo udah dapet dia jalan eh di cancel malah jangan pesen di grab lagi guys😹😹😹",grab,google_play
2026-03-31 05:26:33,Mas Ady,mantap,grab,google_play
2026-03-31 05:24:37,Alrayyan Fatar,nyaman,grab,google_play
2026-03-31 04:11:43,Bramkin Bramkin,baik & ramah,grab,google_play
2026-03-31 04:08:36,pan tek,bagus,grab,google_play
2026-03-31 03:38:42,Ahmad Febriansyah,bagus,grab,google_play
2026-03-31 03:30:57,Ghon Choq,ok,grab,google_play
2026-03-31 03:29:15,irwan wibowo putro,mantap,grab,google_play
2026-03-31 02:20:47,Nono ka Nono,oke,grab,google_play
2026-03-31 01:40:40,Novita Sari,sangat puasa,grab,google_play
2026-03-31 01:16:15,Tukul smile,mantap 👍,grab,google_play
2026-03-31 00:59:28,Ahsanil Fitriana Ramdani,"sering pakek grab trus tiba² aplikasinya lemot bangt,padahal jaringan aman² aja.",grab,google_play
2026-03-31 00:28:41,gallangkgallih gallangk,sangat memuaskan,grab,google_play
2026-03-31 00:07:22,Yanuri,"kecewa order kendaraan g dapet, malah ngiklan kok nyepam..",grab,google_play
2026-03-31 00:01:51,Dina Fillan,malam ini ditemani DRIVER YANG BAIK HATI DAN SANGAT SABAR.... JADI SANGAT NYAMAN KETIKA DILAYANI TERIMA KASIH MAS SUPRIYANTO 👍👍👍👍👍,grab,google_play
2026-03-30 23:15:35,Linda Diana Zaoldyeck,"kalo ada driver nyuruh cancel tp tetep antrin & bayar sesuai aplikasi, jangan mau. ngebikin kitanya yg jd susah dpt driver di kemudian hari. jd skrg uninstall aja lah.",grab,google_play
2026-03-30 22:51:50,Nurfa Dilla,"Super app paling handal di Asia Tenggara. Driver-nya sopan, aplikasinya sangat responsif, dan layanan GrabPay-nya memudahkan segala transaksi. Pilihan layanannya mulai dari transportasi hingga pengantaran dokumen sangat lengkap.",grab,google_play
2026-03-30 22:44:53,Widy Widy,tidak bisa di instal,grab,google_play
2026-03-30 22:29:25,Boin Kabira,ga jelas sudah di cancel malah Dateng ..giliran di tungguin grab food malah cancel udah lapar hadeuh,grab,google_play
2026-03-30 21:53:48,Dedy Rahmad Ramadhan,rekomended bgt,grab,google_play
2026-03-30 21:51:52,Epoel Doank,ok sangat bagus dan nyaman,grab,google_play
2026-03-30 21:50:02,Dhiya Al Mishkah Aziz,makin lama makin jelek ni sistem,grab,google_play
2026-03-30 21:44:44,Sri Wanti,sangat. puas,grab,google_play
2026-03-30 21:41:47,SKA BAN Pekanbaru,"kalau promo gk berlaku gk usah di adakan, di hapus aja, kita udah tunggu 2 jam pesanan makanan kita gk sampai sampai... terbaikk aplikasi nya josss",grab,google_play
2026-03-30 21:26:09,Ma Hani,kecewa ada gocar yg nipu saya PD tanggal 29bmaret 2026 pukul 19.00 wib udh saya byr pake gopay sebesar 242.000 alasannya GK punya gopay .udh ada bukti TF minta uang tunai sebesar 242.000 juga.tolong balikin gopay saya atas nama mahani driver bernama mardius A-95ET8NEGWSPVAV,grab,google_play
2026-03-30 21:20:12,Permata alya,"sekarang makin lama dapet driver, kacauu tolong dong solusinya",grab,google_play
2026-03-30 21:18:54,Satria Januar Firdaus,"hama, dikira semua orang lagi punya saldo untuk grabfood apa? aneh bgt, so so an nerapin secara general untuk non-tunai",grab,google_play
2026-03-30 20:30:08,Trisoer,"Order lama di proses, tdk ada opsi pembatalan",grab,google_play
2026-03-30 20:22:40,Muhammad Naufal Farizky,sumpah lama banget dapet drivernya dari jam 18.20 tadi smpe 20.22 skrg blm dapet driver grabfood,grab,google_play
2026-03-30 20:22:17,vina novianti,"stress, nunggu udah hampir 2 jam, status ga berubah tetap preparinf, dan GABISA DIBATALIN, haduh buang buang waktu bgt ya tolong diubah kebijakanya agar tidak merugikan pihak manapun!!!",grab,google_play
2026-03-30 20:19:06,Randi Ardiansyah,"sangat tidak bermutu argo sampe 42rb ga di ambil padahal jarak cuma 4km , nunggu hampir 1 jam lebih",grab,google_play
2026-03-30 20:15:58,Chrisy Miku,"Proses lama, kalau udah ga ada driver ya udah cancel aja. jangan paksa cari sampai 2 jam.. giliran Bayar Pakai Ovo cepatnya minta ampun pick up makanan. bahkan ga ada Konfirmasi makanan di letakin sembarang di depan pintu. giliran bayar cash ga ada yang mau pick up, Di cancel juga ga bisa udah 3 jam nunggu makanan",grab,google_play
2026-03-30 20:15:32,Azkia Putri 24,enak dan lembut martabak nya,grab,google_play
2026-03-30 20:12:52,Ucok 4545,"Kenapa si tiap pesen grabfood susah banget cari pengemudi, smpe 2jam kelaperan nungguin grab nge stuck mencari pengemudi, di cancel pun gabisa, tolong diperbaiki LG.",grab,google_play
2026-03-30 20:10:43,husnudaroin 78,Pesen Grab Xpress dr jam 4 sore sampe jam 8 malam gak ada yg ngambil...Pengalaman buruk 🤬,grab,google_play
2026-03-30 20:10:25,Privasi Mus,"pembacaan MAP banyak salah. susah cari sopir, BURUK !",grab,google_play
2026-03-30 20:10:03,vidi churanna,"sekarang nunggu lama bgt, ganti driver berkali kali",grab,google_play
2026-03-30 20:08:14,Tri Murtiani,mantap,grab,google_play
2026-03-30 20:02:45,F12_Adelia Dwi Handayani,sekarang susah bgt mau dpt driver yang nerima orderan makanan,grab,google_play
2026-03-30 19:59:19,Ratih Cullen,pesen lamaaaaa bgt dptnya,grab,google_play
2026-03-30 19:53:58,X Serayu,sangat membantu,grab,google_play
2026-03-30 19:53:57,Bagus Cahyo,cepet,grab,google_play
2026-03-30 19:42:09,Ika Roswati,cari driver buat kirim barang LAMA GA DAPET²,grab,google_play
2026-03-30 19:39:49,Sri Wahyuni0406,setiap pesen grab sering di batalin udah 7 kali lebih pdhal posisi mau kmna² dket engga jauh jauh amat jadi ngabisin waktu nungguin nya ksell bngt,grab,google_play
2026-03-30 19:25:48,Feri Wahyudi,pesan jam 17:40 jam 19:30 belum nyampe jugaa,grab,google_play
2026-03-30 19:11:20,Panji0421 jarwo,"pesen grab bike,grab car,grabfood lama semua nunggu hampir 1 jam nggak ada yang ngambil pilih"" mau nya cuma yg lebih mahal baru di ambil percumah ada paket hemat kalo susah dapt driver nya",grab,google_play
2026-03-30 19:09:58,22_PANNYA DHARMA CAHYANI,grab suka update terus kenapa ya? padahal ga ada fitur yang keliatan loh setelah update. justru bikin hp saya lemot dan memori saya terkuras abis,grab,google_play
2026-03-30 18:53:30,Yordant Ad'ha Alhakim,aishh dicancel mulu sama drivernya,grab,google_play
2026-03-30 18:52:52,Muhammad irfan,sangat mwnbantu,grab,google_play
2026-03-30 18:50:41,Dewi Dama,alhamdulillah driver nya ramah bngt sopan,grab,google_play
2026-03-30 18:50:06,naufal sadan,susah cari driver nya,grab,google_play
2026-03-30 18:48:48,Fajar Bahariii,"min tolong dong ke driver""nya jangan pilih pilih kalo ambil orderan saya udah nunggu 1 jam masa gadapet"" drivernnya padahal cuma jemput 1 orang doang huh",grab,google_play
2026-03-30 18:48:43,Gwen Madeleine MH,driver banyak gak mau pick up di sore hari / maghrib,grab,google_play
2026-03-30 18:43:05,Malik Fajar,pelayanan baik,grab,google_play
2026-03-30 18:38:56,Dewi Kalinda Indu Kartika,Suka sekali sama aplikasi ini. Terima kasih banyak.,grab,google_play
2026-03-30 18:35:37,Hanzel Hussaini,"belakangan ini sangat sulit untuk menemukan driver grab food, mungkin karena agro-nya kurang menarik di mata para driver, namun bukannya merubah sistem agar driver lebih untung supaya mereka mau ambil malah menambahkan estimasi waktu pesanan berharap bakal ada driver yg ambil sehingga customer harus menunggu untuk waktu yg sangat lama tanpa kepastian dan gabisa cancel kalau belum melewati estimasi",grab,google_play
2026-03-30 18:32:33,Andy priady Andy,sangat baik,grab,google_play
2026-03-30 18:30:47,Nini Pelet,biar bintang yg bicara,grab,google_play
2026-03-30 18:23:58,Ponkil Old,"Aplikasi jelek! Gua udah mesan lama, gak dapat drivernya, malah gak bisa dibatalin. Sekarang ongkir tambah mahal lagi. Gak worth it pake aplikasi ginian",grab,google_play
2026-03-30 18:23:37,Nadaa Fauziyya,"makin lama makin banyak yg mogok kerja drivernya, parah.. ga ada yg mau narik ambil orderan pdhl genting bgt gada transportasi.. tolong pihak aplikasi kasih upah yg layak buat para mitranya biar pada semangat kerjanya. banyak org yg butuh!",grab,google_play
2026-03-30 18:20:49,Asep Supriyadi,Gabisa login,grab,google_play
2026-03-30 18:18:37,XxAurel malfoy_SlytherinxX,kalo pesen grabfood g bisa dicancel,grab,google_play
2026-03-30 18:11:32,Zailani Zailani,ramah banget,grab,google_play
2026-03-30 18:11:01,Rahayu Septianingsih,saya pesen makan dari jam 16:30 tetiba di cancel karna gaada driver di jam 17:30 bayangin udah nungguin sejamm tokk lagi laper lapernya tiba tiba di cancell,grab,google_play
2026-03-30 18:09:42,Tifanny Septiana,drivernya sombong dapetnya lama ga suka udh 4 jm nunggu masih aja ga dpet driver nya,grab,google_play
2026-03-30 18:07:09,Iwan Iwan,"kurang memuaskan, menurut saya pas di grabfood, kasih 5 menit buat ngebatalin, soalnya orang tuh kadang kadang kepencet sendiri, jadi mohon untuk Adain batalkan pesanan 5 menit atau 2 menit aja buat kita bisa batalin ketika salah klik atau salah pesanan",grab,google_play
2026-03-30 18:05:37,Aku aja Aku aja,"apa""an si ini tolong dong perbaiki driver grab di area Beji Pasuruan kenapa tidak ada yang aktif kalau gak niat kerja gak usa jdi ojol pesan dari sore sampai malam belum satu pun ojol yang nyantol payah ini grab",grab,google_play
2026-03-30 18:05:23,Suyoto Suyoto,maap ordernya jauh,grab,google_play
2026-03-30 17:56:21,Y. HANDRY Jhonsen,"Not yet good application..... ☠️. Karena maps grab semakin berBeda daripada maps google, jadinya maps pesan food semakin tanpa bisa tulis sesuai alamat sesungguh'nya+masih semakin sering enggak bisa tulis alamat untuk ojol jemput ke alamat sesungguh'nya+masih sering tanpa bisa atur alamat tujuan sesungguh'nya..... 👿. Tapi untung'nya jejak html signal nomor kartu seluler & jejak html ketikan di aplikasi tanpa bisa menipu internasional+jejak html seluler tanpa bisa menipu internasional..... 😈",grab,google_play
2026-03-30 17:48:26,vatimah azzahra,"pokoknya baik layanannya, ramah pula pengemudinya",grab,google_play
2026-03-30 17:46:25,Dee atma Putri,"sangat menyulitkan bila memesan grabfood dengan opsi transaksi tunai, dipersulit mendapatkan driver, dan pusat bantuan merespon dengan kurang tanggap cenderung mengalihkan dari pokok masalah yang dikeluhkan customer",grab,google_play
2026-03-30 17:43:14,Apriani Nurcahya,baik,grab,google_play
2026-03-30 17:42:42,Caryana Kusuma,baik ramah,grab,google_play
2026-03-30 17:38:21,angga d,tolong dong fitur mapsnya ada pilihan satelit biar lebih mudah buat nambahin alamat,grab,google_play
2026-03-30 17:20:53,Komaraika Umt,baik,grab,google_play
2026-03-30 17:02:39,Kang Sanu,Sangat membantu perjalanan disaat tidak memungkinkan untuk membawa kendaraan sendiri.,grab,google_play
2026-03-30 17:01:11,aprilliya salsha,daftar pertama lemot gajelas mau beli makan lama gajelas,grab,google_play
2026-03-30 16:52:36,Maya Amelia,susah dpt pengemudi pada songong2 semua,grab,google_play
2026-03-30 16:30:11,Armon Sh,bgus,grab,google_play
2026-03-30 16:20:21,Irfan Ribut,mengutamakan kenyamanan pelanggan,grab,google_play
2026-03-30 16:19:10,Nadhif Fr,walau udh unlimited dan berlangganan tetap saja mahal seperti harga customer lainnya,grab,google_play
2026-03-30 16:01:27,Tiara Shakira,bagus,grab,google_play
2026-03-30 15:54:23,Muhammad Arifin,kebantu bngt yang gapunya motor,grab,google_play
2026-03-30 15:44:34,Khairuddin Heru,semoga grab lebih baik dari tahun ke tahun👍,grab,google_play
2026-03-30 15:33:19,Muhamad faris,ketek bau kencur,grab,google_play
2026-03-30 15:29:34,Abdul Rohman,mantap,grab,google_play
2026-03-30 15:24:20,Heri Suryadarma,mantaf,grab,google_play
2026-03-30 15:22:27,Rifqy Anugerah,Pengemudi rata² pada culas/curang suka matiin aplikasi dan nembak harga,grab,google_play
2026-03-30 15:08:23,Lutfiana Andien Yoshifa,jarang saya kasih ulasan di aplikasi tapi kali ini keren banget!!selama saya menggunakan jasa grab ini....driver nyaa ramah semua!!banyak promo jugaa😚,grab,google_play
2026-03-30 15:07:33,Agus Supriyadi,puas,grab,google_play
2026-03-30 14:59:50,angela margareta,"mau login tapi gajadi, tertulis aktivitas diluar kewajaran, aneh banget pdhl aku gak ngapa ngapain",grab,google_play
2026-03-30 14:59:46,Arafi Pratama,"apk nya sangat bagus.. dan bisa digunakan untuk kendaraan, dan tolong untuk apk grab ini diaktifkan kembali biar bisa mendownload lagi. Terima Kasih🙏🏻",grab,google_play
2026-03-30 14:52:24,Irmawaty Pattilima Pattilima,mantap diskonnya banyak pokoknya bagus lah apk grab ini,grab,google_play
2026-03-30 14:46:48,Armand Dede,sangat membantu,grab,google_play
2026-03-30 14:27:28,Diah Nova Rianti,sering banget dapet driver yg ga prepare jas ujan buat customer!!!!!!,grab,google_play
2026-03-30 14:06:53,loveniaputri mandalika,"pengemudi mobil mintak di batalkan pesanan, tetapi diantar tidak sesuai titik, sikap pengemudi kasar, pengemudi mobil selalu mintak offline, tolong di tindak lanjuti pengemudi mobil yang nakal. saya sangat kecewa atas pelayanan pengemudi mobil, bayar sesuai aplikasi.",grab,google_play
2026-03-30 14:00:28,Arba Suryan,susah dapet driver ampas bgt,grab,google_play
2026-03-30 13:56:32,ayuu setiffanii,sangat bagus membantu sekali,grab,google_play
2026-03-30 13:55:42,mita ginting,"kenapa sih ribet sekali grabfoodnya???? kenapa tidak bisa ganti alamat kalau pakai tunai????, trus kenapa gak bisa ganti metode pembayarannnn kalau emang gegara tunai nih gak bisa ganti alamat????? perasaan di aplikasi kompetitor lain bisa... ribettttttt",grab,google_play
2026-03-30 13:48:39,feilanna wijoyo,lama cari drivernya,grab,google_play
2026-03-30 13:35:18,Vincent N.,Enak ya bs batalin pesenan kapan aja pas nunggu lama,grab,google_play
2026-03-30 13:23:14,Teguhh82,amanah,grab,google_play
2026-03-30 13:21:44,Cardi Girimukti,mantap,grab,google_play
2026-03-30 13:13:41,Fahmi Skw,grab gimana ngasih harga mahal lalu,grab,google_play
2026-03-30 13:12:30,andini,nice,grab,google_play
2026-03-30 13:03:45,Andi Prasetiyo,aplikasi ga beres. gede ukurannya aja bikin lemotnya minta ampun. drivernya rewel-rewel klo agak jauh sedikit jemputnya. sedangkan yg mencari driver aplikasi,grab,google_play
2026-03-30 12:54:37,Yusriadi Priasalato,"nyaman & akurat ,sopirnya ramah tamah mkch Grab",grab,google_play
2026-03-30 12:49:09,Mell N T,"platform fee naik mulu, tp driver2 makin makin sembrono(cancel tnpa alasan, ngomong seenaknya), terutama bulan puasa ini orderan makan delayed mulu, dikira semua orang puasa, platform fee makin naik, tapi servicenya turun",grab,google_play
2026-03-30 12:37:25,Putra grantung Grantung,sangat ramah sopirnya,grab,google_play
2026-03-30 12:10:01,rully lipiyandi,mantapp perjalanan sy mudah dan santai,grab,google_play
2026-03-30 12:03:18,Yusuf Alhasni,goed,grab,google_play
2026-03-30 11:52:35,Zulkan Shop,memudahkan dan semoga drivernya makin banyak lagi,grab,google_play
2026-03-30 11:39:25,Wahyu Wahyuab,ok,grab,google_play
2026-03-30 11:37:23,Syarah Fitriani,LAMA DAPAT DRIVER!!,grab,google_play
2026-03-30 11:29:24,Adianoor Al-Farisi,"mantap, banyakin voucher nanti saya sering belanja",grab,google_play
2026-03-30 11:15:01,Risky Ramadani,mantapp,grab,google_play
2026-03-30 10:54:35,Mei Yusnita,tepat waktu orgnya ramah,grab,google_play
2026-03-30 10:37:42,Sitti Halimatussa'diyah,bagus,grab,google_play
2026-03-30 10:36:25,Radit,bagus banget ini aplikasi,grab,google_play
2026-03-30 10:35:24,Aris Faisal,sangat bagus dan membantu perjalanan,grab,google_play
2026-03-30 09:50:41,Gede Subrata,ok joss,grab,google_play
2026-03-30 09:28:04,Kalam Zein,bermanfaat,grab,google_play
2026-03-30 08:28:24,Stiyani Azz,bagus banget bantu di setiap keadaan,grab,google_play
2026-03-30 08:26:14,Yeni Mulyani,Ok,grab,google_play
2026-03-30 08:20:32,Sri Sundari,👍,grab,google_play
2026-03-30 07:54:58,CARENENA,"saya penumpang setia grab dari dulu. Tapi sekarang performa grab memburuk, Sekarang cari pengemudinya susah, di aplikasi di kasih yg drivernya jauh-jauh. sangat buang waktu, saya bisa menunggu driver sampai 18 menit. sudah menunggu lama namun driver juga mengeluh tidak mau ambil karna harga nya tidak sesuai. tolong di tinjau kembali yah grab biar penumpang dan driver sama-sama nyaman",grab,google_play
2026-03-30 07:40:47,Lydia Haydee,harga naik biasanya grabcar 18k jadi 28k wow 👏🏻,grab,google_play
2026-03-30 07:39:46,Nur Jaman,apk ini bisa diandalkan bagus,grab,google_play
2026-03-30 07:39:35,Arif Romadhon,"bagus, membantu sekali",grab,google_play
2026-03-30 07:20:20,ahmad sodikin,driver'a ramah...,grab,google_play
2026-03-30 07:17:00,gdra 12,kok mantap kali grab ini ?,grab,google_play
2026-03-30 07:10:05,Ani Naibaho,"giliran ngorder yg dekat"" aja pada jauh"" driver nya aneh!! gak bisa digunain saat buru"" nih. Tolong berpaikin kualitasnya yah. Makasih. Tetap saya kasih bintang 5",grab,google_play
2026-03-30 07:01:28,Inal Furqani,"TOLONG YA BUAT YG KERJA DI GRAP, MAU MOBIL, MAU KERETA, TOLONG BANGET YA TOLONGGGGGGHG BANGET YA KALO ADA PENUMPANG ITU DI AMBIL YA JGN BUAT ORANG NUNGGU LAMA YA MANUSIA",grab,google_play
2026-03-30 06:58:13,Anjay Men123,keren,grab,google_play
2026-03-30 06:54:07,Madedr Madedr,jelek,grab,google_play
2026-03-30 06:53:13,Muhammad Adriansyah,jelek lambat pengendara sering membatalkan orderan dan selalu beralasan lain,grab,google_play
2026-03-30 06:51:34,Ansori Ansori,susah cari pengemudi,grab,google_play
2026-03-30 06:48:08,Rahma Ningrum,"jelek banget aplikasinya, driver banyakan gabisa baca maps, waktu tunggu hampir tidak pernah sesuai .tulisan 2 menit bisa sampe 20 menit realita nunggunya, nyari driver susah padahal harga tinggi dan sekitaran banyak driver. apalagi kalo hujan bisa ber jam jam mana harga naiknya ga ngotak jarak 2.3 km bisa tembus 100rb an. satu lagi mapsnya ga update ampas bngt banyak banget lokasi yg ga kedetect di grab",grab,google_play
2026-03-30 06:46:37,Anugrah Ramadhan,Grab Good Aplikasi,grab,google_play
2026-03-30 06:42:57,armand muhdy,drivernya banyak yang cancel seenaknya dan ada juga yang parah tidak mau jrmput ke titik lokasi penjemputan penumpang,grab,google_play
2026-03-30 06:34:12,dafiya ms,Murah sih harga grab nya.. TAPI YANG BIKIN KESEL ITU DRIVER PADA GAMAU AMBIL PENUMPANG!! PADAHAL DI DEKAT LOKASI ADA DRIVER YANG DEKAT TAPI GA DI AMBIL-AMBIL SAMA DRIVER. WAKTU ITU PERNAH KEJADIAN DAPET DRIVER UDAH MANA JAUH TIBA-TIBA DIA BERHENTI SELAMA 5 MENIT SEDANGKAN POSISI SAYA SUDAH SANGAT TELAT MALAH DI TAMBAH TELAT. KONDISI JUGA LAGI HUJAN JUGA. JADI NYA TERPAKSA CANCEL.,grab,google_play
2026-03-30 06:31:34,Oktavia Vanesa,drivernya dikit banget selalu nunggu 1 jam lebih gak 2 jam lebih buat dapet driver padahal rumahku juga di kota,grab,google_play
2026-03-30 06:25:59,Rayyan Muhamad Zidane,"nyari driver jauh"" banget sih",grab,google_play
2026-03-30 06:25:31,wh Yuni,"aneh banget sumpah, tiba² akun di tinjau pdahal ga ngelakuin apa²",grab,google_play
2026-03-30 06:11:08,Shilla Maulia,susah bangt carinya pdhl butuh bangt pls pls bangt ini,grab,google_play
2026-03-30 06:02:35,Anisa Rohmah,"grab nya suka cancel order habis itu mencari pengemudi lain , nunggu berjam2 kaya org gila , jgn KY GT kerja mas ,",grab,google_play
2026-03-30 05:52:50,Abe,pemesanan terlalu lama dan driver jauh jauh,grab,google_play
2026-03-30 05:47:35,M. Ibnu Hudayanu,👍👍👍👍👍,grab,google_play
2026-03-30 05:22:15,Kate Jhes,saya kasih Bintang 5,grab,google_play
2026-03-30 04:48:21,agustinus ratri,pelayanan memuaskan .,grab,google_play
2026-03-30 04:32:41,Jogrek Grek,bagus ramah,grab,google_play
2026-03-30 04:17:50,Percil Gimang,Sangat membatu,grab,google_play
2026-03-30 03:59:42,AHMAD NAZIR,jooss,grab,google_play
2026-03-30 03:35:50,Victor McManus,"kecewa lah, udah pesen berkali kali ngechat driver ngga ada yang bales liat di lokasi jalan tapi makin jauh, keterima orderan tapi yang jemput malah ngga ada respon di maps jga gitu gitu aja, kacaw",grab,google_play
2026-03-30 02:36:08,Andy Risdianto,Mantap👍,grab,google_play
2026-03-30 01:46:33,Edward Farhan,"tolong ini ko nyari pengemudinya lama ya.? trus kalo dapet selalu pengemudinya yg jauh, jadi ngk bisa jemput",grab,google_play
2026-03-30 01:39:31,Dewi “Anjani” Lestaluhu,pelayanan cepat diversifikasi ramah,grab,google_play
2026-03-30 01:28:22,dimas angga,kecewa bener² kecewa,grab,google_play
2026-03-30 00:05:35,Kiki Fatma (20),sangat memuaskan,grab,google_play
2026-03-29 23:45:03,Faiq Nurrahkman,good,grab,google_play
2026-03-29 23:20:47,Risty Taqwatul islami,"bisa gk si masukin fitur laporkan penjual, atau ada kompensasi gitu kalo penjual gk ngasih info? 2 jam gw nunggu gk ada kabar apapun, cuma makanan sedang di siapkan, gw gk bisa batalin trus apa? pihak penjual juga gk ngebatalin.",grab,google_play
2026-03-29 22:49:35,Sherlya,bagus,grab,google_play
2026-03-29 22:46:52,Crezy Store,Kalo Emng Gak bisa ngambil Ga usah Di Nyalain Apk Nya Hadehh gatau lagi ama grab,grab,google_play
2026-03-29 22:42:25,M ibna Frasetya,buat apa fitur hemat klo driver nyaa gak mau ambil orderan,grab,google_play
2026-03-29 22:40:45,Qurotuzzahra S.,"baru pertama kali order langsung cocok, rasanya pas, sambal nya pedas enak banget approve pkoknya bakalan order lagi, pertahanin cita rasa nya yaa, thank you i like it",grab,google_play
2026-03-29 22:31:13,arin,"pesan grabfood kenapa si lama bgt dpt pengemudi udah laper aku loh nunggu sampe 2jam setengah parah bgt,, mana gak bisa dicancel chat resto juga gak bisa",grab,google_play
2026-03-29 22:21:25,Nita Widiya,"gimana sihh orang nunggu udah sejam gak bisa dibatalin aneh, orang order biar instan malah makin lama mau dibatalkan gak bisa perbaiki lagi dong gak memuaskan customer banget sih",grab,google_play
2026-03-29 22:13:05,Elkezia Datu,"hah? gimana-gimana??? cuma 1km loh, kudu bayar 30rb, ojek pula itu... padahal harga normalnya 10-14rb kok gitu sih??!! tolong ini tarifnya yang logis dikit yah!",grab,google_play
2026-03-29 22:06:21,C- hope,"maaf ya, aku hapus apknya. udah order makan dari jam 9 kurang sampe jam 10 belum ada driver yg ambil karena aku bayar pake cash. kalau gitu engga usah sediain pilihan cash. selama ini masih pake karena banyak promo grabbikenya. maaf kecewa banget",grab,google_play
2026-03-29 21:54:15,Alifia Azzahra,"aplikasi bgst, udah nunggu makanan lama lama tiba tiba dibatalin tanpa persetujuan pembeli, kalau bisa kasi bintang 0 gua kasi ini bintang 0",grab,google_play
2026-03-29 21:52:16,Muhamad jislam,mantap,grab,google_play
2026-03-29 21:47:48,Sonny Ariady,"pemesanan terjadwal ga bisa dicancel sama sekali, menunya muter2. cust care lama bnr tersambungnya, buruan wooy pulsa jalan terus neh",grab,google_play
2026-03-29 21:47:23,Yunita Purba,udh nunggu pesenan makan sampe 2 jam malah dibatalin.. ga bisa kirim ulasan ke mcd atau pun ke grab lewat apk harus selesai dlu pesanan nya,grab,google_play
2026-03-29 21:41:36,Rinrin Dewi,"BURUK BANGET, KECEWA 100% TIDAK BISA BATALKAN PESANAN MALAH DISURUH SABAR, WOY GA WAJAR NUNGGU MAKANAN SAMPE 2JAM LEBIH, PENGADUAN TIDAK BERGUNA. CHATBOT TIDAK MEMBANTU SAMA SEKALI. UNTUK APA ADA FITUR PENGADUAN KALO TIDAK MEMBERIKAN SOLUSI, JIKA SEPERTI ITU PENGEMUDI SEENAKNYA MENGIRIMKAN SEBISANYA DIA. UNTUK APA ADA ESTIMASI WAKTU ANTAR KALO HABIS WAKTU BERTAMBAH TERUS WAKTU TUNGGUNYA. MENDING 5 MENIT 30 MENIT LEBIH.. LAH YANG LAPER KEBURU MAGH DONK. GOOD BYE GRAB SAYA PELANGGAN ANDA DULU",grab,google_play
2026-03-29 21:39:27,Gilang Ramadhan,"Payah, cancel orderan grabfood sepihak padahal udh nunggu 1 jam",grab,google_play
2026-03-29 21:38:55,Ajeng Putri,"susah banget dapat driver, padahal banyak driver disekitar tempat kita pesan, kadang sudah dapat driver malah di cancel padahal pakai grabcar biasa bukan pake yang hemat dan ga pake promo juga. minta tolong banget di edukasi lagi deh drivernya, jangan sampai banyak pelanggan pada pindah ke aplikasi sebelah.",grab,google_play
2026-03-29 21:36:12,Imascahayu Ayu,ok,grab,google_play
2026-03-29 21:28:58,Adam Pratama putra,"grabfood sering di cancle pengemudi dan jam estimasi mundur, makanan sampai sudah dingin",grab,google_play
2026-03-29 21:26:04,Gani,sekarang driver nya pemilih banget sering gak di response,grab,google_play
2026-03-29 21:14:34,Rivan Iman Valendri,"Drivernya pada gak mau ngambil orderanya, masa saya pesan makanan, sudah 1 jam lebih, belum nemu drivernya",grab,google_play
2026-03-29 21:09:08,Taufiq Hardika,"aplikasi. sampah, harga makin naik tapi dapat driver makin jauh, udah gitu ga bisa report driver yang suruh kita nunggu terut tiba-tiha di cancel lagi, biat ga kebiasaan drivernya.",grab,google_play
2026-03-29 20:54:03,Putra Gucci,untuk grabfood susah banget buat nyari driver nya pada so sibuk,grab,google_play
2026-03-29 20:44:53,Filio Hara,apaan ini nunggu 1 jam pesan makanan driver ga dapat2 tapi ga bisa dicancel??????????,grab,google_play
2026-03-29 20:39:55,Rudi Hut,semakin buruk buruk buruk,grab,google_play
2026-03-29 20:37:13,Dewa Armenia,pengiriman food 2 jam tolol,grab,google_play
2026-03-29 20:25:38,Achmad,grap food pler nyari driver susah bgt ajg padahal udh pilih layanan yg paling cepat nyampe nya 1 jam lebih,grab,google_play
2026-03-29 20:25:31,Rus Wae,sangat membantu,grab,google_play
2026-03-29 20:16:20,Oma Zea,pesan grabfood kelamaan terus tidak bisa dibatalkan,grab,google_play
2026-03-29 20:13:33,Sanji onepiece,bagus,grab,google_play
2026-03-29 20:13:02,Fahreza Nqs,"KACAUUUUU SELALU PASS PESEN GRAB FOOD DIBATALIN SEPIHAK, MAKSUDNYA KALO EMANG NIAT BATALIN BATALIN DARI AWAL KOCAK ! INI UDAH NUNGGU 2-3 JAM BARU DI BATALIN MAKSUDNYA APA COBA.",grab,google_play
2026-03-29 20:12:12,Mohammad Rafinoor Munggaran,Selalu terlalu lama mencari driver saat membeli lewat grab food saya disuruh menunggu lama hanya untuk di cancel sangat membuang-buang waktu saya. saya paham jika memang driver sedang sibuk tapi tolong berikan informasi terkait hal tersebut lebih cepat dan parahnya saya tidak bisa cancel makanan dan saya dipaksa menunggu pencarian driver yg tidak pasti. kejadiannya tidak sekali atau dua kali sudah beberapa kali padahal saya tinggal di daerah yang ramai.,grab,google_play
2026-03-29 20:12:01,Dendo Se,"jarak 800 m apakah habis bensin mobil 100 liter min ??? ongkos ny gak worth it bnget masa 52 ribu ,,, ngotak dikit lah 20 - 25 masih wajar ,, kalian ini",grab,google_play
2026-03-29 20:08:07,Muharrika,terlalu mahal,grab,google_play
2026-03-29 20:07:54,Pardy Kantong,mudah,grab,google_play
2026-03-29 20:06:52,Rea Reo,semakin lama semakin buruk sistem dalam internal. apa pegawai nya tidak digaji ya 🤣🤣🤣🤣🤣,grab,google_play
2026-03-29 19:51:56,EndeR D,l ga guna kalo lagi butuh pada ilang grab nya,grab,google_play
2026-03-29 19:49:54,Ayman Hafiz,"ini aplikasi hari hari ongkir makin mahal, order juga lama banget bisa 1 setengah jam. kocak!!!",grab,google_play
2026-03-29 19:47:34,Hafidh Hasan,"kecewa, pesen grab food yang nganter drivernya naik mobil udah tau jl. perkampungan susah dilewati mobil, kok bisa2nya sistemnya ngasih driver grab food yang pake mobil",grab,google_play
2026-03-29 19:45:02,Astri Admadeva,"pengemudi driver banyak di sekitar tapi gk mau ambil pesanan,pesanan ulang harga makin di naikkan sekarang grab sudah tidak layak buat konsumen.mending gk usah pake promo2 tapi pelayanan di tingkatkan",grab,google_play
2026-03-29 19:44:37,Ryo Aqsha,"bagus, cepat nganter nya, diskonnya banyak bangettt❤👍👍",grab,google_play
2026-03-29 19:40:45,Darlingga Aurora (DAP),"apk jahat, berkali2 order Grab Car sangat lama ga dapet2 Nunggu sampe 1 jam Lebih di Kota tegal Jawa Tengah sangat Jelek",grab,google_play
2026-03-29 19:38:26,aby waffaq,top,grab,google_play
2026-03-29 19:34:43,Yudha Pria nugraha,layanan mantap,grab,google_play
2026-03-29 19:34:16,yunita anggraeni,🤝,grab,google_play
2026-03-29 19:29:12,call_mee 1syaa,gasuka klo pesen grabfood dpt pengemudinya lama dn hrus nunggu lama hbs tu dicancel pula tlg diperbaiki!,grab,google_play
2026-03-29 19:20:33,FrancDarmy Jr,"dalam sebulan terakhir payah sekali, bantuan grab chat nya mana ?",grab,google_play
2026-03-29 19:14:31,siti urmila,"lama kali dpt driver, apa dah kaya driver",grab,google_play
2026-03-29 19:08:13,Sive CL,ok,grab,google_play
2026-03-29 19:07:40,Massava Saiful,"Grabfood kalau pakai pengantaran hemat sama standar gak ada driver yang mau pickup. Potongannya gede, padahal saat pesan udah di potong 2500, driver juga masih di potong, restoran juga masih di potong jadi harga makanan silisih jauh, lebih mahal, pakai promo juga gak berguna kalau gak ada driver yang ambil. Koreksi ulang kebijakan potongan untuk driver dan restoran nya, masak user udah dipotong 2500, driver sama restoran masih aja dikasih potongan gede.",grab,google_play
2026-03-29 19:04:38,Agan Kusuma,okeh,grab,google_play
2026-03-29 19:00:48,Abdurizal_sufi 48,ini gimna nih udh satu hari uang returnya ngak masuk ke M banking saya sebanyak 163.000 !!!,grab,google_play
2026-03-29 18:51:53,diana dolores,"klo ngasih driver yg jauh2 mending gausah adain lokasi terdekat deh kocak, sekalian aja jemput dari jepang",grab,google_play
2026-03-29 18:50:56,Ade yunus dwi Saputra,pelayanan nya jelek,grab,google_play
2026-03-29 18:50:13,Sherlin Angrhaini,"sekarang pesen makan di grab super lama, jadi males. bolak balik pengemudi membatalkan untuk mengantarkan pesanan. entah apa sebabnya jadi makin malas order di grab",grab,google_play
2026-03-29 18:43:51,Kasiadi,terimakasih🙏,grab,google_play
2026-03-29 18:28:13,gi ran,siiiip...!!!,grab,google_play
2026-03-29 17:54:14,Winardi Winardi,bagus berguna bermanfaat,grab,google_play
2026-03-29 17:53:49,Raysan Naufal,"Woiiiu harga makin mahall driver gak ada 1 pun yg nyangkut, gimana sih?",grab,google_play
2026-03-29 17:41:26,Nur Asia,drivernya pada galak2,grab,google_play
2026-03-29 17:35:14,Trisnasari Trisnasari,"ga suka karena kebanyakan alasan apapun , padahal aku sama Kaka aku udah nungguin malah di batalin atau banyak alasan yang lain lah",grab,google_play
2026-03-29 17:33:26,Niken Riani,kebayakan alasan ini itu,grab,google_play
2026-03-29 16:49:22,Kuncoro Yakti,Mantap,grab,google_play
2026-03-29 16:38:41,Edy Supra,"Grab kmu baik bgt dan harganya murah bgt,klo pergi jauh kamu harganya tetep murah, banyak voucher diskon",grab,google_play
2026-03-29 16:31:30,Jess Ss,min sumpah aku rela relain daftar ovo biar bisa dapat vocher katanya 3 hari.. pas dapat gk ku beliin mau beliin sore malah hilang vouchernya gimana nih solusinya,grab,google_play
2026-03-29 16:19:32,Ratna Sari,baik,grab,google_play
2026-03-29 16:11:52,Fathian Akbar faturrahman,ok,grab,google_play
2026-03-29 16:07:03,Yt Rell Store,masa nyari driver mobil lebih setengah jam ngga dapet dapet?????,grab,google_play
2026-03-29 16:06:30,salihah,pengantaran tepat waktu,grab,google_play
2026-03-29 16:05:16,aksana rofikova,memuaskan,grab,google_play
2026-03-29 16:04:11,Tina Sitepu,"Pelayanannya kurang banget, responnya lama, kurang responsif. Tolong pelayanannya di tingkatkan.",grab,google_play
2026-03-29 16:01:18,Raka Raka Ardiyansyah,sangat baik',grab,google_play
2026-03-29 15:57:02,Helma Sherlyna,bagus sngt membantu,grab,google_play
2026-03-29 15:54:17,Farah Adelia,"lama nyari pengemudi,udh nunggu 2 jam lebih,malah di cancel trs",grab,google_play
2026-03-29 15:35:49,Sarko Ako,pesanan langsung direspon cepat,grab,google_play
2026-03-29 15:33:56,Nauval Nauval purnama,sangan bagus dan ramah,grab,google_play
2026-03-29 15:20:58,Laila Husna,good,grab,google_play
2026-03-29 15:18:28,Tolabudin Tolabudin,trimakasih ya bg driver baik bgt,grab,google_play
2026-03-29 15:17:52,metafa tafa,"akhir akhir ini sepertinya ada upaya grab menggelembungkan keuntungan dengan membuat perbedaan ongkos antara driver dengan pengguna grab di aplikasi ini..ini dugaan saya taktik kotor grab untuk mencari keuntungan dengan cara yang tidak wajar , saya sudah mengalaminya baru baru ini bahkan hampir terjadi keributan dengan supir grab akibat pembatalan karena harga tidak sesuai di aplikasi pengguna dengan aplikasi driver",grab,google_play
2026-03-29 15:15:57,Jaka Lalana,mantap,grab,google_play
2026-03-29 15:04:49,Sugandha Dharma,"Jujur ya dulu sering pakai aplikasi ini tapi sekarang udah malas lama kelamaan karena setiap kali pesan selalu terlambat, tidak dapat driver bahkan sampai 2 jam aja belum dapat hanya saat menghubungi cs baru dapat",grab,google_play
2026-03-29 15:04:23,Daffin Ahmad,bagus,grab,google_play
2026-03-29 14:56:41,Nabilah Ramadhani,"pengantaran makanan selalu lama, awalnya masih saya maklumi tapi sudah berkali"" pesan selalu +2 jam makanan masih di proses, padahal dulu selalu tepat waktu, makin kesini selalu lambat dan membuang waktu saya. mana tiba"" di cancel, sudah nunggu hampir 3 jam... mohon segera diperbaiki, membuat pengguna malas menggunakan aplikasi ini lagi.",grab,google_play
2026-03-29 14:55:10,bintang gunanto,profesinal,grab,google_play
2026-03-29 14:54:09,SATRIA ANOM95 official,mantap,grab,google_play
2026-03-29 14:48:25,Nanas Jawa,Good,grab,google_play
2026-03-29 14:33:20,Xiao Yan,lemot amat mesen makanan,grab,google_play
2026-03-29 14:30:19,Wiliam TekLiong,"akhir"" ini susah kali dapat driver. mau pergi kemanapun sama mau pesan makanan pun susah kali dpt driver. bisa mati kelaparan kalau tungguin dpt driver. berjam"".parah skrg",grab,google_play
2026-03-29 14:23:00,Merry,makin kesini mkin payah saja nih apk,grab,google_play
2026-03-29 14:19:15,moza e amanda,bagus,grab,google_play
2026-03-29 14:18:20,Marlia Eva,OK,grab,google_play
2026-03-29 14:03:04,Bernadeta Nevita,bagus pelayanannya,grab,google_play
2026-03-29 13:54:40,Pengguna Google,Ini seriusan mesen pakai GrabFood trus Draiver yang ambil jaraknya 5 Km?????Mana waktu selesainya lama satu jaman lebih. Mending ke warungnya sendiri deh besok2 ini mah,grab,google_play
2026-03-29 13:40:30,Wahyu Din,sangaat membatu,grab,google_play
2026-03-29 13:38:59,Wak Waw,"aplikasi GOBLOG Masa ngasih driver jaraknya jauh2 banget, ya lama jadinya nunggunya",grab,google_play
2026-03-29 13:35:59,Fitri Ramadhani irwan,"Makin hari grab makin lama menemukan pengemudinya, Sudah beberapa kali bgitu, Minta di batalkan susah, Sudah menunggu lama, orang sudah kelaparan saat pesan makanan, slalu suka lama dapat driver, tolong dong grab, bagaimana itu soal drivernya",grab,google_play
2026-03-29 13:31:33,William Zone,very easy to use and the best service,grab,google_play
2026-03-29 12:56:55,Angga Aipin,skrg makin susah dpt driver,grab,google_play
2026-03-29 12:49:39,Manganju Samosir,cepat dan tepat,grab,google_play
2026-03-29 12:36:46,JEY,susah nyari driver bikin emosi aja,grab,google_play
2026-03-29 12:36:12,Endang Sriwahyuni,good,grab,google_play
2026-03-29 12:34:30,Rere Harits Ariyanti,Ketentuan grab food baru bisa dicancel setelah 1 jam sangat menyulitkan. Saya rasa 30 menit tidak ada driver yg available artinya pesanan bisa dibatalkan. Menunggu 1 jam itu kebalikan dari definisi dapat kemudahan dengan menggunakan app. Ga kaget kalo user pindah pakai app lain.,grab,google_play
2026-03-29 12:20:52,Carl Xavier,kadang pesan makanan ndk ada kurirnya. ada kurirnya yang kadang sudah di kasih catatan tambahan alamat malah salah baca. Banyak kejadian yang melelahkan,grab,google_play
2026-03-29 12:00:08,Bulan Purnama,AKHIR² INI SUSAH BANGET DAPET DRIVER NYA,grab,google_play
2026-03-29 11:45:30,widi Adiyalisa,"sekarang kalau pakai tunai susah banget dapet driver .kasian orang kalau hanya punya cash , menyusahkan bukan memudahkan. krana smua mau pakai non tunai. kalau sprt itu lebih baik TUNAI nya di hapuskan!!!!",grab,google_play
2026-03-29 11:20:01,nando anindra,good job,grab,google_play
2026-03-29 11:16:25,mauro morz,aplikasi kaga jelas ngebab Mulu kalo dkt orderan stress,grab,google_play
2026-03-29 11:11:13,Reno Reno,grab car sangat membantu sekali,grab,google_play
2026-03-29 11:11:04,Farah,ok,grab,google_play
2026-03-29 11:07:41,marianta alexguur,mantab,grab,google_play
2026-03-29 11:05:00,Ghnesia alif w,"akun ditangguhkan tanpa alasan yg jelas,sudah menghubungi CS tapi blm ada balasan yg jelas mengapa akun saya di tangguhkan",grab,google_play
2026-03-29 11:00:22,Aja Paputungan,terbaik,grab,google_play
2026-03-29 10:30:53,love robby,bagus,grab,google_play
2026-03-29 10:28:59,Amelia Eka Putri,lama datangnya,grab,google_play
2026-03-29 10:13:58,Serangraya Raya,makasih sgt baik pelayanannya,grab,google_play
2026-03-29 09:42:05,Yoyon Tudiharto,selalu hadir siaga dalam perjalanan,grab,google_play
2026-03-29 09:27:24,Bimo Abdul,lumayan,grab,google_play
2026-03-29 09:11:08,Kusriono Sriono,lebih nyaman,grab,google_play
2026-03-29 09:07:25,Virna Salma,"Jujur si, setelah pake aplikasi Grab benar-benar memudahkan aku BANGET! Udah gitu ada Bike hemat gitu, jadi lebih murah, pas banget buat aku yang lagi irit-irit ini, huhu. Ditambah lagi ada fitur GrabMart Kilat, kalo lagi mager kemana-mana bisa langsung sat set order. TOP MARKOTOP, GRAB! Semoga selalu memuaskan dan banyak membantu, ya!",grab,google_play
2026-03-29 08:20:22,Murtado Khoirul,Sangat tidak rekomendasi. susah untuk cari lokasi dengan akurat sebelum pemesanan.,grab,google_play
2026-03-29 08:12:49,Ikbal Maulana,ga sesuai aja layanan lama driver pun lama,grab,google_play
2026-03-29 07:44:03,Kita Bina,lumayan klo saya pesen gercep,grab,google_play
2026-03-29 07:02:00,Andi Firman,mantappp,grab,google_play
2026-03-29 07:00:39,Mlzz,"cukup kecewa, tolong kalau driver nya ga bisa ambil orderan di cancel saja, saya jadi harus bayar lebih mahal cuma membatalkan pesanan karna driver ga bisa jemput, tpi malah di ambil orderan nya kan aneh",grab,google_play
2026-03-29 06:26:24,Bagus Haryanto,mudah dan cepat,grab,google_play
2026-03-29 05:31:05,prada Butarbutar,tolong perbaiki sistem pemesanan grab food nya,grab,google_play
2026-03-29 05:16:06,Natassya Elwina,Susah cancel,grab,google_play
2026-03-29 04:38:53,Wus Wihardi,good,grab,google_play
2026-03-29 04:04:41,Mulyani Wulandari,pengemudi ramah,grab,google_play
2026-03-29 03:32:57,Muhammad Shidiq,"monyet, estimasi mesen makan makin diundur, app gajelas",grab,google_play
2026-03-29 02:44:52,Awan Evandra,"tolong tindak lanjuti kasus pelecehan, saya memberi bintanb 1 agar dilihat",grab,google_play
2026-03-29 01:21:52,Xima Privasi,"grab pelit promo, mnding order makanan di shopeefood, jauh lbih murah",grab,google_play
2026-03-29 01:07:50,Rehin Aprianto,platform besar tapi bikin malu.. pengemudi banyak yang aktif tapi gak mau ngambil penumpang diatas jam 12 malam,grab,google_play
2026-03-29 00:45:06,Shezan,oke,grab,google_play
2026-03-29 00:06:52,wisnu aji,ok,grab,google_play
2026-03-28 23:46:32,Rattle Snake1,apaan ini mau order grab bike masa harus verifikasi muka 😂 fitur gak guna + seenak jidat ngambil data orang sampe muka orang juga lo ambil datanya.,grab,google_play
2026-03-28 23:13:12,roromendut original,"terbaik disaat apk lain susah dpt driver, grab gercep amat dapet drivernya. the besttttt pokoknya 🤗",grab,google_play
2026-03-28 23:04:28,Zennot Idn,sory kecewa pesen makan 2 jam gk kunjung di proses berakhir d batalkan dan rumit. ga biasanha grab kaya gini...auto uninstal y babay,grab,google_play
2026-03-28 23:03:32,YOGI PRATAMA,"kecewa nunggu 2 jam sama driver di cancel, sudah saya sakit demam tapi tidak ada pengganti driver, viralkan baru tau ni grap😭",grab,google_play
2026-03-28 22:58:13,mangea,"hadew masa ga ada fitur cancle untuk grab food, mana nyari diver 1 jam sendiri. keburu kenyang ndeng",grab,google_play
2026-03-28 22:46:52,rakha riansyah,terimksih atas pelayanannya,grab,google_play
2026-03-28 22:41:24,Sri agustini Soepardi,supirnya ramah dan diantar sesuai dan cepat,grab,google_play
2026-03-28 22:34:17,Raden guntur setyo Wibowo,login aplikasi suka lama banget login nya,grab,google_play
2026-03-28 22:19:43,vistr0 wo,"pesanan grab food order dr jam 6 sore lama ga dapat driver. ga otomatis batal. akhirnya jam 10 malam di kirimnya, ke buru sudah ga lapar. keburu pingsan iya",grab,google_play
2026-03-28 22:10:27,Rangga Ahmad,"parah,,, padahal resto lumayan deket tapi driver gak ada yng ambil,, GrabFood dari jam 9 sampai jam 11 baru ada yng ambil,, itu pun resto sudah tutup,, kecewa..",grab,google_play
2026-03-28 22:08:04,Rio Jogja,"kecewa bgt, nunggu dapat driver, sampe hampir 2 jam, kecewa asli",grab,google_play
2026-03-28 22:04:12,K. Alwi,5 jam nunggu dan gonta ganti pesanan krn dibatalin mulu dan ga ada satupun driver yng nerima!,grab,google_play
2026-03-28 22:02:41,Syrx Crazy,pengantaran nya cepatttt bangetttt kurirnya baikkk skliii area Kendari pokoknya yang antar makanan ke BTN Khalifah,grab,google_play
2026-03-28 22:01:06,Mhd Hidayat,pengalaman saya ok boos ku,grab,google_play
2026-03-28 21:56:31,IKHSAN ABDUR,"bagus,sangat membantu",grab,google_play
2026-03-28 21:54:41,Juwita Mayangsari,"saya pernah mengalami kejadian pesan makanan menunggu hingga 2jam baru dapat driver, apk nya tidak memuaskan!!!",grab,google_play
2026-03-28 21:36:04,Irfan Muzakki,"aplikasi gajelas, dapet driver ae susah banget",grab,google_play
2026-03-28 21:33:12,Ahmad31,terlalu mahal ah,grab,google_play
2026-03-28 21:26:32,IMAM MALIK ALROSYIDIN,FITUR GRAB FOODNYA JELEK BANGET.PENJUAL DAN DRIVERNYA TIDAK SINKRON.MINUSSS BANGET APLIKASINYA,grab,google_play
2026-03-28 21:25:32,Kikuk Kukik,pengemudi ramah sangat nyaman,grab,google_play
2026-03-28 21:24:58,Tha tha,payah makanan ku ga dikirim sampe 2jam aplikasinya bikin sangat kecewa,grab,google_play
2026-03-28 21:22:27,Razka Syauqi Mubaarak,grabfoodnya lama gada kepastian ditunda terus lalu dibatalkan,grab,google_play
2026-03-28 21:17:13,Dinny Pratiwi,mantapp driver nya ramah,grab,google_play
2026-03-28 21:01:16,Sabila,"aku udah pake yang prioritas tapi kok lama banget ya, udah gitu lebih cepet pake nontunai padahal uangku cash semua😭",grab,google_play
2026-03-28 20:55:21,Lidya Rante bua,Sangat mempermudah perjalanan dengan biaya yang terjangkau,grab,google_play
2026-03-28 20:54:09,El Zio,"mengecewakan order di tunda2 dpt driver,order dri jm7 jm 10 bru dpt driver tau gitu pake shopee food langsung dpt driver",grab,google_play
2026-03-28 20:53:18,S pindi Arlando,banyakin promonya dong....,grab,google_play
2026-03-28 20:49:11,Hus Ni,mantap,grab,google_play
2026-03-28 20:38:06,nay bal,"beli grab Food udh 3 jam ga dapet driver, ini gimana sih aplikasinya",grab,google_play
2026-03-28 20:31:46,putri bilqistt,kadang kalo pesen makanan ga ada map tukang ojeknya dmn,grab,google_play
2026-03-28 20:31:25,Riska Puspita,serius sekarang harus pakai ovo ??,grab,google_play
2026-03-28 20:31:20,Alif Italiano,"masa alamatnya gabisa diubah, gabisa dibatalin, orang nungguin lama ga dateng""",grab,google_play
2026-03-28 20:29:21,Bel's Diary,"baru kali ini ngalami kekecewaan paling parah poollllllll, order lama sampai tamu keluarga pulang. sudah gitu waktu estimasi makin tambah lagi. udah lama ditambah estimasinya bertambah lama paling bagus bercandanya sekarang",grab,google_play
2026-03-28 20:24:47,satria farming,Mantafff bro 👍,grab,google_play
2026-03-28 20:16:58,Yesa mustika,sulit mendapatkan driver terutama pada fitur grabfood apalagi ketika membayar tunai tidak ada sama sekali driver yg mau ambil tapi ketika membayar non tunai dan pakai promo sama saja sulit juga mendapatkan driver untuk mengambil makanan sungguh mengecewakan,grab,google_play
2026-03-28 20:13:03,Nisa,baik,grab,google_play
2026-03-28 20:05:28,duo lingo,lama bgt pea laper gua kaga dateng dateng bmgsat,grab,google_play
2026-03-28 20:03:55,Redmi i,grab pelayanan nya mantap,grab,google_play
2026-03-28 20:02:08,Rafli Park,Baik,grab,google_play
2026-03-28 20:01:59,Riani Aqila,"sangat suka pke grab aplgi bepergian ,lbih simpel. tp skrng pesen harus pke vrifiksi wjah dan coba berulang kali selalu gagal trs apalagi kalo lagi buru2 mmakan waktu juga....",grab,google_play
2026-03-28 19:52:31,Nafa Naysilla,"tambahan biayanya besar banget bisa sampe 5-6k gatau itu buat pajak apa gimana dah. sebelumnya gaada buat toko yang promonya udah abis, atau emang dari awal gaada, jangan dimasukin ke kumpulan yang ada promonya dong, bikin bingung aja dah kenapa promo unlimited cuma simbolis dah. gausah ditulis anjir kalo gabisa dipake mah ngaco anjir nulis 50% tapi gabisa dipake",grab,google_play
2026-03-28 19:43:10,arif afandi,susah amat pake grab ini g dapat dapat udah berapa2 kali cari,grab,google_play
2026-03-28 19:33:45,Yusna Spt,"aplikasi sangat membantu, kurir nya ramah""",grab,google_play
2026-03-28 19:30:14,Almer Rakan,"aku pesan grab express dan telah mendapat pengemudi, tapi dia sangat lama dan malah makin menjauh, ditelfon dichat tidak dijawab, dan yang paling menyebalkan, dia tidak bisa dicancel karena tertulis ""pengemudi dalam perjalanan tidak dapat membatalkan"" SUNGGUH INI SANGAT MEMBUANG WAKTUKU, sangat sangat mengecewakan",grab,google_play
2026-03-28 19:23:57,Cantiknya Umma,"pelayanan baik, pengemudi ramah, akses cpt",grab,google_play
2026-03-28 19:19:01,Husen Tanu,Good job,grab,google_play
2026-03-28 19:17:41,intan restianti,nunggu sampe 2 jam dibaltak ga bisa,grab,google_play
2026-03-28 19:08:51,ririi Leee,JELEEKKKKKKK SUSAAHH CARII PENGEMUDIIII UDAA NUNGUUU SATUU JAMMM BELUMM JUGAA ADA PENGEMUDI NYAAA POKOKKNYA PIKIR PIKIRR DEHH KALO MAU DOWNLOAD ABISS ABISINNN MEMORIII SUMPAHHH,grab,google_play
2026-03-28 19:02:06,Barreta Widh,"saya pesen kfc tapi ga dianter² sejaman trus ada opsi suruh ganti restoran yaudah saya pilih ganti trus muncul tulisan ""kalau ganti restoran yg kfc bakal dibatalin"" tapi pas ganti restoran malah yg kfc tetep ada dan lagi mau dianter itu gmna ya",grab,google_play
2026-03-28 18:59:57,Umi Susanti,good 👍,grab,google_play
2026-03-28 18:59:23,Pendi Sol,bagus,grab,google_play
2026-03-28 18:51:03,Justin Tanner,"sulit dapat driver, driver yang minim",grab,google_play
2026-03-28 18:49:37,Rizky Arnold Maulana,sangat susah mendapatkan driver,grab,google_play
2026-03-28 18:45:12,Devi Sylvia Herman,kudu pirooooooo reganeeeeee mem 1 km ae mosok.kudu 20 ewuuuuu ndk emtok2 driver,grab,google_play
2026-03-28 18:34:18,Vera Febrianti,"gajelas, grab sekrang driver pada gajelas, saran kedepannya untuk seleksi driver harusnya lebih diperhatikan, makasih",grab,google_play
2026-03-28 18:32:40,Mulyadi Adisaputra,sudah bnyak keluhan tidak dpat driver,grab,google_play
2026-03-28 18:29:36,Xunho Xunho7621,Grab terbaik👍,grab,google_play
2026-03-28 18:25:02,Hanindya Digna,GAK DAPET DRIVER GRABFOOD,grab,google_play
2026-03-28 18:15:13,Fatimah Ayunin,"gampaang dipakee, murah banyak diskon lagi",grab,google_play
2026-03-28 17:57:32,Briantoro Kukuh,driver nya banyak yang nolak,grab,google_play
2026-03-28 17:34:19,Siti Sarah,enak sopir ramah,grab,google_play
2026-03-28 17:28:18,Arsyakha Gibran Vania,aduhhhh tolong yaaa min maps yaa gajelas ngaco malahh padahal saya suda bilang ke abangnya tapi malah marah-marah tolong ya maps yaa jangan ngaco murah si murah tapi tolong maps ya jangan ngaco 🙏🙏,grab,google_play
2026-03-28 17:25:16,Cat With Boba,susah bgt dpt driver😭😭😭,grab,google_play
2026-03-28 17:22:03,P.O.B Prentah Ojek Bae,"nyoba pesan makanan dengan pengantaran hemat, buset... sudah setengah jam lebih pesanan masih berjalan aja blum masuk resto,, prosesnya lama bgt tolong dipercepat lgi biar pun pengantaran hemat pelanggan juga bayar, ini sdah 35 menit pesanan blum masuk ke resto, nanti setalah masuk resto mencari driver setelah dapet driver pun blum tentu langsung di antar, kadang juga masih antri di resto atau restonya gak sedia aplikasi.jdi pesan makanan dengan pengantaran hemat butuh waktu paling cepat 1 jam",grab,google_play
2026-03-28 17:08:40,Siti Robiati,"ada yg bisa bantu gak y, pesanan saya lewat grab knp tidak sampai sampai di restoran nya y",grab,google_play
2026-03-28 17:07:34,Ampas Kopi,banyakan iklan,grab,google_play
2026-03-28 17:07:09,Nat,"kembalikan pengaturan nominal tip kepada driver dapat diatur sesuai keinginan customer. karena pelanggan tidak bisa memberikan nominal 3rb, 4rb, 9rb dst jika cuma dikasih pilihan 2ribu, 5ribu, dst.",grab,google_play
2026-03-28 17:03:29,Siti Maryatun,mantap,grab,google_play
2026-03-28 17:03:03,Putry Layla,"ni aplikasi sering banget bug, masa buka grab unlimited ga bisa, mana drivernya ga ramah, pilih pilih, satu lagi kalau g dapat driver pick up grab food nya dalam 15 menit opsi batalin nya di buat masa harus nunggu berjam jam baru ada opsi di batalin buang buang waktu nungguin itu aja harus banget ngechatin help center baru bisa batalin jangan buang buang waktu orang deh g layak pakai sumpah kesel bgt",grab,google_play
2026-03-28 17:02:48,eza rahayu,"mohon ada perbaikan untuk pesanan food, untuk bisa searching by jarak pada saat pilih restoran terdekat. karna banyak pelanggan yg terburu-buru untuk klik yang otomatis muncul berdasarkan reting. Padahal ada restoran yg terdekat. karna hal ni menyangkut kualitas makanan",grab,google_play
2026-03-28 16:31:23,Robby Sugara,Ok Banget Pelayanannya,grab,google_play
2026-03-28 16:31:18,Amin Supangat,keren,grab,google_play
2026-03-28 16:10:18,Idriz Momo,good,grab,google_play
2026-03-28 16:10:08,Toni Arianto,Sangat terbantu,grab,google_play
2026-03-28 15:54:34,Luthfi Agung Amrullah,pembatalan pesanan food tidak bisa dilakukan,grab,google_play
2026-03-28 15:45:17,Nafsin Fitroh,ok,grab,google_play
2026-03-28 15:41:17,Riswan Nasution,Supir nya ramah enak di ajak ngobrol dan pelayanannya pun bagus,grab,google_play
2026-03-28 15:29:52,Beok,"Grab mantaaaab,,,!!!",grab,google_play
2026-03-28 15:29:30,arlitzy Thetzy,susah cari driver aplikasi tidak memberi kebebasan untuk membatalkan orderan dengan alasan kerugian toko padahal pesanan belum di buat?,grab,google_play
2026-03-28 15:09:53,Syaiful A,"mau jaringan lu 100gbps pun keknya gabakal kebuka tuh menu nya, udah berapa hari ini woi grab, duit gua lu telen woii",grab,google_play
2026-03-28 14:53:22,Nasir,good,grab,google_play
2026-03-28 14:38:47,hayyan,grab gajelas gabisa batalkan pesanan,grab,google_play
2026-03-28 14:25:11,Muhammad Rohmatur rozaqi,grab sangat membantu saya ketika belum di jemput,grab,google_play
2026-03-28 14:21:49,Muhammad Wildan,"saat saya ingin aktifkan ovo di akun grab saya, layar nya menjadi putih saat ingin link wallet ke ovo",grab,google_play
2026-03-28 14:17:21,Onno Kers,Grab oke tetap andalan,grab,google_play
2026-03-28 14:15:08,Muhammad Abim,bagus,grab,google_play
2026-03-28 13:53:51,Punya Kevin,kenapa tidak kompatibel,grab,google_play
2026-03-28 13:51:29,Zuli Witan,membantu sekali,grab,google_play
2026-03-28 13:48:22,Ro J,grab jelek sekarang. gak motor gak food lama banget dapetin drivernya sampe berjam2. bahkan kalo food sampe terbatalkan sistem gara2 gak dapet driver. kocak. jelek banget!!,grab,google_play
2026-03-28 13:47:48,Lilik Rismawati,Good,grab,google_play
2026-03-28 13:15:31,Aan Bima,"lama udh mesen harga dengan waktu tertentu, pas jdi pesanan malah nambah waktu, sama aja kaya bayar harga hemat",grab,google_play
2026-03-28 13:09:12,ra ara,"mohon di perbaiki lagi ya, soalnya banyak ojeg yng memalsukan identitas nya yg ngebuat saya kurang nyaman, di aplikasi tertera motor nya beat yang dateng motor jupiter dengan plat nomot beda dengan yang tertera di aplikasi, saya sangat kecewa selain karna di palsuin identitas nya tapi kesalahan ini juga ngebuat saya susah menemukan ojeg trsebut mohon di perbaiki🙏🙏",grab,google_play
2026-03-28 12:59:56,bella bella,"nyebelin banget sekarang drivirnya padabmalesan udah nunggu sampe satu jam ga pernah dapat driver, mana ada driver yang lancang banget kirim pesan minta tambahan biaya 10.000 di luar harga aplikasi 😡",grab,google_play
2026-03-28 12:44:24,Una Putri,pertahankan pelayanan x SDH bagus,grab,google_play
2026-03-28 12:44:19,GAK SEMPET NONTON,"masa ngga pesen makanan ke pesen sendiri aneh,minta kompensasi nih dari pihak grab",grab,google_play
2026-03-28 12:35:59,Anna Fatahunah,grab itu membantu kaum mager...,grab,google_play
2026-03-28 12:33:37,ncepyo yo,pengalaman grabcar itu orangnya malas malas mentang mentang tujuan dekat dan harga murah. kalo lagi urgent ga rekomendasi,grab,google_play
2026-03-28 12:16:50,Dzaka Khairan,"tolong lah kalau ada yang mesen jangan asal batalin mana nunggunya lama,dikira orang nganggur minimal dari awal langsung batalin",grab,google_play
2026-03-28 12:11:40,Willy23 Willy,TOP BGT,grab,google_play
2026-03-28 12:11:19,Satria Bertopeng,sangat baik,grab,google_play
2026-03-28 12:00:22,Azzahra Aprilia,bisa pesan makanan tanpa harus keluar rumah,grab,google_play
2026-03-28 11:57:55,Nisrina Awandini,bagus,grab,google_play
2026-03-28 11:54:31,Angga Nugraha,sangat nyaman dan supir nya baik hati,grab,google_play
2026-03-28 11:44:26,Winwin Suciati,👍👍👍,grab,google_play
2026-03-28 11:44:15,Pangarantoan Lumbantoruan,aq senang dan suka makanan enak pengantaran tepat waktu,grab,google_play
2026-03-28 11:14:50,Bii Hanston,"saya merasa tidak nyaman dengan kebijakan penahanan dana. saya sudah membayar melalu non tunai via OVO dan setelah makanan Dateng ternyata masih diperlakukan tunai padahal di dana OVO saya sudah terpotong, ingin mengajukan komplain atau laporan di apk pun sulit sekali tidak ada efisiensi yang di kasih terhadap customer.",grab,google_play
2026-03-28 11:00:39,Ahmad Ridwan,"baru instal aplikasi, 2 kali pesan grab mobil,dua-duanya pengemudi mobil seseudah sampai di titik penjemutan minta di batalkan,trs minta tambahan ongkos atau harga,mau gak mau saya turuti karna saya bawa anak-anak",grab,google_play
2026-03-28 10:45:46,Fajar Rockabilly,Sangat membantu,grab,google_play
2026-03-28 10:35:58,Agung teguh,👍👍👍,grab,google_play
2026-03-28 10:30:22,Mindra Yanti,good job,grab,google_play
2026-03-28 10:20:51,Komala Sari,alhamdulillah adanya grab,grab,google_play
2026-03-28 10:15:56,Jamal Udin,sangat membantu,grab,google_play
2026-03-28 10:14:32,Yana Suryana,gaak usah repot.naik grab aja semua jdi happy,grab,google_play
2026-03-28 10:13:24,marlina fitriani,nyaman,grab,google_play
2026-03-28 09:57:36,renatha bitung,"abngnya baik,sabar ,",grab,google_play
2026-03-28 09:56:49,Jaya Adi Suma,"kok tiba2 limit paylater saya dibekukan oleh OVO Grab ? padahal saya selalu ontime dan gak pernah telat bayar, kecewa saya dgn grab karena secara sepihak bgtu. So far gapapa, mungkin jika tidak ada perubahan, mulai hari ini saya akan stop menggunakan aplikasi GRAB. Bad Aplication. Perhari ini saya uninstall aplikasi grab.",grab,google_play
2026-03-28 09:31:45,Hamidah Nur Wahdaniah,susah cari driver,grab,google_play
2026-03-28 09:30:59,inata amalinaa,"heran bgt, akhir2 ini titik lokasi sm alamat kok beda, bedanya jauuh banget. bikin kurir jd salah lokasi pengantaran, bikin emosi. kurirnya marah2, padahal customer juga udh ngasih arahan tambahan. edannnn",grab,google_play
2026-03-28 09:14:30,Mifta Khuddin,pelayanan lambat sekali. banyak iklan pama menunggu driver.,grab,google_play
2026-03-28 09:10:25,Entis Fahrul,good,grab,google_play
2026-03-28 09:10:11,Rahayu vian,makin eror udah pesen ga bisa di buka aplikasinya,grab,google_play
2026-03-28 08:59:33,Prayogi Bagas,good job,grab,google_play
2026-03-28 08:56:30,hendri purnomo,bagus,grab,google_play
2026-03-28 08:54:13,Ijhe Aja,baik,grab,google_play
2026-03-28 08:45:27,Neelofa Elfazura,puas dengan apk grab tapi,grab,google_play
2026-03-28 08:43:26,Niki Karnika,susah cari driver,grab,google_play
2026-03-28 08:18:23,Bim Salabim,"dulu bisa edit metode pembayaran, sekarang ga bisa. enak dulu, selama bayar mau cara apapun harusnya sah sah aja. sekarang kalo buru2, harus bener2 kerja buat teliti. kalo cs nya bayar, driver senang dibayar tunai/ovo/qris. problemnya dimana ya ?",grab,google_play
2026-03-28 08:15:42,Maulidiana,bagus banyak promo,grab,google_play
2026-03-28 07:50:43,Ahmad Syahril,Terimakasih grab,grab,google_play
2026-03-28 07:31:06,Syifyah,"aneh,udah beberapa kali coba download masih GK bisa.stelannya langsung berubah ke awal lagi yg harus install lagi padahal udah hampir dikit lagi selesai ngeinstall,GK habis pikir aja",grab,google_play
2026-03-28 07:15:52,FEBRI PURNOMO,kadang ngelag dijalan padahal pakai wifi portable,grab,google_play
2026-03-28 07:15:17,Ukeww Zz,mantap,grab,google_play
2026-03-28 07:04:32,Faizan Almusatir,ok,grab,google_play
2026-03-28 06:54:03,Jantje Baroleh,Menunggu agak lama namun sang driver mengkonfirmasinya karena sedang menurunkan tamu yg difabel,grab,google_play
2026-03-28 06:49:12,Maya Sri utami,bagus,grab,google_play
2026-03-28 06:47:21,Aji Permana,good,grab,google_play
2026-03-28 06:25:52,Muhammad Aqila Pranaja,👍👍,grab,google_play
2026-03-28 06:00:39,Susanti Susanti,driver tepat waktu dan semoga dapat diskon slalu,grab,google_play
2026-03-28 05:38:37,Fairul Ronas,"pesan makanan di bofet aneka, udah 2 jam nunggu dan pesanan juga nggak diantar antar, alasan belum mendapatkan driver grabb nggak fair, pelanggan dirugikan apa konvensasinya",grab,google_play
2026-03-28 03:36:44,Melsen Nahak,Maaf Tolong tingkatkan lagi aplikasi grab nya supaya kita bisa beli di supermarket juga 👍. TOP 1. sukses terus.💪💪,grab,google_play
2026-03-28 03:18:13,Ekonovianto Novianto,ok,grab,google_play
2026-03-28 03:06:00,Danang Afrizon Pribadi Saragih,"selalu percaya pake grab EMG,soalnya mudah dan ga ribet",grab,google_play
2026-03-28 02:58:52,veronica manuel,Tolong Banget Kepada Owner Aplikasi Grab Saya Pesen Grab Food 3 Jam Setengah Blm Dateng.,grab,google_play
2026-03-27 23:12:03,Rahayu chanel,masih dalam pantauan,grab,google_play
2026-03-27 21:16:27,Polo 76,baik .cepat,grab,google_play
2026-03-27 20:39:05,Merli Ani,orderan prioritas dapat driver lebih lama dari ekonomis. ga usah deh pilih pengantaran prioritas,grab,google_play
2026-03-27 20:15:28,Rina Anggraini,bagus banget aplikasi nya sangat membantu,grab,google_play
2026-03-27 20:12:34,victor pakpahan,Good,grab,google_play
2026-03-27 20:00:35,Andrella Pramesti,"Ngelag mulu padahal jaringan stabil, langganan grab unlimited jg percuma gaada promo untuk grab car",grab,google_play
2026-03-27 19:50:21,Armasuri Riri,baik baik baik,grab,google_play
2026-03-27 16:27:37,Marifa Mustika sari,👍,grab,google_play
2026-03-27 15:49:38,Ismail Riyanda,payahh harus update terus,grab,google_play
2026-03-27 12:51:17,Trisetyobudi,good,grab,google_play
2026-03-27 11:15:54,Ari Suryaganda,mantapp,grab,google_play
2026-03-27 10:21:22,Marsel Datulangi,"jika dalam setengah jam tidak ada pengemudi, mohon ditampilkan opsi pembatalan pemesanan",grab,google_play
2026-03-27 10:13:58,Hanabi Sun,"ribet,,pengaktifan kembali akun yg sudah lama gk di gunakan, seperti daftar pertama dan harus bawa semua dokumen asli ke kantor,kn bikin males di bikin ribet. kn nma nya jg daftar online ya online aja gk usah dtang ke kantor segala bwa dokumen nya,,,hadeuh",grab,google_play
2026-03-27 10:12:58,berthy arusbawah,👍👍👍👍👊,grab,google_play
2026-03-27 10:12:16,Fajar Nugroho,Aplikasi ini sangat membantu,grab,google_play
2026-03-27 10:01:33,riko manik,driver nya bau,grab,google_play
2026-03-27 09:57:51,ade halim,good,grab,google_play
2026-03-27 09:53:59,Iim Iim,abang nya baik sopan,grab,google_play
2026-03-27 08:53:41,Saimin Jaguar,mantap,grab,google_play
2026-03-27 08:49:50,Jogja Kulon,"penjemputan cepat, draiverny ramah pokokny oke",grab,google_play
2026-03-27 08:46:59,Budiman Thiodono,Bagus dan banyak promonya.,grab,google_play
2026-03-27 08:43:37,chantika Dwirizky,sukaa sangatt,grab,google_play
2026-03-27 08:32:10,Yoan Lewa,baik,grab,google_play
2026-03-27 08:29:31,Darmawan Darmawan,murah meriah,grab,google_play
2026-03-27 08:04:46,Lisa Maiyuli7,"aplikasi sampah customer dilecehin gitu tapi ngga Ada tanggapan diem aja pdhl video nya udh di up di TikTok, hahaha jangan pakai aplikasi ini khusus perempuan kalau Ada apa2 ngga bakal Ada perlindungan",grab,google_play
2026-03-27 07:58:18,Tyra zata,"ada kasus pelecehan yg di suarakan di tiktok oleh seorang perempuan, tapi ga ada respon nich dari pihak grab HAHA. kayanya pengemudi di grab ini komplotan pelecehan juga ya? atau adminnya juga nih? 😝",grab,google_play
2026-03-27 07:54:52,0503 etasiburian,"PENGIRIMAN PAKET INSTAN MAHAL BANGET, UDAH GITU NYAMPE NYA JUGA LAMA. MENDING GAK USAH SOK BUAT PENGIRIMAN INSTAN NYATANYA PAKET LAMA TIBA. BUAT CUSTOMER RUGI",grab,google_play
2026-03-27 07:52:26,kholipaah 1808,suka milih milih cust,grab,google_play
2026-03-27 07:34:15,Mey Meyz,"wow,murah",grab,google_play
2026-03-27 06:27:40,Siti Rosidah,pengemudi handal membuat perjalanan menjadi nyaman,grab,google_play
2026-03-27 06:13:01,Cecep Sugiri,Gercep.. 👍,grab,google_play
2026-03-27 05:43:32,Muslikah,terlalu lama terlalu mahal dan orangnya judes,grab,google_play
2026-03-27 05:40:46,Fitri Fitry,"sekarang kemana mana tinggal pesan grab, order makan juga lebih gampang,dan lebih murah",grab,google_play
2026-03-27 05:11:20,Muhammad Gilang,lagi order iklan lagi jalan iklan kurang duit lo?,grab,google_play
2026-03-27 05:05:45,irfan rodrigues,"makin hari makin kusut, harga makin murah tapi pelayanan driver jadi turun drastis, tidak lagi ada driver yang ramah sepertinya mereka kerja terpaksa bukan karena iklas mohon di sesuaikan lagi tarifnya agar pelayanan driver seperti sedia kala",grab,google_play
2026-03-26 23:50:46,RENO AULIA,gk ada pelayanan saat memesan makanan,grab,google_play
2026-03-26 21:12:37,fifi erawati,sangat2 membantu sekali disaat sdg mager mo beli makan di luar dan byk promo jg😍,grab,google_play
2026-03-26 20:41:57,Capung 1011,tidak ada solusi dari permasalahan dan keterlambatan 45 menit setelah itu di cancel dari pihak grab itu sendiri. sudah menunggu 1.45 menit,grab,google_play
2026-03-26 19:09:57,Syamsul Bahri,aplikasi Lama order grabfood nunggu lama akhirnya disuruh pindah metode pembayaran dari tunai ke non tunai... kalo memang mesti non tunai kenapa fitur tunai diaktifin.? bikin nunggu lama,grab,google_play
2026-03-26 18:25:02,Remiiko Yuji,"sebelum memesan di aplikasi ini bandingkan tarif atau harga dengan gojek. kadang ongkos terlihat murah tapi estimasi pengiriman 90 menit (kek gini mending masak sendiri) kadang harga makanan dinaikan jika rajin beli menu yg sama. (taunya darimana? dari aplikasi sebelah yg harganya ga naik) contoh cuanky dari 28rb jadi 45rb. inalillahi keselnya lagi, buat batalin pesenan yg udh jelas2 belum dibuat kaga bisa. padahal udh lewat waktu estimasi (disebelah kalo salah tinggal klik pembatalan). PARAH",grab,google_play
2026-03-26 17:03:10,anggoro budi santoso,bagus,grab,google_play
2026-03-26 16:35:52,m reyy cbr,coba tolong untuk driver jangan seenak nya meng cancel pesanan kita sebagai pemesan kadang terlalu lama menunggu hanya karena di cancel terus menerus,grab,google_play
2026-03-26 11:57:47,Infinixhot,terimakasih atas kesopanan nya,grab,google_play
2026-03-26 11:52:29,engene enhypen,"ku kasih bintang 1 soalnya bikin emosi, kita udah kelaparan ga ada kendaraan buat pergi beli sendiri tpi driver nya malah respon lama ditambah lagi ga bisa langsung di cancel. maksud saya tuh klo ga ada driver ya udah bilang dari awal jangan malah bikin orang nunggu bayangin aja kita udah kelaparan tapi malah disuruh nunggu tolong dong fitur cancel di perbarui jangan nunggu sejam dulu baru bisa di cancel",grab,google_play
2026-03-26 10:55:24,Gum Ghozym,TOP bnget,grab,google_play
2026-03-26 08:51:52,Obaja Triyadi,"sangat baik, cepat nyambung.",grab,google_play
2026-03-26 08:26:02,Cindy Siagian,pengemudi nya pada gak jelas udh di tunggu 10 menit malah di batalin,grab,google_play
2026-03-26 08:17:26,Elga Fajar Trilaksana,"habis di update malah muter"" doang ga bisa di pakai mana lagi buru"" . padahal jaringan baguus buat buka aplikasi laen juga normal",grab,google_play
2026-03-26 07:58:34,Ermohammad Yudianto,mantap,grab,google_play
2026-03-26 06:42:43,Maman Sulaeman,sangat mmbntu,grab,google_play
2026-03-26 06:35:20,Teguh Iman,gak bisa di pakek pesen makanan kok nggak bisa di klik pesan padahal sudah dimasukkan ke keranjang 😮‍💨😮‍💨😮‍💨,grab,google_play
2026-03-26 06:33:11,Penyu Darat,"plis jangan nk tiba-tiba minta update, orang nk cepat tiba-tiba apps minta update",grab,google_play
2026-03-26 06:28:40,Sury Windia,"pindah pakai aplikasi grab, pelayanan cepat gk kayak gojek dah mulai jelek pelayanan nya,saya kasih bintang 5 untuk grab",grab,google_play
2026-03-26 05:39:46,Mi Min,baik,grab,google_play
2026-03-26 05:39:25,Supin Paimo,layanan memuaskan,grab,google_play
2026-03-26 05:27:57,Ilham Fajar Maulana,"sekarang pengemudi banyak alesan, engga mau ambil orderan",grab,google_play
2026-03-26 03:18:01,Marten Tualaka11,"Layanan transportasi GrabCar sangat membantu dalam mobilitas sehari-hari dengan proses pemesanan yang cepat, driver yang responsif, serta perjalanan yang relatif aman dan nyaman. Sedangkan GrabFood memudahkan saya dalam memesan makanan tanpa harus keluar rumah. Pilihan restoran beragam, proses pemesanan praktis, dan pengantaran umumnya tepat waktu. Secara keseluruhan, aplikasi ini sangat mendukung kebutuhan masyarakat modern yang menginginkan layanan cepat, efisien, dan mudah diakses. Sukses🙏",grab,google_play
2026-03-26 02:18:36,Alvano Ryandratama,"kenapa sih gabisa ngechat tokonya, padahal dulu bisa loh, malah dihapus tu gimana, jadi susah kalau mau apa-apa.",grab,google_play
2026-03-26 01:37:41,hadi Imam,"sangat disayangkan, pesan mobil dari kabupaten bogor menuju tasikmalaya...tak satupun ada yg mau menerimanya. entah belum tersedia atau drivermya engga mau orderan... apakah grab tidak melayani antar kota dan antar provinsi...?",grab,google_play
2026-03-26 01:29:58,bukit tengkorak,Membantu bngd,grab,google_play
2026-03-26 01:23:28,Farian David,good,grab,google_play
2026-03-26 01:15:19,Siti Zaenuroh,semangat trus grab untuk melayani konsumen,grab,google_play
2026-03-26 00:58:19,Hikman Nurhakim,mantabs,grab,google_play
2026-03-26 00:21:22,niha zaskia dewi03,tidak bisa membatalkan pesanan aplikasi aneh ini sistem ndak jelas banget,grab,google_play
2026-03-26 00:19:49,Lita Khoerunisa,sumpah ya lama banget ambil nya driver nya padahal banyak plis deh apa lagi jam jam rawan kaya gini pasti pengen banget beli makanan tapi driver nya lama banget konfir nya,grab,google_play
2026-03-26 00:17:09,Farhatun Nidail Iftitah,perbaiki deh aplikasi nya udh nunggu 2 jam pesanan grab food tp gak bisa di cancel,grab,google_play
2026-03-26 00:12:20,Nasifa Khoirun nisak,"drivernya kurang cepat..masa udah nunggu stngh/sejam an blum dapet juga,ga cocok buat yang keburu'",grab,google_play
2026-03-25 23:44:34,Talita Hasna Hanania,susah dapat driiver di grabfood nya.,grab,google_play
2026-03-25 23:30:35,nassanasjalpa,"driver lo noh kaga profesional, kl ga niat ngambil gosa d ambil kocak",grab,google_play
2026-03-25 23:18:09,Alan Gameplays,SAYA PELANGGAN SETIA GRAB...TERIMA KASIH GRAB.....AYO BURUAN DI DOWNLOAD APLIKASI GRAB INI DI JAMIN GAK MENYESAL...SEKIAN DULU DARI SAYA👍👍🙏🙏🙏,grab,google_play
2026-03-25 23:07:41,Juwita Mese,banyak promo,grab,google_play
2026-03-25 22:58:45,Peni Aristyani,masalah navigasi tolong diperbaiki,grab,google_play
2026-03-25 22:50:56,Dion52,driver makin sombong gaada yg mau ambil grabfood lagi yaa sekarang,grab,google_play
2026-03-25 22:49:43,Rina Rihana,baik,grab,google_play
2026-03-25 22:47:21,Aidil Alvino,"halo grab , saya mau menyampaikan sedikit kekesalan saya ketika memesan itu kenapa waktu pembatalannya sangat lama dan itu sangat membuang waktu saya , saran saya lebih dipercepat waktu pembatalan pemesanannya karena orang yang mesan juga punya waktu sekian terima kasih",grab,google_play
2026-03-25 22:40:33,Nina Firyani,Kasih bintang ⭐⭐⭐⭐⭐ untuk grab nya,grab,google_play
2026-03-25 22:13:22,Starlet,hemat om,grab,google_play
2026-03-25 22:09:25,Trishna,"kecewa dengan oknum driver nya hanya karena bawa tas koper di minta in tambahan biaya di luar total yang ada di aplikasi, mending pindah aplikasi sebelah",grab,google_play
2026-03-25 22:02:13,NasyaDwiPutri,loplop bgt😖,grab,google_play
2026-03-25 21:41:21,Nabil Nayhif yudistira,mantap,grab,google_play
2026-03-25 21:38:45,Aigoo Kamjagiya,good,grab,google_play
2026-03-25 21:21:09,Abi Abdillah,"ASLIII SUPERRR DUPERRRRR BUAT APK YANG SATU INI ⭐⭐⭐⭐⭐ jujur aplikasi ini sangat membantu dan sangat fleksibel, buat pelajar, pekerja kantoran, acara mendadak, intinya solutif!!",grab,google_play
2026-03-25 21:17:12,Agus Sugianto,Bagus Aplikasinya,grab,google_play
2026-03-25 21:15:02,Naia Khairunisa,"mempermudah kita kalo males masak, tinggal grav aj",grab,google_play
2026-03-25 21:11:00,Bagus pratama,bagus,grab,google_play
2026-03-25 21:10:59,Achie,sekarang aplikasi ini tidak empati kpd pengguna,grab,google_play
2026-03-25 21:06:55,Bay Satriani,ok,grab,google_play
2026-03-25 21:05:16,deviandriani37,sekarang kenapa klo pesen makan lama banget waktunya;(,grab,google_play
2026-03-25 21:02:55,Muhammad Yunus,gak bisa batalkan pesanan meskipun salah pesan,grab,google_play
2026-03-25 20:52:55,Rull Ziuoo,pengemudi/driver banyak di sekitar. tapi tidak mau ambil pesanan. pilih². dinaikan ke harga tertinggi baru di pick up. kalo pake promo diabaikan..standart kan saja ga usah promo2 ato ada selisih harga yang penting driver gercep. dan tolong kasih plat skarangdiarea yg dekat biar bisa direport yang tidak mau ambil pesanan. ketinggalan kereta aku cuman gara2 ga ada yang ambil. sudah dipercayakan pake grab kemana2 tapi disaat urgent ada aja kendala nya dari human error.,grab,google_play
2026-03-25 20:47:55,Tatik Herawati,"jelek bgt apk ny, driverny suka cancel tbtb pdhl sy SDH lama bgt nungguin grabfood sy.",grab,google_play
2026-03-25 20:47:39,Miftakhur Rokhman,ok sip,grab,google_play
2026-03-25 20:27:31,Agus Wibowo,penjemputan cepat,grab,google_play
2026-03-25 20:19:40,husen riziq,"Pesen ke resto yg namanya Kedai RDR Food & Drink - Blimbing (jombang) pesanan udah masuk satu jam setengah lalu pihak resto tiba tiba ngebatalin, bayangin SATU JAM SETENGAH BROO, komplain ke aplikasi ke grab ya gaada gunanya yg bales robot, emang sialan YAA, yaudahlah komplain disini kita kasih rating aplikasinya, Baru kali ini dibikin begitu kecewa sama ini aplikasi, gapake lama saldo di Ovo lgsg sy tarik, dan uninstal GRAB, Thanks grab atas pengalamannya !!!",grab,google_play
2026-03-25 20:18:25,Maryati Ozil,pelayanan maksimal,grab,google_play
2026-03-25 20:11:45,Fazrin hmd_,ok,grab,google_play
2026-03-25 20:11:38,Satrio Pangestu,2 jam gak dapet mitra grabfood. gak bisa di cancel. parah parah,grab,google_play
2026-03-25 20:08:05,Jmmy Pare,mantap,grab,google_play
2026-03-25 20:04:28,Yolanda Kudiai,terbaik,grab,google_play
2026-03-25 20:04:13,Habibah Hisaniii,"opsi pembatalan di grab food lama banget munculnya, ditungguin berpuluh-puluh menit sampe sejam baru dibatalin sistem, sekiranya udah 10 menit ga dapet driver langsung munculin dong, mau pesen di app lain jadinya takut yg disini juga nyantol driver dan berujung double order. Tiap detik itu berharga!",grab,google_play
2026-03-25 19:56:35,Aku ini Siapa,"drivernya banyak yg se enak jidat, tambah nunggu sering lama, najissss banget kebanyak pilih pilih Ama cancel",grab,google_play
2026-03-25 19:54:49,Yohanes Arry,"saat ini saya kasih bintang satu, kalau boleh malah gak ada bintangnya, saya pesan makan dr jam 17.45 sampe jam 19.20 di batalkan karena gak dapat pengemudi, yg saya sesalkan saya di sini yg di rugikan kenapa gak dapat konpensasi dr grab malah setelah pesan lagi ongkos semakin mahal. kecewa sama pelayamannya..",grab,google_play
2026-03-25 19:46:47,Ayla Afirin,"yaampun aplikasi tolong yaa di upgrade lagi, saya pesen gofood dari jam 4 sampai jam 8 ga dapet"" driver saya paham di masa ini sulit mendapat driver atau sedang Krisis driver tapi apa salah nya jika di kasih tombol pembatalan mandiri? jika gaada tombol itu buang"" waktu customer dong yaa, harus nunggu agar di batalkan dari pihak resto nya. saya kira dengan saya ga bisa membatalkan pesenan saya makanan nya sudah terlanjur jadi, ternyata begitu mendapat driver harus nunggu pula makanan nyabelum jdi",grab,google_play
2026-03-25 19:45:04,Anisa Putri Oktavia,pesanan sampai bermenit2 ga ada yang ambil,grab,google_play
2026-03-25 19:44:43,Besti Besti,"performa grab makin jelek. Susan dapat driver (bike, car, ataupun food) bener bener sesusah itu padahal di Jakarta. gws deh grab",grab,google_play
2026-03-25 19:37:50,Baru Yhaa,Bagus²,grab,google_play
2026-03-25 19:35:18,muhamad ramadhan,susah cari drivernya jelek appsnya,grab,google_play
2026-03-25 19:29:14,Renggalang0306,klo emang gk bisa ngasih yg hemat gk ush di kasih sekalian. saya ambil yg hemat karna ada pilihannya klo emang gk mau nyediain gk ush di padang sekalian. respon mitra kalian gk ada sopan santunnya sama sekali minta di jemput di mana malah nyuruh tempat lain yg jauh kadang kok gk ngotak. mana bikin laporan ke grabnya juga susah kan kek apaan bgt gk mitranya gk apknya sama aja,grab,google_play
2026-03-25 19:28:52,snow miracles,kalau pesen grab food sering bermasalah. pengantaran prioritas tapi luama buangettt. nggak ada fitur ngechat toko atau batalin pesenan. bikin susah customer.,grab,google_play
2026-03-25 19:28:49,Fadly Siregar,bagus,grab,google_play
2026-03-25 19:28:32,helen nor,"pesan driver udah dapet, driver bilang otw dan di map udah otw juga, tapi ujung²nya cancel tengah jalan maksudnya apa ya?? saya ngga tau ini salah mitra atau sistemnya, mohon segera diperbaiki karena sangat merugikan",grab,google_play
2026-03-25 19:28:02,Puji Astutik0890,very good,grab,google_play
2026-03-25 19:22:27,Arin Nuraeni,"sama aja kayak gojek, banyak driver di sekitar tapi gada yang nyantol.",grab,google_play
2026-03-25 19:18:03,Wulandari Nurhalidah,bagus aplikasinya,grab,google_play
2026-03-25 19:17:57,Muhari 99,terbaik,grab,google_play
2026-03-25 19:01:58,sutrisno george,ok,grab,google_play
2026-03-25 19:01:34,Terapi Kretek Kertosono,"aplikasi jelek, orderan lama nyampe tapi gabisa dicancel, nyiksa driver dan customer",grab,google_play
2026-03-25 18:57:00,Ida 1980,sangat membantu,grab,google_play
2026-03-25 18:41:00,zerox official,grab emang kemaren lah waktu sma kelas 1 kelas 2 udah berasa iya kita misa sama grab kesayangan aku mana itu grab kesayangan aku ternyata problem di sekolah belom selesai,grab,google_play
2026-03-25 18:35:49,Ahmad Khan,puas banget dengan layanannya,grab,google_play
2026-03-25 18:27:51,Musthofa Kemal,terimakasih,grab,google_play
2026-03-25 18:17:44,Syahra Varaz,"apk sampah,pesen prioritas malah di lamain,buat temen2 kalau ada kendala bkn dari resto dan driver nya ya tapi dari aplikasi nya,pesen instant malah di bikin sameday,korupsi bgt bayar harga instant pelayanan sameday,pantes driver nya pada males ambil",grab,google_play
2026-03-25 18:10:13,Penyucian Jiwa,ok,grab,google_play
2026-03-25 18:09:42,Nathalie Triwulan maulani,pelayanan ramah,grab,google_play
2026-03-25 18:04:30,Hera Utami,grab siap siaga,grab,google_play
2026-03-25 18:04:02,Wahyu anggara,antar makanan kayak mau ke Bagdad datang nya lama banget,grab,google_play
2026-03-25 18:00:54,Tila Wati,sangat membantu sekali,grab,google_play
2026-03-25 17:50:55,Muhammad Fikri,nyaman,grab,google_play
2026-03-25 17:35:27,Soni Pramuja,sangat menyenangkan dan lebih nyaman,grab,google_play
2026-03-25 17:22:15,Dasmanta Putra,Good,grab,google_play
2026-03-25 16:59:45,naufal Ramadhan,pelayanan baik,grab,google_play
2026-03-25 16:51:53,Bambang Sugiri,lumayan,grab,google_play
2026-03-25 16:50:44,suani laia,orang nya baik,grab,google_play
2026-03-25 16:37:24,Adyureell Ureell,goodjob,grab,google_play
2026-03-25 16:33:05,Linda Arlie,stupid,grab,google_play
2026-03-25 16:26:47,Septo Andiman,pelayanan bagus,grab,google_play
2026-03-25 16:21:17,Wahyu Pratama,terima kasih.sangat membantu sekali,grab,google_play
2026-03-25 16:11:43,Saskia Nadine,puas,grab,google_play
2026-03-25 16:11:20,Yudi Alb,ok,grab,google_play
2026-03-25 16:03:23,Eri Nugraha,alhamdulilah dpt oengenudi yg komunikatif shg rsa capek sedikit terobati.biartdk bosan,grab,google_play
2026-03-25 15:57:04,Tegar Agustin,"kenapa grabfood gabisa batalin pesanan sii,tolong dong ada fitur pembatalan .",grab,google_play
2026-03-25 15:54:09,Deri Iskandar,"grab sekarang pada mahal"" di akhir bulan gini bukan nya membantu tp bikin nyekik. emang praktis tp harga nya duh kusus grab food ya.",grab,google_play
2026-03-25 15:51:09,HAIDAR,"This is a very helpful app when you're too lazy to buy food or drinks 😁 and it makes it very easy to travel anywhere. Thank you Grab for making my daily life easier, BEST ONLINE APP DELIVERY IN SOUTHEAST ASIA👌From INDONESIA🇮🇩",grab,google_play
2026-03-25 15:47:49,Septi Nuraeni,"aduh gimana nih grab ga ada tanggung jawabnya, orang udh nungguin dari setengah jam. ga dateng² trs tiba tiba di batalin",grab,google_play
2026-03-25 15:34:51,gnciaa nauraa,langganan banget kalo kemana-mana naik grab😍🫰🏻,grab,google_play
2026-03-25 15:16:24,mubarok ws,bagus,grab,google_play
2026-03-25 15:01:48,Jajang Kusnadi,sesuai harapan saya,grab,google_play
2026-03-25 14:45:23,Ali Gobang,sekarang payah grab driver nya pada ga doyan duit,grab,google_play
2026-03-25 14:44:06,Ila Susilawati,"Abang ny ramah,bayarnya sesuai aplikasinya dan tepat wkt juga nyaman diperjalanny.",grab,google_play
2026-03-25 14:23:25,Faqih Azizi,gak jelas,grab,google_play
2026-03-25 14:21:54,Riweuh Tea,Aplikasi paling banyak dan sering ngirim notifikasi...😂,grab,google_play
2026-03-25 14:19:05,Norma Diani,"lama mencari driver, sudah menunggu sejam. Tapi kenapa mau dibatalkan malah tidak bisa. malah menunggu ga jelas lama. minimal sediakan tombol batal kalau ga ada driver.",grab,google_play
2026-03-25 14:18:31,Azim Wibowow,mantap,grab,google_play
2026-03-25 14:15:51,AdangCikande62,"bagus. ramah""",grab,google_play
2026-03-25 14:15:31,Lili,kdg prioritas sma aja kaya standar drivernya lama,grab,google_play
2026-03-25 14:02:26,Opa Opa,"pesanan gagal terus dari jam 11 sampai jam 1,coba beberapa kali sama aja, padahal g ada angin g ada hujan, akhirnya jadi beli mie instan..orang lapar di kasi cobaan,app T+@!",grab,google_play
2026-03-25 13:53:48,M.sultan rizky hamdan,apk ga jelas mau verifikasi selfie gabisa bisa,grab,google_play
2026-03-25 13:53:12,Firshilla First,MasyaAllah👍🙏,grab,google_play
2026-03-25 13:47:22,Muhammad Raffi Mi'raj,Terima kasih,grab,google_play
2026-03-25 13:32:09,Jamiin Cheloep,sangat membantu,grab,google_play
2026-03-25 13:21:52,Tiyah Iyah,oke,grab,google_play
2026-03-25 13:11:05,Talita Zalfa Lasyena,"apaan bgt dah, ni penahanan dana nya LAMAA. gbsa langsung dibalikin aja? orang mah dh pasti mau pesen yg lain juga kl satunya gabisa, benci bgt dah padahal sebelumnya gapernah selama ini penahanan dana nya. apalagi kalo org lagi beli makan, dh pasti org lagi laper malah mesti nungguin penahanan dana dulu",grab,google_play
2026-03-25 13:07:23,M Araaf Beddu,grab sekarang tidak seperti grab dlu yg cepat tanpa menunggu terlalu lama sekarang bukan driver nya yg lama datang tapi apliaksi nya terlalu lama mencari pemgudi karna mencari orderan gabungan baru diberikan driver lebih baik hilangkan saja itu hemat di apliaksi pembayaran dari pada terlalu lama dapat pemgemudi. ingat semakin banyak saingan bos,grab,google_play
2026-03-25 13:00:52,Bima Nendra,"gjls, setiap mesen grabcar driver g ramah, GrabFood ny jgak hrganya ga ngotak, kebanyakan driver terlalu menyepelekan, masak dri dulu gada perubahan",grab,google_play
2026-03-25 12:57:06,Alves DanielVeus,"aplikasi nyaa baguss sihh cuman tolong dong min,saya pernah ribut sama driver ojol nya gegara masalah pindah transfer dari gopay ke ovo,and minimal tambahin kek qris ke semua e wallet apaa,Gedeg banget udah mah ya gaptek ojolnya ga ngerti lagi hadehh ya baguss ih driver nya pada ramah+gercep,and semoga aja via pembayaran nya tuh di perluas lagii Jan ovo doang min thanks...semoga di notice",grab,google_play
2026-03-25 12:41:28,irwan alrahman,ok,grab,google_play
2026-03-25 12:14:47,Grunge Chield,BAGUS Buat pergi ke mana²,grab,google_play
2026-03-25 12:05:20,Muhammadipung Ipung,bbagus,grab,google_play
2026-03-25 11:48:52,Nuryati,top markotop,grab,google_play
2026-03-25 11:39:31,Nur Fitriyah,bgus,grab,google_play
2026-03-25 11:35:56,Hafiz Fadhlan,mantap,grab,google_play
2026-03-25 11:28:35,Pra Yo,"mantap Cepet Dapet Ojol, Temen disamping aku udah mesen lama Di gojek ga dapet dapet ojol, aku baru mencet pesen ojol langsung Dapet😆manteplah",grab,google_play
2026-03-25 10:48:18,Bapa Agus,sangat nyaman dan baik pengemudi ny sabar,grab,google_play
2026-03-25 10:26:27,ros dianti,"perbaiki penanganan keluhan dan permintaan tolong konsumen dengan segera itu guna live agent atau costume servis manusia kami kami konsumen manusia bukan robot, jika dari tim aplikasi saja sudah makin kacau gimana para driver tidak mau bertindak seenaknya terhadap kenyamanan konsumen, semakin brutal , merugikan n mencemarkan nama baik konsumen",grab,google_play
2026-03-25 10:19:19,Wahyu Qzou,bagus cepat,grab,google_play
2026-03-25 10:17:49,Ramdhan Bella,ramah,grab,google_play
2026-03-25 10:15:36,Devan 224,ok,grab,google_play
2026-03-25 10:09:06,wawan aja,cepat,grab,google_play
2026-03-25 10:07:37,Faris Java,mantap,grab,google_play
2026-03-25 09:49:36,Irwangazali Irwan,pelayanan nya bagus,grab,google_play
2026-03-25 09:47:25,Nina Prianti,driver suka ngomel2 kalau lagi bawa kaka yang pakai kursi roda. driver tidak ramah,grab,google_play
2026-03-25 09:46:17,rosyita ysw,sopan sekali....trimakasih,grab,google_play
2026-03-25 09:44:11,bila jeno,driver minta cancel terus ..padahal bukan hemat,grab,google_play
2026-03-25 09:38:36,Nuri Achmad,"sangat terbantu dengan adanya grab, hadir dengan nuansa berbeda.. Terimakasih untuk selalu membersamai kami di setiap momen 🥰🙏❤️",grab,google_play
2026-03-25 09:21:37,Angel Mayor,kebanyakan resto tutup di aplikasi buka,grab,google_play
2026-03-25 09:19:48,Syahril Cilegon,baik,grab,google_play
2026-03-25 09:19:28,Asu Com,bagus,grab,google_play
2026-03-25 09:00:29,Suti Sutiwan,pelayanan mantaaap,grab,google_play
2026-03-25 08:55:04,Meli Herowati,"pelayanan cepat bagus, semakin diperbanyak promo2 nya",grab,google_play
2026-03-25 08:50:56,Gintoki Cloud,jadi makin mudah,grab,google_play
2026-03-25 07:30:38,Wanto To,ok,grab,google_play
2026-03-25 07:08:42,Muhammad Fakhrudin,baik,grab,google_play
2026-03-25 06:44:56,Irwan Subrata,saya setiap mau pakai harus di instal ulang. ???,grab,google_play
2026-03-25 06:34:04,Gabemarsaulina Sihombing,tolong di percepat pencarian kurir nya soalnya saya mau pergi krja jadi telat,grab,google_play
2026-03-25 06:25:00,bem by,"capat sih, untuk pengalaman pertama pesan lewat grab, biasanya pake yg di toko sebelah, tapi 20 menit gak sampai sampai, eh download grab, ahirnya 3 menit datang ojolnya, tq grab.",grab,google_play
2026-03-25 06:00:09,Yayan Sopiyan,ok,grab,google_play
2026-03-25 04:55:19,Hanun Bassamah,terima kasih banyak bang🙏🏻🙏🏻,grab,google_play
2026-03-25 04:26:11,Laila Khanza,aplikasi unfaedah memasukkan alamat secara otomatis gak bisa sudah laporan ke customer service gak ada tanggapan apa perlu laporan ke Yang Maha Kuasa dulu,grab,google_play
2026-03-25 04:20:33,Mustopa,driver sopan dan jarak yang di tempuh sangat cepat,grab,google_play
2026-03-25 03:39:58,Man Maman,sangat puas,grab,google_play
2026-03-25 01:32:53,DIVA NABILAH,"pesem grabfood lama bgt ga dapet driver sampai 2 jam, mau dibatalin juga ngga bisa. berikan opsi batalkan pesanan dong kan jadi rugi waktu.",grab,google_play
2026-03-25 01:26:32,Muhamad Ilyas,Semoga kedepanya Grab dapat lebih maju dan dapan mensejahtrakan para draver nya 👍👍,grab,google_play
2026-03-25 01:19:21,Siapa Yo,apalah apk ppk udh lama nunggu ga bisa cancel,grab,google_play
2026-03-25 00:50:27,Bandung Jabar,sangat puwas,grab,google_play
2026-03-25 00:47:13,nopi putri,"pdhal pakai grab udh dr lama bngt, tp skrng2 aplikasi nya sering nge bug, stay di logo mau masuk harus bbrpa kali dulu sampe dipaksa baru bisa aneh. tolong perbaiki",grab,google_play
2026-03-25 00:42:24,Kadek Dirgahayu restu,very expensive,grab,google_play
2026-03-25 00:26:36,Morvin Jp420,mantapp,grab,google_play
2026-03-25 00:23:44,Ali Rizko,nyaman,grab,google_play
2026-03-24 23:14:57,Aang Angriani,yaman,grab,google_play
2026-03-24 23:12:30,Meicca Aurel,GRAB KENAPA SIH GAK ADA NOTIFIKASI PADAHAL GAK DI SILENT LOHHH KAN JADI MISKOM PAS PESEN GRAB IHHHHHHH,grab,google_play
2026-03-24 22:54:54,babymetal bmth,"gabisa di cancel klo kurir ga dpt dpt, keburu kaga makan gua",grab,google_play
2026-03-24 22:36:37,Andriyudha Purba,"Akhir"" ini waktu pengantaran Grab Food selalu mundur namun tetap status pengantaran ""Tepat Waktu"". Saya akan coba untuk 1 minggu lagi, tingkatkan pelayanan atau uninstall",grab,google_play
2026-03-24 22:36:23,Den achid Nursery,perjalanan lebih mudah juga aman,grab,google_play
2026-03-24 22:20:07,Sitirodiah,sangat membantu,grab,google_play
2026-03-24 22:08:41,Akun Marvel snap,"pesanan bisa di cancel kalau toko tutup, padahak sudah ada tulisan batas pemesanan jam sekian. fingsi batas pemesanan untuk apa? minimal di kasi diskon atau promo kalau pesanan kita dibatalkan",grab,google_play
2026-03-24 21:59:04,Regina Octovi,respon cepat dan sangat baik ketika ada kendala sangat amat dihargai 👍,grab,google_play
2026-03-24 21:51:09,Paniah Paniah,bagus,grab,google_play
2026-03-24 21:49:24,DIAN EKA PUTRI,Thank's ☺️🙏🏻,grab,google_play
2026-03-24 21:44:43,Virania Putri,kalo grabfood pake promo lama banget dapet drivernya,grab,google_play
2026-03-24 21:44:07,Ayu Saraswati,"apl ini kek penipu, selalu dtg makanan yg slh, chat drive nya yg disalahin malah restonya, nama ku sama yg dikasi aja berbeda, bisa mintol buat adain evaluaso buat grab²nya disana, kalo mau ambil cust yg bnyk minimal liat nama dan tanya nama, ga iklas sampai saat ini BAYAR MAHAL SOALNYA ga ada kata MAAFFFF",grab,google_play
2026-03-24 21:42:14,Al Nassr,"kalo beli grab food pake promo susah banget dpt drivernya, dan selalu mundur waktunya. gak jelas.. apa karena saya pakai promo!",grab,google_play
2026-03-24 21:37:58,Balqis Khairunisa dhesta putri,"kesel nunggu 1 jam udh mau 2 jam gak dapet driver, mau di cancel juga gak bisa, aneh",grab,google_play
2026-03-24 21:33:42,Hana KART,"5 tahun berlangganan dibikin kecewa kalau lagi grabfood. masa harus nunggu sejam lebih itu pun dapurnya yg cancel otomatis karena gak dapat driver. harusnya perbaiki fitur! kalau misal gak ada driver, maksimal 10 menit lah bisa dicancel. ini nunggu 1 jam lebih loh. duh kecewa polll. padahal dah pakai jasa grab 5 tahun lebih.",grab,google_play
2026-03-24 21:17:53,Budi aji Wibowo,gak jelas,grab,google_play
2026-03-24 21:07:59,Kahfi Alghifari,cepat 👍,grab,google_play
2026-03-24 20:31:47,Bandori Myuujikku,"aplikasi tolol, login make nomor hp sendiri aja dipersulit 😂",grab,google_play
2026-03-24 20:24:36,sysca sysca,bagus,grab,google_play
2026-03-24 20:18:34,Burhanudin Burhan,keren,grab,google_play
2026-03-24 20:17:16,Syafa Putry,"bagus sih, tapi sering ga dapat pengemudi lama banget nunggunya 2 setengah jam baru dapat pengemudi buat antar pesanan tapi gpp lah 🫰🏻",grab,google_play
2026-03-24 20:06:07,ncek saja,Lemot,grab,google_play
2026-03-24 20:03:24,Vinn Algi,aplikasi t0lol daftar ga bisa cari driver susah aplikasi suka eror tolong diperbaiki dong ini ga becus amat bikin aplikasi,grab,google_play
2026-03-24 19:42:31,Ira Hadirah,gercep,grab,google_play
2026-03-24 19:42:24,Heber Panca Pagewang,sangat membantu,grab,google_play
2026-03-24 19:39:38,Ita Purnama,bagus tetap waktu,grab,google_play
2026-03-24 19:28:25,didin aidin,untuk saat ini ok,grab,google_play
2026-03-24 19:21:53,Faisal Arafah,driver malees,grab,google_play
2026-03-24 19:16:52,Ahmad Basuki,tolong blaklist dari daftar diplastore saya untuk aplikasi grab maupun sejenis sangat kurang baik,grab,google_play
2026-03-24 18:50:00,Anello Javas,mahal dan lemot,grab,google_play
2026-03-24 18:41:51,Holong M,"mohon maaf diturunin bintangnya, soalnya driver grabfood seenaknya cancel order makanan. khususnya daerah kota Lubuklinggau. perbaiki sistemnya biar driver ngx seenaknya. sampai kelaperan nunggu makanan Dateng.",grab,google_play
2026-03-24 18:40:53,Joko Purwanto,sangat ok,grab,google_play
2026-03-24 18:39:22,rika rohmah,kenapa update terus ya,grab,google_play
2026-03-24 18:28:20,Muhammad Zainal Arifin,aplikasi terkadang lemot loading lama tolong diperbaiki,grab,google_play
2026-03-24 18:15:02,Taofik Hidayat,ok,grab,google_play
2026-03-24 18:00:01,Mikhayla Emerald,bagus ramah,grab,google_play
2026-03-24 17:52:39,abidin_ ma,Mantap 👍 sangat membantu,grab,google_play
2026-03-24 17:26:39,Hendra Lukmana,sangat membantu,grab,google_play
2026-03-24 17:22:02,Eny Astuty,good job..driver super2 baik,grab,google_play
2026-03-24 17:07:57,Irfan,"PARAH , PENGGUNA BARU TAPI PROMO GABISA DI PAKE YG 15.000 MINIMAL BELI 30.000",grab,google_play
2026-03-24 17:06:11,Dede Koesnady Al-Idris,mempermudah perjalanan,grab,google_play
2026-03-24 17:04:17,Shanty Solihin,tetap semangat💪💪🙏🙏,grab,google_play
2026-03-24 16:59:48,Jaenudin Cahya Saputra,"diajarin lah driver mobil kalo berhenti pas di titik lokasi tujuan, jalan lagi mana 1km lagi",grab,google_play
2026-03-24 16:57:32,Atasmbun,ramah dan baik,grab,google_play
2026-03-24 16:52:09,Ali Sadikin,👍,grab,google_play
2026-03-24 16:50:15,Candraa Hermawan12,titik nya sering eror.,grab,google_play
2026-03-24 16:40:04,Farkhan Zen17,Saya ini jd pelanggan grab udh lama bgt tp kok lama-lama skrg makin mahal bgt ya pdhal tujuannya dekat tp tarifnya gak sesuai,grab,google_play
2026-03-24 16:30:05,Tania Citra,sangat bagus dan terpercaya,grab,google_play
2026-03-24 16:27:55,Sri ayu Astuti,sangat nyaman dan ramah,grab,google_play
2026-03-24 16:15:06,Nahum Wang,oke,grab,google_play
2026-03-24 15:53:36,Nanan,harga bersahabat,grab,google_play
2026-03-24 15:51:44,Sutikno Sutikno,pas di update ngelag bangettttttttttt!!!!!!!!!,grab,google_play
2026-03-24 15:51:17,Yerina Yuliska,susah banget nyari driver mentang mentang jalan rumah saya nggak aspal,grab,google_play
2026-03-24 15:37:32,Agasta Satrio,Sangat puas,grab,google_play
2026-03-24 15:36:26,Hermanto Hermanto,"Ngelag, aplikasi tolol, ngubah nomor hp aja ribet bener",grab,google_play
2026-03-24 15:36:02,Sinta Mersi,rekomendasi,grab,google_play
2026-03-24 15:27:18,Candra Saputra,suka dapat promo 👍,grab,google_play
2026-03-24 15:08:46,Abdul Jaelani,sangat memuaskan,grab,google_play
2026-03-24 14:45:07,Eki Desta,Memudahkan kami buat transfortasi dan bikin nyaman untuk semua kalangan good job 👍,grab,google_play
2026-03-24 14:37:08,tri hariyanto,FAST respon s,grab,google_play
2026-03-24 14:32:38,Isbandi Baban,pelayanan baik,grab,google_play
2026-03-24 14:30:20,Warungnasirizky Nasirizky,👍👍,grab,google_play
2026-03-24 14:18:31,Hýɲns,apaan gbs ngirim makanan ke tempat jauh pdhl cuma 4 kilo aja,grab,google_play
2026-03-24 14:07:08,Mas agus Santoso,pelayanan yang bagus,grab,google_play
2026-03-24 13:59:13,EmmaFernando99 EmmaFernando99,bagus,grab,google_play
2026-03-24 13:58:49,Xavier Felix,"gila benar aplikasi grab ini pesanan makanan bisa 1,5 jam maka cuma Arizona FC aja kalau gojek cuma 30 menit sudah sampai rumah kapok saya pake grab food nya",grab,google_play
2026-03-24 13:53:11,Sen Liang,sangat bagus,grab,google_play
2026-03-24 13:52:15,Daniel Alijunus Aritonang,good,grab,google_play
2026-03-24 13:46:46,Hafizh Alfarezi,terima kasih untuk greb dan dreverny pokoknya ok deh,grab,google_play
2026-03-24 13:22:47,nauval,baikk👍,grab,google_play
2026-03-24 13:18:56,Bangnisan Nisan,sangat baik,grab,google_play
2026-03-24 13:17:19,Imam Syaifudin,"tolong untuk jangkauan map diperluas lagi. hari ini saya naik Grab gara gara titik tujuan tidak tersedia, dan hanya berjarak tidak jauh dari titik yg tersedia, driver minta tambahan 14000, dari 26000 ke 40000. saya rasa tambahan segitu dengan jarak yg tidak jauh itu tidak sesuai, makanya tolong diperbaiki lagi jangkauan map nya, buruk banget playanan kyk gini. driver sebelumnya aja cuma minta tambah 2000, lha ini 14000, payah",grab,google_play
2026-03-24 13:16:38,ERWIN PROGRESIF OFFICIAL,"Dulu aplikasi sebelah, sekarang lebih banyak menggunakan layanan ini, pertahankan layanan ya?",grab,google_play
2026-03-24 13:04:42,Revan Aditya,baguss,grab,google_play
2026-03-24 12:58:22,Momon Lukman hakim,"berapa kali pesan tiba-tiba batal mulu, banyak yg pilih pilih tujuanya kalau murah dikit pada ga mau. mending di gojek langsung dapet.",grab,google_play
2026-03-24 12:54:54,Andi Blues,good,grab,google_play
2026-03-24 12:50:31,nuri,Rata rata pelayanan nya bagus.,grab,google_play
2026-03-24 12:48:36,Sukar liyansah Liyansah,sangat baik,grab,google_play
2026-03-24 12:47:20,Siti Suryanah,aplikasi bagus,grab,google_play
