date,username,content,clean_content,score,sentiment,brand,app_id,source
2026-04-06 15:55:40,Alya Nadhira,"dih gajelas dah gojek,masa gak bisa ganti pembayaran ke gopay, padahal saldo gopay cukup,gak ada limit juga, gak ada pemberitahuan apa2, eh malah gak bisa ganti pembayaran ke gopay, gak rispek wok padahal kan udah di tf in ke gopay, eh ujung2nya make cash shibal😒🤬😠😞😭 padahal udah update,udah nyoba segala cara buat benerin,eh gak bisa",dih gajelas dah gojek masa gak bisa ganti pembayaran ke gopay padahal saldo gopay cukup gak ada limit juga gak ada pemberitahuan apa2 eh malah gak bisa ganti pembayaran ke gopay gak rispek wok padahal kan udah di tf in ke gopay eh ujung2nya make cash shibal padahal udah update udah nyoba segala cara buat benerin eh gak bisa,3,neutral,gojek,com.gojek.app,google_play
2026-04-06 14:54:56,Clarissa An,"ngeselin tiba tiba saya pesen ojek jadi 2 kali padahal saya pesen satu untuk lokasi berbeda malah tiba tiba kepesen kedua kali dengan lokasi yg berbeda juga, ni kenapa si kalau banyak yg make suka error gitu malu malu in aja",ngeselin tiba tiba saya pesen ojek jadi 2 kali padahal saya pesen satu untuk lokasi berbeda malah tiba tiba kepesen kedua kali dengan lokasi yg berbeda juga ni kenapa si kalau banyak yg make suka error gitu malu malu in aja,3,neutral,gojek,com.gojek.app,google_play
2026-04-06 14:37:12,Ika,terima kasih atas pelayanannya,terima kasih atas pelayanannya,3,neutral,gojek,com.gojek.app,google_play
2026-04-06 14:09:10,Hana Tiwi,"woy gojek jgn terlalu byk potongan buat driver, yg susah customer!!! skg susah buat dpt in driver",woy gojek jgn terlalu byk potongan buat driver yg susah customer skg susah buat dpt in driver,3,neutral,gojek,com.gojek.app,google_play
2026-04-06 14:05:13,wasgembok,Driver tepat waktu,driver tepat waktu,3,neutral,gojek,com.gojek.app,google_play
2026-04-06 13:52:40,Salman Faris,bagus bagus bagus,bagus bagus bagus,3,neutral,gojek,com.gojek.app,google_play
2026-04-06 13:49:12,Matteo Uccheddu,sangat membantu terutama untuk orang mageran seperti saya 😂,sangat membantu terutama untuk orang mageran seperti saya,3,neutral,gojek,com.gojek.app,google_play
2026-04-06 13:42:06,Ahmad Saidi,sikap dan pelayan baik,sikap dan pelayan baik,3,neutral,gojek,com.gojek.app,google_play
2026-04-06 13:31:17,Secret,"ngelag banget njim, aku pakai grab aja lancar",ngelag banget njim aku pakai grab aja lancar,3,neutral,gojek,com.gojek.app,google_play
2026-04-06 12:50:13,Prawira Dijaya,kecewa sama aplikasi ini.. 1 jam gak dapet2 driver. padahal di medan kota. tolong lah perbaiki kinerjanya.... jangan sampe pelanggan pada lari ke aplikasi sebelah !!!!!!,kecewa sama aplikasi ini 1 jam gak dapet2 driver padahal di medan kota tolong lah perbaiki kinerjanya jangan sampe pelanggan pada lari ke aplikasi sebelah,3,neutral,gojek,com.gojek.app,google_play
2026-04-06 12:49:28,Dedeh Komala,tepat waktu is the best,tepat waktu is the best,3,neutral,gojek,com.gojek.app,google_play
2026-04-06 12:48:33,Skyzo Deep,aplikasi sering error,aplikasi sering error,3,neutral,gojek,com.gojek.app,google_play
2026-04-06 12:43:33,BKL FF,lama nyari driver nya,lama nyari driver nya,3,neutral,gojek,com.gojek.app,google_play
2026-04-06 12:19:13,Ari Ando,"disc promo digofood tidak ada, gojek plus tidak ada.. pesen makanan jadi mahal banget.. sedangkan di aplikasi teman saya ada disc makanan",disc promo digofood tidak ada gojek plus tidak ada pesen makanan jadi mahal banget sedangkan di aplikasi teman saya ada disc makanan,3,neutral,gojek,com.gojek.app,google_play
2026-04-06 12:13:43,Pikia Wati,"tolong fitur telp nya di perbaiki, buat angkat telp susah matiin susah, suara jadi gak jelas. jadi kita susah komunikasi sama driver",tolong fitur telp nya di perbaiki buat angkat telp susah matiin susah suara jadi gak jelas jadi kita susah komunikasi sama driver,3,neutral,gojek,com.gojek.app,google_play
2026-04-06 12:09:16,Sayuti Mar,sangat membantu perjalanan aman nyaman 👍,sangat membantu perjalanan aman nyaman,3,neutral,gojek,com.gojek.app,google_play
2026-04-06 12:08:42,Farsyah Mail,aplikasi nya mantap,aplikasi nya mantap,3,neutral,gojek,com.gojek.app,google_play
2026-04-06 12:05:31,DRS Sunardi sunardi,mantul tul tul....,mantul tul tul,3,neutral,gojek,com.gojek.app,google_play
2026-04-06 11:45:47,Rodli Dio,"sampah ,gofood Udah disuruh konfirmasi rumah dan orang nya yg mana,fitur chat fungsi nya apa kalo didiemin?disuruh minta foto buat konfirmasi apa susah nya sih ,Duit ga dibalikin juga main antar ke orang yg salah",sampah gofood udah disuruh konfirmasi rumah dan orang nya yg mana fitur chat fungsi nya apa kalo didiemin disuruh minta foto buat konfirmasi apa susah nya sih duit ga dibalikin juga main antar ke orang yg salah,3,neutral,gojek,com.gojek.app,google_play
2026-04-06 11:43:33,Cazz,"paling gak suka kalau udah bayar mahal untuk pesanan makanan express, kan niatnya agar datangnya cepat ya, tapi driver selalu saja lama untuk mengambil makanan. Akhirnya, jadi sama aja kayak reguler tapi lebih mahal saja. Menyebalkan sekali.",paling gak suka kalau udah bayar mahal untuk pesanan makanan express kan niatnya agar datangnya cepat ya tapi driver selalu saja lama untuk mengambil makanan akhirnya jadi sama aja kayak reguler tapi lebih mahal saja menyebalkan sekali,3,neutral,gojek,com.gojek.app,google_play
2026-04-06 11:27:24,Ray Rizaldi amanda,susah dpet driver,susah dpet driver,3,neutral,gojek,com.gojek.app,google_play
2026-04-06 11:25:44,Murti Itnisia,memuaskan. mohon diperbanyak.promonya untuk yang menggunakan pembayaran cash,memuaskan mohon diperbanyak promonya untuk yang menggunakan pembayaran cash,3,neutral,gojek,com.gojek.app,google_play
2026-04-06 11:23:44,Tiara Maniezz,"aplikasi go invest,terjadi kendala di penjualan. tolong di bantu yaa admin",aplikasi go invest terjadi kendala di penjualan tolong di bantu yaa admin,3,neutral,gojek,com.gojek.app,google_play
2026-04-06 11:00:55,Wiedya Wiedya,"nyari driver kaya nunggu jodoh dateng lamaaaaaaaa pdhl yg dkt byk, gojeg skr beda sk yg dulu kasian driver & custumer alhasil uninstal aplikaai n pindah k apj lain baayyy👎",nyari driver kaya nunggu jodoh dateng lamaaaaaaaa pdhl yg dkt byk gojeg skr beda sk yg dulu kasian driver custumer alhasil uninstal aplikaai n pindah k apj lain baayyy,3,neutral,gojek,com.gojek.app,google_play
2026-04-06 10:53:50,Udin Cantuk,bagus banget jadi gk pusing lgi berpegian dengen aplikasi gojek,bagus banget jadi gk pusing lgi berpegian dengen aplikasi gojek,3,neutral,gojek,com.gojek.app,google_play
2026-04-06 10:50:57,Jaslin Salifah,driver selalu ramah dan asafeti,driver selalu ramah dan asafeti,3,neutral,gojek,com.gojek.app,google_play
2026-04-06 10:45:06,Rifky Aldi,"kocak jir posisi driver ada yang dekat, tapi malah di dapetin yang jaraknya jauh bukan sekali dua kali",kocak jir posisi driver ada yang dekat tapi malah di dapetin yang jaraknya jauh bukan sekali dua kali,3,neutral,gojek,com.gojek.app,google_play
2026-04-06 09:53:36,Elle,Sangat membantu mempermudah hidup. ❤️,sangat membantu mempermudah hidup,3,neutral,gojek,com.gojek.app,google_play
2026-04-06 09:43:17,Nanang shaw lin,"gojek aplikasi parah mau pesen tiket KAI engga bisa terus, mau di batalain sama aja engga bisa, sedangkan uang nya sudh masuk kacauuuuuuuu",gojek aplikasi parah mau pesen tiket kai engga bisa terus mau di batalain sama aja engga bisa sedangkan uang nya sudh masuk kacauuuuuuuu,3,neutral,gojek,com.gojek.app,google_play
2026-04-06 09:41:00,Zapscape,IKLANNYA SANGAT MENGGANGGU 🙏🏻,iklannya sangat mengganggu,3,neutral,gojek,com.gojek.app,google_play
2026-04-06 09:36:09,Muhammad Yusuf Anwar Pane,membantu di saat anu😊,membantu di saat anu,3,neutral,gojek,com.gojek.app,google_play
2026-04-06 09:28:32,advenia abel,driver nya baik semua,driver nya baik semua,3,neutral,gojek,com.gojek.app,google_play
2026-04-06 09:24:43,Andry Kurniawan,Pengemudi Gojek Di Purwokerto Banyumas Drivernya Kurang Banyak Dan Masih Banyak Driver Terlambat Dalam Penjemputan,pengemudi gojek di purwokerto banyumas drivernya kurang banyak dan masih banyak driver terlambat dalam penjemputan,3,neutral,gojek,com.gojek.app,google_play
2026-04-06 09:23:36,Atep 220,"trims, untuk kenyamanan dan keselamatan pengguna. drivernya ramah dan cepat respon untuk pencarian cepat. semoga tetap sukses di tengah persaingan. salam sehat untuk semua team",trims untuk kenyamanan dan keselamatan pengguna drivernya ramah dan cepat respon untuk pencarian cepat semoga tetap sukses di tengah persaingan salam sehat untuk semua team,3,neutral,gojek,com.gojek.app,google_play
2026-04-06 09:19:46,syamlan akbal,"kenapa ini kok tiba2 semua promo hilang di gojek, gak ada satupun resto yang pake, walaupun nyari di kategori ""banyak promo""",kenapa ini kok tiba2 semua promo hilang di gojek gak ada satupun resto yang pake walaupun nyari di kategori banyak promo,3,neutral,gojek,com.gojek.app,google_play
2026-04-06 09:14:47,RiRe SamidTV,Mantap Gojek setiap Rejeki datang Jangan pernah kau tolak karena Anda Memang Butuh Itu,mantap gojek setiap rejeki datang jangan pernah kau tolak karena anda memang butuh itu,3,neutral,gojek,com.gojek.app,google_play
2026-04-06 09:04:50,Lintang Sevriana,"Udah booking dua hari lalu , berharap dapat cepet , eh tetep aja nunggu lama , mana sampai kena cancel dua kali , 😞😞😞",udah booking dua hari lalu berharap dapat cepet eh tetep aja nunggu lama mana sampai kena cancel dua kali,3,neutral,gojek,com.gojek.app,google_play
2026-04-06 08:57:09,Maulana Anwar,"kalo bisa lebih intuitif, lebih ringan aplikasinya",kalo bisa lebih intuitif lebih ringan aplikasinya,3,neutral,gojek,com.gojek.app,google_play
2026-04-06 08:46:45,Rahmatiah Tiyaah,"okelah permudah kita yg butuh beli makan butuh kendaraan tpi mls keluar dan malas jln nyari kendaraan ,tpi lbh ok lgi klu byk discount nya 😁",okelah permudah kita yg butuh beli makan butuh kendaraan tpi mls keluar dan malas jln nyari kendaraan tpi lbh ok lgi klu byk discount nya,3,neutral,gojek,com.gojek.app,google_play
2026-04-06 08:46:08,ER EF,sangat membantu sekali 🙏🏻,sangat membantu sekali,3,neutral,gojek,com.gojek.app,google_play
2026-04-06 08:38:45,Fris Eliyansyah,tingkatkan terus aplikasi gojek👍,tingkatkan terus aplikasi gojek,3,neutral,gojek,com.gojek.app,google_play
2026-04-06 08:28:03,edelweiss marbun,"makin kesini gjls,di apps tinggal 2 menit lg nyatanya sampe 10 menit masi ga dtg2",makin kesini gjls di apps tinggal 2 menit lg nyatanya sampe 10 menit masi ga dtg2,3,neutral,gojek,com.gojek.app,google_play
2026-04-06 08:10:26,Nisrina Fauziah,banyak promo dan aplikasi nya bagus sih bahasanya mudah di mengerti,banyak promo dan aplikasi nya bagus sih bahasanya mudah di mengerti,3,neutral,gojek,com.gojek.app,google_play
2026-04-06 08:09:50,Rora Aurora,gojek tolong tanggungjawabnya. gosend kalian gk aman sama seklia. saya kirim parcel sehrga 500 rb ilang gk ada tnggung jawab. katanya mediasi tapi susah kusebutkn tgl jam malah jatanya aku gk respin. gila kalian ya. gk amanah mending pakai SPX,gojek tolong tanggungjawabnya gosend kalian gk aman sama seklia saya kirim parcel sehrga 500 rb ilang gk ada tnggung jawab katanya mediasi tapi susah kusebutkn tgl jam malah jatanya aku gk respin gila kalian ya gk amanah mending pakai spx,3,neutral,gojek,com.gojek.app,google_play
2026-04-06 08:07:33,eko prasetyo,"apalah gak jelas, gopaylater tiba2 bs, pas urgent gak bisa, layanan goride tiba2 lagi ramai, masa gak ada 1 driverpun.",apalah gak jelas gopaylater tiba2 bs pas urgent gak bisa layanan goride tiba2 lagi ramai masa gak ada 1 driverpun,3,neutral,gojek,com.gojek.app,google_play
2026-04-06 07:59:07,DEWI AYU,"mantap membantu sekali , top gojek indonesia",mantap membantu sekali top gojek indonesia,3,neutral,gojek,com.gojek.app,google_play
2026-04-06 07:52:51,Saskia Karimah NP,"terpercaya, cepat, sangat membantu",terpercaya cepat sangat membantu,3,neutral,gojek,com.gojek.app,google_play
2026-04-06 07:51:30,Husnan Damanik,"sekarang cari driver susah banget, padahal driver di Deket gw banyak banget. mana harga normal sama harga hematnya jauh bgt bedanya. ini emang sistemnya yg konyol atau gimana?",sekarang cari driver susah banget padahal driver di deket gw banyak banget mana harga normal sama harga hematnya jauh bgt bedanya ini emang sistemnya yg konyol atau gimana,3,neutral,gojek,com.gojek.app,google_play
2026-04-06 07:42:19,Syarifah Hidayah,ramah dan nyaman,ramah dan nyaman,3,neutral,gojek,com.gojek.app,google_play
2026-04-06 06:53:48,sutarno x,"setiap bulan pasti naik ini,,,",setiap bulan pasti naik ini,3,neutral,gojek,com.gojek.app,google_play
2026-04-06 06:47:30,Ukasah Ibnu,"untuk patokan harga kemahalan, lebih mahal dari kompetitor sebelah, sering for close apk nya, banyak masalahnya nih.",untuk patokan harga kemahalan lebih mahal dari kompetitor sebelah sering for close apk nya banyak masalahnya nih,3,neutral,gojek,com.gojek.app,google_play
2026-04-06 06:32:06,Fariz Noval Rabbani,sangat memudahkan perjalanan,sangat memudahkan perjalanan,3,neutral,gojek,com.gojek.app,google_play
2026-04-06 06:25:38,rahmat saepulloh,"dikasih voucher goride hemat,tetep susah cari driver akhirnya tetep pake reguler. mending langsung reguler aza tapi driver deket sama posisi custumer. ga harus nunggu lama.",dikasih voucher goride hemat tetep susah cari driver akhirnya tetep pake reguler mending langsung reguler aza tapi driver deket sama posisi custumer ga harus nunggu lama,3,neutral,gojek,com.gojek.app,google_play
2026-04-06 06:25:02,Yenny Wati,gojek paling murah apa KRNA sering pakai gojek.,gojek paling murah apa krna sering pakai gojek,3,neutral,gojek,com.gojek.app,google_play
2026-04-06 06:21:46,Istikomah Istikomah,"gojek sekarang kok beda Ama yang dulu dulunyA cepat sekarang kok lemot lama Skali dapat drivernya, Skali dapat jauh drivernya lama lama 😡",gojek sekarang kok beda ama yang dulu dulunya cepat sekarang kok lemot lama skali dapat drivernya skali dapat jauh drivernya lama lama,3,neutral,gojek,com.gojek.app,google_play
2026-04-06 06:15:18,Budi Adi,Alhamdulillah semoga selalu mendapatkan berkah amiin.,alhamdulillah semoga selalu mendapatkan berkah amiin,3,neutral,gojek,com.gojek.app,google_play
2026-04-06 06:10:43,ani ana2874,pelayanannya cepat sampai tujuan dengan selamat terimakasih,pelayanannya cepat sampai tujuan dengan selamat terimakasih,3,neutral,gojek,com.gojek.app,google_play
2026-04-06 06:10:36,Almira Qalesha,"tolong manajemen drivernya lebih diperhatikan, ini saya sudah pesen sebelum jam rame ttp gak dapet. gak tau emang drivernya gk bersyukur ato emg dari pihak gojeknya saya gak tau tapi ini jelas menyusahkan saya",tolong manajemen drivernya lebih diperhatikan ini saya sudah pesen sebelum jam rame ttp gak dapet gak tau emang drivernya gk bersyukur ato emg dari pihak gojeknya saya gak tau tapi ini jelas menyusahkan saya,3,neutral,gojek,com.gojek.app,google_play
2026-04-06 06:08:59,sito nugroho,sering merasa tertolong dgn adanya gojek,sering merasa tertolong dgn adanya gojek,3,neutral,gojek,com.gojek.app,google_play
2026-04-06 05:56:12,Rif Ales,"apliksi anj,udah order gak dapet² driver jadi telat gw ke sekolah anj",apliksi anj udah order gak dapet driver jadi telat gw ke sekolah anj,3,neutral,gojek,com.gojek.app,google_play
2026-04-06 05:15:06,Diana Rizki,"min tolong sekali utk para driver jika tidak bersedia ambil orderan segera fast respon balas chat. setidaknya jgn buang waktu customer utk menunggu supaya bisa cari driver lainnya. karna kan kita tidak tau waktu customer itu sedang buru2 atau tidak. oke lah jika menunggu 5-10 utk balasan, ini 20 sampai 30menit lebih, menurut saya itu cukup buang waktu yg seharusnya bisa dapet driver lain ini malah tidak ada jawaban.",min tolong sekali utk para driver jika tidak bersedia ambil orderan segera fast respon balas chat setidaknya jgn buang waktu customer utk menunggu supaya bisa cari driver lainnya karna kan kita tidak tau waktu customer itu sedang buru2 atau tidak oke lah jika menunggu 5 10 utk balasan ini 20 sampai 30menit lebih menurut saya itu cukup buang waktu yg seharusnya bisa dapet driver lain ini malah tidak ada jawaban,3,neutral,gojek,com.gojek.app,google_play
2026-04-06 05:06:45,Sawah sumur,bisa d bantu untuk daftar,bisa d bantu untuk daftar,3,neutral,gojek,com.gojek.app,google_play
2026-04-06 02:51:39,Rana Ran,selamat ulang tahun,selamat ulang tahun,3,neutral,gojek,com.gojek.app,google_play
2026-04-06 02:26:56,SutrisnoTM,driver goride sekarang banyak yang tidak punya uang kembalian. di tarif 37 ribu ahirnya malah mbayar 45 ribu. kere semua dan bikin tidak nyaman,driver goride sekarang banyak yang tidak punya uang kembalian di tarif 37 ribu ahirnya malah mbayar 45 ribu kere semua dan bikin tidak nyaman,3,neutral,gojek,com.gojek.app,google_play
2026-04-06 01:41:40,Eldani Gultom,"gofood nya ga jelas, buat waktu habis, alasan sudah jelas tapi pas buat laporan , hasilnya mengecewakan, kalau bisa hapus aja gofood nya ini, pengembang nya busuk ga bagus ngatur nya, hapus aja gofood nya dari sistem",gofood nya ga jelas buat waktu habis alasan sudah jelas tapi pas buat laporan hasilnya mengecewakan kalau bisa hapus aja gofood nya ini pengembang nya busuk ga bagus ngatur nya hapus aja gofood nya dari sistem,3,neutral,gojek,com.gojek.app,google_play
2026-04-06 01:30:40,Abizhar Rezky,"pesen gomart udh sejaman driver nya 3 kali ganti ngga ada yg mau Nerima,keburu kaper",pesen gomart udh sejaman driver nya 3 kali ganti ngga ada yg mau nerima keburu kaper,3,neutral,gojek,com.gojek.app,google_play
2026-04-06 00:44:00,yayah yauau,"gak bisa claim voucher GORIDEAJA sekarng katanya udah di claim padahal belum, waktu itu 2 minggu gak bisa klaim juga yang GORIDEAJA dengan alasan tidak memenuhi syarat. Tolong ya",gak bisa claim voucher gorideaja sekarng katanya udah di claim padahal belum waktu itu 2 minggu gak bisa klaim juga yang gorideaja dengan alasan tidak memenuhi syarat tolong ya,3,neutral,gojek,com.gojek.app,google_play
2026-04-06 00:30:48,Webo As,mantap n oke,mantap n oke,3,neutral,gojek,com.gojek.app,google_play
2026-04-06 00:16:15,Saptaadi1972,mudah cepat dan singkat,mudah cepat dan singkat,3,neutral,gojek,com.gojek.app,google_play
2026-04-05 23:48:04,Aghitia Ardis,"untuk pemesanan gofood harus menunggu sangat lama mendapatkan driver, dan opsi pembatalan juga menunggu sangat lama",untuk pemesanan gofood harus menunggu sangat lama mendapatkan driver dan opsi pembatalan juga menunggu sangat lama,3,neutral,gojek,com.gojek.app,google_play
2026-04-05 23:26:24,Rahman Ajie,"udah nunggu lama, driver ga dpt"" sekalinya dpt langsung dincancel, punya driver milih"" pada nolak rejeki, prioritas ataupun express ga ada gunanya kyk sama aja dengan biasa, memesan makan hampir 3 jam drivernya pada ngecancle ada masalah apa sii gojek dan gofood",udah nunggu lama driver ga dpt sekalinya dpt langsung dincancel punya driver milih pada nolak rejeki prioritas ataupun express ga ada gunanya kyk sama aja dengan biasa memesan makan hampir 3 jam drivernya pada ngecancle ada masalah apa sii gojek dan gofood,3,neutral,gojek,com.gojek.app,google_play
2026-04-05 23:24:06,Rico Harianto,"apk ini baguss banget, dan memiliki banyak promo setiap hari nya😇",apk ini baguss banget dan memiliki banyak promo setiap hari nya,3,neutral,gojek,com.gojek.app,google_play
2026-04-05 23:10:25,muhamad ramadan,setiap order gofood lama terus dapetin drivernya sampe di cancel resto terus,setiap order gofood lama terus dapetin drivernya sampe di cancel resto terus,3,neutral,gojek,com.gojek.app,google_play
2026-04-05 22:38:58,iqbal maulana,buruk. penemuan driver lama. pembatalan sulit,buruk penemuan driver lama pembatalan sulit,3,neutral,gojek,com.gojek.app,google_play
2026-04-05 22:35:49,Andre _Yoga,kasih ongkir lebih murah dong,kasih ongkir lebih murah dong,3,neutral,gojek,com.gojek.app,google_play
2026-04-05 22:25:03,Mohamad Zainulloh (Zyn),makin susah dapet driver,makin susah dapet driver,3,neutral,gojek,com.gojek.app,google_play
2026-04-05 22:12:38,Pinky Lala,parah bgt driver pada ga mau ambil padahal msh jam 10 mlm beda kayak grab,parah bgt driver pada ga mau ambil padahal msh jam 10 mlm beda kayak grab,3,neutral,gojek,com.gojek.app,google_play
2026-04-05 21:52:15,Wira Mulia,aplikasi sangat bagus,aplikasi sangat bagus,3,neutral,gojek,com.gojek.app,google_play
2026-04-05 21:46:04,margonus,SUSAH BANGET DAPET DRIVER GORIDENHA MAU HEMAT ATAU BIASA SEKALIPUNNYA APALAGI SAAT UJAN. KALOPUN ADA DI CANCEL SM DRIVERNYA. TLG YA GOJEKK PERBAIKIII. TLG BGT PERBAIKIII INIMAH HUHUHU GABISA PULANG GUE JADINYA DN BERALIH KE APLIKASI LAIN😭🙏🏻,susah banget dapet driver goridenha mau hemat atau biasa sekalipunnya apalagi saat ujan kalopun ada di cancel sm drivernya tlg ya gojekk perbaikiii tlg bgt perbaikiii inimah huhuhu gabisa pulang gue jadinya dn beralih ke aplikasi lain,3,neutral,gojek,com.gojek.app,google_play
2026-04-05 21:39:31,Penjual Gorengan,"Aplikasi paling lelet, selalu tdk sesuai titik jemputan. Go food parah, sering menampilkan pengantaran TEPAT WAKTU, padahal lebih sering TELAT. Dan sulit membatalkan pesanan kecuali melewati dari batas waktu estimasi pengantaran makanan. Ini penipuan. Jika saja masyarakat bisa dgn mudah menuntut, kalian sudah pasti gulung tikar. Lucunya lagi, kalian dari pihat gojek cuma bisa balas ulasan kritik dgn kalimat mohon maaf atas ketidaknyamanan anda. Parah....",aplikasi paling lelet selalu tdk sesuai titik jemputan go food parah sering menampilkan pengantaran tepat waktu padahal lebih sering telat dan sulit membatalkan pesanan kecuali melewati dari batas waktu estimasi pengantaran makanan ini penipuan jika saja masyarakat bisa dgn mudah menuntut kalian sudah pasti gulung tikar lucunya lagi kalian dari pihat gojek cuma bisa balas ulasan kritik dgn kalimat mohon maaf atas ketidaknyamanan anda parah,3,neutral,gojek,com.gojek.app,google_play
2026-04-05 21:30:25,Syela Nur Fitria,"diskonnya banyak banget, dan murah murah, lebih mudah mendapat mobil dari aplikasi gojek di banding kan maxim",diskonnya banyak banget dan murah murah lebih mudah mendapat mobil dari aplikasi gojek di banding kan maxim,3,neutral,gojek,com.gojek.app,google_play
2026-04-05 21:25:46,Nelly Ana,"susah dapet driver nya, pdhl dulu gampang. kecewa dengan layanan yang sekarang!",susah dapet driver nya pdhl dulu gampang kecewa dengan layanan yang sekarang,3,neutral,gojek,com.gojek.app,google_play
2026-04-05 21:09:45,Yuli,aplikasi yg bagus,aplikasi yg bagus,3,neutral,gojek,com.gojek.app,google_play
2026-04-05 21:08:55,Ade Hasanah,hehee berguna bangett.. tapi kadang-kadang suka males kalo dapet driver jutek.. tapi aplikasi inii bergunaa bangettt,hehee berguna bangett tapi kadang kadang suka males kalo dapet driver jutek tapi aplikasi inii bergunaa bangettt,3,neutral,gojek,com.gojek.app,google_play
2026-04-05 20:58:38,Emirensiana Dwi,"pihak gojek yg terhormat sebenarnya saya ngak suka review jelek karena bisa merusak rejeki orang ,tapi yg ini keterlaluan sekali hari ini saya order go ride dan selama hampir 3 atau 4 kali para driver seperti tidak mau melakukan penjemputan dengan sengaja mengambil jalan memutar sampai lebih dari 15 menit padahal titik awal penjemputan hanya 3-4 menit. begitu terus sampai berkali-kali. jadi saran saya lain kali mohon dikenakan sangsi bila ada driver yg seperti itu karna saya udah langganan",pihak gojek yg terhormat sebenarnya saya ngak suka review jelek karena bisa merusak rejeki orang tapi yg ini keterlaluan sekali hari ini saya order go ride dan selama hampir 3 atau 4 kali para driver seperti tidak mau melakukan penjemputan dengan sengaja mengambil jalan memutar sampai lebih dari 15 menit padahal titik awal penjemputan hanya 3 4 menit begitu terus sampai berkali kali jadi saran saya lain kali mohon dikenakan sangsi bila ada driver yg seperti itu karna saya udah langganan,3,neutral,gojek,com.gojek.app,google_play
2026-04-05 20:55:02,Elvira Azriani Agustin,"udah skrg tarifnya mahal, susah dpt driver, udh gitu kadang pesanan digantung sama drivernya",udah skrg tarifnya mahal susah dpt driver udh gitu kadang pesanan digantung sama drivernya,3,neutral,gojek,com.gojek.app,google_play
2026-04-05 20:54:18,M. Yusuf,"aplikasi tidak menghargai customer. udah 1 jam lebih nunggu pesanan makanan tiba tiba nggak ada driver yang bisa pick up makanan nya. pesan ulang disuruh nunggu sejam lagi, nggak ada kompensasi pula dari pihak sana.",aplikasi tidak menghargai customer udah 1 jam lebih nunggu pesanan makanan tiba tiba nggak ada driver yang bisa pick up makanan nya pesan ulang disuruh nunggu sejam lagi nggak ada kompensasi pula dari pihak sana,3,neutral,gojek,com.gojek.app,google_play
2026-04-05 20:51:32,Churotul Dewi Anjani,"PENIPUAN GO PAYLATER!!! sudah hubungi pihak nya malah mempersulit, tidak ada solusi!! Kronologi : pesan gofood suda dapat driver tp tidak jg jalan drivernya, hubungi pihak resto jg gabisa bantu, pesanan tidak bisa dicancel, aplikasi stuck. lapor ke pihak gojek nya gabisa bantu juga apa apaan, tiba tiba hari ini ada tagihan paylater 500.000 padaha tidak pernah sekalipun menyebarkan pin/sandi dll. TANGGUNG JAWAB DONG klo bisa rating 0 ataupun minus pasti saya rating 0/- SEMOGA BISA LEBIH RESPONSIF",penipuan go paylater sudah hubungi pihak nya malah mempersulit tidak ada solusi kronologi pesan gofood suda dapat driver tp tidak jg jalan drivernya hubungi pihak resto jg gabisa bantu pesanan tidak bisa dicancel aplikasi stuck lapor ke pihak gojek nya gabisa bantu juga apa apaan tiba tiba hari ini ada tagihan paylater 500 000 padaha tidak pernah sekalipun menyebarkan pin sandi dll tanggung jawab dong klo bisa rating 0 ataupun minus pasti saya rating 0 semoga bisa lebih responsif,3,neutral,gojek,com.gojek.app,google_play
2026-04-05 20:49:35,Alif Ali rendra,susah nyari drivernya,susah nyari drivernya,3,neutral,gojek,com.gojek.app,google_play
2026-04-05 20:26:21,Siti Nurazila,sekarang kalo mesen gak pernah dapet susah banget dapat nya sekali dapet jauh banget gimana sih padahal saya mesen mlm sekali pun tetep ada pas saya mau pulang ini kok di persulit ya saya tinggal di Sumatra sulit sekali rasanya dapet drive oke lah kalo mlm aja ini terkadang sore pun susah dapet,sekarang kalo mesen gak pernah dapet susah banget dapat nya sekali dapet jauh banget gimana sih padahal saya mesen mlm sekali pun tetep ada pas saya mau pulang ini kok di persulit ya saya tinggal di sumatra sulit sekali rasanya dapet drive oke lah kalo mlm aja ini terkadang sore pun susah dapet,3,neutral,gojek,com.gojek.app,google_play
2026-04-05 20:14:31,Thv,"jelek bgt, masa udah pesen makanan nunggu 1 jam an ttp ga dapet driver mau cancel gabisa, giliran pesen lagi ttp kaya awal, dih",jelek bgt masa udah pesen makanan nunggu 1 jam an ttp ga dapet driver mau cancel gabisa giliran pesen lagi ttp kaya awal dih,3,neutral,gojek,com.gojek.app,google_play
2026-04-05 20:05:11,Bobby,Ongkir penipuan diubah ketika order. Menunggu driver sejam tidak bisa dibatalin. Makin lama makin kacau.,ongkir penipuan diubah ketika order menunggu driver sejam tidak bisa dibatalin makin lama makin kacau,3,neutral,gojek,com.gojek.app,google_play
2026-04-05 20:04:48,Ayu Lely,"ya allah driver gojek knapa sih, susah bngt dpet buat gofood smpai di batalin. pdhal cuman beli nasi padang yang notabennya gak antri dan lngsung d bngkus gak nunggu masak , orderan jga gk sdkit 🥲",ya allah driver gojek knapa sih susah bngt dpet buat gofood smpai di batalin pdhal cuman beli nasi padang yang notabennya gak antri dan lngsung d bngkus gak nunggu masak orderan jga gk sdkit,3,neutral,gojek,com.gojek.app,google_play
2026-04-05 19:43:09,Darmillah Millasari,"kenapa susah banget dapet driver nunggu 1 jam gak dapet dapet sampe harus di cancel. kasihan buat resto yang udah masakin makanannya, dan voucher juga hangus jadinya. padahal lokasi Deket dan strategis tetap gak dapet²",kenapa susah banget dapet driver nunggu 1 jam gak dapet dapet sampe harus di cancel kasihan buat resto yang udah masakin makanannya dan voucher juga hangus jadinya padahal lokasi deket dan strategis tetap gak dapet,3,neutral,gojek,com.gojek.app,google_play
2026-04-05 19:39:09,Fajar Asta perdana,"jangan pake gojek susah dapet driver food nya terus lama pula, cc gojek sukabumi",jangan pake gojek susah dapet driver food nya terus lama pula cc gojek sukabumi,3,neutral,gojek,com.gojek.app,google_play
2026-04-05 19:20:06,P. Faisal,"lama bet, walaupun yang mahal juga, dasar ngerugiin waktu, maaf tidak jadi sebuah alasan, karna kau dah buang waktu ku",lama bet walaupun yang mahal juga dasar ngerugiin waktu maaf tidak jadi sebuah alasan karna kau dah buang waktu ku,3,neutral,gojek,com.gojek.app,google_play
2026-04-05 19:15:27,yohanes depari,"tidak ada respon dan lama, sekali cancel harga naik tidak wajar",tidak ada respon dan lama sekali cancel harga naik tidak wajar,3,neutral,gojek,com.gojek.app,google_play
2026-04-05 19:13:36,ansori_poenya,bug di game gocats jika klaim gopay coins di tugas--tantangan. gopay coins tidak masuk ke riwayat transaksi,bug di game gocats jika klaim gopay coins di tugas tantangan gopay coins tidak masuk ke riwayat transaksi,3,neutral,gojek,com.gojek.app,google_play
2026-04-05 19:12:28,Beryl Ahmad,aplikasi aneh.. orang2 pada mikir lebih mending aplikasi lain... asli ga bohong gw.. dzolim ke mitra juga kan elu.. ckckck,aplikasi aneh orang2 pada mikir lebih mending aplikasi lain asli ga bohong gw dzolim ke mitra juga kan elu ckckck,3,neutral,gojek,com.gojek.app,google_play
2026-04-05 19:10:19,Ng Suphing,"parah. sudah bbrp x susah bgt dpt driver saat malam. pdhl masih jam 18.00 pun udh susah dpt. blm lagi harus tunggu +- 50 menit lebih baru bs di batalkan. orang kelaparan lalu tunggu 1 jam baru batal, ujung2 harus pesan ulang nunggu 1 jam lg. tolong lah perbaiki sistemnya",parah sudah bbrp x susah bgt dpt driver saat malam pdhl masih jam 18 00 pun udh susah dpt blm lagi harus tunggu 50 menit lebih baru bs di batalkan orang kelaparan lalu tunggu 1 jam baru batal ujung2 harus pesan ulang nunggu 1 jam lg tolong lah perbaiki sistemnya,3,neutral,gojek,com.gojek.app,google_play
2026-04-05 19:01:02,Moch Andi Hariyanto,sangat susah mendapatkan driver baik goride ataupun gofood sekali dapat driver ehh lama banget tolong diselesaiin permasalahan driver untuk gojek,sangat susah mendapatkan driver baik goride ataupun gofood sekali dapat driver ehh lama banget tolong diselesaiin permasalahan driver untuk gojek,3,neutral,gojek,com.gojek.app,google_play
2026-04-05 18:54:29,Aji Ara yudha,sudah berap kali mesen go food udah lama naunggunya ngga taunya ngga ado sriver yg ambil pesanan. kecewa banget dengan gojek..,sudah berap kali mesen go food udah lama naunggunya ngga taunya ngga ado sriver yg ambil pesanan kecewa banget dengan gojek,3,neutral,gojek,com.gojek.app,google_play
2026-04-05 18:51:03,Sindi Slanky,"Pesan food nggak sampai 1km tapi mahal bgt sampai 14000, mana masih nunggu lama bgt lagi, belum lagi nanti kalau batal tidak dapat driver Udah nunggu lama, bayar mahal masih tidak dapat driver Mohon banget di perbaiki lagi !!",pesan food nggak sampai 1km tapi mahal bgt sampai 14000 mana masih nunggu lama bgt lagi belum lagi nanti kalau batal tidak dapat driver udah nunggu lama bayar mahal masih tidak dapat driver mohon banget di perbaiki lagi,3,neutral,gojek,com.gojek.app,google_play
2026-04-05 18:50:42,Sanny Apituley,intinya bintang 5,intinya bintang 5,3,neutral,gojek,com.gojek.app,google_play
2026-04-05 18:40:55,Mega Sanjaya,"gojek sistem aplikasi nya diperbaikin lagi donk, kasian drivernya pada jemput nya jauh2 saya dapet driver dtg ketempat titik saya masa nya jauh banget,jemput nya bisa 4kg sampe 5kg hrus nunggu lama",gojek sistem aplikasi nya diperbaikin lagi donk kasian drivernya pada jemput nya jauh2 saya dapet driver dtg ketempat titik saya masa nya jauh banget jemput nya bisa 4kg sampe 5kg hrus nunggu lama,3,neutral,gojek,com.gojek.app,google_play
2026-04-05 18:34:25,Arif Widarsah,sangat baik dan bagus,sangat baik dan bagus,3,neutral,gojek,com.gojek.app,google_play
2026-04-05 18:31:13,putra siagian,tolong kemanan ya di tingkatkan dan penyelesaian masalah tolong cepat,tolong kemanan ya di tingkatkan dan penyelesaian masalah tolong cepat,3,neutral,gojek,com.gojek.app,google_play
2026-04-05 18:27:03,Laily Sa'adah,Susah buat cari driver,susah buat cari driver,3,neutral,gojek,com.gojek.app,google_play
2026-04-05 18:26:47,Embay Bahriyah,"setiap nyari driver pasti lama banget alasannya banyak yang booking lah, trus pas udah dapet driver pasti yang jauh jauh dan suka cancel? kaya kalo gamau di cancel gausa cancel anjirr bikin lama aja trus juga nyari 1 jam lebih padahal di Indonesia banyak banget ojol masa sibuk semua engga kan? heran banget sama ojek ojek yang ga nerima orderan cuman karna jauh/gamau tapi giliran gofood aja pasti tuh cepet mending pindah maxim aja dah asli",setiap nyari driver pasti lama banget alasannya banyak yang booking lah trus pas udah dapet driver pasti yang jauh jauh dan suka cancel kaya kalo gamau di cancel gausa cancel anjirr bikin lama aja trus juga nyari 1 jam lebih padahal di indonesia banyak banget ojol masa sibuk semua engga kan heran banget sama ojek ojek yang ga nerima orderan cuman karna jauh gamau tapi giliran gofood aja pasti tuh cepet mending pindah maxim aja dah asli,3,neutral,gojek,com.gojek.app,google_play
2026-04-05 18:19:19,Umah Sambie,makin kesini makin mahaaaall aja lu!! tapi buat drivernya potongan gila banget gedenya... kasihan driver.. masih enak zaman nadim laaahhh.... sekarang mah banyak tikus² rakusnya.,makin kesini makin mahaaaall aja lu tapi buat drivernya potongan gila banget gedenya kasihan driver masih enak zaman nadim laaahhh sekarang mah banyak tikus rakusnya,3,neutral,gojek,com.gojek.app,google_play
2026-04-05 18:18:13,Pengguna Google,terus tingkatkan pelayanan & kwalitasnya jadilah ojol terbaik masa kini,terus tingkatkan pelayanan kwalitasnya jadilah ojol terbaik masa kini,3,neutral,gojek,com.gojek.app,google_play
2026-04-05 18:18:04,Lenta 16,"drivernya baik dan ramah ,mobilnya bersih",drivernya baik dan ramah mobilnya bersih,3,neutral,gojek,com.gojek.app,google_play
2026-04-05 18:15:52,Winanda,"makin mahal, wkwk",makin mahal wkwk,3,neutral,gojek,com.gojek.app,google_play
2026-04-05 18:14:39,Yulia Sasciya,tolong nih ya kalo drivernya gk mau nerima harga yg mode hemat mending gak usah di adain deh pake segala protes ke penunpang. kan apknya sendiri yg nyediain yah harus terima dong lagian org waras mana yang milih harga mahal padahal ada yg lebih murah. gak semua manusia Sultan bro,tolong nih ya kalo drivernya gk mau nerima harga yg mode hemat mending gak usah di adain deh pake segala protes ke penunpang kan apknya sendiri yg nyediain yah harus terima dong lagian org waras mana yang milih harga mahal padahal ada yg lebih murah gak semua manusia sultan bro,3,neutral,gojek,com.gojek.app,google_play
2026-04-05 18:03:55,Aalviandra Bagas pratama,Pesanan Selalu Di Tolak Oleh Pihak Gofood Nunggu Pesanan Makanan Saya Hampir 1 Jam Kecewa Saya Di Kasih Rezeki Nolak,pesanan selalu di tolak oleh pihak gofood nunggu pesanan makanan saya hampir 1 jam kecewa saya di kasih rezeki nolak,3,neutral,gojek,com.gojek.app,google_play
2026-04-05 17:44:50,Iwan Abdul,"lama lama pindah aplikasi , nyari driver susah sekarang yang ride",lama lama pindah aplikasi nyari driver susah sekarang yang ride,3,neutral,gojek,com.gojek.app,google_play
2026-04-05 17:34:26,Muhammad Habibi,diskon nya mana anj,diskon nya mana anj,3,neutral,gojek,com.gojek.app,google_play
2026-04-05 17:20:38,Achmad Diof Aditya Putra,Dari terakhir bulan puasa sampai sekarang susah dpt driver dan selalu lama nunggu nya. Ini udh nunggu 30 menit driver GK DTG jg ke lokasi jemput dan 30 menit tunggu buat dpt driver,dari terakhir bulan puasa sampai sekarang susah dpt driver dan selalu lama nunggu nya ini udh nunggu 30 menit driver gk dtg jg ke lokasi jemput dan 30 menit tunggu buat dpt driver,3,neutral,gojek,com.gojek.app,google_play
2026-04-05 17:19:07,Opik kipopik (Goliat),"sekarang susah banget dapat driver, tolong dicek mitra kalian, udah kalian gaji sesuai engga!!!!!",sekarang susah banget dapat driver tolong dicek mitra kalian udah kalian gaji sesuai engga,3,neutral,gojek,com.gojek.app,google_play
2026-04-05 16:50:22,Gesna Adji Santoso,"makin parah potongan gedhe banget, 19.500 bersihnya 11.200 kepotong 8.300, 42%",makin parah potongan gedhe banget 19 500 bersihnya 11 200 kepotong 8 300 42,3,neutral,gojek,com.gojek.app,google_play
2026-04-05 16:43:23,Dino Junior,lama dapet ojolnya parah dan udah lama nunggu d cancel,lama dapet ojolnya parah dan udah lama nunggu d cancel,3,neutral,gojek,com.gojek.app,google_play
2026-04-05 16:26:54,Yudi Pranajaya,sangat membantu aktivitas saya. terimakasih,sangat membantu aktivitas saya terimakasih,3,neutral,gojek,com.gojek.app,google_play
2026-04-05 16:24:11,Didy Reza,lelet.. susah dpt driver.. pesan makanan hrs nunggu berjam2..,lelet susah dpt driver pesan makanan hrs nunggu berjam2,3,neutral,gojek,com.gojek.app,google_play
2026-04-05 16:23:14,Wawan Setiawan,pokoknya bagus dan layak 5 bintang!,pokoknya bagus dan layak 5 bintang,3,neutral,gojek,com.gojek.app,google_play
2026-04-05 16:21:21,Aulia Rachmawati,"sekarang gojek kalau pesan makanan lama dapat drivernya, biasa bisa sampai 1 jam. selama ituu dapat driver. kirain bakal sekali aja lamanya, ini setiap mau pesan lamaaaa. bisa sampai 1 jaman, mana gak bisa di batalin lagii. udah minta bantuan di cs ny tetap gak ada solusi, malah ttp disuruh nunggu sampai 1 jam duluu, adohhhh jelek sekarang aplikasinya. tidak worth it untuk dipakai, bukannya memudahkan malah menyusahkan",sekarang gojek kalau pesan makanan lama dapat drivernya biasa bisa sampai 1 jam selama ituu dapat driver kirain bakal sekali aja lamanya ini setiap mau pesan lamaaaa bisa sampai 1 jaman mana gak bisa di batalin lagii udah minta bantuan di cs ny tetap gak ada solusi malah ttp disuruh nunggu sampai 1 jam duluu adohhhh jelek sekarang aplikasinya tidak worth it untuk dipakai bukannya memudahkan malah menyusahkan,3,neutral,gojek,com.gojek.app,google_play
2026-04-05 16:20:22,zaim ukhrowi,"belakangan driver dan penumpang diberikan layanan yg jauh, minimal 1 km. bukan berarti tidak sabar menunggu, tp kalo pelayanannya harus menunggu lama (1 km di tengah transportasi) maka saya kemungkinan akan menggunakan layanan lain yg lebih mudah mendapatkan driver dekat dan lebih murah",belakangan driver dan penumpang diberikan layanan yg jauh minimal 1 km bukan berarti tidak sabar menunggu tp kalo pelayanannya harus menunggu lama 1 km di tengah transportasi maka saya kemungkinan akan menggunakan layanan lain yg lebih mudah mendapatkan driver dekat dan lebih murah,3,neutral,gojek,com.gojek.app,google_play
2026-04-05 16:19:09,ipehhh,"aplikasinya sih bagu, tapi kadang driver nya di acc tapi engga jalan. itu sih bikin kesel min, makan waktu juga udah di telfon di chat gak di bales.",aplikasinya sih bagu tapi kadang driver nya di acc tapi engga jalan itu sih bikin kesel min makan waktu juga udah di telfon di chat gak di bales,3,neutral,gojek,com.gojek.app,google_play
2026-04-05 16:06:11,Lintang Chennal,"siap"" sebntar lagi aplikasi sampah ini susah dpt driver wkwkwk terutama food",siap sebntar lagi aplikasi sampah ini susah dpt driver wkwkwk terutama food,3,neutral,gojek,com.gojek.app,google_play
2026-04-05 16:04:00,Fikri Dwinanto,"Oke, terus tingkatkan promo/diskon 🙂👍🏼👍🏼",oke terus tingkatkan promo diskon,3,neutral,gojek,com.gojek.app,google_play
2026-04-05 16:03:25,Kennisha Zinnia,"gojek makin jelekkkkkkkk, sistem eror terus, mau bayar pake gopay tp dibilang saldo gak cukup pdhl jelas2 cukup",gojek makin jelekkkkkkkk sistem eror terus mau bayar pake gopay tp dibilang saldo gak cukup pdhl jelas2 cukup,3,neutral,gojek,com.gojek.app,google_play
2026-04-05 16:01:15,Septian 15,pergantian nomor hp hilang gagal terus,pergantian nomor hp hilang gagal terus,3,neutral,gojek,com.gojek.app,google_play
2026-04-05 15:56:58,ajiji Basir,lama nyari driver nya di cancel Mulu sok iya bgt,lama nyari driver nya di cancel mulu sok iya bgt,3,neutral,gojek,com.gojek.app,google_play
2026-04-05 15:56:18,Acoh Dasoh,Aplikasi jelek! Gara-gara lu terlalu kapitalis sama sistem dampaknya jadi merugikan driver bahkan customer! Gue jadi harus nunggu lama gara-gara lu seringkali lempar orderan gue ke driver yang JAUH dari titik jemput.,aplikasi jelek gara gara lu terlalu kapitalis sama sistem dampaknya jadi merugikan driver bahkan customer gue jadi harus nunggu lama gara gara lu seringkali lempar orderan gue ke driver yang jauh dari titik jemput,3,neutral,gojek,com.gojek.app,google_play
2026-04-05 15:55:26,Lulus Suprayogo,cepat dan nyaman,cepat dan nyaman,3,neutral,gojek,com.gojek.app,google_play
2026-04-05 15:55:24,Dea Suryani,pelayanan yg selalu okeee mantappp gercep gerak cepat,pelayanan yg selalu okeee mantappp gercep gerak cepat,3,neutral,gojek,com.gojek.app,google_play
2026-04-05 15:33:35,Jauharotul Mufidah,tidak bisa memberi respon ketika sudah memesan driver,tidak bisa memberi respon ketika sudah memesan driver,3,neutral,gojek,com.gojek.app,google_play
2026-04-05 15:32:10,Khanza Khanza,"selama saya menggunakan aplikasi ini sangat membantu saya jika ingin berpergian jauh, sangat di rekomendasi untuk download apk gojek. sukses trs buat para gojek di seluruh Indonesia!!!",selama saya menggunakan aplikasi ini sangat membantu saya jika ingin berpergian jauh sangat di rekomendasi untuk download apk gojek sukses trs buat para gojek di seluruh indonesia,3,neutral,gojek,com.gojek.app,google_play
2026-04-05 15:20:32,Muhamad Giri R,kegedean ambil keuntungan dari driver nya,kegedean ambil keuntungan dari driver nya,3,neutral,gojek,com.gojek.app,google_play
2026-04-05 15:14:44,Ahmad Paidi,"good applikasi, sangat membantu sekali",good applikasi sangat membantu sekali,3,neutral,gojek,com.gojek.app,google_play
2026-04-05 15:12:05,Eny Sety4th 9 clip intoawati,cepat dan sopan,cepat dan sopan,3,neutral,gojek,com.gojek.app,google_play
2026-04-05 14:59:39,Anindya Qurotul ain,tambah aneh perjalanan driver gak bisa di lacak,tambah aneh perjalanan driver gak bisa di lacak,3,neutral,gojek,com.gojek.app,google_play
2026-04-05 14:49:40,Evandy meilan,Oke Oke.sip,oke oke sip,3,neutral,gojek,com.gojek.app,google_play
2026-04-05 14:40:53,Syah Weni,"gojek, tolonglah dibuat cepat datang nya lagi perlu kyak gini malah booking rame",gojek tolonglah dibuat cepat datang nya lagi perlu kyak gini malah booking rame,3,neutral,gojek,com.gojek.app,google_play
2026-04-05 14:37:37,Alvian syiah,hapus program blitz,hapus program blitz,3,neutral,gojek,com.gojek.app,google_play
2026-04-05 14:36:52,Nova Aniska,"driver ny kaya ga niat cari uangg, nyari driver kaya nyari harta karun saking susah nya. antara susah/driver milih milih wkwkwk",driver ny kaya ga niat cari uangg nyari driver kaya nyari harta karun saking susah nya antara susah driver milih milih wkwkwk,3,neutral,gojek,com.gojek.app,google_play
2026-04-05 14:35:32,Ariel Taufik,SISTEMNYA LOLOT BGT MESEN MAKANAN SEJAM LEBIH GA DPT DPT DRIVER,sistemnya lolot bgt mesen makanan sejam lebih ga dpt dpt driver,3,neutral,gojek,com.gojek.app,google_play
2026-04-05 14:34:02,Ana purba Ana,di pesan gk ada respon,di pesan gk ada respon,3,neutral,gojek,com.gojek.app,google_play
2026-04-05 14:22:44,Alden Setychrista,"saya mau protes. saya sudah bermain pawsome catch 2 kali dapet bonus win skornya 650, kenapa 200 gopay coinnya tidak masuk?. saya sudah cross-check berkali kali tapi ternyata gopay coinnya memang tidak masuk",saya mau protes saya sudah bermain pawsome catch 2 kali dapet bonus win skornya 650 kenapa 200 gopay coinnya tidak masuk saya sudah cross check berkali kali tapi ternyata gopay coinnya memang tidak masuk,3,neutral,gojek,com.gojek.app,google_play
2026-04-05 14:04:53,Defan,"padhl ga dh pecet cancel eh ga ke cancel, sengaja apa gmn nih",padhl ga dh pecet cancel eh ga ke cancel sengaja apa gmn nih,3,neutral,gojek,com.gojek.app,google_play
2026-04-05 14:01:38,Ajizul Hakim,selalu lama kalau mencari driver,selalu lama kalau mencari driver,3,neutral,gojek,com.gojek.app,google_play
2026-04-05 13:50:38,Anni Nuraini,"makin lama bukannya makin merakyat malah makin menguras lho GOJEK ini. terutama, menu harga di GOFOOD terlalu sadis padahal diresto harganya ngga sesadis itu & para driver pun juga ngga dibayar sebanyak itu.",makin lama bukannya makin merakyat malah makin menguras lho gojek ini terutama menu harga di gofood terlalu sadis padahal diresto harganya ngga sesadis itu para driver pun juga ngga dibayar sebanyak itu,3,neutral,gojek,com.gojek.app,google_play
2026-04-05 13:38:57,Ida Eliza,"Bertahun2 pake aplikasi ini hal paling menyebalkan yg gprnh di benerin sm aplikasinya itu soal chat, knp sllu centang 1 klw lg urgent ad ap2 dikbrin susah drivernya yg bkin kita cekcok sm driver, tlong dong jgn rating doang bagus tp ampas sistemnya",bertahun2 pake aplikasi ini hal paling menyebalkan yg gprnh di benerin sm aplikasinya itu soal chat knp sllu centang 1 klw lg urgent ad ap2 dikbrin susah drivernya yg bkin kita cekcok sm driver tlong dong jgn rating doang bagus tp ampas sistemnya,3,neutral,gojek,com.gojek.app,google_play
2026-04-05 13:28:39,Nanang Sunadi,kenapa gojek makin jelek. gofood maps nya ga gerak gerak. 1 menit lagi tapi posisi driver ga ada di maps. infonya 1 menit lagi tapi udh 45 menitbga nyampe nyampe.,kenapa gojek makin jelek gofood maps nya ga gerak gerak 1 menit lagi tapi posisi driver ga ada di maps infonya 1 menit lagi tapi udh 45 menitbga nyampe nyampe,3,neutral,gojek,com.gojek.app,google_play
2026-04-05 13:12:50,Maulana malik Ibrahim,"Sering telat, bobrok banget",sering telat bobrok banget,3,neutral,gojek,com.gojek.app,google_play
2026-04-05 13:07:46,Muhamad Rizki Ramdhani,sekarang kok loading nya lama bnget padahal jaringan hp bagus,sekarang kok loading nya lama bnget padahal jaringan hp bagus,3,neutral,gojek,com.gojek.app,google_play
2026-04-05 13:05:41,Pe Pe,"kalau emang gak ada driver kasih kita cancel bukan malah nyuruh nunggu sejam itu pun belum tentu ada driver, karna gw sering nih driver baru ada pas dha nunggu sejam trs harus nunggu lagi makanannya siap, padahal kalau dari awal bisa cancel juga resto gak akan rugi orang makanan juga belum buat, mau untung, cs juga di komplain slowresp tidak mendengar keluhan cust dan bahkan jwb sangat tidak membantu suruh tunggu bapak dia ku suruh tunggu, buang' waktu saya sejam nunggu mikir kalau ada otak",kalau emang gak ada driver kasih kita cancel bukan malah nyuruh nunggu sejam itu pun belum tentu ada driver karna gw sering nih driver baru ada pas dha nunggu sejam trs harus nunggu lagi makanannya siap padahal kalau dari awal bisa cancel juga resto gak akan rugi orang makanan juga belum buat mau untung cs juga di komplain slowresp tidak mendengar keluhan cust dan bahkan jwb sangat tidak membantu suruh tunggu bapak dia ku suruh tunggu buang waktu saya sejam nunggu mikir kalau ada otak,3,neutral,gojek,com.gojek.app,google_play
2026-04-05 12:56:31,Ahmad Sidik,"sangat baik, cuma kenapa internet hilang2 terus",sangat baik cuma kenapa internet hilang2 terus,3,neutral,gojek,com.gojek.app,google_play
2026-04-05 12:53:30,Dian Purwanti,kok di manja malah makin jadi..promonya malah sama sekali GK ada lagi di aku,kok di manja malah makin jadi promonya malah sama sekali gk ada lagi di aku,3,neutral,gojek,com.gojek.app,google_play
2026-04-05 12:47:44,Cumbrotmu Oleng,semakin mahal ongkosnya.,semakin mahal ongkosnya,3,neutral,gojek,com.gojek.app,google_play
2026-04-05 12:29:45,Dawi Dawi,"apk dan cs nya sama-sama ga bisa diandelin. Gua nunggu driver selama satu jam, padahal dari posisi driver ke titik jemput cuma 8 menit. Dan setelah gua nunggu slama hampir satu jam, pesanan gua dicancel. Ngerugiin orang bgt",apk dan cs nya sama sama ga bisa diandelin gua nunggu driver selama satu jam padahal dari posisi driver ke titik jemput cuma 8 menit dan setelah gua nunggu slama hampir satu jam pesanan gua dicancel ngerugiin orang bgt,3,neutral,gojek,com.gojek.app,google_play
2026-04-05 12:04:43,Bille Vo405,"driver lu jagoan semua ya,dh tau salah tp ngotot",driver lu jagoan semua ya dh tau salah tp ngotot,3,neutral,gojek,com.gojek.app,google_play
2026-04-05 12:04:00,Josef Argya Satria Putra Pratama,"banyak mitra yang melakukan vandalisme dijalan raya, tolong ditindak tegas mitra yang buruk.",banyak mitra yang melakukan vandalisme dijalan raya tolong ditindak tegas mitra yang buruk,3,neutral,gojek,com.gojek.app,google_play
2026-04-05 11:54:07,Fitria Ramadhan,"uda beberapa hari ini digofood ga ada promo sama sekali, semuanya ga ada, gocar goride semua mahal juga",uda beberapa hari ini digofood ga ada promo sama sekali semuanya ga ada gocar goride semua mahal juga,3,neutral,gojek,com.gojek.app,google_play
2026-04-05 11:32:58,HDHD VLOG,good drive with gojek id,good drive with gojek id,3,neutral,gojek,com.gojek.app,google_play
2026-04-05 11:24:53,Dean Arga,"ngga bakal pakai gojek lagi, 1 jam nyari driver ngga ada yg nerima dan sekali ada yg nerima langsung di cancel, karna itu hampir ketinggalan bis, kalo cuaca mendung goride dan gocar pada ngga mau ambil order mending suruh keluar aja dari pihak gojek, customer buru2 dan butuh eh drivernya seenak jidat cancel",ngga bakal pakai gojek lagi 1 jam nyari driver ngga ada yg nerima dan sekali ada yg nerima langsung di cancel karna itu hampir ketinggalan bis kalo cuaca mendung goride dan gocar pada ngga mau ambil order mending suruh keluar aja dari pihak gojek customer buru2 dan butuh eh drivernya seenak jidat cancel,3,neutral,gojek,com.gojek.app,google_play
2026-04-05 11:17:46,Shafa Putri Falisha,semua cs nya tidak sopan,semua cs nya tidak sopan,3,neutral,gojek,com.gojek.app,google_play
2026-04-05 11:08:33,Muhammad,"aplikasi tidak bisa membantu, sy download gopay plus selalu ditolak trus",aplikasi tidak bisa membantu sy download gopay plus selalu ditolak trus,3,neutral,gojek,com.gojek.app,google_play
2026-04-05 11:03:28,Erwin Online,coba dong sambungin ke ovo juga biar kalo saldo gopay hbis kan bisa pake ovo,coba dong sambungin ke ovo juga biar kalo saldo gopay hbis kan bisa pake ovo,3,neutral,gojek,com.gojek.app,google_play
2026-04-05 10:44:33,abdulah Fadli,sangat membantu dalam aktivitas sehari-hari,sangat membantu dalam aktivitas sehari hari,3,neutral,gojek,com.gojek.app,google_play
2026-04-05 10:39:46,1318013-Alvin Chandra Hadiyanto,apaan internetmu mati pas otp gmail terus otp wa pake apa? ga pake internet,apaan internetmu mati pas otp gmail terus otp wa pake apa ga pake internet,3,neutral,gojek,com.gojek.app,google_play
2026-04-05 10:37:51,Kamal Caem,biaya penanganan.. semakin lama semakin mahal,biaya penanganan semakin lama semakin mahal,3,neutral,gojek,com.gojek.app,google_play
2026-04-05 10:32:02,Galih Fg,"keren, terima kasih",keren terima kasih,3,neutral,gojek,com.gojek.app,google_play
2026-04-05 10:31:52,Elissa Wahyu Pratiwi (Lisa),"dituduh penyalahgunaan promo, kita ini tinggal beli dan pakai promo aja, tapi kalian semena mena bekuin akun orang. yang bikin tombol kan kalian, sesuai prosedur kalian, tapi kita yang disalahkan. ga bakal saya pakai aplikasi ini, padahal saya sering beli pakai gofood dan langganan gojek plus, tapi kalian gak tau terimakasih sama customer. pelayanan buruk, cs buruk.",dituduh penyalahgunaan promo kita ini tinggal beli dan pakai promo aja tapi kalian semena mena bekuin akun orang yang bikin tombol kan kalian sesuai prosedur kalian tapi kita yang disalahkan ga bakal saya pakai aplikasi ini padahal saya sering beli pakai gofood dan langganan gojek plus tapi kalian gak tau terimakasih sama customer pelayanan buruk cs buruk,3,neutral,gojek,com.gojek.app,google_play
2026-04-05 10:31:51,Mutia Ananda,semoga ga susah cari driver,semoga ga susah cari driver,3,neutral,gojek,com.gojek.app,google_play
2026-04-05 10:29:32,sigit wahyu,untuk saat ini oke pemakaian aplikasinya,untuk saat ini oke pemakaian aplikasinya,3,neutral,gojek,com.gojek.app,google_play
2026-04-05 10:11:13,Akane Yui,"Saya pesan Mi aceh di sebuah resto, tapi yang datang ifumie dengan pengantaran prioritas dan terlambat. Nah muncullah notifikasi bahwasannya bakal dapat voucher atas keterlambatannya, tapi tidak ada voucher tersebut setelah saya cari. Komplain lah saya dan kasih bukti juga, tetapi dari pihak cs nya malah bilang tepat waktu. Selanjutnya saya komplain tentang menu yang salah, eh dibilangnya malah sesuai. Bukan bermaksud apa², saya udah bayar untuk gojek plus dan memilih prioritas",saya pesan mi aceh di sebuah resto tapi yang datang ifumie dengan pengantaran prioritas dan terlambat nah muncullah notifikasi bahwasannya bakal dapat voucher atas keterlambatannya tapi tidak ada voucher tersebut setelah saya cari komplain lah saya dan kasih bukti juga tetapi dari pihak cs nya malah bilang tepat waktu selanjutnya saya komplain tentang menu yang salah eh dibilangnya malah sesuai bukan bermaksud apa saya udah bayar untuk gojek plus dan memilih prioritas,3,neutral,gojek,com.gojek.app,google_play
2026-04-05 10:00:04,Suyatno Ahmad,"Gojeg tak mampu mendeteksi alamat gang, jalan sempit , jadi kalau kita mau kirim barang yg muncul alamat jln besar",gojeg tak mampu mendeteksi alamat gang jalan sempit jadi kalau kita mau kirim barang yg muncul alamat jln besar,3,neutral,gojek,com.gojek.app,google_play
2026-04-05 09:53:26,saski,"driver lo penipu, bilangnya ga ketemu titik udah disamperin malah malak, habis itu bilangnya aplikasi ga bisa dipake sampe senin karna pengiriman barang tidak bisa diselesaikan, pas gw tf malah pengiriman selesai.",driver lo penipu bilangnya ga ketemu titik udah disamperin malah malak habis itu bilangnya aplikasi ga bisa dipake sampe senin karna pengiriman barang tidak bisa diselesaikan pas gw tf malah pengiriman selesai,3,neutral,gojek,com.gojek.app,google_play
2026-04-05 09:29:23,Yadi Kamarudin,apk perjalanan terbaik👍,apk perjalanan terbaik,3,neutral,gojek,com.gojek.app,google_play
2026-04-05 09:24:23,Bagas Raditya Dz,Aplikasi yang bagus,aplikasi yang bagus,3,neutral,gojek,com.gojek.app,google_play
2026-04-05 08:53:20,Paulus Christian,sangat kecewa dengan aplikasi dan Mitra GO-JEK.,sangat kecewa dengan aplikasi dan mitra go jek,3,neutral,gojek,com.gojek.app,google_play
2026-04-05 08:44:59,URANG aring,aplikasi lelet.. gambar GK muncul.. mau pesan gofood GK ada gambarnya sama sekali..,aplikasi lelet gambar gk muncul mau pesan gofood gk ada gambarnya sama sekali,3,neutral,gojek,com.gojek.app,google_play
2026-04-05 07:58:06,Refandy Refandy,sangar bermanfaat guys buat pakai aplikasi ini karena lebih mudah dan murah,sangar bermanfaat guys buat pakai aplikasi ini karena lebih mudah dan murah,3,neutral,gojek,com.gojek.app,google_play
2026-04-05 07:54:02,bocim 1933,pelayanan bagus dan ramah,pelayanan bagus dan ramah,3,neutral,gojek,com.gojek.app,google_play
2026-04-05 07:47:19,khaula nurqadri,memberikan kemudahan dalam tansaksi,memberikan kemudahan dalam tansaksi,3,neutral,gojek,com.gojek.app,google_play
2026-04-05 07:25:24,Ahmad Solihin,mudah2n Gojek bangkrut,mudah2n gojek bangkrut,3,neutral,gojek,com.gojek.app,google_play
2026-04-05 07:09:43,Bandi Alfacino,bagus... penjemputan cepat..,bagus penjemputan cepat,3,neutral,gojek,com.gojek.app,google_play
2026-04-05 06:59:34,Bramsida Prabono Saleh,sangat bagus dan membantu,sangat bagus dan membantu,3,neutral,gojek,com.gojek.app,google_play
2026-04-05 06:40:50,Syam Hoed,yang paling murah,yang paling murah,3,neutral,gojek,com.gojek.app,google_play
2026-04-05 05:58:22,Andi Faisal,mati kelaparan nunggu makanan via gofood mana gak tau hub cs harus bagaimana.,mati kelaparan nunggu makanan via gofood mana gak tau hub cs harus bagaimana,3,neutral,gojek,com.gojek.app,google_play
2026-04-05 04:53:51,Diding Sbn,klu cuma bikin kastamer nunggu lama mending hapus aplikasi ini,klu cuma bikin kastamer nunggu lama mending hapus aplikasi ini,3,neutral,gojek,com.gojek.app,google_play
2026-04-05 03:41:16,Ari Widodo,bagus dan nyaman,bagus dan nyaman,3,neutral,gojek,com.gojek.app,google_play
2026-04-05 02:10:06,Irwansyah Putra,setelah di download knp hp saya langsung down ya. di hapus aplikasi nya lancar jaya. koq bisa seperti ini gojek,setelah di download knp hp saya langsung down ya di hapus aplikasi nya lancar jaya koq bisa seperti ini gojek,3,neutral,gojek,com.gojek.app,google_play
2026-04-05 01:58:53,Leo Rizki,"gofood nya bermasalah,udah pesan makanan,udah nunggu 1 jam an ehh tiba tiba dibatalin sama sistemnya,eror x,bintang 1 broooh,tolong di perbaiki laa,kalok emang ga bisa yaudaa ga bisa gitu,ini udah nunggu lama lamaa kan",gofood nya bermasalah udah pesan makanan udah nunggu 1 jam an ehh tiba tiba dibatalin sama sistemnya eror x bintang 1 broooh tolong di perbaiki laa kalok emang ga bisa yaudaa ga bisa gitu ini udah nunggu lama lamaa kan,3,neutral,gojek,com.gojek.app,google_play
2026-04-05 01:26:03,iksan al,aplikasi ini tidak mau nolong hati hati kepada bapak ibu jangan pernah pakai aplikasi inib,aplikasi ini tidak mau nolong hati hati kepada bapak ibu jangan pernah pakai aplikasi inib,3,neutral,gojek,com.gojek.app,google_play
2026-04-05 01:07:29,iwan baroengs,gak banyak membantu...,gak banyak membantu,3,neutral,gojek,com.gojek.app,google_play
2026-04-05 00:40:06,Muhammad Ardyansyah Pratama,"Aplikasi ini makin lama makin nyusahin. Gara gara kebijakanmu yg gajelas bikin promo gajelas yg motong dari uang driver akhirnya banyak driver ogah ambil orderan , dan cust susah dapat driver. Kebangetan !!. Dikaji lagi deh tu kebijakan tarif nya , ini aplikasi mau mempermudah apa nyusahin ?",aplikasi ini makin lama makin nyusahin gara gara kebijakanmu yg gajelas bikin promo gajelas yg motong dari uang driver akhirnya banyak driver ogah ambil orderan dan cust susah dapat driver kebangetan dikaji lagi deh tu kebijakan tarif nya ini aplikasi mau mempermudah apa nyusahin,3,neutral,gojek,com.gojek.app,google_play
2026-04-05 00:27:35,tomblok ae,sangat membantu banget,sangat membantu banget,3,neutral,gojek,com.gojek.app,google_play
2026-04-04 23:54:26,Naufal Adiyat,tolong kalo sudah lewat 30 menit tanpa dapat driver otomatis batalkan orderan gofood jangan biarkan kami customer menunggu lama tanpa kepastian dan kelaparan,tolong kalo sudah lewat 30 menit tanpa dapat driver otomatis batalkan orderan gofood jangan biarkan kami customer menunggu lama tanpa kepastian dan kelaparan,3,neutral,gojek,com.gojek.app,google_play
2026-04-04 23:54:17,Fikran tanjung12,"bagus tapi tolong buat apk gojek nya kalau nyari driver menit nya jangan lama"" karena orang juga punya urusan pribadi buat apa lama"" ujung"" nya ke cancel juga kalau gaada driver",bagus tapi tolong buat apk gojek nya kalau nyari driver menit nya jangan lama karena orang juga punya urusan pribadi buat apa lama ujung nya ke cancel juga kalau gaada driver,3,neutral,gojek,com.gojek.app,google_play
2026-04-04 23:47:57,Big Smoke,"muak banget sama aplikasi ini,udah pakai layanan express tapi lama banget dapet drivernya, gabisa batalin pesanan tapi malah disuruh nunggu 30 menit lebih, kalau ada kendala disuruh pakai bantuan chat tapi cuma muter-muter doang pembahasannya, mending pakai aplikasi sebelah",muak banget sama aplikasi ini udah pakai layanan express tapi lama banget dapet drivernya gabisa batalin pesanan tapi malah disuruh nunggu 30 menit lebih kalau ada kendala disuruh pakai bantuan chat tapi cuma muter muter doang pembahasannya mending pakai aplikasi sebelah,3,neutral,gojek,com.gojek.app,google_play
2026-04-04 23:47:28,Together // End,"jelek banget, nunggu 3 jam lebih driver gofood ga dapat dapat. mana orang lapar lagi",jelek banget nunggu 3 jam lebih driver gofood ga dapat dapat mana orang lapar lagi,3,neutral,gojek,com.gojek.app,google_play
2026-04-04 23:41:01,anka Syauqii albari,"jelek ga ada solusi, udah nunggu 2 jam udah mau di anter malah di cancel dri sistem udah tau orang lapar, cs ga ada solusi, gausah make gojek lagi",jelek ga ada solusi udah nunggu 2 jam udah mau di anter malah di cancel dri sistem udah tau orang lapar cs ga ada solusi gausah make gojek lagi,3,neutral,gojek,com.gojek.app,google_play
2026-04-04 23:33:35,araa klaten,gofood cari driver lama 1 jam pengambilan makin jauh yg deket ada padahal,gofood cari driver lama 1 jam pengambilan makin jauh yg deket ada padahal,3,neutral,gojek,com.gojek.app,google_play
2026-04-04 23:15:11,Rena Mardiana,"keamanan kurang, pengaduan barang tertinggal call centre hanya menggunakan robot. sampe skrg hp sya yg tertinggal di gocar Tdk di kembalikan oleh driver",keamanan kurang pengaduan barang tertinggal call centre hanya menggunakan robot sampe skrg hp sya yg tertinggal di gocar tdk di kembalikan oleh driver,3,neutral,gojek,com.gojek.app,google_play
2026-04-04 23:04:39,ZZrabiatul adawiyah,"sangat membantu bagi saya yang ke mana-mana sendiri, harganya cukup terjangkau",sangat membantu bagi saya yang ke mana mana sendiri harganya cukup terjangkau,3,neutral,gojek,com.gojek.app,google_play
2026-04-04 23:01:43,vicko agung wiyono,"Sopir nya pada belagu, pada ga punya sopan santun, nunggu blm smpe 10 menit dicancel, agak jauh dikit jemput nya, ga mau ambil, suka kebut kebutan, suka marah marah, mobil bau rokok, ga punya etika. Ajarin etika dong sopir sopir lo. Jgn cuma nyari untung doang lo.",sopir nya pada belagu pada ga punya sopan santun nunggu blm smpe 10 menit dicancel agak jauh dikit jemput nya ga mau ambil suka kebut kebutan suka marah marah mobil bau rokok ga punya etika ajarin etika dong sopir sopir lo jgn cuma nyari untung doang lo,3,neutral,gojek,com.gojek.app,google_play
2026-04-04 23:00:08,Mumtaz Daffa,"segini dulu, jelek soalnya",segini dulu jelek soalnya,3,neutral,gojek,com.gojek.app,google_play
2026-04-04 22:57:15,Zero,parah nunggu lama d chat gk d respon driver tiba2 gk mau jemput parah2,parah nunggu lama d chat gk d respon driver tiba2 gk mau jemput parah2,3,neutral,gojek,com.gojek.app,google_play
2026-04-04 22:46:03,saya,woii adain pembayaran via danaa!!!! oiya lupa ongkirnya juga murahinnn!!!,woii adain pembayaran via danaa oiya lupa ongkirnya juga murahinnn,3,neutral,gojek,com.gojek.app,google_play
2026-04-04 22:36:22,Mohammad Usman Asegaf,"hmmm sekarang udah lebih stabil tapi belum ada penjelasan beda perdetik waktu itu malah naik 1800 tiap kali ubah order. ya kali naik keadaan sama cuaca tambah parah berkali kali dalam kurun waktu 30 detikan, jadi waktu itu gk jadi.",hmmm sekarang udah lebih stabil tapi belum ada penjelasan beda perdetik waktu itu malah naik 1800 tiap kali ubah order ya kali naik keadaan sama cuaca tambah parah berkali kali dalam kurun waktu 30 detikan jadi waktu itu gk jadi,3,neutral,gojek,com.gojek.app,google_play
2026-04-04 22:35:56,Meilani Ellyarosa,"terimakasih Gofood, Go-Jek",terimakasih gofood go jek,3,neutral,gojek,com.gojek.app,google_play
2026-04-04 22:27:12,Tito Dimas Fadillah,"settt susah bgt nyari driver, padahal bersliweran di sekitar, ngehe lahh buang buangin waktu, mending di apk sebelah sekarang pdhl dari dulu pakenya gojek",settt susah bgt nyari driver padahal bersliweran di sekitar ngehe lahh buang buangin waktu mending di apk sebelah sekarang pdhl dari dulu pakenya gojek,3,neutral,gojek,com.gojek.app,google_play
2026-04-04 22:18:51,Rubiatun,"mudah, murah dan aman",mudah murah dan aman,3,neutral,gojek,com.gojek.app,google_play
2026-04-04 22:18:32,Nayverr,"kenapa setiap aku pesan makanan di Gofood itu selalu di arahin ke kota? padahal rumahku kabupaten. mana di tulisannya jaraknya 2-3 Kilometer an, tapi pas di chek out malah 23 Kilometer. kasihan ke ojolnya harus jalan sejauh itu. perbaiki lah, padahal aku aktifin lokasi sama dah kasih lokasi rumahku malah di arahin ke kota.",kenapa setiap aku pesan makanan di gofood itu selalu di arahin ke kota padahal rumahku kabupaten mana di tulisannya jaraknya 2 3 kilometer an tapi pas di chek out malah 23 kilometer kasihan ke ojolnya harus jalan sejauh itu perbaiki lah padahal aku aktifin lokasi sama dah kasih lokasi rumahku malah di arahin ke kota,3,neutral,gojek,com.gojek.app,google_play
2026-04-04 22:07:20,Yutrie Endet,penolong disaat kepepet,penolong disaat kepepet,3,neutral,gojek,com.gojek.app,google_play
2026-04-04 22:01:31,Diah Susilowati,"aman, nyaman dalam perjalanan",aman nyaman dalam perjalanan,3,neutral,gojek,com.gojek.app,google_play
2026-04-04 21:58:58,Marden Marden,salam satu aspal,salam satu aspal,3,neutral,gojek,com.gojek.app,google_play
2026-04-04 21:58:35,Astrid Septyanti,Subhaanalloh.. Hari ini sungguh mengecewakan. Sebenarnya ini sudah bbrp kali sy alami. Energi sy sudah habis mau cerita. Udahlah. Rating 1 aja. Capek banget,subhaanalloh hari ini sungguh mengecewakan sebenarnya ini sudah bbrp kali sy alami energi sy sudah habis mau cerita udahlah rating 1 aja capek banget,3,neutral,gojek,com.gojek.app,google_play
2026-04-04 21:46:37,Pau Llus 03,Suka dr dlu sm aplikasi ini,suka dr dlu sm aplikasi ini,3,neutral,gojek,com.gojek.app,google_play
2026-04-04 21:43:42,Akun sementara,"yg bnr aj lh, saya udh masukin 2nomor yang berbeda (itu nomor saya), tp malah masuk akun org, gmn ceritanya cb (gmail jg punya saya), tp tiba² beda gmail. jd gmn saya mau buat akun?, pake akun org lain? saya pesennya?",yg bnr aj lh saya udh masukin 2nomor yang berbeda itu nomor saya tp malah masuk akun org gmn ceritanya cb gmail jg punya saya tp tiba beda gmail jd gmn saya mau buat akun pake akun org lain saya pesennya,3,neutral,gojek,com.gojek.app,google_play
2026-04-04 21:42:35,Adhitya Maryam,"lelet banget gofood nunggu sejam bru bisa cancel, buang buang waktu",lelet banget gofood nunggu sejam bru bisa cancel buang buang waktu,3,neutral,gojek,com.gojek.app,google_play
2026-04-04 21:42:32,Stein Amsikan,driver lu kemana?? pada tewas kah??,driver lu kemana pada tewas kah,3,neutral,gojek,com.gojek.app,google_play
2026-04-04 21:41:06,Infinix Hot 50 4g,sangat membantu Terima kasih,sangat membantu terima kasih,3,neutral,gojek,com.gojek.app,google_play
2026-04-04 21:30:53,Asep Purnama,"Mengecewakan, kalau tidak bisa diperbaiki saya pertimbangkan UN install, pindah ke apk lain.",mengecewakan kalau tidak bisa diperbaiki saya pertimbangkan un install pindah ke apk lain,3,neutral,gojek,com.gojek.app,google_play
2026-04-04 21:29:03,muhammad arif,lama dapet driver gofood,lama dapet driver gofood,3,neutral,gojek,com.gojek.app,google_play
2026-04-04 21:20:52,Izzah Kamila,"Saya cukup kecewa sebagai user yang baru kembali menggunakan Gojek . Hari ini Saya menggunakan fitur beli barang di apk Gojek , Namun Saya tidak dapat driver untuk membelikan barang . Awalnya harga yang tertera normal , kisaran harga juga sesuai seperti yang saya cantumkan. Namun setelah beberapa saat , setelah mencari driver ke dua kalinya , Harga yang saya cantumkan jadi 3 kali lipat . Alhasil setelah barangnya datang , Saya harus membayar dengan harga diluar nalar tsb.:) 💔",saya cukup kecewa sebagai user yang baru kembali menggunakan gojek hari ini saya menggunakan fitur beli barang di apk gojek namun saya tidak dapat driver untuk membelikan barang awalnya harga yang tertera normal kisaran harga juga sesuai seperti yang saya cantumkan namun setelah beberapa saat setelah mencari driver ke dua kalinya harga yang saya cantumkan jadi 3 kali lipat alhasil setelah barangnya datang saya harus membayar dengan harga diluar nalar tsb,3,neutral,gojek,com.gojek.app,google_play
2026-04-04 21:16:41,Wahdinah Sarip,"top up gopay duit gak masuk, complain gak ada follow up, emang gampang cari duit?",top up gopay duit gak masuk complain gak ada follow up emang gampang cari duit,3,neutral,gojek,com.gojek.app,google_play
2026-04-04 21:16:09,Idzawahyuning Putri,"Baru nyoba pesan gak dapat driver ini bagaimana??? Tolong di tingkatkan driver nya,emang pada sibuk kah??🙏🙏🙏",baru nyoba pesan gak dapat driver ini bagaimana tolong di tingkatkan driver nya emang pada sibuk kah,3,neutral,gojek,com.gojek.app,google_play
2026-04-04 21:11:44,Call Me Dudex,2026 cari driver go food makin syuliit!!!,2026 cari driver go food makin syuliit,3,neutral,gojek,com.gojek.app,google_play
2026-04-04 21:08:43,yutt Borneo,"gak jelas nih gofood 3 kali order pske harga ongkir mahal tetep gak dapet driver , nungguin kalian pesan makan keburu asam lambung naik bangke emang",gak jelas nih gofood 3 kali order pske harga ongkir mahal tetep gak dapet driver nungguin kalian pesan makan keburu asam lambung naik bangke emang,3,neutral,gojek,com.gojek.app,google_play
2026-04-04 21:07:14,Catur Tjah Cityzen,aplikasi jelek programnya jg jelek.....,aplikasi jelek programnya jg jelek,3,neutral,gojek,com.gojek.app,google_play
2026-04-04 21:05:52,Fina Project,sudah 5 kali pesan gofood. selama 2 jam an tapi nda ada yg ambil oleh drivernya. saya kecewa berat,sudah 5 kali pesan gofood selama 2 jam an tapi nda ada yg ambil oleh drivernya saya kecewa berat,3,neutral,gojek,com.gojek.app,google_play
2026-04-04 21:00:13,Dengan Jejak,"sistem kapitalis yang tidak masuk akal,membuat aplikator mengkambing hitamkan driver. Kalau punya hati,lebih baik perbaiki bukan mencaci",sistem kapitalis yang tidak masuk akal membuat aplikator mengkambing hitamkan driver kalau punya hati lebih baik perbaiki bukan mencaci,3,neutral,gojek,com.gojek.app,google_play
2026-04-04 20:41:47,Yudha Wijaya,"pesan makanan lewat gofood. pakai pengiriman express yang dijamin tepat waktu, udah nunggu sejam lebih. ternyata dibatalin sepihak sama gojek nya. padahal di chatbot pilih lanjutkan pembelian berkali2, bersabar menunggu. ternyata direspon sama gojek dengan status ""diBATAL-in"" oleh gojek nya sueddiihhh nya perut ku, meronta-ronta",pesan makanan lewat gofood pakai pengiriman express yang dijamin tepat waktu udah nunggu sejam lebih ternyata dibatalin sepihak sama gojek nya padahal di chatbot pilih lanjutkan pembelian berkali2 bersabar menunggu ternyata direspon sama gojek dengan status dibatal in oleh gojek nya sueddiihhh nya perut ku meronta ronta,3,neutral,gojek,com.gojek.app,google_play
2026-04-04 20:38:16,Komang Norista,pokoknya makasi banyak untuk gojek,pokoknya makasi banyak untuk gojek,3,neutral,gojek,com.gojek.app,google_play
2026-04-04 20:36:27,Wanto Chicken,Jooss pokok nya,jooss pokok nya,3,neutral,gojek,com.gojek.app,google_play
2026-04-04 20:33:20,Flaminggo Tocoz,"pelayanan pencarian driver sangat buruk , bisa sampe hampir 1 jam ga dapet² gilaaa, mending pindah ke sebelah sih ini lelet bener",pelayanan pencarian driver sangat buruk bisa sampe hampir 1 jam ga dapet gilaaa mending pindah ke sebelah sih ini lelet bener,3,neutral,gojek,com.gojek.app,google_play
2026-04-04 20:19:25,Agus Budiadi,aplikasinya jelek merugikan penggun dan driver jgn di dunlon ya ntr hapi di haiker,aplikasinya jelek merugikan penggun dan driver jgn di dunlon ya ntr hapi di haiker,3,neutral,gojek,com.gojek.app,google_play
2026-04-04 20:18:10,doy 15,"untuk gocar nya knapa ya kalo sekiranya ga ada niat buat narik aplikasinya ga di matiin aja , bikin php orang sama buang buang waktu aja 3x pesan dapet ga di batalin langsung, giliran udah lama nunggu baru ngebatalin jemputan aneh , tolong dong yg gitu gitu di benahin lagi , inget waktu adalah uang dan hargai customer jangan sampe bikin kesel customer . .",untuk gocar nya knapa ya kalo sekiranya ga ada niat buat narik aplikasinya ga di matiin aja bikin php orang sama buang buang waktu aja 3x pesan dapet ga di batalin langsung giliran udah lama nunggu baru ngebatalin jemputan aneh tolong dong yg gitu gitu di benahin lagi inget waktu adalah uang dan hargai customer jangan sampe bikin kesel customer,3,neutral,gojek,com.gojek.app,google_play
2026-04-04 20:17:29,Sutisna Patas,thank aman berkendaranya,thank aman berkendaranya,3,neutral,gojek,com.gojek.app,google_play
2026-04-04 20:14:46,Muhammad Munadi Al khairi (Munadikuy),"jadi susah cari driver, dapet nya jauh jauh mulu",jadi susah cari driver dapet nya jauh jauh mulu,3,neutral,gojek,com.gojek.app,google_play
2026-04-04 20:09:11,Gerald Armando,nunggu drivernya lama bgttt ada kali sejaman hadehhh,nunggu drivernya lama bgttt ada kali sejaman hadehhh,3,neutral,gojek,com.gojek.app,google_play
2026-04-04 20:09:05,Adin Abdilah,masa nunggu sampe satu jam masih gk sampe² yang bnr dong seleksi orang jadi driver,masa nunggu sampe satu jam masih gk sampe yang bnr dong seleksi orang jadi driver,3,neutral,gojek,com.gojek.app,google_play
2026-04-04 19:52:45,Rizki S,ini kenapa map nya nge bug lokasi di map udh bener tapi tulisan lok nya salah,ini kenapa map nya nge bug lokasi di map udh bener tapi tulisan lok nya salah,3,neutral,gojek,com.gojek.app,google_play
2026-04-04 19:51:40,Anggi Tampubolon,ongkir gofood mahal banget🥲🥲,ongkir gofood mahal banget,3,neutral,gojek,com.gojek.app,google_play
2026-04-04 19:50:38,Sugeng Noviansyah,"makin ke sini makin lemot, pengen liar riwayat aje muter muluuu",makin ke sini makin lemot pengen liar riwayat aje muter muluuu,3,neutral,gojek,com.gojek.app,google_play
2026-04-04 19:46:13,Windri Septian,ngsih driver jng yg jauh kasian penumpang dan drivernya,ngsih driver jng yg jauh kasian penumpang dan drivernya,3,neutral,gojek,com.gojek.app,google_play
2026-04-04 19:37:38,Zahal Mahfudz,lelet cari orderan kalau sekarang mah,lelet cari orderan kalau sekarang mah,3,neutral,gojek,com.gojek.app,google_play
2026-04-04 19:32:47,griezy,driver gofood lu pada males semua,driver gofood lu pada males semua,3,neutral,gojek,com.gojek.app,google_play
2026-04-04 19:31:42,Thomy zig'zag,kendaraan banyak gak mau ambil padahal jarak cuma.3km ongkos 20k pada gk mau ambil pihak gojeg kurang bagus ke pelanggan yah,kendaraan banyak gak mau ambil padahal jarak cuma 3km ongkos 20k pada gk mau ambil pihak gojeg kurang bagus ke pelanggan yah,3,neutral,gojek,com.gojek.app,google_play
2026-04-04 19:30:18,wahyudi 7777,"susah dapat driver kalau memang sdh ga mau kerja lagi nanti kita buat aplikasi lokal saja, alasannya jam sibuk pdhl sdh jam 23.00 dan saya melihat ada driver yg dilokasi. untuk beli gofood jg susah mau dibatalkan sdh buang waktu",susah dapat driver kalau memang sdh ga mau kerja lagi nanti kita buat aplikasi lokal saja alasannya jam sibuk pdhl sdh jam 23 00 dan saya melihat ada driver yg dilokasi untuk beli gofood jg susah mau dibatalkan sdh buang waktu,3,neutral,gojek,com.gojek.app,google_play
2026-04-04 19:29:35,Widiyatno M,drivernya pilih². tidak mau jarak dekat. cari driver 10 menit tdk ada yg mau ambil,drivernya pilih tidak mau jarak dekat cari driver 10 menit tdk ada yg mau ambil,3,neutral,gojek,com.gojek.app,google_play
2026-04-04 19:12:26,Risma Wati,sebenarnya mah ongkir nya mahal banget di bandingkan harga beli nya,sebenarnya mah ongkir nya mahal banget di bandingkan harga beli nya,3,neutral,gojek,com.gojek.app,google_play
2026-04-04 19:07:40,Hanif Saputra,"tolong buat driver yg udah tua"" di berhenti kan kasian masih byk yg mudah"" gesit",tolong buat driver yg udah tua di berhenti kan kasian masih byk yg mudah gesit,3,neutral,gojek,com.gojek.app,google_play
2026-04-04 19:03:41,Septiyan Hendiyana,"biaya2 di gofood udh ga masuk akal! jasa antarnya dekat masih wajar, tp bayangkan, beli makanan 30rb, kena biaya jasa ga jelas 25rb. orang gila mana yg mau order?",biaya2 di gofood udh ga masuk akal jasa antarnya dekat masih wajar tp bayangkan beli makanan 30rb kena biaya jasa ga jelas 25rb orang gila mana yg mau order,3,neutral,gojek,com.gojek.app,google_play
2026-04-04 18:55:12,Ganda Priscilla,"heran, gw yg gak di respon driver tp justru tarifnya makin di naikkin terus setiap mau order ulang. kocakkk",heran gw yg gak di respon driver tp justru tarifnya makin di naikkin terus setiap mau order ulang kocakkk,3,neutral,gojek,com.gojek.app,google_play
2026-04-04 18:54:07,Ismaika Nur Baety,"saya pesan gofood dari jam 18.00 baru dapet driver jam 18.51 ,sudah saya chat ke Cs nya buat batalin malah muter"" gak jelas penjelasanya .. lamaaaa dapat drivernya !!!!!",saya pesan gofood dari jam 18 00 baru dapet driver jam 18 51 sudah saya chat ke cs nya buat batalin malah muter gak jelas penjelasanya lamaaaa dapat drivernya,3,neutral,gojek,com.gojek.app,google_play
2026-04-04 18:52:44,Laudya Shafiqha salwa,sehat2 ya pak,sehat2 ya pak,3,neutral,gojek,com.gojek.app,google_play
2026-04-04 18:50:54,Desi Astika,sejauh ini cukup bagus dan membantu👍🏻,sejauh ini cukup bagus dan membantu,3,neutral,gojek,com.gojek.app,google_play
2026-04-04 18:50:43,Siti Nabila,"akun baru tiba-tiba di blokir karna katanya ngelakuin pelanggaran, di pake juga belom",akun baru tiba tiba di blokir karna katanya ngelakuin pelanggaran di pake juga belom,3,neutral,gojek,com.gojek.app,google_play
2026-04-04 18:35:33,naeraimutkiyut,"bagus,cuma kadang ngelag,amanah jugaa",bagus cuma kadang ngelag amanah jugaa,3,neutral,gojek,com.gojek.app,google_play
2026-04-04 18:32:04,F2_Fauzy Rizky Ramadhan,penggunaaan mudah cepat dan menyenangkan,penggunaaan mudah cepat dan menyenangkan,3,neutral,gojek,com.gojek.app,google_play
2026-04-04 18:22:10,Zuanita Az - Zahra,"ongkos terlalu mahal, padahal sudah berlangganan gojek plus",ongkos terlalu mahal padahal sudah berlangganan gojek plus,3,neutral,gojek,com.gojek.app,google_play
2026-04-04 18:13:44,Habibi Kakaka,aplikasi bego lemot responya ga ada gafaham dah gimana ini sistemnya,aplikasi bego lemot responya ga ada gafaham dah gimana ini sistemnya,3,neutral,gojek,com.gojek.app,google_play
2026-04-04 18:12:29,Syifa Latifah,adakan pembayaran via dana pls 🙏,adakan pembayaran via dana pls,3,neutral,gojek,com.gojek.app,google_play
2026-04-04 18:02:04,Widya Rahayu,"Gue belakangan asli kesel banget, kalo pilih mitra yang emang niat kerja gitu loh. Sering banget udah dapet driver tapi driver gak jalan terus dengan seribu alesan gak bisa ambil orderan, ujung-ujungnya minta cancel. Padahal menurut gue tarif juga sesuai bahkan gue kalo bayar itu gue lebihin bisa sampe 2x lipat, dievaluasi lagi mitra mintranya yang memang sering di cancel atau mengcancel customer. Merugikan customer banget, gue pake GRAB langsung dijemput tanpa BaBiBu",gue belakangan asli kesel banget kalo pilih mitra yang emang niat kerja gitu loh sering banget udah dapet driver tapi driver gak jalan terus dengan seribu alesan gak bisa ambil orderan ujung ujungnya minta cancel padahal menurut gue tarif juga sesuai bahkan gue kalo bayar itu gue lebihin bisa sampe 2x lipat dievaluasi lagi mitra mintranya yang memang sering di cancel atau mengcancel customer merugikan customer banget gue pake grab langsung dijemput tanpa babibu,3,neutral,gojek,com.gojek.app,google_play
2026-04-04 18:00:26,Nicholas Gregson,"driver nya gak jelas, suka sengaja menjauh dari titik",driver nya gak jelas suka sengaja menjauh dari titik,3,neutral,gojek,com.gojek.app,google_play
2026-04-04 17:57:27,Rio Kristian,"Pesanan Go food sering telat, CS bisanya Maaf doang",pesanan go food sering telat cs bisanya maaf doang,3,neutral,gojek,com.gojek.app,google_play
2026-04-04 17:50:08,Davina Elshanum,sangat membatu di saat di butuh kan hingga semua beres,sangat membatu di saat di butuh kan hingga semua beres,3,neutral,gojek,com.gojek.app,google_play
2026-04-04 17:43:46,Indra Ahmad Ryansyah,"setiap kali pesen gocar, gocar tidak bergerak dan sopir di telpon tidak bisa di hubungin tolong di perbaiki lagi",setiap kali pesen gocar gocar tidak bergerak dan sopir di telpon tidak bisa di hubungin tolong di perbaiki lagi,3,neutral,gojek,com.gojek.app,google_play
2026-04-04 17:30:47,Heroes Cell,jadi aplikasi sampah ga guna..nunggu driver lama...makanya jgn orientasi cari untung aja...,jadi aplikasi sampah ga guna nunggu driver lama makanya jgn orientasi cari untung aja,3,neutral,gojek,com.gojek.app,google_play
2026-04-04 17:26:42,Adisti Madaniah Islami,"Susah cari gocar, sudah dapetpun sampe nunggu 2 jam. Cari yang lain masih nunggu lama, terpaksa di cancel dan naik taxi aja.",susah cari gocar sudah dapetpun sampe nunggu 2 jam cari yang lain masih nunggu lama terpaksa di cancel dan naik taxi aja,3,neutral,gojek,com.gojek.app,google_play
2026-04-04 17:24:16,Akmal Rafi Athallah,Desain aplikasinya mantap dan layanannya memuaskan 👍,desain aplikasinya mantap dan layanannya memuaskan,3,neutral,gojek,com.gojek.app,google_play
2026-04-04 17:09:53,Aulia Tushiva,tolong perbaiki map delay,tolong perbaiki map delay,3,neutral,gojek,com.gojek.app,google_play
2026-04-04 16:32:35,Tia Bali galeria,"susah cari driver, driver bisa cancel seenaknya",susah cari driver driver bisa cancel seenaknya,3,neutral,gojek,com.gojek.app,google_play
2026-04-04 16:23:01,W. nurainiii,tiap pesan gocar selalu lama dapatnya lalu diterima tapi tidak jalan-jalan. kecewa bgt !!!,tiap pesan gocar selalu lama dapatnya lalu diterima tapi tidak jalan jalan kecewa bgt,3,neutral,gojek,com.gojek.app,google_play
2026-04-04 16:03:13,Dellya Winda Yuniar,"Please, Gojek, adain FITUR 'Jangan ajak ngobrol'. Soalnya kadang capek ngeladenin driver yg sering curhat. Malah pernah juga dicurhatin masalah selingkuhannya. Masalahnya aku tuh ga enakan kalo mau cuek tuh. Please, lah, yg ini butuh banget. Apalagi kalo pas lagi capek di jalan. Males ngobrol bawaannya.",please gojek adain fitur jangan ajak ngobrol soalnya kadang capek ngeladenin driver yg sering curhat malah pernah juga dicurhatin masalah selingkuhannya masalahnya aku tuh ga enakan kalo mau cuek tuh please lah yg ini butuh banget apalagi kalo pas lagi capek di jalan males ngobrol bawaannya,3,neutral,gojek,com.gojek.app,google_play
2026-04-04 15:52:35,verza duck,"kenapa kok jalan yang pendek gabisa rusak apa gimana apk ini tolong diperbaiki ya, sampah banget padahal cuma deket suruh pastikan jarak jangan tolol deh klo buat apk ya sebagai pengguna ya menyesuaikan jarak dia mau kemana kenapa kok malah gabisa suruh pastikan jarak dan gabisa dilanjutkan pilihan saya TERUNTUK DEVELOPER TOLONG DIBENAHI APK NYA JANGAN ASAL MAIN PASTIKAN LOKASI LAGI DAN GABISA MILIH YANG UDAH KITA CANTUMKAN PADAHAL DARI PENGGUNA SUDAH MEMASUKKAN JARAK YANG MAU DI TEMPUH.",kenapa kok jalan yang pendek gabisa rusak apa gimana apk ini tolong diperbaiki ya sampah banget padahal cuma deket suruh pastikan jarak jangan tolol deh klo buat apk ya sebagai pengguna ya menyesuaikan jarak dia mau kemana kenapa kok malah gabisa suruh pastikan jarak dan gabisa dilanjutkan pilihan saya teruntuk developer tolong dibenahi apk nya jangan asal main pastikan lokasi lagi dan gabisa milih yang udah kita cantumkan padahal dari pengguna sudah memasukkan jarak yang mau di tempuh,3,neutral,gojek,com.gojek.app,google_play
2026-04-04 15:48:14,akunpreziku2 fuuu,driver nya baik,driver nya baik,3,neutral,gojek,com.gojek.app,google_play
2026-04-04 15:42:11,Zaini Mubarok,aplikasi aneh bin ajaib. kasih rating 1 saja,aplikasi aneh bin ajaib kasih rating 1 saja,3,neutral,gojek,com.gojek.app,google_play
2026-04-04 15:40:57,Marsono,Mantab dan lancar,mantab dan lancar,3,neutral,gojek,com.gojek.app,google_play
2026-04-04 15:37:22,Gilang Realme,"mantap, semoga Istiqomah",mantap semoga istiqomah,3,neutral,gojek,com.gojek.app,google_play
2026-04-04 15:31:03,Ridho Putra Purnomo,Makin kesini makin susah dapat driver,makin kesini makin susah dapat driver,3,neutral,gojek,com.gojek.app,google_play
2026-04-04 15:28:26,Nur Asiyah Asiyah,bagus banget..cepet sampai nya,bagus banget cepet sampai nya,3,neutral,gojek,com.gojek.app,google_play
2026-04-04 15:19:29,Riska Mung,kenapa siih driver mobil itu selalu cancel kalau order hujan2. emang ga niat banget kerja.,kenapa siih driver mobil itu selalu cancel kalau order hujan2 emang ga niat banget kerja,3,neutral,gojek,com.gojek.app,google_play
2026-04-04 15:15:31,Yustika Nurul Fadillah,"kenapa jadi kaya gini yaa gojek? lemot, belum lagi lama dapat drivernya, udah milih harga biasa jga tetep lama dapat drivernya. ada masalah apa ya?",kenapa jadi kaya gini yaa gojek lemot belum lagi lama dapat drivernya udah milih harga biasa jga tetep lama dapat drivernya ada masalah apa ya,3,neutral,gojek,com.gojek.app,google_play
2026-04-04 15:08:49,Eka Agus,saya kecewa dengan gojek uang saya di bawa pergi katanya mau di tukarkan tapi sampai saat ini ridaki kembali,saya kecewa dengan gojek uang saya di bawa pergi katanya mau di tukarkan tapi sampai saat ini ridaki kembali,3,neutral,gojek,com.gojek.app,google_play
2026-04-04 15:05:53,Rindang Nailah,"kesalahan pada orderan dan respon lama, minta foto makanan yg diorder, tapi respon lama. yaa sudah dikasih ke orang makanan yg ga sesuai orderan. keburu basi, uninstal dahh ga rekom",kesalahan pada orderan dan respon lama minta foto makanan yg diorder tapi respon lama yaa sudah dikasih ke orang makanan yg ga sesuai orderan keburu basi uninstal dahh ga rekom,3,neutral,gojek,com.gojek.app,google_play
2026-04-04 14:57:52,Tokopedia alimaro,admin nya sampah,admin nya sampah,3,neutral,gojek,com.gojek.app,google_play
2026-04-04 14:57:23,Lenny Haryati,setiap nyari gosend sering dicancel...,setiap nyari gosend sering dicancel,3,neutral,gojek,com.gojek.app,google_play
2026-04-04 14:25:58,洪菱锹,"kalo pesen gofood udh nunggu lama, trs dibatalin, gadpt kompensasi apaapa",kalo pesen gofood udh nunggu lama trs dibatalin gadpt kompensasi apaapa,3,neutral,gojek,com.gojek.app,google_play
2026-04-04 14:25:44,Teryyana wijaya,pesenan aku sering di batalin huh😡😡😡😡😡😡😡😡😡😡😡😡😡😡😡😡😡😡😡😡😡😡😡😡😡😡😡😡😡😡😡😡,pesenan aku sering di batalin huh,3,neutral,gojek,com.gojek.app,google_play
2026-04-04 14:10:49,Burhanuddin Rabbani,"tidak transparan dalam ratting costumer, sedangkan driver dengan mudah mengetahui ratting nya. sangat tidak adil.",tidak transparan dalam ratting costumer sedangkan driver dengan mudah mengetahui ratting nya sangat tidak adil,3,neutral,gojek,com.gojek.app,google_play
2026-04-04 14:07:34,Mulyono Rasta,"tolong dong diperbaiki jangan iklan doang yg di bagusin, 2 hari paket instan saya baru di pu, orderan paket ga ada yg ambil",tolong dong diperbaiki jangan iklan doang yg di bagusin 2 hari paket instan saya baru di pu orderan paket ga ada yg ambil,3,neutral,gojek,com.gojek.app,google_play
2026-04-04 13:59:23,Yuli Ulee,nhebantu bgt kalo saya lagi ribet,nhebantu bgt kalo saya lagi ribet,3,neutral,gojek,com.gojek.app,google_play
2026-04-04 13:45:08,Iskandar Maulana,bagus mengentas pengangguran,bagus mengentas pengangguran,3,neutral,gojek,com.gojek.app,google_play
2026-04-04 13:38:26,dhifa nadhifa,bantu bgt kalo laper TPI males keluar atau masak,bantu bgt kalo laper tpi males keluar atau masak,3,neutral,gojek,com.gojek.app,google_play
2026-04-04 13:24:14,albert setiana,terlalu lama vlcari drivernya padahal didepan Mall cityplazza banyak driver sudah nunggu 30 menit mau kirim paket.masih gak dapet driver,terlalu lama vlcari drivernya padahal didepan mall cityplazza banyak driver sudah nunggu 30 menit mau kirim paket masih gak dapet driver,3,neutral,gojek,com.gojek.app,google_play
2026-04-04 13:24:06,Samiddd 05,aplikasi gak jelas,aplikasi gak jelas,3,neutral,gojek,com.gojek.app,google_play
2026-04-04 13:13:51,Reni Ulfa,keamanan kurang yang gampang dicuri,keamanan kurang yang gampang dicuri,3,neutral,gojek,com.gojek.app,google_play
2026-04-04 13:00:32,Baa Nii,"saya sudah menghentikan iklan di amplifikasi, dan mengajukan penghentian iklan di bantuan. tapi tagihan masih berjalan kok di anggap tidak ada apa apa. masalah nya saya sangat keberatan dengan biaya iklan karena tidak ada pesanan sama sekali selama ikut iklan. dalam satu tahun saja hanya beberapa pesanan yang masuk",saya sudah menghentikan iklan di amplifikasi dan mengajukan penghentian iklan di bantuan tapi tagihan masih berjalan kok di anggap tidak ada apa apa masalah nya saya sangat keberatan dengan biaya iklan karena tidak ada pesanan sama sekali selama ikut iklan dalam satu tahun saja hanya beberapa pesanan yang masuk,3,neutral,gojek,com.gojek.app,google_play
2026-04-04 12:38:46,Fauziah Ika Mawarni,Susah banget sekarang kalo pesen gofood ga dapet driver hampir 2 jam..,susah banget sekarang kalo pesen gofood ga dapet driver hampir 2 jam,3,neutral,gojek,com.gojek.app,google_play
2026-04-04 12:38:28,NuruL Dimas,mantap pakai gojek,mantap pakai gojek,3,neutral,gojek,com.gojek.app,google_play
2026-04-04 12:32:11,Suhelmi Manullang,"“Driver sangat ramah, sopan, dan profesional. Berkendara dengan aman serta memperhatikan kenyamanan penumpang selama perjalanan. Komunikasi juga sangat baik dan tepat waktu saat penjemputan. Terima kasih atas pelayanannya yang sangat memuaskan. Semoga selalu diberikan kelancaran dan semakin sukses ke depannya.”",driver sangat ramah sopan dan profesional berkendara dengan aman serta memperhatikan kenyamanan penumpang selama perjalanan komunikasi juga sangat baik dan tepat waktu saat penjemputan terima kasih atas pelayanannya yang sangat memuaskan semoga selalu diberikan kelancaran dan semakin sukses ke depannya,3,neutral,gojek,com.gojek.app,google_play
2026-04-04 12:16:42,fernando girsang,susah dapat driver di medan,susah dapat driver di medan,3,neutral,gojek,com.gojek.app,google_play
2026-04-04 12:09:16,Sutrisno Trisno,ramah tepat waktu,ramah tepat waktu,3,neutral,gojek,com.gojek.app,google_play
2026-04-04 11:54:23,Abdul Matin,makin susah dapet driver. sekalinya dapet dikasih yang jauh. udah gitu malah dikasih opsi pencarian cepat yang musti ngasih buiaya tambahan.,makin susah dapet driver sekalinya dapet dikasih yang jauh udah gitu malah dikasih opsi pencarian cepat yang musti ngasih buiaya tambahan,3,neutral,gojek,com.gojek.app,google_play
2026-04-04 11:19:04,Andhika Subono,bagus & sangat membantu,bagus sangat membantu,3,neutral,gojek,com.gojek.app,google_play
2026-04-04 10:40:27,rangga Setiawan,aplikasi apaan dah ini lemot bener Uda beberapa Minggu,aplikasi apaan dah ini lemot bener uda beberapa minggu,3,neutral,gojek,com.gojek.app,google_play
2026-04-04 10:30:34,Fatimah Fat,sangat membantu dalam urusan bertransportasi,sangat membantu dalam urusan bertransportasi,3,neutral,gojek,com.gojek.app,google_play
2026-04-04 10:23:54,koharudin koharudin,saya menyesal dan kecewa pesan gocar bawa bayi tapi AC nya panas seperti ga pake AC..,saya menyesal dan kecewa pesan gocar bawa bayi tapi ac nya panas seperti ga pake ac,3,neutral,gojek,com.gojek.app,google_play
2026-04-04 10:23:34,bolot binbudeg,bahan bakar adalah kunci utama.ongkos goceng hari gini beli kopi seduh doank.,bahan bakar adalah kunci utama ongkos goceng hari gini beli kopi seduh doank,3,neutral,gojek,com.gojek.app,google_play
2026-04-04 10:06:55,novita sari,saya suka aplikasi gojek Krn mudah mencari titik penjemputan dan tujuan. drivernya slalu mau mengantar sampai ketempat tujuan walau titik tujuannya Gak sesuai GPS.,saya suka aplikasi gojek krn mudah mencari titik penjemputan dan tujuan drivernya slalu mau mengantar sampai ketempat tujuan walau titik tujuannya gak sesuai gps,3,neutral,gojek,com.gojek.app,google_play
2026-04-04 09:17:44,Hamdani Wijaya,mohon bertanya ini untuk amplikasi naik antar jemput kah,mohon bertanya ini untuk amplikasi naik antar jemput kah,3,neutral,gojek,com.gojek.app,google_play
2026-04-04 09:15:57,Deden Iskandar,aman dan cepat,aman dan cepat,3,neutral,gojek,com.gojek.app,google_play
2026-04-04 08:55:40,Rofiah,"sangat sangat sukaaa, aplikasinya sangat memudahkan segala urusan mulai dari antar jemput, pesan makanan,beli kebutuhan dapur dll. Pokoknya manteplah👍🏻👍🏻",sangat sangat sukaaa aplikasinya sangat memudahkan segala urusan mulai dari antar jemput pesan makanan beli kebutuhan dapur dll pokoknya manteplah,3,neutral,gojek,com.gojek.app,google_play
2026-04-04 08:19:54,Nada D.Islami,"susah dapat driver, dpt pun g direspon sama driver nunggu lama banget eh trnyta g ada niatan jemput.. parah emang. aplikasi sebelah drivernya responsif kalo emang g bs jemput ya hub.pelanggan..",susah dapat driver dpt pun g direspon sama driver nunggu lama banget eh trnyta g ada niatan jemput parah emang aplikasi sebelah drivernya responsif kalo emang g bs jemput ya hub pelanggan,3,neutral,gojek,com.gojek.app,google_play
2026-04-04 08:06:19,Rangga Hidayat,bagus lahh aplikasinya krna bnyk voucher,bagus lahh aplikasinya krna bnyk voucher,3,neutral,gojek,com.gojek.app,google_play
2026-04-04 07:43:58,Setia Wati,"keluhan ttg susah dpt goride ditampung IMAM GHOZALI opertor malah kita dibilang gak paham aplikasi gak paham pdhal kami setiap hari bergulat dg komputer & kami py D1 komputer, kalau memang aplikasinya bermasalah knp tidak mengakui saja!!!!!gak heran knapa pd pindah ke Grab, Maxim & aplikasi ojol lainnya.",keluhan ttg susah dpt goride ditampung imam ghozali opertor malah kita dibilang gak paham aplikasi gak paham pdhal kami setiap hari bergulat dg komputer kami py d1 komputer kalau memang aplikasinya bermasalah knp tidak mengakui saja gak heran knapa pd pindah ke grab maxim aplikasi ojol lainnya,3,neutral,gojek,com.gojek.app,google_play
2026-04-04 07:23:20,Mohamad Ramdan,"Very good, selalu bisa diandalkan",very good selalu bisa diandalkan,3,neutral,gojek,com.gojek.app,google_play
2026-04-04 07:16:21,Ali Robert,cepat tepat smart,cepat tepat smart,3,neutral,gojek,com.gojek.app,google_play
2026-04-04 06:54:35,Ramon Ptm,parah lu punya driver gua nungguin 30 menit kaga ada datang KLO lu punya driver kaga niat mending bloking nyesel gua donlod app gojek,parah lu punya driver gua nungguin 30 menit kaga ada datang klo lu punya driver kaga niat mending bloking nyesel gua donlod app gojek,3,neutral,gojek,com.gojek.app,google_play
2026-04-04 06:27:22,Aisyah Zahra delia,jujur kurang enak pake aplikasi gojek karna dapet pengalaman ga enak banget dari driver nya udah bokiing yang prioritas ttp lama di jemputnya minimal sesuai lh ya,jujur kurang enak pake aplikasi gojek karna dapet pengalaman ga enak banget dari driver nya udah bokiing yang prioritas ttp lama di jemputnya minimal sesuai lh ya,3,neutral,gojek,com.gojek.app,google_play
2026-04-04 03:21:03,Nur Ikhsan,"lu bikin map pengantaran gofood gimana sih? map lu kaga gerak bro, gw kaga bisa ngeliat pergerakan si Drivernya secara real time, gw kasih bintang 2",lu bikin map pengantaran gofood gimana sih map lu kaga gerak bro gw kaga bisa ngeliat pergerakan si drivernya secara real time gw kasih bintang 2,3,neutral,gojek,com.gojek.app,google_play
2026-04-04 01:51:52,Abu Hasan Alansari,"kasian kali Para driver Gocar gojek, info nya Mereka dapat Dikit Untung ongkos dari uang penumpang bayar di aplikasi gojek. contoh aja, SAYA BAYAR PAKAI GOPAY pesan gocar dikenahkan 54.000 , dan si driver hanya dapat 30.000 kasian kali kan banyak kali potongan ongkos dilakukan PIHAK APLIKASI GOJEK merugikan driver. tolong lah bantu UP dan evaluasi potongan nya agar Nyama para driver, kasian melihat mereka bensin mobil + AC mobil lagi diberikan driver kepada kami penumpang agar nyaman.",kasian kali para driver gocar gojek info nya mereka dapat dikit untung ongkos dari uang penumpang bayar di aplikasi gojek contoh aja saya bayar pakai gopay pesan gocar dikenahkan 54 000 dan si driver hanya dapat 30 000 kasian kali kan banyak kali potongan ongkos dilakukan pihak aplikasi gojek merugikan driver tolong lah bantu up dan evaluasi potongan nya agar nyama para driver kasian melihat mereka bensin mobil ac mobil lagi diberikan driver kepada kami penumpang agar nyaman,3,neutral,gojek,com.gojek.app,google_play
2026-04-04 01:34:55,Muhammad Ade,cukup membantu ketika mager hee,cukup membantu ketika mager hee,3,neutral,gojek,com.gojek.app,google_play
2026-04-04 01:30:33,sella ella,"kecewa parah bgt sm ini apk, udah 2x di cancel gtu aja pas mesen makanan. mana lama nungguin nya, org mana yg tahan nahan rasa lapar berjam"" . di perbaiki lg y untuk servis ny. mau gnti apk dan gaakan pernah pke gjek lg thks 🙂",kecewa parah bgt sm ini apk udah 2x di cancel gtu aja pas mesen makanan mana lama nungguin nya org mana yg tahan nahan rasa lapar berjam di perbaiki lg y untuk servis ny mau gnti apk dan gaakan pernah pke gjek lg thks,3,neutral,gojek,com.gojek.app,google_play
2026-04-04 01:11:03,Zack Arya,"makin kesini makin gk bener nih aplikasi, byk yg komplain susahnya cari driver, argo gk ngotak, perbaikan layanannya mu woooy",makin kesini makin gk bener nih aplikasi byk yg komplain susahnya cari driver argo gk ngotak perbaikan layanannya mu woooy,3,neutral,gojek,com.gojek.app,google_play
2026-04-03 23:45:50,Indonesia Glory,GO MART SUDAH MEMBUAT TITIK KE ASTON TAPI SAAT PESAN GESER KE SUN CITY INI GAK BISA DI CANCEL SUDAH BERJAM JAM. BAGAIMANA IN TANGGUNG JAWABNYA,go mart sudah membuat titik ke aston tapi saat pesan geser ke sun city ini gak bisa di cancel sudah berjam jam bagaimana in tanggung jawabnya,3,neutral,gojek,com.gojek.app,google_play
2026-04-03 23:33:32,Arum Sekar Kinasih,"Gojek/Gocar makin lama dptnya. Sekalinya dpt jaraknya jauh. Saya liat postingan di ig, algoritma gojek diubah. Driver disuruh bayar 20k per hari bwt bisa dpt order, satu driver terima gofood lebih dr 1, dll. Zalim. Makin kapitalis minim humanis. Smoga manajemennya diganti dgn manusia yg punya hati nurani. Aamiin.",gojek gocar makin lama dptnya sekalinya dpt jaraknya jauh saya liat postingan di ig algoritma gojek diubah driver disuruh bayar 20k per hari bwt bisa dpt order satu driver terima gofood lebih dr 1 dll zalim makin kapitalis minim humanis smoga manajemennya diganti dgn manusia yg punya hati nurani aamiin,3,neutral,gojek,com.gojek.app,google_play
2026-04-03 23:09:29,Revita Dewi,"Layanan semakin menurun kualitasnya. Semakin lama cari driver, pembatalan gofood sangat dipersulit sementara pesanan makin lama dapat driver, sangat membuang waktu.",layanan semakin menurun kualitasnya semakin lama cari driver pembatalan gofood sangat dipersulit sementara pesanan makin lama dapat driver sangat membuang waktu,3,neutral,gojek,com.gojek.app,google_play
2026-04-03 23:05:17,Muhammad Adittya,nyari driver motor dikala hujan susah,nyari driver motor dikala hujan susah,3,neutral,gojek,com.gojek.app,google_play
2026-04-03 22:58:08,Dian Tanjak,"tindak driver arogan, plat B 5685 TXD",tindak driver arogan plat b 5685 txd,3,neutral,gojek,com.gojek.app,google_play
2026-04-03 22:48:41,Nurmayanii Maya,sangat gak sesuai ekspektasi,sangat gak sesuai ekspektasi,3,neutral,gojek,com.gojek.app,google_play
2026-04-03 22:48:05,Welly Cemong,percuma ada aplikasi susah cari driver,percuma ada aplikasi susah cari driver,3,neutral,gojek,com.gojek.app,google_play
2026-04-03 22:43:26,Initial D,smakin parah klo pesen makanan/goride... sering dapat driver jaraknya jauh-jauh. padahal normal gk pakai voucher. bayar mahal pelayanan gk optimal.,smakin parah klo pesen makanan goride sering dapat driver jaraknya jauh jauh padahal normal gk pakai voucher bayar mahal pelayanan gk optimal,3,neutral,gojek,com.gojek.app,google_play
2026-04-03 22:17:13,Muhammad Syahril Ramdani,"Aplikasi tidak ada masalah. Hanya saja, jika ingin order susah banget dapat pengemudinya. Sepertinya para drivernya yang menghilang ditelan bumi atau para drivernya rasis/fasis (memilih pelangan sesuai selera pengemudinya..walah3.",aplikasi tidak ada masalah hanya saja jika ingin order susah banget dapat pengemudinya sepertinya para drivernya yang menghilang ditelan bumi atau para drivernya rasis fasis memilih pelangan sesuai selera pengemudinya walah3,3,neutral,gojek,com.gojek.app,google_play
2026-04-03 22:14:20,Ayoe Wahyuningsih,"sudah beberapa Minggu belakangan ini banyak kekecawan yang customer alami (hasil berbincang - bincang dengan semua teman yg menggunakan aplikasi gojek): order gojek motor, mobil, gofood & gosend sangat lama sekali dapat driver, padahal titik driver banyak tetapi tidak ada yg mau pick up sudah pesan prioritas tetap lama bahkan pesan gosend sudah ditunggu sampai 3 jam tidak juga dapat akhirnya pindah aplikasi. pernah pesan gofood ditolak terus & sekali nya dapat bisa sampai 2 jam. kecewa berat",sudah beberapa minggu belakangan ini banyak kekecawan yang customer alami hasil berbincang bincang dengan semua teman yg menggunakan aplikasi gojek order gojek motor mobil gofood gosend sangat lama sekali dapat driver padahal titik driver banyak tetapi tidak ada yg mau pick up sudah pesan prioritas tetap lama bahkan pesan gosend sudah ditunggu sampai 3 jam tidak juga dapat akhirnya pindah aplikasi pernah pesan gofood ditolak terus sekali nya dapat bisa sampai 2 jam kecewa berat,3,neutral,gojek,com.gojek.app,google_play
2026-04-03 22:10:02,Oktavia Gisella,bagus layananya cepat,bagus layananya cepat,3,neutral,gojek,com.gojek.app,google_play
2026-04-03 22:02:16,Yatii Gemoy,belum pernah kecewa,belum pernah kecewa,3,neutral,gojek,com.gojek.app,google_play
2026-04-03 21:58:20,Imam Budiman,tidak adil untuk mitranya,tidak adil untuk mitranya,3,neutral,gojek,com.gojek.app,google_play
2026-04-03 21:33:40,Fifa Fifa,"mengecewakan! re connect mulukkkk,gak bisa munculin lokasi juga,kacauuuuuuu",mengecewakan re connect mulukkkk gak bisa munculin lokasi juga kacauuuuuuu,3,neutral,gojek,com.gojek.app,google_play
2026-04-03 21:29:02,Didi Cahyanto,"aplikasi tolol drivernya kgk ada yang mau jemput, kocak padahal nggak pernah kendala tuh gw ma driver.",aplikasi tolol drivernya kgk ada yang mau jemput kocak padahal nggak pernah kendala tuh gw ma driver,3,neutral,gojek,com.gojek.app,google_play
2026-04-03 21:13:44,Narbito Narbito,tarif ekonomis pelayanan cepat responsive,tarif ekonomis pelayanan cepat responsive,3,neutral,gojek,com.gojek.app,google_play
2026-04-03 20:37:05,Sabar Triyono,Sikap Driver dan cara mengemudinya baik,sikap driver dan cara mengemudinya baik,3,neutral,gojek,com.gojek.app,google_play
2026-04-03 20:35:25,keanu abdillah,map nya sangat tidak akurat,map nya sangat tidak akurat,3,neutral,gojek,com.gojek.app,google_play
2026-04-03 20:30:46,katenun Katenun,nyaman dan tepat jga aman.cepat.,nyaman dan tepat jga aman cepat,3,neutral,gojek,com.gojek.app,google_play
2026-04-03 20:30:23,Violla Gisca,"driver pilih-pilih, selalu bertambah mahal, driver mudah nge cancel tanpa bilang",driver pilih pilih selalu bertambah mahal driver mudah nge cancel tanpa bilang,3,neutral,gojek,com.gojek.app,google_play
2026-04-03 20:23:40,Mas Wi,rumit skarang gak kaya dulu .masa tiap pesen goride dapat jauh terus .dari pada dapat jauh terus jdi pindah ke sebelah,rumit skarang gak kaya dulu masa tiap pesen goride dapat jauh terus dari pada dapat jauh terus jdi pindah ke sebelah,3,neutral,gojek,com.gojek.app,google_play
2026-04-03 20:18:47,Asri Asri Haryatun,memudahkan utk pergi kemana saja👍👍,memudahkan utk pergi kemana saja,3,neutral,gojek,com.gojek.app,google_play
2026-04-03 20:16:28,Swahyuni Md,susah bgt nyari driver nya. udah nunggu lama bgt ternyata gaada 1pun yang nyantol. ngebatalinnya jangan nunggu sejam donggg! ntar ditinggal nyari yg lain malah dapet driver!!,susah bgt nyari driver nya udah nunggu lama bgt ternyata gaada 1pun yang nyantol ngebatalinnya jangan nunggu sejam donggg ntar ditinggal nyari yg lain malah dapet driver,3,neutral,gojek,com.gojek.app,google_play
2026-04-03 20:14:52,oshie alexis,"KASIH EDUKASI DRIVER NYA, KALO MAU CANCEL ATAU GA MAU AMBIL ORDERAN KARNA ARGO KECIL BILANG KE CUSTOMER NYA KONFIRMASI BAIK BAIK, KAMI KASIH TIPS KO YANG LAYAK. JANGAN DIEM GA GERAK GA ADA KONFIRMASI TUNGGU DI CANCEL SAMA CUSTOMER. ADA YANG URGENT, BAWA BAYI, BAWA ORANG TUA. EDUKASI LAGI DRIVER NYA. KASIH WAKTU KALO DIA GA GERAK GA ADA KONFIRMASI SYSTEM KALIAN YANG KASIH AUTOTEXT.",kasih edukasi driver nya kalo mau cancel atau ga mau ambil orderan karna argo kecil bilang ke customer nya konfirmasi baik baik kami kasih tips ko yang layak jangan diem ga gerak ga ada konfirmasi tunggu di cancel sama customer ada yang urgent bawa bayi bawa orang tua edukasi lagi driver nya kasih waktu kalo dia ga gerak ga ada konfirmasi system kalian yang kasih autotext,3,neutral,gojek,com.gojek.app,google_play
2026-04-03 20:14:50,Ufi Taruna,"tolong biaya Ongkosnya Lebih murah dr Tetangga Sebelah, Biar banyak Peminatnya.",tolong biaya ongkosnya lebih murah dr tetangga sebelah biar banyak peminatnya,3,neutral,gojek,com.gojek.app,google_play
2026-04-03 20:12:18,aight thea,"perubahan harga yang sangat signifikan,beberapa hari yang lalu goride ke tempat yg sama 35k,dua hari kemudian 55k,kayaknya seminggu kemudian naik lagi jadi 100k🤣🤣🤣",perubahan harga yang sangat signifikan beberapa hari yang lalu goride ke tempat yg sama 35k dua hari kemudian 55k kayaknya seminggu kemudian naik lagi jadi 100k,3,neutral,gojek,com.gojek.app,google_play
2026-04-03 20:10:46,USERSIGN_ID,lokasi leles kab garut kalo gak ada driver atau penjual gak bisa nerima oderan jangan di iming iming paket exprees percuma exprees kalo makanan tetep aja lebih dari 1 jam . padahal distu tertulis 20 menit deket itu,lokasi leles kab garut kalo gak ada driver atau penjual gak bisa nerima oderan jangan di iming iming paket exprees percuma exprees kalo makanan tetep aja lebih dari 1 jam padahal distu tertulis 20 menit deket itu,3,neutral,gojek,com.gojek.app,google_play
2026-04-03 20:06:15,Riky Martino,"payah, sering error",payah sering error,3,neutral,gojek,com.gojek.app,google_play
2026-04-03 20:00:56,Suhendra Putra,derever nya asik,derever nya asik,3,neutral,gojek,com.gojek.app,google_play
2026-04-03 19:56:14,Mikha Nita,skarang pesen gojek pas ujan gerimis..susah banget dapet drivernya.pdahal mmng butuhnya karna ujan...harus nya di out aja driver yg menolak orderan ketika hujan...,skarang pesen gojek pas ujan gerimis susah banget dapet drivernya pdahal mmng butuhnya karna ujan harus nya di out aja driver yg menolak orderan ketika hujan,3,neutral,gojek,com.gojek.app,google_play
2026-04-03 19:55:14,Yayit Ardyon,Murah dan terpercaya,murah dan terpercaya,3,neutral,gojek,com.gojek.app,google_play
2026-04-03 19:51:27,Leo Hutama,"Pesanan Go-Food, tidak ada driver, lama sekali pencarian driver, tapi tidak bisa dibatalkan. Kalau memang tidak ada driver sebaiknya bisa di batalkan dan mencari alternatif lain.",pesanan go food tidak ada driver lama sekali pencarian driver tapi tidak bisa dibatalkan kalau memang tidak ada driver sebaiknya bisa di batalkan dan mencari alternatif lain,3,neutral,gojek,com.gojek.app,google_play
2026-04-03 19:27:46,Dian,"GOCARNYA pada banyak duit gak ada yg mau nerima😃 jauh dikit pada minta cancel..sekalinya diterima banyak alesan. klo gak mau macet ya jangan narik mobil..narik aja sepeda goes kita mh kasian pesen biar dapet order,tapi pada males² nerimanya😄",gocarnya pada banyak duit gak ada yg mau nerima jauh dikit pada minta cancel sekalinya diterima banyak alesan klo gak mau macet ya jangan narik mobil narik aja sepeda goes kita mh kasian pesen biar dapet order tapi pada males nerimanya,3,neutral,gojek,com.gojek.app,google_play
2026-04-03 19:18:10,Jefri Rizaldy,kembalikan uang saya woii,kembalikan uang saya woii,3,neutral,gojek,com.gojek.app,google_play
2026-04-03 19:18:08,draaa,susah bet nyari driver taila,susah bet nyari driver taila,3,neutral,gojek,com.gojek.app,google_play
2026-04-03 19:12:10,Martin Aruan,harga nya sihh lumayan terjangkau,harga nya sihh lumayan terjangkau,3,neutral,gojek,com.gojek.app,google_play
2026-04-03 19:00:00,andika yudistira,bagus banget tiap hari ada diskon jadi ongkos nya tetap sesuai dompet,bagus banget tiap hari ada diskon jadi ongkos nya tetap sesuai dompet,3,neutral,gojek,com.gojek.app,google_play
2026-04-03 18:51:13,Ade Ganteng,bagus banget buat yang mager,bagus banget buat yang mager,3,neutral,gojek,com.gojek.app,google_play
2026-04-03 18:47:58,Moorisa Reina,memudahkan alat transportasi,memudahkan alat transportasi,3,neutral,gojek,com.gojek.app,google_play
2026-04-03 18:22:33,Udiono Mukti Wibowo,sangat membantu disegala kondisi,sangat membantu disegala kondisi,3,neutral,gojek,com.gojek.app,google_play
2026-04-03 18:00:28,Said Bin Ishak,saldo dari dana CUSTOMER g amsuk ke gopay ku..parah ini siii,saldo dari dana customer g amsuk ke gopay ku parah ini siii,3,neutral,gojek,com.gojek.app,google_play
2026-04-03 17:47:26,Nur Ardika,"belakangan nyari driver susah, lemot, kebanyakan nolak",belakangan nyari driver susah lemot kebanyakan nolak,3,neutral,gojek,com.gojek.app,google_play
2026-04-03 17:44:42,Ananda Songming,driver nya jangan ngaret,driver nya jangan ngaret,3,neutral,gojek,com.gojek.app,google_play
2026-04-03 17:32:57,Mortal Kombat,"Makin sering update makin lama dapet driver, mending gk usah update aja sekalian kalau malah jadi lebih buruk",makin sering update makin lama dapet driver mending gk usah update aja sekalian kalau malah jadi lebih buruk,3,neutral,gojek,com.gojek.app,google_play
2026-04-03 17:31:29,Azzahra Chairunnisa,aneh makin kesini drivernya pada gajelas bgt,aneh makin kesini drivernya pada gajelas bgt,3,neutral,gojek,com.gojek.app,google_play
2026-04-03 17:25:54,SUNDE RIYADI,oke bagus dari pelayanan,oke bagus dari pelayanan,3,neutral,gojek,com.gojek.app,google_play
2026-04-03 17:23:39,Saya Marwan90,"gojek emang selalu bisa di andalin, banyak promo nya terus di kasih gratis ongkir, top markotop pokoknya",gojek emang selalu bisa di andalin banyak promo nya terus di kasih gratis ongkir top markotop pokoknya,3,neutral,gojek,com.gojek.app,google_play
2026-04-03 17:22:40,Hadi Patidolken,alhamdulillah driver yang saya pesan selalu baik,alhamdulillah driver yang saya pesan selalu baik,3,neutral,gojek,com.gojek.app,google_play
2026-04-03 17:09:59,Arini Putri Salsabila,"tolong dong gojek masa iya aku mau ngampus jadi susah banget dapet driver sekarang? 😭 mau beli makan juga jadi ga affordable buat aku sebagai mahasiswa, maaf bgt tapi pake gojek suka jadi lebih mahal daripada aplikasi lain buat order makan😔💔 update: demiii apaaa gua udah langganan gojek plus dari tahun kemarin tapi malah nambah mahal?? pas ngecek di akun sodara aku yang ga langganan malah lebih murah? sakit hati banget ah unsubs deh jadinya😭😭💔",tolong dong gojek masa iya aku mau ngampus jadi susah banget dapet driver sekarang mau beli makan juga jadi ga affordable buat aku sebagai mahasiswa maaf bgt tapi pake gojek suka jadi lebih mahal daripada aplikasi lain buat order makan update demiii apaaa gua udah langganan gojek plus dari tahun kemarin tapi malah nambah mahal pas ngecek di akun sodara aku yang ga langganan malah lebih murah sakit hati banget ah unsubs deh jadinya,3,neutral,gojek,com.gojek.app,google_play
2026-04-03 16:55:47,RennLyoneree`,"#GOFOOD anehh harusnya tu dapetin dlu driver nya baru bisa mesen makanan,ini udah mah ditungguin lama lama lagii laper ginii malah disuruh batalin aja karena ga dapet drives nya,bisa si diganti pickup masalahnya sini tu mau praktis mpruyyy,malaaa disuru batalin aja. dii perbarui napa sistem nya,kaloo belom dpt driver gabisa mesen gitu dongo.yeuu org lapar gini dibuat emosi gw obrak abrik juga ni apk",anehh harusnya tu dapetin dlu driver nya baru bisa mesen makanan ini udah mah ditungguin lama lama lagii laper ginii malah disuruh batalin aja karena ga dapet drives nya bisa si diganti pickup masalahnya sini tu mau praktis mpruyyy malaaa disuru batalin aja dii perbarui napa sistem nya kaloo belom dpt driver gabisa mesen gitu dongo yeuu org lapar gini dibuat emosi gw obrak abrik juga ni apk,3,neutral,gojek,com.gojek.app,google_play
2026-04-03 16:54:40,tunggal kreatifindo,"makin jelek layanannya, susah dapat orderan",makin jelek layanannya susah dapat orderan,3,neutral,gojek,com.gojek.app,google_play
2026-04-03 16:50:41,Silvia Sartika,"makin sulit dpat gocar, seringkali driver tdk respon, tau2 titik menjauh, kota yg cancel, tarif lgsg 2 x lipat",makin sulit dpat gocar seringkali driver tdk respon tau2 titik menjauh kota yg cancel tarif lgsg 2 x lipat,3,neutral,gojek,com.gojek.app,google_play
2026-04-03 16:48:51,Yayan Taryana,mencari driver lama,mencari driver lama,3,neutral,gojek,com.gojek.app,google_play
2026-04-03 16:38:30,Retno Heny,Alhamdulillah 🤲 nyaman...dan terus berkembang,alhamdulillah nyaman dan terus berkembang,3,neutral,gojek,com.gojek.app,google_play
2026-04-03 16:33:53,Alfin Ardiananta,"sering dapet driver tidak jalan ditunggu sekitar 30menit, dedangkan kita sudah ditunggu bis....sangat kecewaa",sering dapet driver tidak jalan ditunggu sekitar 30menit dedangkan kita sudah ditunggu bis sangat kecewaa,3,neutral,gojek,com.gojek.app,google_play
2026-04-03 15:55:01,iwan Kartiwa,aturan gak jelas driver banyak yg off..order jadi terbengkalai...customer pindah ke aplikasi lain,aturan gak jelas driver banyak yg off order jadi terbengkalai customer pindah ke aplikasi lain,3,neutral,gojek,com.gojek.app,google_play
2026-04-03 15:50:37,widie widiee,cepat dan tepat sasaran,cepat dan tepat sasaran,3,neutral,gojek,com.gojek.app,google_play
2026-04-03 15:45:20,Sobat Bro,banyak orang dan ramah,banyak orang dan ramah,3,neutral,gojek,com.gojek.app,google_play
2026-04-03 15:30:24,Vallent365 Gaiiotz,service ya sat set mantapzzz,service ya sat set mantapzzz,3,neutral,gojek,com.gojek.app,google_play
2026-04-03 15:10:20,Ucu Mulyawati,"aplikasi nyebelin, gojeknya ga maju2 terus padahal udah majuuuu, gabisa dicancel dari gojeknya juga lagiiiii. udah nunggu berjam jam!!!!!!",aplikasi nyebelin gojeknya ga maju2 terus padahal udah majuuuu gabisa dicancel dari gojeknya juga lagiiiii udah nunggu berjam jam,3,neutral,gojek,com.gojek.app,google_play
2026-04-03 15:01:48,kang jangkung,Sangat kecewa khususnya untuk driver mobil grab.. banyak yang nolak pesanan..carinya susah giliran dapat minta dicancel dengan alasan lokasi jemput jauh.,sangat kecewa khususnya untuk driver mobil grab banyak yang nolak pesanan carinya susah giliran dapat minta dicancel dengan alasan lokasi jemput jauh,3,neutral,gojek,com.gojek.app,google_play
2026-04-03 15:00:42,Nur Asyiah,driver y sopan,driver y sopan,3,neutral,gojek,com.gojek.app,google_play
2026-04-03 14:51:44,Afsha Kurniawan (Afsha),saya pengguna gojek setia tapi akhir2 ini cari driver susah bgt banyak driver yg cancel akhirnya saya pindah ke aplikasi sebelah cari driver gampang,saya pengguna gojek setia tapi akhir2 ini cari driver susah bgt banyak driver yg cancel akhirnya saya pindah ke aplikasi sebelah cari driver gampang,3,neutral,gojek,com.gojek.app,google_play
2026-04-03 14:24:44,Eko Fajar,aplikasi tidak menghargai driver,aplikasi tidak menghargai driver,3,neutral,gojek,com.gojek.app,google_play
2026-04-03 14:16:54,abisatria nico,kalo ngasih harga di gofood yang ngotak dikit lah njir,kalo ngasih harga di gofood yang ngotak dikit lah njir,3,neutral,gojek,com.gojek.app,google_play
2026-04-03 14:08:13,tanti Luthfiana ** ALIF**,alhamdulillah mau kirim² makanan utk anak dipondok sangat terbantu,alhamdulillah mau kirim makanan utk anak dipondok sangat terbantu,3,neutral,gojek,com.gojek.app,google_play
2026-04-03 14:03:08,Sei Shiki,susah dapet driver,susah dapet driver,3,neutral,gojek,com.gojek.app,google_play
2026-04-03 13:50:11,nadiya jihan,"KENAPA GADA YG MAU NGAMBIL TERUS SIH, UDAH GA PAKE YG PROMO PUN TETEP LAMA YG NGAKUTTTT!!!!!! 😡😡😡😡😡😡😡😡😡😡😡",kenapa gada yg mau ngambil terus sih udah ga pake yg promo pun tetep lama yg ngakutttt,3,neutral,gojek,com.gojek.app,google_play
2026-04-03 13:44:13,Sulis Tiyani,"Sekarang susah dapet driver untuk gosend juga gapernah mau ambil, suka dilama2in biar customer yg cancel kadang kalo dapet juga suka maksa minta uang parkir (padahal kita tau kalo parkiran mall sini buat driver tuh ga dipungut biaya) tapi klo ga dikasih malah kasar perlakuannya udah beralih ke aplikasi sebelah sekarang mah pake gojek klo buat transportasi aja.",sekarang susah dapet driver untuk gosend juga gapernah mau ambil suka dilama2in biar customer yg cancel kadang kalo dapet juga suka maksa minta uang parkir padahal kita tau kalo parkiran mall sini buat driver tuh ga dipungut biaya tapi klo ga dikasih malah kasar perlakuannya udah beralih ke aplikasi sebelah sekarang mah pake gojek klo buat transportasi aja,3,neutral,gojek,com.gojek.app,google_play
2026-04-03 13:33:30,Paisal Amir,mantap apk nya,mantap apk nya,3,neutral,gojek,com.gojek.app,google_play
2026-04-03 13:26:25,Devi Yulianasari,driver ramah semua,driver ramah semua,3,neutral,gojek,com.gojek.app,google_play
2026-04-03 13:22:40,hasna ria,knp gk bisa pke dana,knp gk bisa pke dana,3,neutral,gojek,com.gojek.app,google_play
2026-04-03 13:21:34,Joko Triatmoko,sangat membantu sekali,sangat membantu sekali,3,neutral,gojek,com.gojek.app,google_play
2026-04-03 13:19:07,handayani han,pesen kopi kenangan minuman uda siap tapi uda nunggu 1 jam masi stuck di 16 menit karena ga ada driver. ga lama dibatalin.,pesen kopi kenangan minuman uda siap tapi uda nunggu 1 jam masi stuck di 16 menit karena ga ada driver ga lama dibatalin,3,neutral,gojek,com.gojek.app,google_play
2026-04-03 13:06:43,Iyod Sutiadi,mantap lebih membantu,mantap lebih membantu,3,neutral,gojek,com.gojek.app,google_play
2026-04-03 13:05:04,Indah Sastra Official,Sulit Sekali dapat driver untuk layanan Go Shop,sulit sekali dapat driver untuk layanan go shop,3,neutral,gojek,com.gojek.app,google_play
2026-04-03 13:04:29,wawa suay,"drivernya ga komplen karna jarak aku slalu jauh, mantapp",drivernya ga komplen karna jarak aku slalu jauh mantapp,3,neutral,gojek,com.gojek.app,google_play
2026-04-03 12:53:54,Chandra Adimarta,kalo pesen makanan ongkir nya mahal😭🙏,kalo pesen makanan ongkir nya mahal,3,neutral,gojek,com.gojek.app,google_play
2026-04-03 12:53:04,Nur Aisah Wardani,Mantap drivernya gercep👍,mantap drivernya gercep,3,neutral,gojek,com.gojek.app,google_play
2026-04-03 12:42:12,Toyib Suprayitno,Aplikasi yang sangat akses untuk tunanetra,aplikasi yang sangat akses untuk tunanetra,3,neutral,gojek,com.gojek.app,google_play
2026-04-03 12:27:43,fx dony,"bintang 1 aja,pesan go food aja lama mau 1jam.",bintang 1 aja pesan go food aja lama mau 1jam,3,neutral,gojek,com.gojek.app,google_play
2026-04-03 12:21:47,panahatan siahaan,"Aplikasinya bagus,cocok buat yang bepergian ke tempat yg belum pernah",aplikasinya bagus cocok buat yang bepergian ke tempat yg belum pernah,3,neutral,gojek,com.gojek.app,google_play
2026-04-03 12:18:47,Lee Knoww,"kak maaf bngt nih tolong voucher diskon gofood ny lebih bnyak lagi, apk sebelah aj voucher diskon makanan ny aja bnyak bngt",kak maaf bngt nih tolong voucher diskon gofood ny lebih bnyak lagi apk sebelah aj voucher diskon makanan ny aja bnyak bngt,3,neutral,gojek,com.gojek.app,google_play
2026-04-03 12:17:34,Andri Sumardi,Saya baru memakai aplikasi gojek lagi dan menggunakan fitur go ride. ko aplikasinya sekarang jadi ribet ya. untuk pesan go ride saja saya harus booking dulu dan menunggu lebih dari 15 menit ga dapet² drivernya. akhirnya pake aplikasi sebelah ga sampai 1 menit sudah dapat driver. fitur go ride sekarang maaf ga recomended,saya baru memakai aplikasi gojek lagi dan menggunakan fitur go ride ko aplikasinya sekarang jadi ribet ya untuk pesan go ride saja saya harus booking dulu dan menunggu lebih dari 15 menit ga dapet drivernya akhirnya pake aplikasi sebelah ga sampai 1 menit sudah dapat driver fitur go ride sekarang maaf ga recomended,3,neutral,gojek,com.gojek.app,google_play
2026-04-03 12:10:46,Saputro,"Aplikasi Bagus, sudah lama jadi andalan. tapi lagi Kecewa aja akhir2 ini. Driver Go-Ridenya Manja2 banget, , Keadaan gerimis aja gk mau ambil orderan.,deket lagi paling ±5km ,klo hujan sih sya maklum, lah ini gerimis kecil. , padahal banyak driver on disekitar, tp gda yg mau ambil. hampir 7x order gda yg mau ambil, bkin kesel. Beda sma apk Sebelah MXM baru order lngsung diambil. .. itu aja terimakasih.",aplikasi bagus sudah lama jadi andalan tapi lagi kecewa aja akhir2 ini driver go ridenya manja2 banget keadaan gerimis aja gk mau ambil orderan deket lagi paling 5km klo hujan sih sya maklum lah ini gerimis kecil padahal banyak driver on disekitar tp gda yg mau ambil hampir 7x order gda yg mau ambil bkin kesel beda sma apk sebelah mxm baru order lngsung diambil itu aja terimakasih,3,neutral,gojek,com.gojek.app,google_play
2026-04-03 12:09:30,Septi Sesa,"proses pembatalan terlalu lama,misal makanan/driver ga ada dalam 10 menit udah ga respon harus nya udah bisa di batalin.",proses pembatalan terlalu lama misal makanan driver ga ada dalam 10 menit udah ga respon harus nya udah bisa di batalin,3,neutral,gojek,com.gojek.app,google_play
2026-04-03 11:54:41,Mimow Miw,untuk saat ini oke.,untuk saat ini oke,3,neutral,gojek,com.gojek.app,google_play
2026-04-03 11:47:02,Vanessa t,"harusnya kita bisa chat ke resto sih kalo buka atau tutup, masa iya udh nunggu 1 jam driver kesana malah tokonya tutup. adain fitur apa aja deh biar ga nunggu lama klo tokonya tutup",harusnya kita bisa chat ke resto sih kalo buka atau tutup masa iya udh nunggu 1 jam driver kesana malah tokonya tutup adain fitur apa aja deh biar ga nunggu lama klo tokonya tutup,3,neutral,gojek,com.gojek.app,google_play
2026-04-03 11:21:29,Muhammad Luthfi Nasution,Cepat responnya dan mantul,cepat responnya dan mantul,3,neutral,gojek,com.gojek.app,google_play
2026-04-03 11:16:51,Thuf el Thuf el,KLO cancel g bisa ..... nyesek bgt suruh bayar dobel,klo cancel g bisa nyesek bgt suruh bayar dobel,3,neutral,gojek,com.gojek.app,google_play
2026-04-03 11:13:26,Hani Lizzie,chatnya suka centang 1. tolong perbaiki lagi. biar komunikasi dgn driver lancar.,chatnya suka centang 1 tolong perbaiki lagi biar komunikasi dgn driver lancar,3,neutral,gojek,com.gojek.app,google_play
2026-04-03 11:01:02,Desy Tri,"puas, komunikasi baik,tepat waktu",puas komunikasi baik tepat waktu,3,neutral,gojek,com.gojek.app,google_play
2026-04-03 10:25:58,Maheswara,"nyusahin mau ketik no telp harus manual, g bisa copy paste",nyusahin mau ketik no telp harus manual g bisa copy paste,3,neutral,gojek,com.gojek.app,google_play
2026-04-03 09:45:21,Ridwan Syah,"ongkir ekonomi sudah kagak ada,mana regular mahal lagi🥲",ongkir ekonomi sudah kagak ada mana regular mahal lagi,3,neutral,gojek,com.gojek.app,google_play
2026-04-03 09:37:25,Rulianda Sriwijaya,"promo nya kurang khususnya untuk kota Palembang,tolong ditingktkan lagi",promo nya kurang khususnya untuk kota palembang tolong ditingktkan lagi,3,neutral,gojek,com.gojek.app,google_play
2026-04-03 08:44:03,Febri Cs,segini dlu deh klo bagus tambah lagi,segini dlu deh klo bagus tambah lagi,3,neutral,gojek,com.gojek.app,google_play
2026-04-03 08:41:20,Moses Sudanartha,Drivernya tolong jangan memainkan orderan. ditunggu sangat lama tidak jalan sama sekali. Apkikasinya sering mengalami bug double order. bikin saya repot.,drivernya tolong jangan memainkan orderan ditunggu sangat lama tidak jalan sama sekali apkikasinya sering mengalami bug double order bikin saya repot,3,neutral,gojek,com.gojek.app,google_play
2026-04-03 08:29:24,Taryudi 08,halaman gocats lagi error ya? misinya ga jelas,halaman gocats lagi error ya misinya ga jelas,3,neutral,gojek,com.gojek.app,google_play
2026-04-03 08:11:49,Eman Palembang,pelayanan bagus sy beri tip500,pelayanan bagus sy beri tip500,3,neutral,gojek,com.gojek.app,google_play
2026-04-03 08:00:25,iloo,"sering banget telat dateng kalo mesen gofood, kadang juga ga dapet driver buat ambil makanan nya jadi terpaksa cancel, udah nunggu lama nahan laper malah ga jadi, ga ada kompensasi juga lagi buang waktu buat nungguin",sering banget telat dateng kalo mesen gofood kadang juga ga dapet driver buat ambil makanan nya jadi terpaksa cancel udah nunggu lama nahan laper malah ga jadi ga ada kompensasi juga lagi buang waktu buat nungguin,3,neutral,gojek,com.gojek.app,google_play
2026-04-03 07:53:04,Seri Wahyudi,gak pernah kecewa,gak pernah kecewa,3,neutral,gojek,com.gojek.app,google_play
2026-04-03 07:15:03,WIHARJA OFFICE,Min saya Kena penipuan 300 ribu ke Gopay Penipu yang mengatasnamakan kepala desa dan pas dilacak bukan kepala desa,min saya kena penipuan 300 ribu ke gopay penipu yang mengatasnamakan kepala desa dan pas dilacak bukan kepala desa,3,neutral,gojek,com.gojek.app,google_play
2026-04-03 06:41:03,Griya Sehat Priangan Mandiri,"dari sejak awal ada gojek, tetep nyaman. terpercaya...",dari sejak awal ada gojek tetep nyaman terpercaya,3,neutral,gojek,com.gojek.app,google_play
2026-04-03 04:34:53,Sukma Prima Majiid,"Argonya makin mahal tapi pelayanan malah makin turun. Harga sering gak masuk akal dibanding jarak, beda jauh sama dulu. Yang lebih ngeselin, driver sekarang banyak yang pilih-pilih order. Udah nunggu lama, di-cancel terus, atau didiemin tanpa kejelasan. Buang waktu banget.",argonya makin mahal tapi pelayanan malah makin turun harga sering gak masuk akal dibanding jarak beda jauh sama dulu yang lebih ngeselin driver sekarang banyak yang pilih pilih order udah nunggu lama di cancel terus atau didiemin tanpa kejelasan buang waktu banget,3,neutral,gojek,com.gojek.app,google_play
2026-04-03 02:49:18,Syafiah Azzahra,aplikasihnya sangat membantu,aplikasihnya sangat membantu,3,neutral,gojek,com.gojek.app,google_play
2026-04-03 02:36:58,Ajik Afriandi,"Kok bisa promo di akun temen ku bisa sampe 50% tapi di aku 40%, ???? padahal sama-sama gojek plus",kok bisa promo di akun temen ku bisa sampe 50 tapi di aku 40 padahal sama sama gojek plus,3,neutral,gojek,com.gojek.app,google_play
2026-04-03 02:17:02,rico apriyanto,akun orang main asal bekuin aja padahal sering dipakai untung ga ada gopaynya mending pake grab aja sekarang dah,akun orang main asal bekuin aja padahal sering dipakai untung ga ada gopaynya mending pake grab aja sekarang dah,3,neutral,gojek,com.gojek.app,google_play
2026-04-03 02:10:48,Haerudin Basri,aplikasinya sangat mudah digunakan. banyak diskonnya. love it.,aplikasinya sangat mudah digunakan banyak diskonnya love it,3,neutral,gojek,com.gojek.app,google_play
2026-04-03 01:49:39,padi yanto,Pastikan semua drivers Amanah klu ada barang tertinggal,pastikan semua drivers amanah klu ada barang tertinggal,3,neutral,gojek,com.gojek.app,google_play
2026-04-03 01:24:05,Rismawati Risma,sangat baik abang ya,sangat baik abang ya,3,neutral,gojek,com.gojek.app,google_play
2026-04-03 00:55:45,Deni Aji,"sangat buruk pelayanan nya, karena susah cari driver",sangat buruk pelayanan nya karena susah cari driver,3,neutral,gojek,com.gojek.app,google_play
2026-04-02 23:57:22,Heri Hermawan,kesan pertama paki go food puas sekali pelayanannya👍👍👍,kesan pertama paki go food puas sekali pelayanannya,3,neutral,gojek,com.gojek.app,google_play
2026-04-02 23:49:44,Bimo Melodic,susah nyari driver,susah nyari driver,3,neutral,gojek,com.gojek.app,google_play
2026-04-02 23:40:55,Mohamad Abdul rohman,maps nya selalu pas sesuai titik,maps nya selalu pas sesuai titik,3,neutral,gojek,com.gojek.app,google_play
2026-04-02 23:40:09,Suswati suswati,puas pelayanan baik,puas pelayanan baik,3,neutral,gojek,com.gojek.app,google_play
2026-04-02 23:37:55,A Mustafa,"Jahat banget deh. Udahlah mahal, dicariin driver yang jauh. 👎",jahat banget deh udahlah mahal dicariin driver yang jauh,3,neutral,gojek,com.gojek.app,google_play
2026-04-02 23:32:05,Raga Jaya,"Aplikasi tolol, bikin customer nunggu lama",aplikasi tolol bikin customer nunggu lama,3,neutral,gojek,com.gojek.app,google_play
2026-04-02 23:10:50,Lintang Ika,"driver sulit, pelit, jutek, platform juga tidak ramah pada harga driver",driver sulit pelit jutek platform juga tidak ramah pada harga driver,3,neutral,gojek,com.gojek.app,google_play
2026-04-02 23:09:58,Tegal Bahari,makin ke sini makin ga jelas,makin ke sini makin ga jelas,3,neutral,gojek,com.gojek.app,google_play
2026-04-02 22:55:40,Ribka els,"makin kesini gojek susah banget dapet driver nya, sekalinya dpt malah jauh. mencari-cari driver padahal dititik terdekat banyak, TPI gak ada driver yg mau ambil. jadi males",makin kesini gojek susah banget dapet driver nya sekalinya dpt malah jauh mencari cari driver padahal dititik terdekat banyak tpi gak ada driver yg mau ambil jadi males,3,neutral,gojek,com.gojek.app,google_play
2026-04-02 22:54:17,Mochamad Randi,kse download ngni p aplikasi di t cewe ka ta bongkar ngni p kantor,kse download ngni p aplikasi di t cewe ka ta bongkar ngni p kantor,3,neutral,gojek,com.gojek.app,google_play
2026-04-02 22:49:22,Pandu Dwi krisnanto,"aplikasi lelet,lemot,gofood Berjam jam ga dapet driver. driver juga lambat, kebanyakan ngeluh",aplikasi lelet lemot gofood berjam jam ga dapet driver driver juga lambat kebanyakan ngeluh,3,neutral,gojek,com.gojek.app,google_play
2026-04-02 22:49:17,Siti Dahlia,"makin kesini makin susah dapet driverrr ngeselin banget, udah gitu guaa beli pake saldo gopay klo dibatalin saldo gua ilang ,udah beberapa kali saldo ga balik grgr ga dapet driverr, kocakkkk",makin kesini makin susah dapet driverrr ngeselin banget udah gitu guaa beli pake saldo gopay klo dibatalin saldo gua ilang udah beberapa kali saldo ga balik grgr ga dapet driverr kocakkkk,3,neutral,gojek,com.gojek.app,google_play
2026-04-02 22:46:52,Irna Wati,"saya mau minta dari pihak mitra ,agar pelayanan mencari driver di perbaiki lagi .kasih peringatan keras kalau perlu di pecat ajh untuk driver yg tidak mau mengantarkan makanan ke cosumen.saya sudah menunggu lama .terima kasih .",saya mau minta dari pihak mitra agar pelayanan mencari driver di perbaiki lagi kasih peringatan keras kalau perlu di pecat ajh untuk driver yg tidak mau mengantarkan makanan ke cosumen saya sudah menunggu lama terima kasih,3,neutral,gojek,com.gojek.app,google_play
2026-04-02 22:40:15,Wahyu Ginting,sangat membantu disaat keadaan darurat..,sangat membantu disaat keadaan darurat,3,neutral,gojek,com.gojek.app,google_play
2026-04-02 22:34:24,dimaz hs,gojek parah kalau udah malah ngak ada driver yang mau ngabil orderan sekitar jm 10 an. padahal driver banyak.,gojek parah kalau udah malah ngak ada driver yang mau ngabil orderan sekitar jm 10 an padahal driver banyak,3,neutral,gojek,com.gojek.app,google_play
2026-04-02 22:14:37,Dicky Reksa,lama dapet driver,lama dapet driver,3,neutral,gojek,com.gojek.app,google_play
2026-04-02 22:10:37,titi titi,kalau pelanggan kasih rating ke driver bintang 1 itu kalian tangani tidak sih? kok masih banyak driver yang tidak punya sopan santun dan seenaknya? kalian tindak lanjuti tidak saya ingin tau,kalau pelanggan kasih rating ke driver bintang 1 itu kalian tangani tidak sih kok masih banyak driver yang tidak punya sopan santun dan seenaknya kalian tindak lanjuti tidak saya ingin tau,3,neutral,gojek,com.gojek.app,google_play
2026-04-02 22:05:25,prima sanwani,"maaf saya kasih bintang 1. sempat baca di ulasan lain ada yg susah nyari driver bbrp minggu ini. benar bgt, skrg hal yg lebih mudah dan efisien jadi menyulitkan dlu sring pke apk ini krna byk diskon dan harga terjangkau skrg apk nya jd lelet. mesen gofood 2 jam lebih ga dpt2 driver antar nya mesen gojek nunggu 10 menit lebih pun gaada sama sekali pdhl trlihat jls driver byk di 1 titik itu. tolong di tindak lanjuti untuk apk gojek.",maaf saya kasih bintang 1 sempat baca di ulasan lain ada yg susah nyari driver bbrp minggu ini benar bgt skrg hal yg lebih mudah dan efisien jadi menyulitkan dlu sring pke apk ini krna byk diskon dan harga terjangkau skrg apk nya jd lelet mesen gofood 2 jam lebih ga dpt2 driver antar nya mesen gojek nunggu 10 menit lebih pun gaada sama sekali pdhl trlihat jls driver byk di 1 titik itu tolong di tindak lanjuti untuk apk gojek,3,neutral,gojek,com.gojek.app,google_play
2026-04-02 22:04:24,Subhan Ari wibowo,yaaa oke laahhh,yaaa oke laahhh,3,neutral,gojek,com.gojek.app,google_play
2026-04-02 22:01:02,Aldyth BJ,"Flash Sale gajelas, udh mesen dari jam 20.00 udah dapet driver, makanan juga statusnya ""sedang di sajikan"" bahkan sampai ada estimasi waktu pengantaran 21.30. Tau tau di cancel jam 22.00. 2 jam nunggu angin doang kocak",flash sale gajelas udh mesen dari jam 20 00 udah dapet driver makanan juga statusnya sedang di sajikan bahkan sampai ada estimasi waktu pengantaran 21 30 tau tau di cancel jam 22 00 2 jam nunggu angin doang kocak,3,neutral,gojek,com.gojek.app,google_play
2026-04-02 21:59:39,fannisa,"kenapa saya kasih bintang 2? karna saya lebih sering kecewanya dengan apk ini. saya tuh selalu mau gofood ya, tapi knp selalu susah banget cari driver? paling susah kalo di kondisi hujan sama malam, padahal rumah saya tuh bukan pelosok masih terbilang pun banyak ojol disekitar sini.. tp kenapa susah bangeett! nyebelinnya tuh udah nunggu nya lama bgt ujung2nya gagal pesenannya karena gak nemu driver. bayangin udah laper posisi gabisa keluar butuh order makan bangeet udah ngu nih 50mnt, eh gagal.",kenapa saya kasih bintang 2 karna saya lebih sering kecewanya dengan apk ini saya tuh selalu mau gofood ya tapi knp selalu susah banget cari driver paling susah kalo di kondisi hujan sama malam padahal rumah saya tuh bukan pelosok masih terbilang pun banyak ojol disekitar sini tp kenapa susah bangeett nyebelinnya tuh udah nunggu nya lama bgt ujung2nya gagal pesenannya karena gak nemu driver bayangin udah laper posisi gabisa keluar butuh order makan bangeet udah ngu nih 50mnt eh gagal,3,neutral,gojek,com.gojek.app,google_play
2026-04-02 21:53:46,suci lestari21,"sakit hati banget. mesen gojek dari jam 9 malam sampai jam 10 ada 3 kali di cancel. dari yang ride hemat ke go ride biasa juga sama. kalau emang menurut driver harganya kemurahan kan bukan kita yang menentukan toh kita juga ga bakal kasih segitu, pasti kasih tip juga. 1 jam nunggu sia sia!",sakit hati banget mesen gojek dari jam 9 malam sampai jam 10 ada 3 kali di cancel dari yang ride hemat ke go ride biasa juga sama kalau emang menurut driver harganya kemurahan kan bukan kita yang menentukan toh kita juga ga bakal kasih segitu pasti kasih tip juga 1 jam nunggu sia sia,3,neutral,gojek,com.gojek.app,google_play
2026-04-02 21:53:06,Rahmat Hidayat,"tolong dibantu cari driver, masak saya ber kali2 pesen gofood sulit mendapatkan driver..",tolong dibantu cari driver masak saya ber kali2 pesen gofood sulit mendapatkan driver,3,neutral,gojek,com.gojek.app,google_play
2026-04-02 21:47:48,Ahmed Faesal,"udah seminggu susah bgt dpet driver , heran pdhl apk sbleh cpet bgt dpet ny..",udah seminggu susah bgt dpet driver heran pdhl apk sbleh cpet bgt dpet ny,3,neutral,gojek,com.gojek.app,google_play
2026-04-02 21:47:25,Ratuhpurnama Sari,"sekarang driver diaplikasi ini susah bnget buat dapet, risih jadi nya",sekarang driver diaplikasi ini susah bnget buat dapet risih jadi nya,3,neutral,gojek,com.gojek.app,google_play
2026-04-02 21:46:57,F A,"Pesen makanan lama bener ga dapat driver, batal otomatis. 👎",pesen makanan lama bener ga dapat driver batal otomatis,3,neutral,gojek,com.gojek.app,google_play
2026-04-02 21:36:35,wulandari sw,"saya gomart, gosend buat beli obat, tpi gada mulu driver nya, lama bngt, pdhal ga ujan ga apa",saya gomart gosend buat beli obat tpi gada mulu driver nya lama bngt pdhal ga ujan ga apa,3,neutral,gojek,com.gojek.app,google_play
2026-04-02 21:26:44,Zainal Arifin,aplikasi semakin menyulitkan dengan sulit mendapatkan driver dari stasiun cikarang dan semakin tidak ada bedanya dengan ojek pengkolan dengan harga yg tidak masuk akal,aplikasi semakin menyulitkan dengan sulit mendapatkan driver dari stasiun cikarang dan semakin tidak ada bedanya dengan ojek pengkolan dengan harga yg tidak masuk akal,3,neutral,gojek,com.gojek.app,google_play
2026-04-02 21:25:22,Mifta Hudin,keren sangat membantu,keren sangat membantu,3,neutral,gojek,com.gojek.app,google_play
2026-04-02 21:21:37,Waris Aulia,"agak kecewa sih akhir ""ini gojek klo mau pesen makan dimalam hari susah banget nemu driver nya,, sampe harus nunggu 1/2 jam tetap masih gk dapat driver nya.",agak kecewa sih akhir ini gojek klo mau pesen makan dimalam hari susah banget nemu driver nya sampe harus nunggu 1 2 jam tetap masih gk dapat driver nya,3,neutral,gojek,com.gojek.app,google_play
2026-04-02 21:16:01,Grace Oktavia,"Kualitas Pelayanan sangat buruk Kalau harga mahal baru dapat driver,itupun lama",kualitas pelayanan sangat buruk kalau harga mahal baru dapat driver itupun lama,3,neutral,gojek,com.gojek.app,google_play
2026-04-02 21:12:37,Lords Again,parah.....kalau rekrut driver yang benar dan yang kompeten jangan yang sukanya main cancel.....,parah kalau rekrut driver yang benar dan yang kompeten jangan yang sukanya main cancel,3,neutral,gojek,com.gojek.app,google_play
2026-04-02 21:09:26,Raudatul Jannah,sesusah itu dapet driver,sesusah itu dapet driver,3,neutral,gojek,com.gojek.app,google_play
2026-04-02 21:06:11,U ser,susah banget dapet driver,susah banget dapet driver,3,neutral,gojek,com.gojek.app,google_play
2026-04-02 21:02:37,ExoTerra (Exo),"lambat banget kalo mesan malam, udah lapar malah ga ada yg antar padahal banyak tuh ojol yang masih diluar nganterin pesanan lain",lambat banget kalo mesan malam udah lapar malah ga ada yg antar padahal banyak tuh ojol yang masih diluar nganterin pesanan lain,3,neutral,gojek,com.gojek.app,google_play
2026-04-02 20:49:31,ASEP KOMARUDIN,mahal dikota bogor gojek.dan gocarnyq,mahal dikota bogor gojek dan gocarnyq,3,neutral,gojek,com.gojek.app,google_play
2026-04-02 20:46:13,Rafi Fabian,woyy kasih tambahan buat developer untuk kasih pembayaran via dana atau qris aja menurut ku kurang lengkap kalok cuman itu2 aja wkwkwk thanks semoga di notice,woyy kasih tambahan buat developer untuk kasih pembayaran via dana atau qris aja menurut ku kurang lengkap kalok cuman itu2 aja wkwkwk thanks semoga di notice,3,neutral,gojek,com.gojek.app,google_play
2026-04-02 20:41:07,Budi Setiawan,sangat membantu untuk kebutuhan transportasi,sangat membantu untuk kebutuhan transportasi,3,neutral,gojek,com.gojek.app,google_play
2026-04-02 20:41:01,iqbal abdurrahman,"banyak error, aplikasi yg dibutuhin banyak org loh. bangkrut aja dah",banyak error aplikasi yg dibutuhin banyak org loh bangkrut aja dah,3,neutral,gojek,com.gojek.app,google_play
2026-04-02 20:33:46,Viola Gustiraa,susah dapet driver udah ga butuh penumpang lagi kali ya jual mahal semua sekalinya dapet ga gerak tu driver,susah dapet driver udah ga butuh penumpang lagi kali ya jual mahal semua sekalinya dapet ga gerak tu driver,3,neutral,gojek,com.gojek.app,google_play
2026-04-02 20:33:10,Key Cu'ong,"mentang"" argo kecil dicancelin mulu sama drivernya kocak",mentang argo kecil dicancelin mulu sama drivernya kocak,3,neutral,gojek,com.gojek.app,google_play
2026-04-02 20:29:37,GABRIEL BERNHARDT,kenapa harus nunggu lama banget buat cancel order dah gitu driver juga susah banget nyarinya,kenapa harus nunggu lama banget buat cancel order dah gitu driver juga susah banget nyarinya,3,neutral,gojek,com.gojek.app,google_play
2026-04-02 20:29:19,Yohan_4rt,"aplikasi gaguna, tiap dapet driver di cancel terus, lama ga gerak2, berjam jam nungguin gadapet2 padahal banyak yang deket, bener2 *1 lah, driver2 juga udah diambil bukannya dikerjain malah cancel",aplikasi gaguna tiap dapet driver di cancel terus lama ga gerak2 berjam jam nungguin gadapet2 padahal banyak yang deket bener2 1 lah driver2 juga udah diambil bukannya dikerjain malah cancel,3,neutral,gojek,com.gojek.app,google_play
2026-04-02 20:27:24,Muhammad Ardyramadhan,"gofood parah awalnya di bilang tepat waktu, trus telat, dan ujungnya malah di cancel dari pihak gofoodnya karena tidak dapet driver, sudah menunggu 98menit lebih malah di batalin karena tidak dpt driver dan kalo mau mesen, malah harus pesen ulang. bagaimana ini?",gofood parah awalnya di bilang tepat waktu trus telat dan ujungnya malah di cancel dari pihak gofoodnya karena tidak dapet driver sudah menunggu 98menit lebih malah di batalin karena tidak dpt driver dan kalo mau mesen malah harus pesen ulang bagaimana ini,3,neutral,gojek,com.gojek.app,google_play
2026-04-02 20:26:32,kimi rika,parah gosend udh nunggu 10 menit eh pas dapat malah dibatalin sm driver. parah aplikasinya ga ngebantu,parah gosend udh nunggu 10 menit eh pas dapat malah dibatalin sm driver parah aplikasinya ga ngebantu,3,neutral,gojek,com.gojek.app,google_play
2026-04-02 20:16:13,serupa kita,buat apa pakai gojek udah bayar mahal tapi aplikasi dam sistem bukan mempermudah pelanggan mahal di permainkan aplikasi dan sistem yg makin hancur dan bobrok.,buat apa pakai gojek udah bayar mahal tapi aplikasi dam sistem bukan mempermudah pelanggan mahal di permainkan aplikasi dan sistem yg makin hancur dan bobrok,3,neutral,gojek,com.gojek.app,google_play
2026-04-02 20:11:47,Deni Kamaludin Jamil,Ini kalau sistemnya gak susah dapat driver pas hujan/sibuk bintang 5,ini kalau sistemnya gak susah dapat driver pas hujan sibuk bintang 5,3,neutral,gojek,com.gojek.app,google_play
2026-04-02 19:55:26,Anastasia Damita,"kalo ujan pasti driver gaada yg mau ambil, padahal pake mobil, udahlah harganya naik jauh nunggu ga dapet dapet pula, saya udah nunggu 1 jam👎",kalo ujan pasti driver gaada yg mau ambil padahal pake mobil udahlah harganya naik jauh nunggu ga dapet dapet pula saya udah nunggu 1 jam,3,neutral,gojek,com.gojek.app,google_play
2026-04-02 19:50:21,Dicky Hermiansyah Putra,susah banget dapat driver kondisikan dong mitranya sampe 5x lebih ganti driver nih,susah banget dapat driver kondisikan dong mitranya sampe 5x lebih ganti driver nih,3,neutral,gojek,com.gojek.app,google_play
2026-04-02 19:46:58,Nur Khaliq,Tagihan masih ada padahal sudah dilunasin. diminta bayar denda lagi,tagihan masih ada padahal sudah dilunasin diminta bayar denda lagi,3,neutral,gojek,com.gojek.app,google_play
2026-04-02 19:45:21,Almartin Tasilipet,"sangat buruk driver lama ketemu ampe sejm gak ketemu, dan mahal bagusan maxim",sangat buruk driver lama ketemu ampe sejm gak ketemu dan mahal bagusan maxim,3,neutral,gojek,com.gojek.app,google_play
2026-04-02 19:39:07,Von Manstein,"dapet driver yang jauh, payah",dapet driver yang jauh payah,3,neutral,gojek,com.gojek.app,google_play
2026-04-02 19:33:41,Nadia Nur Sausan,"maaf aku kurangi bintangnya, apk bagus sebenernya tapi driver gojek akhir"" ini pada nyebelin semua gtw kenapa, apa karna sistem pembayaran ke mereka atau gmn idk. waktu pesan goride abangnya salah titik jemput dan pas aku tegur malah balik ke pangkalan gk balik"" lagi trus didiemin doang tlp gk diangkat smp akhirnya setelah 20 mnt aku cancel dan gabisa rating abangnya juga. trus gosend instan 3 jam juga gatau kenapa banyak yg gamau keep dari jam 3 sore sampe jam 7 malem padahal lagi butuh bgt :((",maaf aku kurangi bintangnya apk bagus sebenernya tapi driver gojek akhir ini pada nyebelin semua gtw kenapa apa karna sistem pembayaran ke mereka atau gmn idk waktu pesan goride abangnya salah titik jemput dan pas aku tegur malah balik ke pangkalan gk balik lagi trus didiemin doang tlp gk diangkat smp akhirnya setelah 20 mnt aku cancel dan gabisa rating abangnya juga trus gosend instan 3 jam juga gatau kenapa banyak yg gamau keep dari jam 3 sore sampe jam 7 malem padahal lagi butuh bgt,3,neutral,gojek,com.gojek.app,google_play
2026-04-02 19:32:30,R siti Maryam,"alhamdulillh terbantu dengan adanya gojek ,, terimakasih",alhamdulillh terbantu dengan adanya gojek terimakasih,3,neutral,gojek,com.gojek.app,google_play
2026-04-02 19:26:52,Maxwell Mitchell,sip baik sekali semoga berkembang sampai masa depan,sip baik sekali semoga berkembang sampai masa depan,3,neutral,gojek,com.gojek.app,google_play
2026-04-02 19:25:45,Merselino Adimas Widiantoro,"belakangan ini susah banget dapet driver, sekalinya dapet selalu di batalin. tolong di improve",belakangan ini susah banget dapet driver sekalinya dapet selalu di batalin tolong di improve,3,neutral,gojek,com.gojek.app,google_play
2026-04-02 19:25:04,Hantu galau,"serius ini aplikasi makin hari makin gila? ngasih drivernya selalu yang paling jauh, sampai berkali-kali kena cancel padahal udah nunggu. sekedar cerita juga, tadinya diaplikasi tarifnya 19.000, mungkin karena cuaca buruk (meskipun gk hujan), tapi di driver cuma masuk 12.000, jadi lu ngambil keuntungan sekitar 7000 gitu buat biaya admin? lu manfaatin cuaca buruk yang dihadapi driver di lapangan buat naikin keuntungan berkali-kali lipat? iblis aja keknya gak sejahat itu loh. gila emang",serius ini aplikasi makin hari makin gila ngasih drivernya selalu yang paling jauh sampai berkali kali kena cancel padahal udah nunggu sekedar cerita juga tadinya diaplikasi tarifnya 19 000 mungkin karena cuaca buruk meskipun gk hujan tapi di driver cuma masuk 12 000 jadi lu ngambil keuntungan sekitar 7000 gitu buat biaya admin lu manfaatin cuaca buruk yang dihadapi driver di lapangan buat naikin keuntungan berkali kali lipat iblis aja keknya gak sejahat itu loh gila emang,3,neutral,gojek,com.gojek.app,google_play
2026-04-02 19:20:19,Endangsetiawati endangsetiawati,hari ini saya byk kecewa Krn susah utk mendapatkan gojek mobil maupun motor,hari ini saya byk kecewa krn susah utk mendapatkan gojek mobil maupun motor,3,neutral,gojek,com.gojek.app,google_play
2026-04-02 19:15:10,Elita Betsi,sejauh ini masih bagus pelayananya,sejauh ini masih bagus pelayananya,3,neutral,gojek,com.gojek.app,google_play
2026-04-02 19:08:39,Ela Lala,"mau nutup akun karna gojek jadi mahal bgt aja susah bgt,saldo harus nol mau gw ikhlasin aja repot bgt..ada fitur chat cs tp ga ada papan ketiknya cm bisa kirim pesan instan yg udah mereka siapin,lah gimana bisa nolong kl begitu..uninstal aja jawaban terbaik",mau nutup akun karna gojek jadi mahal bgt aja susah bgt saldo harus nol mau gw ikhlasin aja repot bgt ada fitur chat cs tp ga ada papan ketiknya cm bisa kirim pesan instan yg udah mereka siapin lah gimana bisa nolong kl begitu uninstal aja jawaban terbaik,3,neutral,gojek,com.gojek.app,google_play
2026-04-02 19:06:18,Herli Marcelina,"sumpahhhh kesal bgt, kurir GO-SEND ada masalh apa si susah bgt dapet 🙃",sumpahhhh kesal bgt kurir go send ada masalh apa si susah bgt dapet,3,neutral,gojek,com.gojek.app,google_play
2026-04-02 19:05:35,Dea Lestari,"LEMOT BANGET UDAH TAU BURU BURU MAU MASUK KERETA MALAH LOADINGNYA MINTA AMPUN, PADAHAL JARINGAN BAGUS BAGUS AJA",lemot banget udah tau buru buru mau masuk kereta malah loadingnya minta ampun padahal jaringan bagus bagus aja,3,neutral,gojek,com.gojek.app,google_play
2026-04-02 19:05:34,ansyrulla fabela,apaan susah banget cari driver ud dapt malah di cancel driver,apaan susah banget cari driver ud dapt malah di cancel driver,3,neutral,gojek,com.gojek.app,google_play
2026-04-02 19:02:06,rizki cahya,cari kendaraan lama amat,cari kendaraan lama amat,3,neutral,gojek,com.gojek.app,google_play
2026-04-02 18:50:03,Atala Raffi,sumpah akhr2 ini susah bgt dpt goride maupun gocar masak nyari driver smpk 2jam gak dpt2 pdhl sekitar banyak tp kok.gak ada satupun yg nyantol..... tolonglah di perbaiki,sumpah akhr2 ini susah bgt dpt goride maupun gocar masak nyari driver smpk 2jam gak dpt2 pdhl sekitar banyak tp kok gak ada satupun yg nyantol tolonglah di perbaiki,3,neutral,gojek,com.gojek.app,google_play
2026-04-02 18:48:01,Satwika Darmanto,"Gak suka pesanan udah masuk tapi belum dapet driver jadi makanan belum disiapin, dan baru bisa cancel pesanan setelah satu jam gak ada driver. kecewa, mending bisa langsung di cancel kalo gak ada driver, biar saya mesen yg lain. Sama aja ini gak menghargai waktu saya sebagai customer dan pihak resto. Buang-buang waktu!!",gak suka pesanan udah masuk tapi belum dapet driver jadi makanan belum disiapin dan baru bisa cancel pesanan setelah satu jam gak ada driver kecewa mending bisa langsung di cancel kalo gak ada driver biar saya mesen yg lain sama aja ini gak menghargai waktu saya sebagai customer dan pihak resto buang buang waktu,3,neutral,gojek,com.gojek.app,google_play
2026-04-02 18:38:31,ERWIN DWI SENDY ANDIKA,susah dpt drivver akhir akhir ini meskipun pakai yang pencarian cepat,susah dpt drivver akhir akhir ini meskipun pakai yang pencarian cepat,3,neutral,gojek,com.gojek.app,google_play
2026-04-02 18:35:29,Afrizal eka Saputra,lama gak sesuai waktu,lama gak sesuai waktu,3,neutral,gojek,com.gojek.app,google_play
2026-04-02 18:15:48,Riswan Paja,lama nunggu nya skrg,lama nunggu nya skrg,3,neutral,gojek,com.gojek.app,google_play
2026-04-02 18:14:42,Dave Dove,"jangan ambil ongkir yg lebih mahal di gojek dgn embel2 pelayanan lebih cepat, bayar lebih tetap saja proses 2 kali lebih lama...makanan yg harusnya ready untuk buka puasa dan sy order 1 jam sebelum buka puasa dimana estimasi sampai dalam 20 menit, tapi setengah jam setelah buka puasa selesai baru sampai...driver yg jadi kambing hitam... awas hati2 gojek kuras kantong anda dgn cara penambahan biaya2",jangan ambil ongkir yg lebih mahal di gojek dgn embel2 pelayanan lebih cepat bayar lebih tetap saja proses 2 kali lebih lama makanan yg harusnya ready untuk buka puasa dan sy order 1 jam sebelum buka puasa dimana estimasi sampai dalam 20 menit tapi setengah jam setelah buka puasa selesai baru sampai driver yg jadi kambing hitam awas hati2 gojek kuras kantong anda dgn cara penambahan biaya2,3,neutral,gojek,com.gojek.app,google_play
2026-04-02 18:07:28,M.D.C.M,"Tolong dong diperbaiki bagian pembayaran emas kok jadi ribet, dan gagal mulu pasti tolong cepat diperbaiki",tolong dong diperbaiki bagian pembayaran emas kok jadi ribet dan gagal mulu pasti tolong cepat diperbaiki,3,neutral,gojek,com.gojek.app,google_play
2026-04-02 18:05:52,Maya Selviana,"susah banget dpt driver nya, dari kemarin coba gofood ga dpt PT driver... gajelas bgt sih asli",susah banget dpt driver nya dari kemarin coba gofood ga dpt pt driver gajelas bgt sih asli,3,neutral,gojek,com.gojek.app,google_play
2026-04-02 18:04:27,Kafedanloundry Minions,cepat jng lambat,cepat jng lambat,3,neutral,gojek,com.gojek.app,google_play
2026-04-02 17:59:36,Kristy Tambunan,Gojek👍👍 Cepat menemukan driver sesuai harapan👍👍🤩😍,gojek cepat menemukan driver sesuai harapan,3,neutral,gojek,com.gojek.app,google_play
2026-04-02 17:57:13,Neylaa,Keluar keluar sndiri stres,keluar keluar sndiri stres,3,neutral,gojek,com.gojek.app,google_play
2026-04-02 17:48:26,Danny Kurniawan Gandih,driver sering gantung penumpang. trakhir ini digantung sejam dan tidak dijemput. chat dan telp tidak dibalas,driver sering gantung penumpang trakhir ini digantung sejam dan tidak dijemput chat dan telp tidak dibalas,3,neutral,gojek,com.gojek.app,google_play
2026-04-02 17:41:37,Christoper Sinurat,nungguin 1 jam kaga ada 1 pun yang mau.,nungguin 1 jam kaga ada 1 pun yang mau,3,neutral,gojek,com.gojek.app,google_play
2026-04-02 17:39:32,Annisa sri236,driver nya pada belagu parah order slalu di batalin ga jelas lama2,driver nya pada belagu parah order slalu di batalin ga jelas lama2,3,neutral,gojek,com.gojek.app,google_play
2026-04-02 17:35:21,Lela Sinaga,keren.di perbaiki lagi kinerja Google maps nya ya,keren di perbaiki lagi kinerja google maps nya ya,3,neutral,gojek,com.gojek.app,google_play
2026-04-02 17:31:13,Nurul Kamala,"aplikasinya membantu tapi entah kenapa sekarang kalau mau pesen go ride selalu susah dapet driver, sekali dapet lokasi driver sama tempat jemput jauh dan juga udh nunggu lama"" malah di cancel, giliran Dateng malah ngomel"", kalao emang seperti itu sistemnya yg di benerin",aplikasinya membantu tapi entah kenapa sekarang kalau mau pesen go ride selalu susah dapet driver sekali dapet lokasi driver sama tempat jemput jauh dan juga udh nunggu lama malah di cancel giliran dateng malah ngomel kalao emang seperti itu sistemnya yg di benerin,3,neutral,gojek,com.gojek.app,google_play
2026-04-02 17:27:50,Ega Prayoga,"lebok hujan wae, titah saha suspend aya dei, padahal bae sina ngajak driver mah da begu jeng alusna ges resiko driver, jadi eweh nu marawa orderan dan suspend waktu wae. tolol sistem teh",lebok hujan wae titah saha suspend aya dei padahal bae sina ngajak driver mah da begu jeng alusna ges resiko driver jadi eweh nu marawa orderan dan suspend waktu wae tolol sistem teh,3,neutral,gojek,com.gojek.app,google_play
2026-04-02 17:23:37,Windi Purnamasari,Gerimis doang juga susah bgt dpt driver,gerimis doang juga susah bgt dpt driver,3,neutral,gojek,com.gojek.app,google_play
2026-04-02 17:23:24,Nurna Ningsih,sudah lama jd custamer gojek...aman cepat dan terbaik,sudah lama jd custamer gojek aman cepat dan terbaik,3,neutral,gojek,com.gojek.app,google_play
2026-04-02 17:21:13,M. Ma'ruf Akafi,"Padahal banyak driver yg dekat, tapi susah bet dapat driver. Begitu dapat jauh bet",padahal banyak driver yg dekat tapi susah bet dapat driver begitu dapat jauh bet,3,neutral,gojek,com.gojek.app,google_play
2026-04-02 17:20:29,GN,"Ga beres, pesan go car lama'nya ga karuan, di cancel pula oleh pihak drivernya 👎👎👎👎👎👎👎👎👎",ga beres pesan go car lama nya ga karuan di cancel pula oleh pihak drivernya,3,neutral,gojek,com.gojek.app,google_play
2026-04-02 17:18:17,pandjie hermawan,sekarang area Semarang kl hujan gofood jarang ada driver yang on udh gt suruh tunggu batas waktu baru bs di cancel haiyah kok jd kaya gini sih gojek,sekarang area semarang kl hujan gofood jarang ada driver yang on udh gt suruh tunggu batas waktu baru bs di cancel haiyah kok jd kaya gini sih gojek,3,neutral,gojek,com.gojek.app,google_play
2026-04-02 17:17:36,Wahyu Nugroho,"aplikasi gopay semakin di update semakin gakk jelas.. game gopay pet jg gaak bs di buka serta game"" lain penghasil koin gopay.. gojek pun jg gt, susah dlm hal penggunaan aplikasi.. sepertinya pihak gojek sdh malas buat terobosan baru karena pemikiran nya cabang 2 antara grab dan gojek..",aplikasi gopay semakin di update semakin gakk jelas game gopay pet jg gaak bs di buka serta game lain penghasil koin gopay gojek pun jg gt susah dlm hal penggunaan aplikasi sepertinya pihak gojek sdh malas buat terobosan baru karena pemikiran nya cabang 2 antara grab dan gojek,3,neutral,gojek,com.gojek.app,google_play
2026-04-02 17:11:14,Elga Putri,"sekarang Order Gofood susah dapat Driver , sekali dapat nunggu Lama terus di Cancel 🥲",sekarang order gofood susah dapat driver sekali dapat nunggu lama terus di cancel,3,neutral,gojek,com.gojek.app,google_play
2026-04-02 17:05:47,Rineka Kumara,"keren,cocok untuk yang mager keluar rumah pengiriman cepat makanannya enak mantap",keren cocok untuk yang mager keluar rumah pengiriman cepat makanannya enak mantap,3,neutral,gojek,com.gojek.app,google_play
2026-04-02 17:01:41,01_ Anastasia Putri Dian,apk jelek skrng driver pilih pilih. mentang mentang dia yg merasa dibutuhkan. jarak dkt nominal besar pd gmau ambil. dan klau ada yg ambil dia diem aja tanpa komunikasi ke kita,apk jelek skrng driver pilih pilih mentang mentang dia yg merasa dibutuhkan jarak dkt nominal besar pd gmau ambil dan klau ada yg ambil dia diem aja tanpa komunikasi ke kita,3,neutral,gojek,com.gojek.app,google_play
2026-04-02 16:55:59,Etin Hoerotin,pokonya the best lah,pokonya the best lah,3,neutral,gojek,com.gojek.app,google_play
2026-04-02 16:50:18,Stoe ann,"gak bisa liat rating customer, sedangkan driver bisa liat rating kita",gak bisa liat rating customer sedangkan driver bisa liat rating kita,3,neutral,gojek,com.gojek.app,google_play
2026-04-02 16:49:21,agustina silvyana,gila saya mau ibadah di suruh menunggu . sementara waktunya driver sampai di rumah ga ketauan jam berapa. udh menunggu hampir 1 jam loh. ckckckckck,gila saya mau ibadah di suruh menunggu sementara waktunya driver sampai di rumah ga ketauan jam berapa udh menunggu hampir 1 jam loh ckckckckck,3,neutral,gojek,com.gojek.app,google_play
2026-04-02 16:47:54,G Dyah lestari Wahyuningtyas,paket sampai dengan cepat,paket sampai dengan cepat,3,neutral,gojek,com.gojek.app,google_play
2026-04-02 16:34:38,Salsabila Hamidah,"sejauh ini aplikasi yang menguntung untuk kita dan orang lain adalah gojek ya,kalo kita dapet masalah juga gojek sebisa mungkin ngebantu,makasii banyak love you gojek",sejauh ini aplikasi yang menguntung untuk kita dan orang lain adalah gojek ya kalo kita dapet masalah juga gojek sebisa mungkin ngebantu makasii banyak love you gojek,3,neutral,gojek,com.gojek.app,google_play
2026-04-02 16:32:47,Wan Gaming1,diWA udah yampe tapi pas didatengin gak ada udah muter 3x tetep gak ada hehhhhh 🥲😡,diwa udah yampe tapi pas didatengin gak ada udah muter 3x tetep gak ada hehhhhh,3,neutral,gojek,com.gojek.app,google_play
2026-04-02 16:24:48,Mbenk Ezkha,"PHP DOANG PAYLATERNYA. SEMUA TAGUHAN SUDAH DI BAYAR, MALAH LIMIT TETEP GA NAIK DAN TAK BISA DIGUNAKAN...APA MAKSUDNYA...????",php doang paylaternya semua taguhan sudah di bayar malah limit tetep ga naik dan tak bisa digunakan apa maksudnya,3,neutral,gojek,com.gojek.app,google_play
2026-04-02 16:18:43,Andre Dwi Putra Kamta,"TOLONG DI-UPDATE, saya sering terkendala Notifikasi sehingga merugikan pihak driver ataupun saya.",tolong di update saya sering terkendala notifikasi sehingga merugikan pihak driver ataupun saya,3,neutral,gojek,com.gojek.app,google_play
2026-04-02 16:18:04,Yudha,"Customer Service nya kagak jelas, lama, jaminan voucher ga jelas",customer service nya kagak jelas lama jaminan voucher ga jelas,3,neutral,gojek,com.gojek.app,google_play
2026-04-02 16:14:53,FADHIIL ISLAMY Pasha,pelit drivernya ga rekomen buat mode hemat,pelit drivernya ga rekomen buat mode hemat,3,neutral,gojek,com.gojek.app,google_play
2026-04-02 16:14:47,assaychuna ali,sangat membantu dalam beraktifitas,sangat membantu dalam beraktifitas,3,neutral,gojek,com.gojek.app,google_play
2026-04-02 16:07:19,Yasin Raihan Yassar,buruk!! lambat dalam mencari driver dan driver cancel seenaknya.,buruk lambat dalam mencari driver dan driver cancel seenaknya,3,neutral,gojek,com.gojek.app,google_play
2026-04-02 16:01:33,senja sundji,"akhir-akhir ini kalau pesen go-food selalu susah dapet drivernya, akhirnya selalu aja dibatalin. padahal drivernya banyak",akhir akhir ini kalau pesen go food selalu susah dapet drivernya akhirnya selalu aja dibatalin padahal drivernya banyak,3,neutral,gojek,com.gojek.app,google_play
2026-04-02 16:01:27,Satoru Tamaba,mungkin kalau bisa pakai merchant dana atau qris lebih mantap,mungkin kalau bisa pakai merchant dana atau qris lebih mantap,3,neutral,gojek,com.gojek.app,google_play
2026-04-02 16:00:12,Antonelli Kimi,"alamat saya error cuman di gojek doang, gajelas ni aplikasinya",alamat saya error cuman di gojek doang gajelas ni aplikasinya,3,neutral,gojek,com.gojek.app,google_play
2026-04-02 15:59:16,tri yanto,"gila kali mau pesen gofood ongkir awal Rp 100 kembali ke menu utama aplikasi ongkir jadi Rp 8.000 kembali lagi ke menu utama aplikasi dan mau checkout ongkir jadi Rp 13.000, itu yang error aplikasinya atau bukan, ongkir kok berubah-ubah makin mahal pula, kocak parah. Ongkir makin mahal alhasil mengurungkan tidak jadi pesan makanan, gilanya",gila kali mau pesen gofood ongkir awal rp 100 kembali ke menu utama aplikasi ongkir jadi rp 8 000 kembali lagi ke menu utama aplikasi dan mau checkout ongkir jadi rp 13 000 itu yang error aplikasinya atau bukan ongkir kok berubah ubah makin mahal pula kocak parah ongkir makin mahal alhasil mengurungkan tidak jadi pesan makanan gilanya,3,neutral,gojek,com.gojek.app,google_play
2026-04-02 15:58:46,Lidi Gent,ini jelek banget .. dapat drivernya lama .. auto uninstall,ini jelek banget dapat drivernya lama auto uninstall,3,neutral,gojek,com.gojek.app,google_play
2026-04-02 15:54:14,Muhamad Sofiyuddin (Sofi),"sering di cancel, sulit dapat driver",sering di cancel sulit dapat driver,3,neutral,gojek,com.gojek.app,google_play
2026-04-02 15:50:46,Sativa af,"kenapa sekarang susahhhh buanget dapet driver, padahal banyak driver di sekitar lokasi tapi dapet nya yg jauh dari lokasi",kenapa sekarang susahhhh buanget dapet driver padahal banyak driver di sekitar lokasi tapi dapet nya yg jauh dari lokasi,3,neutral,gojek,com.gojek.app,google_play
2026-04-02 15:48:56,Jessiana Leticia Azka,"kenapa setelah update jadi lemot ya min,ga bisa hubungi driver",kenapa setelah update jadi lemot ya min ga bisa hubungi driver,3,neutral,gojek,com.gojek.app,google_play
2026-04-02 15:43:48,Nurrohim Suryo,Alhamdulillah sangat membantu,alhamdulillah sangat membantu,3,neutral,gojek,com.gojek.app,google_play
2026-04-02 15:31:04,MILAH AMALIYAH KASIM PEI,gojek itu membantu bgt ketika lgi ga ada kendaraan untuk membeli sesuatu,gojek itu membantu bgt ketika lgi ga ada kendaraan untuk membeli sesuatu,3,neutral,gojek,com.gojek.app,google_play
2026-04-02 15:31:04,Maritza Aulia putri,"jelek kurir nya gajelas ,",jelek kurir nya gajelas,3,neutral,gojek,com.gojek.app,google_play
2026-04-02 15:22:56,Yongki Susanto,"pick up instant lama, dan drivernya banyak yang idiot",pick up instant lama dan drivernya banyak yang idiot,3,neutral,gojek,com.gojek.app,google_play
2026-04-02 14:46:33,Hari ono,mantap..tepat..cepat.sopan kendaraan bersih,mantap tepat cepat sopan kendaraan bersih,3,neutral,gojek,com.gojek.app,google_play
2026-04-02 14:44:10,Novi Darmawan,cepat gak perlu nunggu lama,cepat gak perlu nunggu lama,3,neutral,gojek,com.gojek.app,google_play
2026-04-02 14:25:39,Ulil ilmi,"Selalu dicancel, lelet, dan tidak ramah driver nya.",selalu dicancel lelet dan tidak ramah driver nya,3,neutral,gojek,com.gojek.app,google_play
2026-04-02 14:24:04,salma rahmawati,"gojek udah nemenin aku dari jaman aku masi sekolah SMK sampai kerja dan selalu pakai gojek, sukses selalu gojek 🩷",gojek udah nemenin aku dari jaman aku masi sekolah smk sampai kerja dan selalu pakai gojek sukses selalu gojek,3,neutral,gojek,com.gojek.app,google_play
2026-04-02 14:15:32,Stars Fiki,menyenangkan menggunakan gojek,menyenangkan menggunakan gojek,3,neutral,gojek,com.gojek.app,google_play
2026-04-02 13:57:11,Abangfinnan Akbar,"susah dapet driver pas gopud,tapi oke",susah dapet driver pas gopud tapi oke,3,neutral,gojek,com.gojek.app,google_play
2026-04-02 13:51:08,Muhamad Agil Siroj,"thx gojeg, udh jadi partner dikehidupan sehari2",thx gojeg udh jadi partner dikehidupan sehari2,3,neutral,gojek,com.gojek.app,google_play
2026-04-02 13:39:42,zul fikar,Puas dgn pelayanan Gojek,puas dgn pelayanan gojek,3,neutral,gojek,com.gojek.app,google_play
2026-04-02 13:33:32,LSM-GMAS DPD GRESIK,"Fitur makin lengkap, proteksi dan Privasi makin terjamin",fitur makin lengkap proteksi dan privasi makin terjamin,3,neutral,gojek,com.gojek.app,google_play
2026-04-02 13:12:08,Yose Rizal Manurung,"Sebenarnya secara overall oke oke saja, namun belakangan hari seringkali driver tidak provide helm. Pernah kemarin saya pesan malam 3 kali berturut² dapat driver yang ga ada helm, jadi saya cancel. Safety is important loo. Mohon untuk lebih diperhatikan kembali.",sebenarnya secara overall oke oke saja namun belakangan hari seringkali driver tidak provide helm pernah kemarin saya pesan malam 3 kali berturut dapat driver yang ga ada helm jadi saya cancel safety is important loo mohon untuk lebih diperhatikan kembali,3,neutral,gojek,com.gojek.app,google_play
2026-04-02 12:51:24,R. Bagus Adhirasa,"Alhamdulillah lancar, terima kasih",alhamdulillah lancar terima kasih,3,neutral,gojek,com.gojek.app,google_play
2026-04-02 12:50:36,sutopo sutopo,cepat dan mudah,cepat dan mudah,3,neutral,gojek,com.gojek.app,google_play
2026-04-02 12:44:00,nlionel richie,aplikasi transportasi terbaik di 2026,aplikasi transportasi terbaik di 2026,3,neutral,gojek,com.gojek.app,google_play
2026-04-02 12:41:11,Salsabila Ramadhanty,"jujur, kecewa sama gojek skrg. makin kesini makin dzolim sama driver dan customer. biaya admin dll ditambah tp dapet driver susah ketika mau pesan makan dan kendaraan. uang yang diterima driver juga ga sebanding. dzolim bgt👎🏻",jujur kecewa sama gojek skrg makin kesini makin dzolim sama driver dan customer biaya admin dll ditambah tp dapet driver susah ketika mau pesan makan dan kendaraan uang yang diterima driver juga ga sebanding dzolim bgt,3,neutral,gojek,com.gojek.app,google_play
2026-04-02 12:38:52,Andi H,makin kesini aplikasi gojek kok rasa²nya ga nyaman dipake ya,makin kesini aplikasi gojek kok rasa nya ga nyaman dipake ya,3,neutral,gojek,com.gojek.app,google_play
2026-04-02 12:19:58,Suci Mega,"pengalaman saya terburuk ketika ingin makan tetapi sulit mendapatkan driver, lalu pihak ini menyampaikan menunggu dan berulang kali saya menyampaikan minta dibatalkan itu mengecewakan juga bukan secepatnya mengatasi masalah itu sangat mengecewakan tolong jangan memaksa customer menunggu dengan alasan apapun",pengalaman saya terburuk ketika ingin makan tetapi sulit mendapatkan driver lalu pihak ini menyampaikan menunggu dan berulang kali saya menyampaikan minta dibatalkan itu mengecewakan juga bukan secepatnya mengatasi masalah itu sangat mengecewakan tolong jangan memaksa customer menunggu dengan alasan apapun,3,neutral,gojek,com.gojek.app,google_play
2026-04-02 12:10:38,Maria Sahara,gojek titik alamatnya pas ...... banyak discount,gojek titik alamatnya pas banyak discount,3,neutral,gojek,com.gojek.app,google_play
2026-04-02 11:41:26,Gus priyadi,drivernya baik& sopan,drivernya baik sopan,3,neutral,gojek,com.gojek.app,google_play
2026-04-02 11:32:06,Dina Zakia,aplikasi yg sangat membantu,aplikasi yg sangat membantu,3,neutral,gojek,com.gojek.app,google_play
2026-04-02 11:28:48,Ais,"OJK tolong awasi gopay pinjam dari Gojek kalau perlu hapuskan saja, MEREKA MENYEBAR DATA YANG GAK² MENEROR PADAHAL BELUM JATUH TEMPO, NEROR KANTOR, DC DATANG SEBELUM JATUH TEMPO, TEROR BAHASA BINATANG, BAHKAN MEMASUKAN DATA UNTUK BERHUTANG ! banyak pelanggaran dari mereka padahal katanya LEGAL tapi oknum di gopay pinjam semua ILEGAL",ojk tolong awasi gopay pinjam dari gojek kalau perlu hapuskan saja mereka menyebar data yang gak meneror padahal belum jatuh tempo neror kantor dc datang sebelum jatuh tempo teror bahasa binatang bahkan memasukan data untuk berhutang banyak pelanggaran dari mereka padahal katanya legal tapi oknum di gopay pinjam semua ilegal,3,neutral,gojek,com.gojek.app,google_play
2026-04-02 11:11:04,Rio Jeremy,bagus sangat membantu bwt orang kantoran,bagus sangat membantu bwt orang kantoran,3,neutral,gojek,com.gojek.app,google_play
2026-04-02 11:00:55,Bunga Setya,pelayanan baik recomend,pelayanan baik recomend,3,neutral,gojek,com.gojek.app,google_play
2026-04-02 10:26:38,Dicky Angga,"download bukti tidak bisa, sudah lapor cs malah suruh ngikutin step2 orang udah keluhannya di bilang tidak bisa download bukti, aplikasi nya ngebug malah di suruh ikutin step2 download emang dikira ga bisa make aplikaisnya",download bukti tidak bisa sudah lapor cs malah suruh ngikutin step2 orang udah keluhannya di bilang tidak bisa download bukti aplikasi nya ngebug malah di suruh ikutin step2 download emang dikira ga bisa make aplikaisnya,3,neutral,gojek,com.gojek.app,google_play
2026-04-02 10:22:53,Baby More,sangat membantu sekali👍👍👍👍👍👍👍,sangat membantu sekali,3,neutral,gojek,com.gojek.app,google_play
2026-04-02 10:16:10,Rian Rahmadi,"nyoba pakai gopay later, lupa bayar lewat sehari, nominal 40rb denda 50rb 😊 lintah darat online",nyoba pakai gopay later lupa bayar lewat sehari nominal 40rb denda 50rb lintah darat online,3,neutral,gojek,com.gojek.app,google_play
2026-04-02 10:04:10,Sri Nur Senjani,"bagus lah pokoknya, dari dulu gak pernah mengecewakan",bagus lah pokoknya dari dulu gak pernah mengecewakan,3,neutral,gojek,com.gojek.app,google_play
2026-04-02 09:44:56,Riska Oktorina,"drivernya baik, ramah, on time",drivernya baik ramah on time,3,neutral,gojek,com.gojek.app,google_play
2026-04-02 09:43:11,Meilinda Syanet,mau ngajuin pinjeman tp di tolak.. padahal bayar selalu tepat waktu!! Najis bgt Gopinjem!!!,mau ngajuin pinjeman tp di tolak padahal bayar selalu tepat waktu najis bgt gopinjem,3,neutral,gojek,com.gojek.app,google_play
2026-04-02 09:42:03,Osissjshshhehdkdmdbdb tuwhwbnwksidndbd,"aneh, tiba tiba bet ga bisa bayar pake ni aplikasi",aneh tiba tiba bet ga bisa bayar pake ni aplikasi,3,neutral,gojek,com.gojek.app,google_play
2026-04-02 09:30:28,khanzaki,"apknya bgus, gergep, banyak promo, drivernya juga ramah ramah, semoga tarif drivernya nambah ya soalnya emg sebaik dan seramah ituuu drivernya",apknya bgus gergep banyak promo drivernya juga ramah ramah semoga tarif drivernya nambah ya soalnya emg sebaik dan seramah ituuu drivernya,3,neutral,gojek,com.gojek.app,google_play
2026-04-02 08:57:47,Darus Boy,sangat puas n driver nya ramah,sangat puas n driver nya ramah,3,neutral,gojek,com.gojek.app,google_play
2026-04-02 08:40:25,Azyindra Anderson,"pesen gocar tapi driver g mau cancel pdhal dia yg blng ga mau jemput dgn plat BE1816JH Agung apa gitu, kalau g mau knpa di ambil ordernya? driver yg sebelumnya juga bermasalah, ambil ordernya tapi ga jalan² juga tuh diliat di maps nunggu sampe 40menitan padhal di orderan nunggunya cuma 5menit tolong yaa ditindak lanjuti nihh untuk oknum² yg seperti ini kita sama² butuh padahal",pesen gocar tapi driver g mau cancel pdhal dia yg blng ga mau jemput dgn plat be1816jh agung apa gitu kalau g mau knpa di ambil ordernya driver yg sebelumnya juga bermasalah ambil ordernya tapi ga jalan juga tuh diliat di maps nunggu sampe 40menitan padhal di orderan nunggunya cuma 5menit tolong yaa ditindak lanjuti nihh untuk oknum yg seperti ini kita sama butuh padahal,3,neutral,gojek,com.gojek.app,google_play
2026-04-02 08:30:28,Dwi Kristiono,"Bagus pelayanannya,driver santun",bagus pelayanannya driver santun,3,neutral,gojek,com.gojek.app,google_play
2026-04-02 08:24:15,Asmani Asmadi,mantul pokoknya selalu tepat saat dibutuhkan,mantul pokoknya selalu tepat saat dibutuhkan,3,neutral,gojek,com.gojek.app,google_play
2026-04-02 08:00:19,Talitha Zayya Salsabila,sejak 1 april aku gabisa pake voucher untuk gofood. heran deh ni aplikasi on ol... udh langganan plus lama malah kek gni wkwk 🤣,sejak 1 april aku gabisa pake voucher untuk gofood heran deh ni aplikasi on ol udh langganan plus lama malah kek gni wkwk,3,neutral,gojek,com.gojek.app,google_play
2026-04-02 07:42:25,Deddy Purwanto,"Saya senang dengan aplikasi gojek, bisa pergi kemana saja yg kita mau, saya pakai aplikasi ini sejak tahun 2018.😁",saya senang dengan aplikasi gojek bisa pergi kemana saja yg kita mau saya pakai aplikasi ini sejak tahun 2018,3,neutral,gojek,com.gojek.app,google_play
2026-04-02 07:26:16,Rokhatun Atun,ramah dan nyaman,ramah dan nyaman,3,neutral,gojek,com.gojek.app,google_play
2026-04-02 07:16:58,HENRI JULIAN,"Saya belom pernah daftar gopay plus Kenapa pas daftar gagal karena ID ktp saya sudah terdaftar,",saya belom pernah daftar gopay plus kenapa pas daftar gagal karena id ktp saya sudah terdaftar,3,neutral,gojek,com.gojek.app,google_play
2026-04-02 07:13:45,Dhimas Alfi,Sangat bangga bisa minggunakan aplikasi lokal pada awalnya. tapi dengan respon laporan terkait ketidaksesuaian produk yang saya Terima saat menggunakan aplikasi gofood 1 april 2026 lalu sangat mengecewakan. tidak solutif. Alhasil uninstall aplikasi ini jauh lebih baik,sangat bangga bisa minggunakan aplikasi lokal pada awalnya tapi dengan respon laporan terkait ketidaksesuaian produk yang saya terima saat menggunakan aplikasi gofood 1 april 2026 lalu sangat mengecewakan tidak solutif alhasil uninstall aplikasi ini jauh lebih baik,3,neutral,gojek,com.gojek.app,google_play
2026-04-02 06:59:55,Indah Wenda,foto wajah gak terbaca mulu,foto wajah gak terbaca mulu,3,neutral,gojek,com.gojek.app,google_play
2026-04-02 06:54:14,Sutho Wijaya,"driver minta pembayaran lebih di luar aplikasi dengan alasan aplikasi lagi error,sudah di laporkan dan saldo sudah di kembalikan",driver minta pembayaran lebih di luar aplikasi dengan alasan aplikasi lagi error sudah di laporkan dan saldo sudah di kembalikan,3,neutral,gojek,com.gojek.app,google_play
2026-04-02 06:46:54,Dinda Zainuri,Kalo ngasih driver jgn yg jauh dari titik jemput. Terus drivernya suruh fast respon.,kalo ngasih driver jgn yg jauh dari titik jemput terus drivernya suruh fast respon,3,neutral,gojek,com.gojek.app,google_play
2026-04-02 06:39:50,Nelis Rosdianie,"Sangat terbantu banget dengan aplikasi ini, sering banget lupa bawa sesuatu yang penting ke sekolah, nah dengan apikasi ini selamat dech tugas ataupun sesuatu yang lupa bisa dengan cepat sampe ke sekolah.",sangat terbantu banget dengan aplikasi ini sering banget lupa bawa sesuatu yang penting ke sekolah nah dengan apikasi ini selamat dech tugas ataupun sesuatu yang lupa bisa dengan cepat sampe ke sekolah,3,neutral,gojek,com.gojek.app,google_play
2026-04-02 06:38:33,Rice renata,ok sip 👍🏻 mantap,ok sip mantap,3,neutral,gojek,com.gojek.app,google_play
2026-04-02 06:17:53,Cahyo Nugi31,murah bgt harganya gak kayak yg warna kuning,murah bgt harganya gak kayak yg warna kuning,3,neutral,gojek,com.gojek.app,google_play
2026-04-02 05:18:31,0nedha,for now okay,for now okay,3,neutral,gojek,com.gojek.app,google_play
2026-04-02 05:14:08,Hanik Kholifatul ulla,aplikasinya bagus banget dan harga gojeknya pas di kantong,aplikasinya bagus banget dan harga gojeknya pas di kantong,3,neutral,gojek,com.gojek.app,google_play
2026-04-02 05:01:09,Rahmat Andri,"perasaan dari sekarang susah sekali cari drivernya , bahkan cari yang level comfort aja susah, agak kecewa",perasaan dari sekarang susah sekali cari drivernya bahkan cari yang level comfort aja susah agak kecewa,3,neutral,gojek,com.gojek.app,google_play
2026-04-02 03:28:23,Stephanus Triyana (Mastri),kerjasama dengan Tokopedia,kerjasama dengan tokopedia,3,neutral,gojek,com.gojek.app,google_play
2026-04-02 03:27:57,Amir Hamka,saya pengguna apk gojek dan gopay bahkan dari limit masih 500rb menjadi belasan juta sekarang tidak pernah mengalami telat bayar..saya kecewa karena telat beberapa jam dikarenakan jaringan dan tidak ada notifikasi saya dikenakan denda sebesar 50rb saya sangat kecewa seharusnya ada notifikasi atau himbauan atau dikenakan sangsi telat perdana saya sangat kecewa padahal sudah menggunakan apk ini lebih dari 3 tahun,saya pengguna apk gojek dan gopay bahkan dari limit masih 500rb menjadi belasan juta sekarang tidak pernah mengalami telat bayar saya kecewa karena telat beberapa jam dikarenakan jaringan dan tidak ada notifikasi saya dikenakan denda sebesar 50rb saya sangat kecewa seharusnya ada notifikasi atau himbauan atau dikenakan sangsi telat perdana saya sangat kecewa padahal sudah menggunakan apk ini lebih dari 3 tahun,3,neutral,gojek,com.gojek.app,google_play
2026-04-02 03:21:51,Ridwan Pulungan,bagus dan mantap,bagus dan mantap,3,neutral,gojek,com.gojek.app,google_play
2026-04-02 01:05:19,ibnu sapari,sulit dapat driver,sulit dapat driver,3,neutral,gojek,com.gojek.app,google_play
2026-04-02 00:57:05,Wildan Cw,Drivernya suka batalin order,drivernya suka batalin order,3,neutral,gojek,com.gojek.app,google_play
2026-04-02 00:33:33,bot gaming,semakin kesni aplikasi ini semakin aneh drver bnyak susah bnr ambil orderan padahal ga pernah gw pake orderan fiktiv kalo sudah g mampu dan g ada driver ttp aja aplikasi nya.. dan ini terakhir saya pake gojek mulai skrng ganti aplikasi lain,semakin kesni aplikasi ini semakin aneh drver bnyak susah bnr ambil orderan padahal ga pernah gw pake orderan fiktiv kalo sudah g mampu dan g ada driver ttp aja aplikasi nya dan ini terakhir saya pake gojek mulai skrng ganti aplikasi lain,3,neutral,gojek,com.gojek.app,google_play
2026-04-02 00:26:19,Risa Yaliasari10,"sangat mudah untuk mencari kendaraan ataupun makanan, banyak promo juga terimakasih saya sangat suka dngn aplikasi ini",sangat mudah untuk mencari kendaraan ataupun makanan banyak promo juga terimakasih saya sangat suka dngn aplikasi ini,3,neutral,gojek,com.gojek.app,google_play
2026-04-01 23:56:36,Sinta Spa,Is the best,is the best,3,neutral,gojek,com.gojek.app,google_play
2026-04-01 23:49:29,Yosua Edy saputra,ini skarang ongkir nya mahal bgt yah,ini skarang ongkir nya mahal bgt yah,3,neutral,gojek,com.gojek.app,google_play
2026-04-01 23:23:47,Seftia Rahma,mahal sekali untuk gofood nya promo nya gaada,mahal sekali untuk gofood nya promo nya gaada,3,neutral,gojek,com.gojek.app,google_play
2026-04-01 23:10:57,Nadia Rahmah shopee,"SUSAH DAPAT DRIVER DI Kalsel Banjarbaru -Banjarmasin Jika dapat Driver lokasinya snagat jauh, tidak worit terlalu lama menunggu",susah dapat driver di kalsel banjarbaru banjarmasin jika dapat driver lokasinya snagat jauh tidak worit terlalu lama menunggu,3,neutral,gojek,com.gojek.app,google_play
2026-04-01 23:07:43,Burhan Kelana,"Terkhusus di BANJARMASIN, sangat di sayangkan saya dapat Driver terlalu jauh jaraknya, dan itu tidak terjadi hnaya sekali, TOLONG PERBANYAK DRIVER GOCAR, agar mendapatkan Driver yang dekat hanya berjarak 1 KM-2KM jangan sampai 5 KM, terlalu lama menunggu. Beda dengan aplikasi sebelah si kuning, sangat dekat Drivernya karna banyak ada dimana2. Semoga masukan saya dapat di Evaluasi lagi. Agar penggunaan Gocar tidak berpaling. Terima kasih",terkhusus di banjarmasin sangat di sayangkan saya dapat driver terlalu jauh jaraknya dan itu tidak terjadi hnaya sekali tolong perbanyak driver gocar agar mendapatkan driver yang dekat hanya berjarak 1 km 2km jangan sampai 5 km terlalu lama menunggu beda dengan aplikasi sebelah si kuning sangat dekat drivernya karna banyak ada dimana2 semoga masukan saya dapat di evaluasi lagi agar penggunaan gocar tidak berpaling terima kasih,3,neutral,gojek,com.gojek.app,google_play
2026-04-01 23:01:00,aulia wdyat cahyaa,ngebantu banget buat kaum mageran,ngebantu banget buat kaum mageran,3,neutral,gojek,com.gojek.app,google_play
2026-04-01 22:54:20,Basir Syahfutra,saya sangat kecewa sama Go-Jek tadi pagi saya TF dari Go-Jek ke akun dana dan seratus nya berhasil namun jumlah yang saya TF tidak masuk ke akun dana padahal bukti TF nya ada namun saya buat pengaduan tidak di respon . memang jumlahnya sedikit tapi sangat berarti buat saya .,saya sangat kecewa sama go jek tadi pagi saya tf dari go jek ke akun dana dan seratus nya berhasil namun jumlah yang saya tf tidak masuk ke akun dana padahal bukti tf nya ada namun saya buat pengaduan tidak di respon memang jumlahnya sedikit tapi sangat berarti buat saya,3,neutral,gojek,com.gojek.app,google_play
2026-04-01 22:52:37,Supri Yanto,Sangat bermanfaat dan amanah,sangat bermanfaat dan amanah,3,neutral,gojek,com.gojek.app,google_play
2026-04-01 22:43:42,Nita afandi,kenapa kalau habis hujan banyak driver ngak.mau anter penumpang ataupun makanan padahal ngk hujan.lagi kenapa nolak.rezeki saat hujan,kenapa kalau habis hujan banyak driver ngak mau anter penumpang ataupun makanan padahal ngk hujan lagi kenapa nolak rezeki saat hujan,3,neutral,gojek,com.gojek.app,google_play
2026-04-01 22:36:14,Sri Hartutik Tutik,"senang sekali, sangat membantu setiap saat",senang sekali sangat membantu setiap saat,3,neutral,gojek,com.gojek.app,google_play
2026-04-01 22:29:42,Denis Purwayana,pengiriman cepat tepat waktu,pengiriman cepat tepat waktu,3,neutral,gojek,com.gojek.app,google_play
2026-04-01 22:27:52,Dewi Damanik,Banyak banyak berbenah deh. Gak rekomen bgt ini aplikasi,banyak banyak berbenah deh gak rekomen bgt ini aplikasi,3,neutral,gojek,com.gojek.app,google_play
2026-04-01 22:23:03,ratna eka,lama bgtt dapet drivernya posisi beli makanan,lama bgtt dapet drivernya posisi beli makanan,3,neutral,gojek,com.gojek.app,google_play
2026-04-01 22:22:47,Dika Setia kim,"sangat mengecewakan! go food tidak bisa chat penjual maupun driver, hanya menunggu yang tidak pasti, menunggu 1 jam alhasil penjual tidak respon!",sangat mengecewakan go food tidak bisa chat penjual maupun driver hanya menunggu yang tidak pasti menunggu 1 jam alhasil penjual tidak respon,3,neutral,gojek,com.gojek.app,google_play
2026-04-01 22:00:52,Marsya Fajrina Haya,"susah banget dapat driver, bukan susah lagi malah ga dapet samsek. drivernya juga bermasalah abis, dia nerima order gocar, tapi tiba"" chat lokasinya kejauhan dari lokasi dia. loh klo kek gitu kenapa dia terima??? alhasil harus saya yang cancel, klo gitu kan rating saya yang buruk ya?? dan kesel banget sama per ratingan costumer ini, kita klo driver nya salah tetap kasih bintang 5, ehh kita ada kendala sedikit entah berapa itu di kasih nya. selama ini saya pakai gojek ga pernah pas pasan bayarnya",susah banget dapat driver bukan susah lagi malah ga dapet samsek drivernya juga bermasalah abis dia nerima order gocar tapi tiba chat lokasinya kejauhan dari lokasi dia loh klo kek gitu kenapa dia terima alhasil harus saya yang cancel klo gitu kan rating saya yang buruk ya dan kesel banget sama per ratingan costumer ini kita klo driver nya salah tetap kasih bintang 5 ehh kita ada kendala sedikit entah berapa itu di kasih nya selama ini saya pakai gojek ga pernah pas pasan bayarnya,3,neutral,gojek,com.gojek.app,google_play
2026-04-01 21:55:08,Arik Zaregan,makin lama makin menyebalkan...susah sekali dapat driver trs apalagi kalau pesan makanan..dah pasti kacau ..entah waktu dan rumah makan yang terlalu lama gak dapat driver...semoga aplikasi ini bangkrut,makin lama makin menyebalkan susah sekali dapat driver trs apalagi kalau pesan makanan dah pasti kacau entah waktu dan rumah makan yang terlalu lama gak dapat driver semoga aplikasi ini bangkrut,3,neutral,gojek,com.gojek.app,google_play
2026-04-01 21:47:31,Ellis Mhei,d butuhkan di waktu yg tepat,d butuhkan di waktu yg tepat,3,neutral,gojek,com.gojek.app,google_play
2026-04-01 21:31:32,Grey 05,"nyari driver lelet, udah kejadian gonta ganti resto karena harus nunggu sejam. orderan makanan saya baru di proses waktu ketemu driver sedangkan nyari driver aja bisa sejam bahkan lebih",nyari driver lelet udah kejadian gonta ganti resto karena harus nunggu sejam orderan makanan saya baru di proses waktu ketemu driver sedangkan nyari driver aja bisa sejam bahkan lebih,3,neutral,gojek,com.gojek.app,google_play
2026-04-01 21:15:16,Rozaq Arifudin,dear operasional minta tolong di tanggapi keluhan pelanggan terimakasih,dear operasional minta tolong di tanggapi keluhan pelanggan terimakasih,3,neutral,gojek,com.gojek.app,google_play
2026-04-01 21:13:45,Sabrina Wardani,"jangan membebani driver dengan ambil untung banyak dong, kasian mereka udah panas panasan, hujan hujanan.. tapi untungnya cuma sedikit..",jangan membebani driver dengan ambil untung banyak dong kasian mereka udah panas panasan hujan hujanan tapi untungnya cuma sedikit,3,neutral,gojek,com.gojek.app,google_play
2026-04-01 21:01:24,chealse alicia,susah dpt driver,susah dpt driver,3,neutral,gojek,com.gojek.app,google_play
2026-04-01 20:59:40,Augustnad,makin lama makin aneh nyari makan aja kudu mikirin nasib driver,makin lama makin aneh nyari makan aja kudu mikirin nasib driver,3,neutral,gojek,com.gojek.app,google_play
2026-04-01 20:53:49,Azizah Khoirotun,bapuk makin susah aja dapet driver,bapuk makin susah aja dapet driver,3,neutral,gojek,com.gojek.app,google_play
2026-04-01 20:53:36,Denny Agus cahya,lama dapat driver,lama dapat driver,3,neutral,gojek,com.gojek.app,google_play
2026-04-01 20:38:26,Denys Cahya,"biar bintang yg bicara. susah dapet driver, nunggu lama, sekalinya dapet minta cancel alesan jauh lah itu lah. tinggal nunggu waktu collapse aja lu.",biar bintang yg bicara susah dapet driver nunggu lama sekalinya dapet minta cancel alesan jauh lah itu lah tinggal nunggu waktu collapse aja lu,3,neutral,gojek,com.gojek.app,google_play
2026-04-01 20:31:06,Desinta Nurulazmi,"nunggu 30 menitt ga dapet"" sekalinua dapet jaraknya jauhh nunggu 5 menit drivernya tbtb dicancel seenak jidat 😡😡😡😡",nunggu 30 menitt ga dapet sekalinua dapet jaraknya jauhh nunggu 5 menit drivernya tbtb dicancel seenak jidat,3,neutral,gojek,com.gojek.app,google_play
2026-04-01 20:20:21,Astuti Damanik,ga lagi deh pake apk ini. bad!!,ga lagi deh pake apk ini bad,3,neutral,gojek,com.gojek.app,google_play
2026-04-01 20:17:55,Ribi Maulidya,aplikasi penipuan saldo ilang semua,aplikasi penipuan saldo ilang semua,3,neutral,gojek,com.gojek.app,google_play
2026-04-01 20:11:21,Niel Sidauruk,hapus aja paket hemat nya kalau driver ga mau bawa penumpang. terkhusus daerah Medan..,hapus aja paket hemat nya kalau driver ga mau bawa penumpang terkhusus daerah medan,3,neutral,gojek,com.gojek.app,google_play
2026-04-01 19:59:58,Deno Suharti,"selama memakai aplikasi gojek,alhamdulillah puas.kalau mobil,biasanya bpk/ibu sopirnya bersih,mobilnya harum...",selama memakai aplikasi gojek alhamdulillah puas kalau mobil biasanya bpk ibu sopirnya bersih mobilnya harum,3,neutral,gojek,com.gojek.app,google_play
2026-04-01 19:55:28,Elayna pipiripuu,susah banget buat dpt driver akhir akhir ini,susah banget buat dpt driver akhir akhir ini,3,neutral,gojek,com.gojek.app,google_play
2026-04-01 19:46:30,Habib Rani,gampang banget kalo buat beli apa apa,gampang banget kalo buat beli apa apa,3,neutral,gojek,com.gojek.app,google_play
2026-04-01 19:44:57,Anita GW CHANNEL,susah dpt driver,susah dpt driver,3,neutral,gojek,com.gojek.app,google_play
2026-04-01 19:38:06,Nana Una,sekarang.. kadang maps nya gak akurat. apalagi kalo gofood,sekarang kadang maps nya gak akurat apalagi kalo gofood,3,neutral,gojek,com.gojek.app,google_play
2026-04-01 19:31:00,Zevanya Angelica detris,"sekarang kok susah banget ya nyari driver,padahal di peta nya ada gambar driver di sekelilingnya banyak,dan kalau dpt juga jauh.buang buang waktu aja",sekarang kok susah banget ya nyari driver padahal di peta nya ada gambar driver di sekelilingnya banyak dan kalau dpt juga jauh buang buang waktu aja,3,neutral,gojek,com.gojek.app,google_play
2026-04-01 19:22:59,ann _1876,sangat mengurangin kegiatan diluar dan membantu..,sangat mengurangin kegiatan diluar dan membantu,3,neutral,gojek,com.gojek.app,google_play
2026-04-01 19:19:20,Slamet bj,gojek sangat membantu yh saling menguntungkan,gojek sangat membantu yh saling menguntungkan,3,neutral,gojek,com.gojek.app,google_play
2026-04-01 19:15:31,Naufal Hilmi,tidak bisa ganti metode pembayaran,tidak bisa ganti metode pembayaran,3,neutral,gojek,com.gojek.app,google_play
2026-04-01 19:12:48,Mukh Tarom,utk kebutuhan tranfortasi gercep,utk kebutuhan tranfortasi gercep,3,neutral,gojek,com.gojek.app,google_play
2026-04-01 19:10:51,Muhammad Noor,Sangat cocok untuk Kebutuhan sehari-hari,sangat cocok untuk kebutuhan sehari hari,3,neutral,gojek,com.gojek.app,google_play
2026-04-01 18:52:49,Edi Wahyudi,payah lama proses food nya oderan segala dable..makin ksni makin payah pelayanan gojek..food masa 2jm.mw cepet kudu bayar mahal..pinter bener nyari duit nya,payah lama proses food nya oderan segala dable makin ksni makin payah pelayanan gojek food masa 2jm mw cepet kudu bayar mahal pinter bener nyari duit nya,3,neutral,gojek,com.gojek.app,google_play
2026-04-01 18:48:46,Dewi Rosita,senang dpt pemgendara yang baik hati,senang dpt pemgendara yang baik hati,3,neutral,gojek,com.gojek.app,google_play
2026-04-01 18:48:07,Syahrini Ahmad,bagus banget aplikasinya,bagus banget aplikasinya,3,neutral,gojek,com.gojek.app,google_play
2026-04-01 18:43:10,Infi Nik,aplikasi sangat membantu,aplikasi sangat membantu,3,neutral,gojek,com.gojek.app,google_play
2026-04-01 18:35:13,Arvi Aziza L. Y.,cari driver sejam sendiri,cari driver sejam sendiri,3,neutral,gojek,com.gojek.app,google_play
2026-04-01 18:34:37,Huk Bakery,aman nyaman tepat,aman nyaman tepat,3,neutral,gojek,com.gojek.app,google_play
2026-04-01 17:55:25,RCB skincare id,Good banyak bonus,good banyak bonus,3,neutral,gojek,com.gojek.app,google_play
2026-04-01 17:45:57,WildanfajaR Maulid,lamaa banget ngambil nya kaya apa banget sumpah lambat,lamaa banget ngambil nya kaya apa banget sumpah lambat,3,neutral,gojek,com.gojek.app,google_play
2026-04-01 17:43:11,Yana Kucing,kmn2 lbh mudah pkai gojek,kmn2 lbh mudah pkai gojek,3,neutral,gojek,com.gojek.app,google_play
2026-04-01 17:36:55,Suhidi Hh,aplikasinya sangat memuaskan pembeli pengrimanya cepat barang aman,aplikasinya sangat memuaskan pembeli pengrimanya cepat barang aman,3,neutral,gojek,com.gojek.app,google_play
2026-04-01 17:32:39,Zein Tech,"tolong dong itu driver carnya ,kalo ga niat narik kaga usah nyalahin aplikasi, kita udah nungguin sejaman, pada nolak gara gara macet, masalahnya di chat ga direspon sengaja biar kita cancel, kita costumer mau cancel kaga enak takut udah jlan, tapi malah drivernya sengaja ,buang buang waktu orng, tegasin lagi tuh driver driver begitu masih banyak yg butuh costumer",tolong dong itu driver carnya kalo ga niat narik kaga usah nyalahin aplikasi kita udah nungguin sejaman pada nolak gara gara macet masalahnya di chat ga direspon sengaja biar kita cancel kita costumer mau cancel kaga enak takut udah jlan tapi malah drivernya sengaja buang buang waktu orng tegasin lagi tuh driver driver begitu masih banyak yg butuh costumer,3,neutral,gojek,com.gojek.app,google_play
2026-04-01 16:43:02,Mahmud Razaq,Alhamdulillah cepat... aman,alhamdulillah cepat aman,3,neutral,gojek,com.gojek.app,google_play
2026-04-01 16:42:05,Agus Rosyid,Gojek memang tiada lawan dah yang lainnya maaf saya selalu setia dengan Gojek 🥰,gojek memang tiada lawan dah yang lainnya maaf saya selalu setia dengan gojek,3,neutral,gojek,com.gojek.app,google_play
2026-04-01 16:37:24,Diandra,"Ada apa dengan GO-JEK, aku dari tadi pesan GO-MART gagal terus ga dapet driver, sekalinya dapet malah di tolak. Padahal selama menggunakan GO-JEK ga pernah ada kendala sama sekali, baru kali ini dapet kendala saat mesan GO-MART, biasanya juga ga kenapa-napa, tolong di tingkatkan lagi.",ada apa dengan go jek aku dari tadi pesan go mart gagal terus ga dapet driver sekalinya dapet malah di tolak padahal selama menggunakan go jek ga pernah ada kendala sama sekali baru kali ini dapet kendala saat mesan go mart biasanya juga ga kenapa napa tolong di tingkatkan lagi,3,neutral,gojek,com.gojek.app,google_play
2026-04-01 16:26:15,Achmad Ropi,baik pelayan sopir nya,baik pelayan sopir nya,3,neutral,gojek,com.gojek.app,google_play
2026-04-01 16:20:39,ELDE LIANDARI,pertahankan kualitasmu..bila perlu perluas pelayanan dan kualitas Gojek.. Semangat..Semangat..!!💪💪🔥🔥🔥👍👍,pertahankan kualitasmu bila perlu perluas pelayanan dan kualitas gojek semangat semangat,3,neutral,gojek,com.gojek.app,google_play
2026-04-01 16:09:51,Rizka Bputri,bagus dan mudah,bagus dan mudah,3,neutral,gojek,com.gojek.app,google_play
2026-04-01 16:08:45,risa Alayubi,saya uninstall aplikator terlalu serakah tidak memperdulikan driver,saya uninstall aplikator terlalu serakah tidak memperdulikan driver,3,neutral,gojek,com.gojek.app,google_play
2026-04-01 16:05:23,Banten 98,gojek bisa anter jarak jauh gak sih iyaa?,gojek bisa anter jarak jauh gak sih iyaa,3,neutral,gojek,com.gojek.app,google_play
2026-04-01 15:53:29,Ahmad Syahril Rizky,apk aneh cotumer komplen bukan nya di tanggalin,apk aneh cotumer komplen bukan nya di tanggalin,3,neutral,gojek,com.gojek.app,google_play
2026-04-01 15:43:57,Nafi Fakhrizal,makin lama makin ngaco aja pesen makanan 2 hari berturut2 g pernah dapet driver aplikasi ngawur,makin lama makin ngaco aja pesen makanan 2 hari berturut2 g pernah dapet driver aplikasi ngawur,3,neutral,gojek,com.gojek.app,google_play
2026-04-01 15:39:23,intan edelweis,"sekarang gojek payah banyak driver yg kurang menyenangkan terutama driver gocar . sudah order , sudah nunggu lama malah gk bergerak posisi driver nya di chat gk di balas , di tlp gk diangkat .. sampai berjam2 gk dateng2 dn ttep gk bergerak . sampai gnti 6x driver sama saja ternyata banyak driver yang mengeluh ongkos gak sebanding sm jarak klo emang gak mau kenapa gk di batalin ajah biar kita gk nunggu berjam2 mreka pngennya kita yg cancel agar bintang mreka gk jelek kecewa banget sm gojek",sekarang gojek payah banyak driver yg kurang menyenangkan terutama driver gocar sudah order sudah nunggu lama malah gk bergerak posisi driver nya di chat gk di balas di tlp gk diangkat sampai berjam2 gk dateng2 dn ttep gk bergerak sampai gnti 6x driver sama saja ternyata banyak driver yang mengeluh ongkos gak sebanding sm jarak klo emang gak mau kenapa gk di batalin ajah biar kita gk nunggu berjam2 mreka pngennya kita yg cancel agar bintang mreka gk jelek kecewa banget sm gojek,3,neutral,gojek,com.gojek.app,google_play
2026-04-01 15:33:38,Hazimah Khayyirah,"jelek, sekarang dapet driver jadi lama tidak konsisten, ada driver yang posisinya dekat tapi malah dikasih yang paling jauh, jam ramai masih banyak driver kosong tapi tidak dikasih APLIKASI TERJELEK SEDUNIA. edit: masalahnya kak, bahkan aplikasinya sendiri juga sering tbtb loading dan gak bisa dibuka padahal kuota aku ada dan buka aplikasi lain aman, tapi pas buka gojek malah gabisa?? katanya ada kendala teknis??",jelek sekarang dapet driver jadi lama tidak konsisten ada driver yang posisinya dekat tapi malah dikasih yang paling jauh jam ramai masih banyak driver kosong tapi tidak dikasih aplikasi terjelek sedunia edit masalahnya kak bahkan aplikasinya sendiri juga sering tbtb loading dan gak bisa dibuka padahal kuota aku ada dan buka aplikasi lain aman tapi pas buka gojek malah gabisa katanya ada kendala teknis,3,neutral,gojek,com.gojek.app,google_play
2026-04-01 15:28:14,Christina Dewi,is the best,is the best,3,neutral,gojek,com.gojek.app,google_play
2026-04-01 15:23:43,Huda Modly,aplikasinya setiap buka selalu nge lag jarak motor masih jauh tiba² udh sampai aja tolong perbaiki lagi jaringan server nya jangan bikin lag,aplikasinya setiap buka selalu nge lag jarak motor masih jauh tiba udh sampai aja tolong perbaiki lagi jaringan server nya jangan bikin lag,3,neutral,gojek,com.gojek.app,google_play
2026-04-01 15:04:53,7. AVEL,solusi buat gak ada yang bisa nganter,solusi buat gak ada yang bisa nganter,3,neutral,gojek,com.gojek.app,google_play
2026-04-01 15:00:59,Adisand Mates,terimakasih cepat dan yepat pelayanannya.,terimakasih cepat dan yepat pelayanannya,3,neutral,gojek,com.gojek.app,google_play
2026-04-01 14:50:56,Andri Suhedi,"saya sudah 3 tahun setia pakai gojek,dan baru kali ini saya sangat kecewa karena tidak ada layanan hemat lagi, dan saya sanagat butuh untuk transportasi berangkat maupun pulang sekolah, dan saya pindah ke grab karena hematnya ada terus",saya sudah 3 tahun setia pakai gojek dan baru kali ini saya sangat kecewa karena tidak ada layanan hemat lagi dan saya sanagat butuh untuk transportasi berangkat maupun pulang sekolah dan saya pindah ke grab karena hematnya ada terus,3,neutral,gojek,com.gojek.app,google_play
2026-04-01 14:38:47,Satriani ani,aplikasi yg sngat membantu,aplikasi yg sngat membantu,3,neutral,gojek,com.gojek.app,google_play
2026-04-01 14:24:11,Keisya Divania,"perasaan dulu ga sesusah ini nyari driver, apalagi kalo pagi, beuhh ga dapet2 dah tuh sampe siang",perasaan dulu ga sesusah ini nyari driver apalagi kalo pagi beuhh ga dapet2 dah tuh sampe siang,3,neutral,gojek,com.gojek.app,google_play
2026-04-01 14:07:10,andri firmansyah,mantap pelayanan di aplikasi ini,mantap pelayanan di aplikasi ini,3,neutral,gojek,com.gojek.app,google_play
2026-04-01 13:54:51,Ronan Arvinando,Best aplikasi transport online 😍😍,best aplikasi transport online,3,neutral,gojek,com.gojek.app,google_play
2026-04-01 13:15:47,Abu Hamzah,sangat terbantu cuman kasian bapak ojol banyak kena potongn,sangat terbantu cuman kasian bapak ojol banyak kena potongn,3,neutral,gojek,com.gojek.app,google_play
2026-04-01 13:01:08,Ibrar zikry,saya suka saya suka,saya suka saya suka,3,neutral,gojek,com.gojek.app,google_play
2026-04-01 12:55:24,roberta pungki,"mantab, gigih mas drivernya cari alamat",mantab gigih mas drivernya cari alamat,3,neutral,gojek,com.gojek.app,google_play
2026-04-01 12:33:20,martha rosmala,"Ga ada perubahan, pesen gofood ga dapet driver 1 jam lebih, sekalinya dapet di cancel dan mesti nunggu, akhirnya resto minta batalin karna ga dapet2 driver HARUSNYA BIKIN KETENTUAN DRIVER GA BISA CANCEL ORDERAN MASUK,, CUSTUMER UDH ISI GOPAY, PESEN MAKAN DAN UJUNG2 NYA DIBATALIN ITU NGERUGIIN BANGETTT",ga ada perubahan pesen gofood ga dapet driver 1 jam lebih sekalinya dapet di cancel dan mesti nunggu akhirnya resto minta batalin karna ga dapet2 driver harusnya bikin ketentuan driver ga bisa cancel orderan masuk custumer udh isi gopay pesen makan dan ujung2 nya dibatalin itu ngerugiin bangettt,3,neutral,gojek,com.gojek.app,google_play
2026-04-01 12:26:46,awrel kayla,gblk aplikasi gaje drivernya pd ga niat kerja,gblk aplikasi gaje drivernya pd ga niat kerja,3,neutral,gojek,com.gojek.app,google_play
2026-04-01 12:20:37,Arvino Tristan,baik baik ojolnya,baik baik ojolnya,3,neutral,gojek,com.gojek.app,google_play
2026-04-01 12:18:23,Reiz,Saya tidak akan berlangganan lagi. Sudah berkali-kali order diterima tapi tiba-tiba kena cancel padahal posisi driver sudah sangat dekat. Saya kena peringatan padahal bukan saya yang cancel,saya tidak akan berlangganan lagi sudah berkali kali order diterima tapi tiba tiba kena cancel padahal posisi driver sudah sangat dekat saya kena peringatan padahal bukan saya yang cancel,3,neutral,gojek,com.gojek.app,google_play
2026-04-01 12:08:18,Hikari Akira,i uX u hh,i ux u hh,3,neutral,gojek,com.gojek.app,google_play
2026-04-01 12:03:37,kurniadwi,"selalu dapet diskon yang dar der dor, syukakkkk",selalu dapet diskon yang dar der dor syukakkkk,3,neutral,gojek,com.gojek.app,google_play
2026-04-01 11:58:24,Aston Saja,"PROMO PINJAMAN, UNDIAN MOBIL, MOTOR, DST. AKAN DIUNDI 31 MARET 2026 SAMPAI SEKARANG TIDAK ADA PENGUMUMAN BOHONG BGT NIH APLIKASI SUDAH BUNGA TINGGI, TENOR PINJAM PUN, HANYA 2 BULAN TOK.",promo pinjaman undian mobil motor dst akan diundi 31 maret 2026 sampai sekarang tidak ada pengumuman bohong bgt nih aplikasi sudah bunga tinggi tenor pinjam pun hanya 2 bulan tok,3,neutral,gojek,com.gojek.app,google_play
2026-04-01 11:53:25,Arizal Caesar Romadhon,"Aplikasi Gojek Lelet sekali, pantesan saja mahal! Kasih bintang 1 biar tau rasa!",aplikasi gojek lelet sekali pantesan saja mahal kasih bintang 1 biar tau rasa,3,neutral,gojek,com.gojek.app,google_play
2026-04-01 11:33:30,cahya cayyaa,"susah bgt cari driver untuk gofood, udah 2× dibatalin gara"" ga dpt driver",susah bgt cari driver untuk gofood udah 2 dibatalin gara ga dpt driver,3,neutral,gojek,com.gojek.app,google_play
2026-04-01 10:10:47,I Ketut Gordeyase Mas,"gocar sangat baik pelayanan nya, khususnya dapat sopir yg baik² semua",gocar sangat baik pelayanan nya khususnya dapat sopir yg baik semua,3,neutral,gojek,com.gojek.app,google_play
2026-04-01 10:07:09,Alia Genial,enggak pernah kecewa sama apk inii love sekali semoga semakin sukses dan pertahanan kebaikan apknya walau sering eror aku ttap pengguna setia gojek apapun jenis layanannya...,enggak pernah kecewa sama apk inii love sekali semoga semakin sukses dan pertahanan kebaikan apknya walau sering eror aku ttap pengguna setia gojek apapun jenis layanannya,3,neutral,gojek,com.gojek.app,google_play
2026-04-01 10:03:10,Ika Kartika,nyaman driver rapi,nyaman driver rapi,3,neutral,gojek,com.gojek.app,google_play
2026-04-01 09:49:14,Herlina Herlina,"mantap,mempermudah sy utk bepergian n memesan makanan cepat........................",mantap mempermudah sy utk bepergian n memesan makanan cepat,3,neutral,gojek,com.gojek.app,google_play
2026-04-01 09:39:49,Iin Elika,"akun tiba2 terblokir, katanya ada penyalahgunaan promosi, tapi gak dijelaskan situasinya. pengaduan ke aplikasi dan telp ke cs juga gak ada penjelasan, padahal sudah bertahun tahun pake gojek dan melakukan aktivitas seperti biasanya",akun tiba2 terblokir katanya ada penyalahgunaan promosi tapi gak dijelaskan situasinya pengaduan ke aplikasi dan telp ke cs juga gak ada penjelasan padahal sudah bertahun tahun pake gojek dan melakukan aktivitas seperti biasanya,3,neutral,gojek,com.gojek.app,google_play
2026-04-01 09:23:43,Farid Rudisyehlendra,gojek enak sekalii pollllll,gojek enak sekalii pollllll,3,neutral,gojek,com.gojek.app,google_play
2026-04-01 09:12:30,Yoyok Yuliyanto,Semoga selalu memuaskan pelanggan,semoga selalu memuaskan pelanggan,3,neutral,gojek,com.gojek.app,google_play
2026-04-01 08:58:35,Naufal Maulana Y,sangat puas dan menyenangkan,sangat puas dan menyenangkan,3,neutral,gojek,com.gojek.app,google_play
2026-04-01 08:32:53,Fina Larawatti,"susah bgt dapet driver, ternyata dikasih rating rendahh,pdhl sering ngasih tip dan bintang 5 sama driver.. please perbaiki sistemnya biar costumernya bisa liat siapa driver yg suka ngasih rating rendah sama costumer.. dendam bgtt lagi jm lapar.. kalau udh nanti bintang lima",susah bgt dapet driver ternyata dikasih rating rendahh pdhl sering ngasih tip dan bintang 5 sama driver please perbaiki sistemnya biar costumernya bisa liat siapa driver yg suka ngasih rating rendah sama costumer dendam bgtt lagi jm lapar kalau udh nanti bintang lima,3,neutral,gojek,com.gojek.app,google_play
2026-04-01 08:32:04,D Bagas Dmwn,"sistem sampah gabisa hubungi resto itu sistem terjelek, ga bisa cancel makanan karna udah keambil resto. gw salah alamat, biasa app langsung ganti alamat pengantaran ini engga. sialan 50k ilang gitu aja.",sistem sampah gabisa hubungi resto itu sistem terjelek ga bisa cancel makanan karna udah keambil resto gw salah alamat biasa app langsung ganti alamat pengantaran ini engga sialan 50k ilang gitu aja,3,neutral,gojek,com.gojek.app,google_play
2026-04-01 08:31:04,Eren Yeagers,"harga ongkir gofood sangat mahal, bahkan lebih mahal daripada harga satu porsi makanan yang akan dibeli",harga ongkir gofood sangat mahal bahkan lebih mahal daripada harga satu porsi makanan yang akan dibeli,3,neutral,gojek,com.gojek.app,google_play
2026-04-01 08:25:15,WDI,"payah bayar gopay pinjam lancar sampai lunas ga telat2, mau ngajuin lagi di tolak.",payah bayar gopay pinjam lancar sampai lunas ga telat2 mau ngajuin lagi di tolak,3,neutral,gojek,com.gojek.app,google_play
2026-04-01 08:21:17,Arjuna Shifan,gojek apk bobrok nyari driver lama banget mending hapus saja bikin telat asu dancu,gojek apk bobrok nyari driver lama banget mending hapus saja bikin telat asu dancu,3,neutral,gojek,com.gojek.app,google_play
2026-04-01 08:09:22,Asep bpm,smkin d tingkatkan kinerja nya,smkin d tingkatkan kinerja nya,3,neutral,gojek,com.gojek.app,google_play
2026-04-01 08:06:28,Anissa 89,pokoknya sangat... dan sangat membantu😊👍👍👍,pokoknya sangat dan sangat membantu,3,neutral,gojek,com.gojek.app,google_play
2026-04-01 08:02:13,rini kusuma,ok lah drpd ACI,ok lah drpd aci,3,neutral,gojek,com.gojek.app,google_play
2026-04-01 07:42:13,Nur Fya,"selaku pelanggan lama gojek agak kecewa ...krn sekarang sepeda listrik masuk k goride comfort, jujur gak nyaman tempat dudukan nya...bikin pinggang sakit..apalagi klo ada jln raya nya gak mulus sakit semua setelah naik goride comfort sepesa listrik...mohon d ubah donk gojek...please",selaku pelanggan lama gojek agak kecewa krn sekarang sepeda listrik masuk k goride comfort jujur gak nyaman tempat dudukan nya bikin pinggang sakit apalagi klo ada jln raya nya gak mulus sakit semua setelah naik goride comfort sepesa listrik mohon d ubah donk gojek please,3,neutral,gojek,com.gojek.app,google_play
2026-04-01 07:37:49,Pengguna Google,Pelayanan dan promo sudah baik,pelayanan dan promo sudah baik,3,neutral,gojek,com.gojek.app,google_play
2026-04-01 07:35:28,Hollyono Toto,....aman dan bertanggung jawab👍,aman dan bertanggung jawab,3,neutral,gojek,com.gojek.app,google_play
2026-04-01 07:26:26,Santa Tiara,pelayanan driver nya bagus,pelayanan driver nya bagus,3,neutral,gojek,com.gojek.app,google_play
2026-04-01 07:04:15,Kharina Tri Cahyani,Terkadang gojek ini tidak pake baju gojek pakek baju biasahh kann risihhh kalo di gonceng,terkadang gojek ini tidak pake baju gojek pakek baju biasahh kann risihhh kalo di gonceng,3,neutral,gojek,com.gojek.app,google_play
2026-04-01 07:03:35,Renseo Gabut,"lambat, aplikasi GK jelas ada driver di samping malah di kasih yang 1,9km gila gila. dah malah telat lagi bujg",lambat aplikasi gk jelas ada driver di samping malah di kasih yang 1 9km gila gila dah malah telat lagi bujg,3,neutral,gojek,com.gojek.app,google_play
2026-04-01 07:01:58,Frans Manurung,asik supirnya sama2 pernah di palembang,asik supirnya sama2 pernah di palembang,3,neutral,gojek,com.gojek.app,google_play
2026-04-01 07:01:24,Ria Maya,ni aplikasi kalau di gunakan pagi hari suka aja buat org telat!!!,ni aplikasi kalau di gunakan pagi hari suka aja buat org telat,3,neutral,gojek,com.gojek.app,google_play
2026-04-01 06:53:27,Danang Adi,kadang lama dapet driver nya,kadang lama dapet driver nya,3,neutral,gojek,com.gojek.app,google_play
2026-04-01 06:52:15,Rakanero Valderiz,"driver lu pada manja manja, seenak jidat ngelayanin cust",driver lu pada manja manja seenak jidat ngelayanin cust,3,neutral,gojek,com.gojek.app,google_play
2026-04-01 06:45:17,Damas akbar Maulana,tumben gak ada promo hemat nih min hehhehehrhehhe biasanya ada kembali ke harga normal ya?,tumben gak ada promo hemat nih min hehhehehrhehhe biasanya ada kembali ke harga normal ya,3,neutral,gojek,com.gojek.app,google_play
2026-04-01 06:40:18,Muhammad Budi Syahyamun,"mau pesen mobil susah banget udah pake mode pencairan cepat juga sama aja kalau misal ngak ada mobil,tulis aja ngak ada jadi kagak nunggu berjam² nyari kagak muncul²",mau pesen mobil susah banget udah pake mode pencairan cepat juga sama aja kalau misal ngak ada mobil tulis aja ngak ada jadi kagak nunggu berjam nyari kagak muncul,3,neutral,gojek,com.gojek.app,google_play
2026-04-01 06:39:06,Alvi Maulidda oktavia,alah ga berguna lu jadi aplikasi dasar tolol maaf maaf ga nyaman tolol lu makin kesini servernya makin jelek ga bermutu bikin telat gua brgkt kerja monyet lu,alah ga berguna lu jadi aplikasi dasar tolol maaf maaf ga nyaman tolol lu makin kesini servernya makin jelek ga bermutu bikin telat gua brgkt kerja monyet lu,3,neutral,gojek,com.gojek.app,google_play
2026-04-01 06:36:06,Priyatna Computer,parah driver sekarang pilih2 customer sama tarif tujuan ke sekolah pasti pelajar di cancel terus....kacau,parah driver sekarang pilih2 customer sama tarif tujuan ke sekolah pasti pelajar di cancel terus kacau,3,neutral,gojek,com.gojek.app,google_play
2026-04-01 06:34:11,Aisy Rahman,"kecewa banget sama gojek, driver nya gaada yg mau terima program hemat, mending gausah di adain aja sekalian, aku mau sekolah jadi telat dan kena marah, padahal udah 30 menit nunggu gaada yg mau ambil, dahlah uninstall aja",kecewa banget sama gojek driver nya gaada yg mau terima program hemat mending gausah di adain aja sekalian aku mau sekolah jadi telat dan kena marah padahal udah 30 menit nunggu gaada yg mau ambil dahlah uninstall aja,3,neutral,gojek,com.gojek.app,google_play
2026-04-01 06:29:46,Indra Pratama,aplikasi paling lelet setiap pagi susah mencari driver sekali dapet langsung di cancel,aplikasi paling lelet setiap pagi susah mencari driver sekali dapet langsung di cancel,3,neutral,gojek,com.gojek.app,google_play
2026-04-01 06:20:08,Andri Saputro,"Tukang Ojeknya sekarang banyak yang ga mau narik , mending pecat pecatin aja biar pada nganggur lagi",tukang ojeknya sekarang banyak yang ga mau narik mending pecat pecatin aja biar pada nganggur lagi,3,neutral,gojek,com.gojek.app,google_play
2026-04-01 06:04:55,Rafa Antoni,"lelet,mahal,jarak cuma 1km semahal itu",lelet mahal jarak cuma 1km semahal itu,3,neutral,gojek,com.gojek.app,google_play
2026-04-01 06:00:11,Rifqi Juani akbar,"aplikasi jelek, cuman buat telat aja, ga bisa diandelin, banyak driver yang lebih dekat tapi disambungin sama driver yang paling jauh",aplikasi jelek cuman buat telat aja ga bisa diandelin banyak driver yang lebih dekat tapi disambungin sama driver yang paling jauh,3,neutral,gojek,com.gojek.app,google_play
2026-04-01 05:40:33,Youknow Me,"layanan semakin buruk, baik dari layanan aplikasi yang semakin mahal dan banyak tarif lainnya serta pengemudi sekarang yg kurang loyal. saya pikir ini terjadi karena kebijakan dari gojek sendiri",layanan semakin buruk baik dari layanan aplikasi yang semakin mahal dan banyak tarif lainnya serta pengemudi sekarang yg kurang loyal saya pikir ini terjadi karena kebijakan dari gojek sendiri,3,neutral,gojek,com.gojek.app,google_play
2026-04-01 05:17:55,Annisa Dewi,kecintaan makhluk magerr,kecintaan makhluk magerr,3,neutral,gojek,com.gojek.app,google_play
2026-04-01 04:32:50,Hardi Saputra,"login awal susah sekalinya gagal langsung nunggu 60 menit , kecewa 😑😑",login awal susah sekalinya gagal langsung nunggu 60 menit kecewa,3,neutral,gojek,com.gojek.app,google_play
2026-04-01 03:51:27,Sulistyo,"tolong untuk para driver nya di cek lagi, banyak sekali yang di luar ekspektasi, dateng pakai sendal lah, celana pendek, spion kiri gak ada, gak pake jaket go jek, sambil ngerokok, kalau perlu yang rate di bawah 4, langsung di Shut down akun nya",tolong untuk para driver nya di cek lagi banyak sekali yang di luar ekspektasi dateng pakai sendal lah celana pendek spion kiri gak ada gak pake jaket go jek sambil ngerokok kalau perlu yang rate di bawah 4 langsung di shut down akun nya,3,neutral,gojek,com.gojek.app,google_play
2026-04-01 03:50:02,Tirta Wardhana,"Smoga sukses n Sistem tolong di Rubah untuk Promo & Voucher khusus Coustumer or Pengguna Aplikasi Go-Jek Pelanggan,untuk Pemesanan or Orderan jngn terlalu Kelamaan untuk Mendapatkan Driver or pun untuk Pengantaran dri Driver. Spaya Mempermudah & Melancarkan untuk Pemesanan dri Aplikasi Go-jek. Trimakasih...",smoga sukses n sistem tolong di rubah untuk promo voucher khusus coustumer or pengguna aplikasi go jek pelanggan untuk pemesanan or orderan jngn terlalu kelamaan untuk mendapatkan driver or pun untuk pengantaran dri driver spaya mempermudah melancarkan untuk pemesanan dri aplikasi go jek trimakasih,3,neutral,gojek,com.gojek.app,google_play
2026-04-01 02:25:06,Erwinsya Putra,"driver nya parah , g ada yg mau ambil padahal saya sdh minta tolong tapi g Da yg mau",driver nya parah g ada yg mau ambil padahal saya sdh minta tolong tapi g da yg mau,3,neutral,gojek,com.gojek.app,google_play
2026-04-01 02:20:02,Amy Priswanti,"Saya bayar, sebelum bayar udah dipastikan voucher nempel. Pas udah bayar, malah voucher gak dihitung nempel & gak dpt cashback. Aplikasi Penipu!! 👎👎👎👎👎 sekarang ditambah lelet banget aplikasinya. 👎👎👎👎👎",saya bayar sebelum bayar udah dipastikan voucher nempel pas udah bayar malah voucher gak dihitung nempel gak dpt cashback aplikasi penipu sekarang ditambah lelet banget aplikasinya,3,neutral,gojek,com.gojek.app,google_play
2026-04-01 01:23:36,Raisya Mahira,makin keerrreen aplikasi nya,makin keerrreen aplikasi nya,3,neutral,gojek,com.gojek.app,google_play
2026-04-01 01:20:51,Rendi Dovala,"TOLONG DONG UNTUK DEVELOPER / IT SUPPORT / SEARCH ENGINE APLIKASI GO JEK, ini loh banyak sekali dari oknum driver kalian yang masih tidak tau aturan lalu lintas ( lampu lalu lintas, Marka jalan, symbol plang di pinggir jalan, dll ) tolong untuk lebih di ketatkan lagi dan apalagi banyak oknum yg provok. Dan tolong juga nih di perhatiin untuk costum drivernya kalau bisa di berikan gratis/berbayar dalam jangka waktu 1-3 tahun sekali,karna banyak driver kalian yg costumnya udh rusak/sobek/dll.makasi",tolong dong untuk developer it support search engine aplikasi go jek ini loh banyak sekali dari oknum driver kalian yang masih tidak tau aturan lalu lintas lampu lalu lintas marka jalan symbol plang di pinggir jalan dll tolong untuk lebih di ketatkan lagi dan apalagi banyak oknum yg provok dan tolong juga nih di perhatiin untuk costum drivernya kalau bisa di berikan gratis berbayar dalam jangka waktu 1 3 tahun sekali karna banyak driver kalian yg costumnya udh rusak sobek dll makasi,3,neutral,gojek,com.gojek.app,google_play
2026-04-01 01:04:52,Annisa Puspita .S,ga ada perubahan. klo complain ke cs pun ga akan ngasih solusi yg terbaik buat cust. mendung dikit aja pasti susah dpt driver. jarang bgt juga dapet driver yg ramah & sopan. intinya kureng makanya ku pindah ke sebelah,ga ada perubahan klo complain ke cs pun ga akan ngasih solusi yg terbaik buat cust mendung dikit aja pasti susah dpt driver jarang bgt juga dapet driver yg ramah sopan intinya kureng makanya ku pindah ke sebelah,3,neutral,gojek,com.gojek.app,google_play
2026-04-01 00:53:47,Muhamad Andry,diskon nya tidak ada dan gratis ongkir nya sangat sedikit,diskon nya tidak ada dan gratis ongkir nya sangat sedikit,3,neutral,gojek,com.gojek.app,google_play
2026-04-01 00:29:52,Misran,sesuai kemauan konsumen👍👍,sesuai kemauan konsumen,3,neutral,gojek,com.gojek.app,google_play
2026-04-01 00:06:43,Sulistyo Ning,apk goblok di nteni suene neni malah raono tukang ngeterno ne picek tuwas ngenteni kaliren,apk goblok di nteni suene neni malah raono tukang ngeterno ne picek tuwas ngenteni kaliren,3,neutral,gojek,com.gojek.app,google_play
2026-04-01 00:03:02,Bilqisthi Khuril Wazni,anehh padahal ga pake ongkir hemat pun dapet drivernya susah bgttt bisa sampe 2 jam 😭,anehh padahal ga pake ongkir hemat pun dapet drivernya susah bgttt bisa sampe 2 jam,3,neutral,gojek,com.gojek.app,google_play
2026-04-01 00:00:37,Rahmad Eko Prabowo,"3 jam nunggu driver ga ada driver mulu, error ni apk",3 jam nunggu driver ga ada driver mulu error ni apk,3,neutral,gojek,com.gojek.app,google_play
2026-03-31 23:57:17,Echa Karundeng,selalu pajak Gocar,selalu pajak gocar,3,neutral,gojek,com.gojek.app,google_play
2026-03-31 23:22:08,Angga Rama Putra,jelek banget malam dikit susah dapat driver norak,jelek banget malam dikit susah dapat driver norak,3,neutral,gojek,com.gojek.app,google_play
2026-03-31 23:21:52,Mita Permatasari,Entah sistemnya yang bobrok atau gimana ya sampai driver goride dll pada gamau ambil orderan.. kadang tuh klo urgent kita jadi bingung.. udah males pake gojek kalau nunggu goride aja bisa sampe 10 menitan gada yang mau angkut padahal harganya udh naik banget.. alhasil ku pilih ijo yg disebelah bayar pake cash yang penting cepet dapet drivernya.. sangat mengecewakan gojek sekarang.. jangan kebanyakan korup makanya.. 🙏,entah sistemnya yang bobrok atau gimana ya sampai driver goride dll pada gamau ambil orderan kadang tuh klo urgent kita jadi bingung udah males pake gojek kalau nunggu goride aja bisa sampe 10 menitan gada yang mau angkut padahal harganya udh naik banget alhasil ku pilih ijo yg disebelah bayar pake cash yang penting cepet dapet drivernya sangat mengecewakan gojek sekarang jangan kebanyakan korup makanya,3,neutral,gojek,com.gojek.app,google_play
2026-03-31 23:06:26,Krisyanto Wahyudi Wijaya,"Armada buat di bandara diperbanyak lah, gila aja list antriannya sampe 30",armada buat di bandara diperbanyak lah gila aja list antriannya sampe 30,3,neutral,gojek,com.gojek.app,google_play
2026-03-31 23:01:51,Akmal Kdy jfg kgh htg gdg,"udah di apdet pula, apdet mulu anying, nunggu 1 jam gila', februari 31 maret 2026, gak tawu gak mood gua lapar dan gua udah pesen makanan dari resto lain, disuruh nunggu driver sebelum makanannya di kemas, padahal mah resto lain s.o.p nya kagak gitu, inisial geprek bassmallah, + juga kagak bisa di pencet untuk chat resto gila' kontlolodon apatis kelen, yaelah kesalahan sistem anying harus out dulu dari gojek, karena warungnya lupa matiin kontlolodon",udah di apdet pula apdet mulu anying nunggu 1 jam gila februari 31 maret 2026 gak tawu gak mood gua lapar dan gua udah pesen makanan dari resto lain disuruh nunggu driver sebelum makanannya di kemas padahal mah resto lain s o p nya kagak gitu inisial geprek bassmallah juga kagak bisa di pencet untuk chat resto gila kontlolodon apatis kelen yaelah kesalahan sistem anying harus out dulu dari gojek karena warungnya lupa matiin kontlolodon,3,neutral,gojek,com.gojek.app,google_play
2026-03-31 22:51:48,CemonX 88,LauMayanLah' dariPada LauManyunLah..,laumayanlah daripada laumanyunlah,3,neutral,gojek,com.gojek.app,google_play
2026-03-31 22:43:18,Gihan Pratama Yoga,"sangat membantu dalam banyak aktifitas, pergi pesen makan atau minum dan progam program lain nya.",sangat membantu dalam banyak aktifitas pergi pesen makan atau minum dan progam program lain nya,3,neutral,gojek,com.gojek.app,google_play
2026-03-31 22:30:54,Eri Hermawan,Tolong kesejahteraan driver di perhatikan ya. bisnis memang cari untung sebanyak. tapi jangan lupa jasa driver yang jadi ladang penghasilan gojek. terimakasih.,tolong kesejahteraan driver di perhatikan ya bisnis memang cari untung sebanyak tapi jangan lupa jasa driver yang jadi ladang penghasilan gojek terimakasih,3,neutral,gojek,com.gojek.app,google_play
2026-03-31 22:12:47,Dede Risdianty,"Gatau kenapa udah hampir semingguan ini susah dapat driver, kata nya karena ada kebijakan sistem (dari komen driver di tik tok) yang membuat driver cuman dapat sedikit dari hasil.",gatau kenapa udah hampir semingguan ini susah dapat driver kata nya karena ada kebijakan sistem dari komen driver di tik tok yang membuat driver cuman dapat sedikit dari hasil,3,neutral,gojek,com.gojek.app,google_play
2026-03-31 22:04:11,Neneng,"Lama susah cari driver ketika di butuhin, kadang sampe sejam",lama susah cari driver ketika di butuhin kadang sampe sejam,3,neutral,gojek,com.gojek.app,google_play
2026-03-31 22:00:40,Shugenk Riyadi,mending pake ijo sebelah lebih manfaat . ini aplikator korup.,mending pake ijo sebelah lebih manfaat ini aplikator korup,3,neutral,gojek,com.gojek.app,google_play
2026-03-31 21:34:45,Chntyxnkdr,GOJEK BIKIN FITUR BUAT PEMBATALAN GOFOOD DONG! SUSAH BANGET KALO SALAH PESANAN MAU NGEBATALINNYA KUDU NUNGGU 1 JAM ORANG UDAH MATI KELAPARAN. KALO TERLALU JAUH TUH DRIVER GAADA YANG MAU AMBIL PESANAN! KITA KONSUMEN JUGA KALO UDAH KELAPARAN SUKA GA BACA ALAMAT WARUNG NYA,gojek bikin fitur buat pembatalan gofood dong susah banget kalo salah pesanan mau ngebatalinnya kudu nunggu 1 jam orang udah mati kelaparan kalo terlalu jauh tuh driver gaada yang mau ambil pesanan kita konsumen juga kalo udah kelaparan suka ga baca alamat warung nya,3,neutral,gojek,com.gojek.app,google_play
2026-03-31 21:30:04,Sarimah Fitriani,bagus pelayanan nya,bagus pelayanan nya,3,neutral,gojek,com.gojek.app,google_play
2026-03-31 21:01:09,Rizki Putra Pratama,sangat membantu dalam kegiatan sehari hari,sangat membantu dalam kegiatan sehari hari,3,neutral,gojek,com.gojek.app,google_play
2026-03-31 20:58:25,Fenny Permata,"kalo buat pesen gofood selalu lama banget nganternya dan dapet drivernya juga suka lama bahkan sampe gak dapet driver dan kalo pesen buat nganter orang juga lama dan selalu dapet driver yang jaraknya jauh-jauh, sama kalo pembayaran menggunakan cash driver selalu bilang gak ada kembalian terus sebel jadinya😡😡😡😡",kalo buat pesen gofood selalu lama banget nganternya dan dapet drivernya juga suka lama bahkan sampe gak dapet driver dan kalo pesen buat nganter orang juga lama dan selalu dapet driver yang jaraknya jauh jauh sama kalo pembayaran menggunakan cash driver selalu bilang gak ada kembalian terus sebel jadinya,3,neutral,gojek,com.gojek.app,google_play
2026-03-31 20:46:16,juandi rosandi,"sekarang susah cari driver, dapat kadang posisi jauh2",sekarang susah cari driver dapat kadang posisi jauh2,3,neutral,gojek,com.gojek.app,google_play
2026-03-31 20:36:12,Naufal I.F,"lumayan kecewa gw ama sistem aplikasi, utk cari go ride susah sekali dan selalu dapat yang jauh-jauh. belum lagi tiba tiba drivernya cancel walaupun deket. kecewa gw anjg ama sistem apk ini",lumayan kecewa gw ama sistem aplikasi utk cari go ride susah sekali dan selalu dapat yang jauh jauh belum lagi tiba tiba drivernya cancel walaupun deket kecewa gw anjg ama sistem apk ini,3,neutral,gojek,com.gojek.app,google_play
2026-03-31 20:22:13,Arma Rh,kenapa ya gofood sekarang susah banget untuk dapat driver?,kenapa ya gofood sekarang susah banget untuk dapat driver,3,neutral,gojek,com.gojek.app,google_play
2026-03-31 20:14:02,perdian dreiano,"susah bgt dapat driver food, mana gk bsa cancel lagi hrus nunggu 1 jam lebih baru bisa di cancel. tolong ubah dong sistemnya bisa di cancel 15 menit paling lama. ini gmna sih kecewa bgt. dlu aman2 aja skrng knpa bisa gini.",susah bgt dapat driver food mana gk bsa cancel lagi hrus nunggu 1 jam lebih baru bisa di cancel tolong ubah dong sistemnya bisa di cancel 15 menit paling lama ini gmna sih kecewa bgt dlu aman2 aja skrng knpa bisa gini,3,neutral,gojek,com.gojek.app,google_play
2026-03-31 19:51:45,Guno Trisetio,"pelayanan cepat, tidak ada bug, gacor",pelayanan cepat tidak ada bug gacor,3,neutral,gojek,com.gojek.app,google_play
2026-03-31 19:34:13,Pengguna Google,kalau pagi sulit buat dapat gojek & sering di minta cancel oleh driver,kalau pagi sulit buat dapat gojek sering di minta cancel oleh driver,3,neutral,gojek,com.gojek.app,google_play
2026-03-31 19:34:12,Muhammad Bilal ramadhan,"mohon untuk di atasi untuk penjemputan yang lama,di karenakan memakan waktu dan tidak worth it dengan harga yang di berikan kepada customer, di mohon untuk pihak Go-Jek melakukan pembenahan agar customer tidak harus menunggu lama dan jenuh, jika menunggu 5 menit untuk mendapatkan driver baik baik saja, tapi ini lebih dari 30 menit, bahkan sampai 1 jam lebih menunggu driver yang tidak kunjung datang, jadi mohon di dengar untuk keluhan user/pengguna",mohon untuk di atasi untuk penjemputan yang lama di karenakan memakan waktu dan tidak worth it dengan harga yang di berikan kepada customer di mohon untuk pihak go jek melakukan pembenahan agar customer tidak harus menunggu lama dan jenuh jika menunggu 5 menit untuk mendapatkan driver baik baik saja tapi ini lebih dari 30 menit bahkan sampai 1 jam lebih menunggu driver yang tidak kunjung datang jadi mohon di dengar untuk keluhan user pengguna,3,neutral,gojek,com.gojek.app,google_play
2026-03-31 19:25:04,Ahmad Adifa,lama kalo cari driver nya,lama kalo cari driver nya,3,neutral,gojek,com.gojek.app,google_play
2026-03-31 19:22:42,Novi rahma utami,ini kenapa sih aplikasi nya di download ga jalan jalan padahal internet lancar,ini kenapa sih aplikasi nya di download ga jalan jalan padahal internet lancar,3,neutral,gojek,com.gojek.app,google_play
2026-03-31 19:20:43,22bersenyum manis,sayang nya mahal ongkir makan,sayang nya mahal ongkir makan,3,neutral,gojek,com.gojek.app,google_play
2026-03-31 19:17:16,Afni Wirda,emang oke gojeknya tepat waktu ramah baik,emang oke gojeknya tepat waktu ramah baik,3,neutral,gojek,com.gojek.app,google_play
2026-03-31 19:00:08,Beriel Musthofa,Aplikasi susah sinyal,aplikasi susah sinyal,3,neutral,gojek,com.gojek.app,google_play
2026-03-31 18:46:15,Raffa Febrian,dapet driver lama banget sumpah bikin telat aja,dapet driver lama banget sumpah bikin telat aja,3,neutral,gojek,com.gojek.app,google_play
2026-03-31 18:36:49,azzatrulala,"baguss bangett, banyak promo, ga nyesel download gojek selama ini. ter the best💗✨",baguss bangett banyak promo ga nyesel download gojek selama ini ter the best,3,neutral,gojek,com.gojek.app,google_play
2026-03-31 18:34:46,Donatz Corleone,"susah mendapatkan driver, saya kesulittan untuk berangkat atau pepergian, karna tidak ada driver yang mengambil orderan",susah mendapatkan driver saya kesulittan untuk berangkat atau pepergian karna tidak ada driver yang mengambil orderan,3,neutral,gojek,com.gojek.app,google_play
2026-03-31 18:33:44,Rezaa Fazry,dr 2017 SMP skarang 2026 best dll pkai apk gojekkk,dr 2017 smp skarang 2026 best dll pkai apk gojekkk,3,neutral,gojek,com.gojek.app,google_play
2026-03-31 18:31:54,Yehezkiel Margiyanto,cepat sampai tujuan,cepat sampai tujuan,3,neutral,gojek,com.gojek.app,google_play
2026-03-31 18:29:20,Maureen Jansen C,knp selalu menyediakan promo & fitur goride hemat padahal pengemudi jarang yg mau ambil. Klo fitur hemat driver sering nolak. Buang2 waktu apalagi udah ditunggu ujung2 nya cancel sepihak!!,knp selalu menyediakan promo fitur goride hemat padahal pengemudi jarang yg mau ambil klo fitur hemat driver sering nolak buang2 waktu apalagi udah ditunggu ujung2 nya cancel sepihak,3,neutral,gojek,com.gojek.app,google_play
2026-03-31 18:01:14,Azzqb,"Aplikasi nya bagus, tapi tolong masa karena sistem nya error gara gara pesan makanan lewat go food",aplikasi nya bagus tapi tolong masa karena sistem nya error gara gara pesan makanan lewat go food,3,neutral,gojek,com.gojek.app,google_play
2026-03-31 17:53:18,Rahma Jibril,akhirnya aplikasi nya kembali normal lagi,akhirnya aplikasi nya kembali normal lagi,3,neutral,gojek,com.gojek.app,google_play
2026-03-31 17:40:25,Mer,Make everything easier.,make everything easier,3,neutral,gojek,com.gojek.app,google_play
2026-03-31 17:34:29,Madi Rahmadi,aplikasi ini sangat baik untuk di gunakan,aplikasi ini sangat baik untuk di gunakan,3,neutral,gojek,com.gojek.app,google_play
2026-03-31 17:23:14,Dava Syarifudin,"Udah ke sekian kalinya saya memesan makanan udah nunggu beberapa menit tapi driver gak di temukan ini gimana !, pada kemana coba padahal perkota kan banyak",udah ke sekian kalinya saya memesan makanan udah nunggu beberapa menit tapi driver gak di temukan ini gimana pada kemana coba padahal perkota kan banyak,3,neutral,gojek,com.gojek.app,google_play
2026-03-31 17:19:47,Sukho,Good job bro,good job bro,3,neutral,gojek,com.gojek.app,google_play
2026-03-31 17:06:13,Moch Fazril,"hadeu sangat susah dapat driver padahal lokasi para driver nya dekat, tolong d perbaiki lagi",hadeu sangat susah dapat driver padahal lokasi para driver nya dekat tolong d perbaiki lagi,3,neutral,gojek,com.gojek.app,google_play
2026-03-31 16:58:17,Latisha Haira,bagus bisa beli yang kita mau,bagus bisa beli yang kita mau,3,neutral,gojek,com.gojek.app,google_play
2026-03-31 16:43:55,So Na,pokok nya baguss,pokok nya baguss,3,neutral,gojek,com.gojek.app,google_play
2026-03-31 16:33:09,Eko Setia,semoga semakin sukses di dalam melayani dan semakin baik,semoga semakin sukses di dalam melayani dan semakin baik,3,neutral,gojek,com.gojek.app,google_play
2026-03-31 16:20:04,Veronica 0401,gojek bnyk penipuannya y skrng,gojek bnyk penipuannya y skrng,3,neutral,gojek,com.gojek.app,google_play
2026-03-31 16:17:49,Giyanti Masage,aplikasinya sekarang ndak sip,aplikasinya sekarang ndak sip,3,neutral,gojek,com.gojek.app,google_play
2026-03-31 16:10:05,Nanda AlRamadhan,entahlah kalo mulai mendung para driver pilih2 penumpang,entahlah kalo mulai mendung para driver pilih2 penumpang,3,neutral,gojek,com.gojek.app,google_play
2026-03-31 16:08:45,Indra Mardhani,"kesan pertama mengecewakan, dikasih promo tapi dapet driver yang aneh, pertama abangnya gak jalan2 dan kedua juga sama, tunggu lama gak jalan juga dan baru driver ke 3 tanpa promo drivernya baru reapon cepet dan langaung jalan",kesan pertama mengecewakan dikasih promo tapi dapet driver yang aneh pertama abangnya gak jalan2 dan kedua juga sama tunggu lama gak jalan juga dan baru driver ke 3 tanpa promo drivernya baru reapon cepet dan langaung jalan,3,neutral,gojek,com.gojek.app,google_play
2026-03-31 15:56:29,Fatimah Happyshopping,bagus nganterin saya 🙋kapan saja,bagus nganterin saya kapan saja,3,neutral,gojek,com.gojek.app,google_play
2026-03-31 15:53:28,poltak hasudungan,mana no customer service gojek driver nya?,mana no customer service gojek driver nya,3,neutral,gojek,com.gojek.app,google_play
2026-03-31 15:38:35,key,"banyak promo, mantapppp🔥",banyak promo mantapppp,3,neutral,gojek,com.gojek.app,google_play
2026-03-31 15:35:19,Mustika Farma,drivernya Ndak sopan karna motornya hampir nyeruduk pintu kaca apotek.,drivernya ndak sopan karna motornya hampir nyeruduk pintu kaca apotek,3,neutral,gojek,com.gojek.app,google_play
2026-03-31 15:28:38,Ickhar Jili pratama,gajelas driver pilih pilih banget aplikasi gj hapus dri playstore aj,gajelas driver pilih pilih banget aplikasi gj hapus dri playstore aj,3,neutral,gojek,com.gojek.app,google_play
2026-03-31 15:07:31,zacky wow raditya,"good aplikasi, rekomendasi untuk yang mau berpergian",good aplikasi rekomendasi untuk yang mau berpergian,3,neutral,gojek,com.gojek.app,google_play
2026-03-31 15:04:22,Nofri Yanti,suka dg aplikasi ini sangat membantu,suka dg aplikasi ini sangat membantu,3,neutral,gojek,com.gojek.app,google_play
2026-03-31 14:54:38,Ani Lestari,terimakasih Sampai tepat waktu,terimakasih sampai tepat waktu,3,neutral,gojek,com.gojek.app,google_play
2026-03-31 14:45:22,Ron Imron,pelayan aman sopan,pelayan aman sopan,3,neutral,gojek,com.gojek.app,google_play
2026-03-31 14:43:02,Ikhsan Setyo,Bagus dan cepat saat memesan gojek dan prosesnya tidak lama,bagus dan cepat saat memesan gojek dan prosesnya tidak lama,3,neutral,gojek,com.gojek.app,google_play
2026-03-31 14:35:46,Watiyem Mm,"kenaoa aplukasunya dibuka lelet banget serink blank putih,padahal saya sering banget pakai gojek",kenaoa aplukasunya dibuka lelet banget serink blank putih padahal saya sering banget pakai gojek,3,neutral,gojek,com.gojek.app,google_play
2026-03-31 14:33:10,Amrullah,sangat membantu disaat saat yg mendedak,sangat membantu disaat saat yg mendedak,3,neutral,gojek,com.gojek.app,google_play
2026-03-31 14:26:22,Ham Mdc278,aplikasi terbaik dan terbagus,aplikasi terbaik dan terbagus,3,neutral,gojek,com.gojek.app,google_play
2026-03-31 14:01:18,Kartika Fitrazari,"driver gojeknya kurang ajar, numpang berteduh di depan rmh orang tp motornya di naikin sampe hampir nyeruduk pintu rmh, di kasi tau baik2 malah nyolot. gimana sih ini gojek milih driver tp TDK sopan.",driver gojeknya kurang ajar numpang berteduh di depan rmh orang tp motornya di naikin sampe hampir nyeruduk pintu rmh di kasi tau baik2 malah nyolot gimana sih ini gojek milih driver tp tdk sopan,3,neutral,gojek,com.gojek.app,google_play
2026-03-31 13:53:32,MyCha Dwi,"ini aplikasi gocar saya ko gk bisa dipakai kenapa saldo saya masih banyak,, pengen ngamuk saya kalau gini, semakin error aja ini",ini aplikasi gocar saya ko gk bisa dipakai kenapa saldo saya masih banyak pengen ngamuk saya kalau gini semakin error aja ini,3,neutral,gojek,com.gojek.app,google_play
2026-03-31 13:45:25,kriss boy channel,"Murah,cocok buat berangkat kerja",murah cocok buat berangkat kerja,3,neutral,gojek,com.gojek.app,google_play
2026-03-31 13:34:16,Muzie Taher,"Solusi terbaik,untuk menghemat waktu",solusi terbaik untuk menghemat waktu,3,neutral,gojek,com.gojek.app,google_play
2026-03-31 13:32:22,kareen draka,bagus aplikasinya lancar buat transportasi luar maupun dalam kota.,bagus aplikasinya lancar buat transportasi luar maupun dalam kota,3,neutral,gojek,com.gojek.app,google_play
2026-03-31 13:24:54,Zaky Kiya,Bagus banget cepat,bagus banget cepat,3,neutral,gojek,com.gojek.app,google_play
2026-03-31 13:18:12,Marno Marno,ya gitu deh,ya gitu deh,3,neutral,gojek,com.gojek.app,google_play
2026-03-31 12:51:23,Mery Andriana,"kebiasaan ngasih driver yang jauh, orang butuh cepat jadinya telat terus walaupun udah pesan 30menit sebelumnya",kebiasaan ngasih driver yang jauh orang butuh cepat jadinya telat terus walaupun udah pesan 30menit sebelumnya,3,neutral,gojek,com.gojek.app,google_play
2026-03-31 12:46:02,Maulana Maulana,sagat bagus dan membantu,sagat bagus dan membantu,3,neutral,gojek,com.gojek.app,google_play
2026-03-31 12:42:00,Agung Kurnia,"order driver lama,kalo sekalinya dapet,jaraknya jauh,sama drivernya juga suka nge cancle,karna dari aplikasinya.",order driver lama kalo sekalinya dapet jaraknya jauh sama drivernya juga suka nge cancle karna dari aplikasinya,3,neutral,gojek,com.gojek.app,google_play
2026-03-31 12:36:30,Samsung Galaxys23fe,terbantu sangat 1.untuk perantauan seperti saya terkadang jalan yang saya ga tau jadi tau 2. merasa aman ga takut kesasar 3. terbantu untuk transportasi umum bila butuh cepat dan tepat waktu,terbantu sangat 1 untuk perantauan seperti saya terkadang jalan yang saya ga tau jadi tau 2 merasa aman ga takut kesasar 3 terbantu untuk transportasi umum bila butuh cepat dan tepat waktu,3,neutral,gojek,com.gojek.app,google_play
2026-03-31 12:27:32,Fernando Panjaitan,grab lebih bagus ada fitur cod kadal Ama biawak,grab lebih bagus ada fitur cod kadal ama biawak,3,neutral,gojek,com.gojek.app,google_play
2026-03-31 12:21:42,MuhammadUjang Ujang,mudah di dapat drivernya begitu juga metode pembayaran nya bisa tunai dan gopay,mudah di dapat drivernya begitu juga metode pembayaran nya bisa tunai dan gopay,3,neutral,gojek,com.gojek.app,google_play
2026-03-31 12:10:52,Diah Iswoyo,orangnya ramah enak diajak komunikasih😍😍,orangnya ramah enak diajak komunikasih,3,neutral,gojek,com.gojek.app,google_play
2026-03-31 12:10:06,ERLINA YULIANI,dapet driver jauh terus deh.,dapet driver jauh terus deh,3,neutral,gojek,com.gojek.app,google_play
2026-03-31 12:00:55,Aqwam Thariq,"Memudahkan kebutuhan kita sehari-hari, baik transportasi maupun pesan makan online",memudahkan kebutuhan kita sehari hari baik transportasi maupun pesan makan online,3,neutral,gojek,com.gojek.app,google_play
2026-03-31 11:59:53,Juliantara XD323,"saya beli kuota, malah nga masuk, aneh bgt, padahal saya pakai kerja lo, klo mau korup jangan sama rakyat kecil,",saya beli kuota malah nga masuk aneh bgt padahal saya pakai kerja lo klo mau korup jangan sama rakyat kecil,3,neutral,gojek,com.gojek.app,google_play
2026-03-31 11:59:36,Roeihsadzi,"Sangat memudahkan klo naik gojek atw gocar,cm klo anak saya mau brgkt sklh pg,knp GK ada yg mau order ya,apa ongkos nya murah.saran saya klo anak sklh pergi pg,tlg dong di respon,jd anak saya GK bolos lg.",sangat memudahkan klo naik gojek atw gocar cm klo anak saya mau brgkt sklh pg knp gk ada yg mau order ya apa ongkos nya murah saran saya klo anak sklh pergi pg tlg dong di respon jd anak saya gk bolos lg,3,neutral,gojek,com.gojek.app,google_play
2026-03-31 11:42:01,Ipoer 1604,Pelayan & respon mantaps,pelayan respon mantaps,3,neutral,gojek,com.gojek.app,google_play
2026-03-31 11:41:06,muhammad malik SF,"driver pada males, pilih² orderan. kalo trip deket ga ada yang mau ambil",driver pada males pilih orderan kalo trip deket ga ada yang mau ambil,3,neutral,gojek,com.gojek.app,google_play
2026-03-31 11:31:36,XXX TENTACION,"login akun dan memetakan lokasi lama untuk penguna baru. bisa 10menit+. alasan jaringan ngak ada, padahal bagus lancar",login akun dan memetakan lokasi lama untuk penguna baru bisa 10menit alasan jaringan ngak ada padahal bagus lancar,3,neutral,gojek,com.gojek.app,google_play
2026-03-31 11:06:34,Wilman Pratama,"tengah malem laper susah nyari driver, sampe tokona tutup-_-",tengah malem laper susah nyari driver sampe tokona tutup,3,neutral,gojek,com.gojek.app,google_play
2026-03-31 11:06:23,Rico Ronaldo,Nice aplication easy for Journey,nice aplication easy for journey,3,neutral,gojek,com.gojek.app,google_play
2026-03-31 10:35:26,Rp 750,app status Mitra rasa karyawan kebijakannya sangat jelek,app status mitra rasa karyawan kebijakannya sangat jelek,3,neutral,gojek,com.gojek.app,google_play
2026-03-31 10:33:31,Otak Atik,"payah susah dapet driver giliran dapet di cancel lagi mau ngirim barang susah bener bayar pake gopay gak bisa knp jadi banyak amat masalahnya akhir"" ini",payah susah dapet driver giliran dapet di cancel lagi mau ngirim barang susah bener bayar pake gopay gak bisa knp jadi banyak amat masalahnya akhir ini,3,neutral,gojek,com.gojek.app,google_play
2026-03-31 09:55:59,Nurhiyanto Wahyu,sangat suport nyaman dan aman,sangat suport nyaman dan aman,3,neutral,gojek,com.gojek.app,google_play
2026-03-31 09:45:06,Asrori Yahya,layanan cepat dan mudah,layanan cepat dan mudah,3,neutral,gojek,com.gojek.app,google_play
2026-03-31 09:19:45,Edi Suryanto,aplikasi masa kini yang sangat membantu,aplikasi masa kini yang sangat membantu,3,neutral,gojek,com.gojek.app,google_play
2026-03-31 09:17:04,AL,byk GOCAR SERING MENYETUJUI tp tdk merespon chat dan tdk datang,byk gocar sering menyetujui tp tdk merespon chat dan tdk datang,3,neutral,gojek,com.gojek.app,google_play
2026-03-31 08:13:56,Richard Nbbn,Pokonya bagi saya pengguna Apknya bagus deh....,pokonya bagi saya pengguna apknya bagus deh,3,neutral,gojek,com.gojek.app,google_play
2026-03-31 08:05:52,Edho M Rosyid,Rating bagus tapi jadi yang paling sering dirugikan gojek.,rating bagus tapi jadi yang paling sering dirugikan gojek,3,neutral,gojek,com.gojek.app,google_play
2026-03-31 08:04:03,A. Andini Dinda Adisqa,"sy pesan makanan dekat rumah tp malah drivernya ambil pesanan saya trus terima orderan lain dan itu lokasinya di Pallangga jauh dari lokasi saya di sungguminasa. mana drivernya gabisa dihubungi, anak saya sampe udah kambuh maagnya nungguin muntah-muntah dia, dan pesanan jg gabisa dibatalin terpaksa pesan dua kali tp bayarnya dua juga",sy pesan makanan dekat rumah tp malah drivernya ambil pesanan saya trus terima orderan lain dan itu lokasinya di pallangga jauh dari lokasi saya di sungguminasa mana drivernya gabisa dihubungi anak saya sampe udah kambuh maagnya nungguin muntah muntah dia dan pesanan jg gabisa dibatalin terpaksa pesan dua kali tp bayarnya dua juga,3,neutral,gojek,com.gojek.app,google_play
2026-03-31 07:17:14,Chandra Pradipta,Aplikasi penagih hutang,aplikasi penagih hutang,3,neutral,gojek,com.gojek.app,google_play
2026-03-31 07:13:37,andi shevchenko,"enak, murah, bisa paylater juga😍👍🏻",enak murah bisa paylater juga,3,neutral,gojek,com.gojek.app,google_play
2026-03-31 07:09:19,Eriska Widianti,bisa diandalin saat keburu-buru,bisa diandalin saat keburu buru,3,neutral,gojek,com.gojek.app,google_play
2026-03-31 07:06:50,Indratno Amd,"untuk anter sekolah anak driver jemput perjalanan 9 menit,sesek ngak tu... mau cancel kasihan nunggu kelamaan. apa ngak ada driver terdekat wooii...gojek",untuk anter sekolah anak driver jemput perjalanan 9 menit sesek ngak tu mau cancel kasihan nunggu kelamaan apa ngak ada driver terdekat wooii gojek,3,neutral,gojek,com.gojek.app,google_play
2026-03-31 06:55:46,ellaa,"ngga ngerti lagi sama ini apk lelet bgt, udh pake harga yg paling mahal tapi ga dapet driver🥰🥰",ngga ngerti lagi sama ini apk lelet bgt udh pake harga yg paling mahal tapi ga dapet driver,3,neutral,gojek,com.gojek.app,google_play
2026-03-31 06:51:39,Fitria Nova,kenapa sekarang pesen Go Ride itu lama banget gak ada yg ngambil pesenan yah... bayar dah normal kadang ngasih tip juga,kenapa sekarang pesen go ride itu lama banget gak ada yg ngambil pesenan yah bayar dah normal kadang ngasih tip juga,3,neutral,gojek,com.gojek.app,google_play
2026-03-31 06:45:54,Fahri Joe,SEMAKIN MAHAL dan TIDAK REKOMEN 🥵,semakin mahal dan tidak rekomen,3,neutral,gojek,com.gojek.app,google_play
2026-03-31 06:41:40,Dikha,lama dapet driver telat mulu anjjggg,lama dapet driver telat mulu anjjggg,3,neutral,gojek,com.gojek.app,google_play
2026-03-31 06:41:36,Hendra Saputra,"pesanan lama, pas dapet driver posisi jauh , gojek udah bodoh",pesanan lama pas dapet driver posisi jauh gojek udah bodoh,3,neutral,gojek,com.gojek.app,google_play
2026-03-31 06:39:43,Ardany Arlita,makin sulit cari driver perbaikin dong sistem nya kasian user yang jadi korban,makin sulit cari driver perbaikin dong sistem nya kasian user yang jadi korban,3,neutral,gojek,com.gojek.app,google_play
2026-03-31 06:34:48,Satu Enam,"lelet banget bikin sya telat sekolah,udh di booking dr awal waktu aja masi gada yg bsa d dapet",lelet banget bikin sya telat sekolah udh di booking dr awal waktu aja masi gada yg bsa d dapet,3,neutral,gojek,com.gojek.app,google_play
2026-03-31 06:28:14,Ubil Ubil,susah dapet gojeknya,susah dapet gojeknya,3,neutral,gojek,com.gojek.app,google_play
2026-03-31 06:25:32,Pponyo Picolo,"sekarang nyari driver susah, pada ga MW ambil",sekarang nyari driver susah pada ga mw ambil,3,neutral,gojek,com.gojek.app,google_play
2026-03-31 06:23:38,FAIRUZTRANS,tolong banget nih kak goride hemat tolong cepetin pencarian driver nya mak,tolong banget nih kak goride hemat tolong cepetin pencarian driver nya mak,3,neutral,gojek,com.gojek.app,google_play
2026-03-31 06:21:36,SEPTIA PUTRA,suka susah dapat driver gak rekomend bat payah,suka susah dapat driver gak rekomend bat payah,3,neutral,gojek,com.gojek.app,google_play
2026-03-31 06:16:08,Arsyilla Syilla,mempercepat perjalanan apabila dibutuhkan,mempercepat perjalanan apabila dibutuhkan,3,neutral,gojek,com.gojek.app,google_play
2026-03-31 06:08:03,Firman Syah,"selalu susah dan tidak dapat driver kalo pagi pagi order, padahal pagi itu jam jam rawan anak mau berangkat sekolah... sekelas gojek ga ada yang bersedia",selalu susah dan tidak dapat driver kalo pagi pagi order padahal pagi itu jam jam rawan anak mau berangkat sekolah sekelas gojek ga ada yang bersedia,3,neutral,gojek,com.gojek.app,google_play
2026-03-31 06:05:35,Hagai gabriel L.T,tolong lah gojek jangan rakus akhir akhir ini driver jadi makin jauh dapet lokasi saya tau maksud fitur yang baru yang tambah 3000 untuk cari driver lokasi dekat tapi bukan begini,tolong lah gojek jangan rakus akhir akhir ini driver jadi makin jauh dapet lokasi saya tau maksud fitur yang baru yang tambah 3000 untuk cari driver lokasi dekat tapi bukan begini,3,neutral,gojek,com.gojek.app,google_play
2026-03-31 05:52:28,Putri Kholifa,"susah sekali dpt gojek, sudah pakai yg paling mahal pun ditolak, 30 menit nungguinnya.",susah sekali dpt gojek sudah pakai yg paling mahal pun ditolak 30 menit nungguinnya,3,neutral,gojek,com.gojek.app,google_play
2026-03-31 05:39:14,Yuma,ini kenapa ya saldo kepotong 72.000 padahal order gocar gak dapat??? sudah yang kedua kalinya nihhh kacauuuu!!,ini kenapa ya saldo kepotong 72 000 padahal order gocar gak dapat sudah yang kedua kalinya nihhh kacauuuu,3,neutral,gojek,com.gojek.app,google_play
2026-03-31 05:27:19,Disney Family,"hati2 para pelanggan, saya memakai app ini sdh sgt lama dan hr ini sy sgt kecewa krn 3 hari lalu sy memesan makanan tp 2 item oleh resto di bilang abis, bgtu makanan tiba sy byr driver lgsg tancap gas tanpa memberi sy uang kembalian dan lngsung di end chat. sy buat laporan hingga 3 hr bertele2 di minta foto berulang kali n di blg gk bs lapor sth 24 jam pdhl sy lapor saat itu jg tp pihak gojek yg sengaja meresponnya keesokan hari. Hati2 aja para pengguna app gojek jika beli makanan.",hati2 para pelanggan saya memakai app ini sdh sgt lama dan hr ini sy sgt kecewa krn 3 hari lalu sy memesan makanan tp 2 item oleh resto di bilang abis bgtu makanan tiba sy byr driver lgsg tancap gas tanpa memberi sy uang kembalian dan lngsung di end chat sy buat laporan hingga 3 hr bertele2 di minta foto berulang kali n di blg gk bs lapor sth 24 jam pdhl sy lapor saat itu jg tp pihak gojek yg sengaja meresponnya keesokan hari hati2 aja para pengguna app gojek jika beli makanan,3,neutral,gojek,com.gojek.app,google_play
2026-03-31 04:59:47,Vemby Aditya Herman,"APK OJEK MAKIN GOBLOKKKKKK, GADA BAGUSNYA KNTL",apk ojek makin goblokkkkkk gada bagusnya kntl,3,neutral,gojek,com.gojek.app,google_play
2026-03-31 04:52:13,Putra Kurnia,driver nya pilih pilih,driver nya pilih pilih,3,neutral,gojek,com.gojek.app,google_play
2026-03-31 04:49:04,cor chon chanel,"bnyak driver nakal,, diapliksi tulisnya 12rbu glirn byar mintanya 30rbu.hati"" klo plat beda dgn nmor yg trcntum diaplksi jgn mau.hnya modus.",bnyak driver nakal diapliksi tulisnya 12rbu glirn byar mintanya 30rbu hati klo plat beda dgn nmor yg trcntum diaplksi jgn mau hnya modus,3,neutral,gojek,com.gojek.app,google_play
2026-03-31 04:32:59,Muhammad Sukron,tolong drivernya yang kompeten saya sudah nunggu lama udah sampai di cancel,tolong drivernya yang kompeten saya sudah nunggu lama udah sampai di cancel,3,neutral,gojek,com.gojek.app,google_play
2026-03-31 02:02:12,Veri Kurniawan,cs layanan nya jelek ga member solusi,cs layanan nya jelek ga member solusi,3,neutral,gojek,com.gojek.app,google_play
2026-03-31 01:53:58,Elseria Naibaho,DRIVER TERSEBUT (DALAM GAMBAR SCREENSHOT TERLAMPIR) MELAKUKAN PELANGGARAN DALAM MEMBERIKAN PELAYANAN KEPADA SAYA SELAKU PELANGGAN !,driver tersebut dalam gambar screenshot terlampir melakukan pelanggaran dalam memberikan pelayanan kepada saya selaku pelanggan,3,neutral,gojek,com.gojek.app,google_play
2026-03-31 00:19:06,rre,Bagus banget aplikasinya🥺,bagus banget aplikasinya,3,neutral,gojek,com.gojek.app,google_play
2026-03-30 23:32:37,Sumardi Laga,segala sesuatu menjadi lebih mudah,segala sesuatu menjadi lebih mudah,3,neutral,gojek,com.gojek.app,google_play
2026-03-30 23:28:27,Kartika Islamiya,"bagus applikasi nya cuman buat gofood banyakin voucher gratis ongkir, untuk transaksi under 20 ribu dong 🙏🏻",bagus applikasi nya cuman buat gofood banyakin voucher gratis ongkir untuk transaksi under 20 ribu dong,3,neutral,gojek,com.gojek.app,google_play
2026-03-30 22:58:52,Okta Piani,"yaoooooo berguna banget buat aku yang suka mageran ini, pelayanan nya juga oke2",yaoooooo berguna banget buat aku yang suka mageran ini pelayanan nya juga oke2,3,neutral,gojek,com.gojek.app,google_play
2026-03-30 22:43:20,dhini yulianita,"Selama 10 Tahun Pake Gojek, Baru Sebulan ini merasa SANGAT KECEWA. 1. Argo Selangit tapi buat dapet Driver Lamanya minta ampun; sekalinya dapet Jauh, nunggu lagi; 2. Order Gofood juga susah buat dapet driver, harus nunggu 30-45 menit baru bisa cancel.. Itupun belum tentu dapet driver. Sekalinya dapet, mesti nunggu lagi makanan untuk dibuat; 3. Dari dulu kalo Hujan Lelet. Gojek Gak Menghargai Customer kalo begini caranya!!",selama 10 tahun pake gojek baru sebulan ini merasa sangat kecewa 1 argo selangit tapi buat dapet driver lamanya minta ampun sekalinya dapet jauh nunggu lagi 2 order gofood juga susah buat dapet driver harus nunggu 30 45 menit baru bisa cancel itupun belum tentu dapet driver sekalinya dapet mesti nunggu lagi makanan untuk dibuat 3 dari dulu kalo hujan lelet gojek gak menghargai customer kalo begini caranya,3,neutral,gojek,com.gojek.app,google_play
2026-03-30 22:29:38,Chiechie Salon,tolong di perbaiki LG susah dapat driver Skali nya dapat lama jadi kesel,tolong di perbaiki lg susah dapat driver skali nya dapat lama jadi kesel,3,neutral,gojek,com.gojek.app,google_play
2026-03-30 22:07:36,Ardi Susanto,Putar-putar cari driver pembayaran tunai,putar putar cari driver pembayaran tunai,3,neutral,gojek,com.gojek.app,google_play
2026-03-30 22:06:37,Nur Hanifah,"u've to download it😙 update 30 Maret 2026, skrg pesan gofood mencari driver LAMAAA BANGET. itu tuh kenapa??? saya di fnb jg gitu, pesanan lama di pick up dan berujung cancel. toko rugi, buang waktu customer nunggu makanan.",u ve to download it update 30 maret 2026 skrg pesan gofood mencari driver lamaaa banget itu tuh kenapa saya di fnb jg gitu pesanan lama di pick up dan berujung cancel toko rugi buang waktu customer nunggu makanan,3,neutral,gojek,com.gojek.app,google_play
2026-03-30 22:06:23,yogi suryono,"lemot cari driver keburu asam lambung ,aplikasi nya yg lemot",lemot cari driver keburu asam lambung aplikasi nya yg lemot,3,neutral,gojek,com.gojek.app,google_play
2026-03-30 21:49:13,Berbard Bir,"tolong bilangin gojek daerah Dawuan Karawang, ga usah blagu kalo dpt order 10k, nnti anyep koar2.",tolong bilangin gojek daerah dawuan karawang ga usah blagu kalo dpt order 10k nnti anyep koar2,3,neutral,gojek,com.gojek.app,google_play
2026-03-30 21:46:27,Windia Ajah,susah bgt dapet driver pdhl lokasinya driver nya pada deket bgt tapi susah bgt,susah bgt dapet driver pdhl lokasinya driver nya pada deket bgt tapi susah bgt,3,neutral,gojek,com.gojek.app,google_play
2026-03-30 21:45:28,RATNA NINGSIH,"pesan gofood sdh hampir 1jam tiba² restonya membatalkan pesanan,supeer² kecewa berat sama restonya knpa GK dari awal kasih info,bagusnya kasih bintang 1 resto macam itu",pesan gofood sdh hampir 1jam tiba restonya membatalkan pesanan supeer kecewa berat sama restonya knpa gk dari awal kasih info bagusnya kasih bintang 1 resto macam itu,3,neutral,gojek,com.gojek.app,google_play
2026-03-30 21:41:03,Aconk Cong,Satu aja dulu klw bagus kasih bintang 7 puyer Go-Jek lemot perbaikin LG,satu aja dulu klw bagus kasih bintang 7 puyer go jek lemot perbaikin lg,3,neutral,gojek,com.gojek.app,google_play
2026-03-30 21:39:04,Putra akhir,tolong perbaiki lagi aplikasinya sama supir nya mobil ga bergerak-gerak terus,tolong perbaiki lagi aplikasinya sama supir nya mobil ga bergerak gerak terus,3,neutral,gojek,com.gojek.app,google_play
2026-03-30 21:29:23,Bobby Saputra,"makin hari makin susah dapat driver, mana markup harga tinggi",makin hari makin susah dapat driver mana markup harga tinggi,3,neutral,gojek,com.gojek.app,google_play
2026-03-30 21:26:12,Su Hendi,resto nya banyak.yang bermasalah dalam konfirmasi dan penutupan makanan habis ..di tambah lagi driver nya sulit dapat ..kalau argo murah ...ini menyulitkan konsumen yang sedang butuh ..kalau begini bukan serba gapang tapi serba susah..jika begini terus kedepan nya saya rasak bakal rusak pelayanan gojek ini,resto nya banyak yang bermasalah dalam konfirmasi dan penutupan makanan habis di tambah lagi driver nya sulit dapat kalau argo murah ini menyulitkan konsumen yang sedang butuh kalau begini bukan serba gapang tapi serba susah jika begini terus kedepan nya saya rasak bakal rusak pelayanan gojek ini,3,neutral,gojek,com.gojek.app,google_play
2026-03-30 21:25:09,Rohmadi Prasetyo,memudahkan dlm transportasi darat,memudahkan dlm transportasi darat,3,neutral,gojek,com.gojek.app,google_play
2026-03-30 21:21:18,Arifa Mutiara Ramadhani,"driver nya pilih pilih, g mau kalau pesen dari aplikasi maunya langsung Carter dn harga ny lebih mahal dari harga apk",driver nya pilih pilih g mau kalau pesen dari aplikasi maunya langsung carter dn harga ny lebih mahal dari harga apk,3,neutral,gojek,com.gojek.app,google_play
2026-03-30 21:19:53,Desi Purnamasari,bagusss terima kasih,bagusss terima kasih,3,neutral,gojek,com.gojek.app,google_play
2026-03-30 21:15:46,Bayu 99,bagus dan yama,bagus dan yama,3,neutral,gojek,com.gojek.app,google_play
2026-03-30 21:01:16,Evan Febrian,"nih baru aja gofood pake reguler, padahal lagi ngga rame pasti di notifikasinya selalu telat. gila emang kita diminta bayar lebih untuk pake ongkir yg lebih mahal (padahal yg mahal sama aja telat juga)",nih baru aja gofood pake reguler padahal lagi ngga rame pasti di notifikasinya selalu telat gila emang kita diminta bayar lebih untuk pake ongkir yg lebih mahal padahal yg mahal sama aja telat juga,3,neutral,gojek,com.gojek.app,google_play
2026-03-30 21:01:01,Mas Karebet,Sangat membantu aktivitas perjalanan saya,sangat membantu aktivitas perjalanan saya,3,neutral,gojek,com.gojek.app,google_play
2026-03-30 20:50:35,Ridho bagass2806,"jadwal selalu nd sesuai aplikasi,kadang di aplikasi jam 20:10 bakal dianterin eh malah nunggu sejam an,kadang disuru cencel sm apk ny",jadwal selalu nd sesuai aplikasi kadang di aplikasi jam 20 10 bakal dianterin eh malah nunggu sejam an kadang disuru cencel sm apk ny,3,neutral,gojek,com.gojek.app,google_play
2026-03-30 20:44:45,Dewi aryani Satria,"titik pengantaran tidak sesuai padahal gps saya aktif, jadinya saya berantem sama abg gojeknya, saya pesan dari rumah malah d antarnya ketempat lain",titik pengantaran tidak sesuai padahal gps saya aktif jadinya saya berantem sama abg gojeknya saya pesan dari rumah malah d antarnya ketempat lain,3,neutral,gojek,com.gojek.app,google_play
2026-03-30 20:35:17,MUA AMAR,"saya pesen gofood,tapi malah kaga dapet driver pengantarnya dan disuruh nunggu keterlambatan lamaa bgtt😡",saya pesen gofood tapi malah kaga dapet driver pengantarnya dan disuruh nunggu keterlambatan lamaa bgtt,3,neutral,gojek,com.gojek.app,google_play
2026-03-30 20:33:00,Priyo Setiawan Driver,bersih sopan cepat,bersih sopan cepat,3,neutral,gojek,com.gojek.app,google_play
2026-03-30 20:27:58,stroberi,selalu dapet driver yg gasopan,selalu dapet driver yg gasopan,3,neutral,gojek,com.gojek.app,google_play
2026-03-30 20:22:05,Asih Sukaesih,lelet lelet lelet lelet lelet lelet selalu kaya gitu,lelet lelet lelet lelet lelet lelet selalu kaya gitu,3,neutral,gojek,com.gojek.app,google_play
2026-03-30 20:11:47,NELSYA AVIFA DEWI,"penyelesaian masalah kaalian sampah, tanggapan CS kalian lebih sampah",penyelesaian masalah kaalian sampah tanggapan cs kalian lebih sampah,3,neutral,gojek,com.gojek.app,google_play
2026-03-30 20:06:19,Muhammad Iqbal,nyaman aja sama gojek,nyaman aja sama gojek,3,neutral,gojek,com.gojek.app,google_play
2026-03-30 19:58:20,Muhammad Rafli,udh lama pake gojek dan gopay bahkan transaksi bulanan bisa sampe 12juta tapi kalo nyari driver harus nunggu sampe 1jam lebih dan banyak vitur yang ga bisa di akses kaya gopay pinjam dan gopayletter juga gabisa huh,udh lama pake gojek dan gopay bahkan transaksi bulanan bisa sampe 12juta tapi kalo nyari driver harus nunggu sampe 1jam lebih dan banyak vitur yang ga bisa di akses kaya gopay pinjam dan gopayletter juga gabisa huh,3,neutral,gojek,com.gojek.app,google_play
2026-03-30 19:58:04,Snowee,kasih bintang 5 biar si baca..makin kesini tarif ongkir gofood makin ngsak ngotak.. cuma beberapa km aja ongkirnya bisa SE mahal itu..di jarak yg tinggal nyebrang doang..misalnya antar lounge 78 ke kantor pajak..bisa 43 ribu..,kasih bintang 5 biar si baca makin kesini tarif ongkir gofood makin ngsak ngotak cuma beberapa km aja ongkirnya bisa se mahal itu di jarak yg tinggal nyebrang doang misalnya antar lounge 78 ke kantor pajak bisa 43 ribu,3,neutral,gojek,com.gojek.app,google_play
2026-03-30 19:52:00,Ervin Tan,sangat mengecewakan aplikasi hanya bisa chat balik saat pesanan diterima tidak lengkap driver tidak dapat di telepon kembali,sangat mengecewakan aplikasi hanya bisa chat balik saat pesanan diterima tidak lengkap driver tidak dapat di telepon kembali,3,neutral,gojek,com.gojek.app,google_play
2026-03-30 19:46:17,Gilang Farhanudin,susah banget dapet driver,susah banget dapet driver,3,neutral,gojek,com.gojek.app,google_play
2026-03-30 19:42:16,Sahirul Haidar,"langganan gojek plus udah kebayar dan kepotong 2x malah tapi tetep gabisa dan error, aneh",langganan gojek plus udah kebayar dan kepotong 2x malah tapi tetep gabisa dan error aneh,3,neutral,gojek,com.gojek.app,google_play
2026-03-30 19:35:29,Jihan,asik banget semenjak dowload gojek,asik banget semenjak dowload gojek,3,neutral,gojek,com.gojek.app,google_play
2026-03-30 19:35:16,Fikri Syaiful,kecewa kalo musim hujan driver susah apa lg argo murahbanyk drama driver nya,kecewa kalo musim hujan driver susah apa lg argo murahbanyk drama driver nya,3,neutral,gojek,com.gojek.app,google_play
2026-03-30 19:35:07,Zulfa Fakhirah,"ole sih, tapi skrng knp jadi mahal bgt mana lama lg",ole sih tapi skrng knp jadi mahal bgt mana lama lg,3,neutral,gojek,com.gojek.app,google_play
2026-03-30 19:31:58,Purmadi Purmadi,kenapa ya kalau cuaca mendung cari driver susah nya setengah mati apalagi pas pesen makanan nunggu sampai 2 jam tu tolong aplikasi gojek nya di pebarui atau kekmana supaya pelanggan puas,kenapa ya kalau cuaca mendung cari driver susah nya setengah mati apalagi pas pesen makanan nunggu sampai 2 jam tu tolong aplikasi gojek nya di pebarui atau kekmana supaya pelanggan puas,3,neutral,gojek,com.gojek.app,google_play
2026-03-30 19:29:27,nub carrot,"sekarang makin susah nyari driver, jelek pemcariannyq padahal disekitar lokasi banyak, diperbaiki lah",sekarang makin susah nyari driver jelek pemcariannyq padahal disekitar lokasi banyak diperbaiki lah,3,neutral,gojek,com.gojek.app,google_play
2026-03-30 19:28:44,Ricky Elloy,sangat membantu di saat membutuhkan,sangat membantu di saat membutuhkan,3,neutral,gojek,com.gojek.app,google_play
2026-03-30 19:19:36,Zakky Gufron,"Makin kesini makin busuk, goride gocar dapat driver nya lama meskipun sudah prioritas sama gofood pun juga lama",makin kesini makin busuk goride gocar dapat driver nya lama meskipun sudah prioritas sama gofood pun juga lama,3,neutral,gojek,com.gojek.app,google_play
2026-03-30 19:18:58,aluna estian,"sering kelamaan buat dapat driver untuk gofood,jelek gak ky dulu gercep.",sering kelamaan buat dapat driver untuk gofood jelek gak ky dulu gercep,3,neutral,gojek,com.gojek.app,google_play
2026-03-30 19:15:59,najwan sidik,lama banget dapet drivernya,lama banget dapet drivernya,3,neutral,gojek,com.gojek.app,google_play
2026-03-30 19:14:57,Revi Arnan,aplikator kikir tolong di perbaiki sistem nya saya dapet driver susah karena aplikator nya kikir,aplikator kikir tolong di perbaiki sistem nya saya dapet driver susah karena aplikator nya kikir,3,neutral,gojek,com.gojek.app,google_play
2026-03-30 18:59:21,Inakaa Syafa,gjls bgt g bisa login,gjls bgt g bisa login,3,neutral,gojek,com.gojek.app,google_play
2026-03-30 18:57:39,putri jung,"lama banget cari drivernya padahal rating ku juga bagus, trs kalo pesen gofood cari drivernya juga lama banget, udah dapet drivernya ehh sama yg punya resto tiba tiba dibatalin gitu aja harusnya kasih masukan buat para resto kalo tiba"" cancel"" aja gaada konfirmasi dikenakan sangsi biar kita para customer gak harus buang waktu",lama banget cari drivernya padahal rating ku juga bagus trs kalo pesen gofood cari drivernya juga lama banget udah dapet drivernya ehh sama yg punya resto tiba tiba dibatalin gitu aja harusnya kasih masukan buat para resto kalo tiba cancel aja gaada konfirmasi dikenakan sangsi biar kita para customer gak harus buang waktu,3,neutral,gojek,com.gojek.app,google_play
2026-03-30 18:52:31,Akbar Ramadhan,gojek nipaling oke,gojek nipaling oke,3,neutral,gojek,com.gojek.app,google_play
2026-03-30 18:48:18,19_Muhammad Dafa Resputra_XI MIPA 1,deket cuman 1km pasang tarif 30k pindah ke grab aja deh udah muak sama gojek,deket cuman 1km pasang tarif 30k pindah ke grab aja deh udah muak sama gojek,3,neutral,gojek,com.gojek.app,google_play
2026-03-30 18:38:06,Brian Ramadhan Iverson,"sudah pesan GoFood, disuruh nunggu 30 menit, smpe 3 jam nggk kekirim"", penipu..",sudah pesan gofood disuruh nunggu 30 menit smpe 3 jam nggk kekirim penipu,3,neutral,gojek,com.gojek.app,google_play
2026-03-30 18:36:53,Irma Sari,"mau ambil barang pake go send, pesen Uda 1 jam tapi ga dapet2,,paraaaaaaah",mau ambil barang pake go send pesen uda 1 jam tapi ga dapet2 paraaaaaaah,3,neutral,gojek,com.gojek.app,google_play
2026-03-30 18:35:31,Vicky Firnanda,Sekarang tidak bisa tracking drivernya,sekarang tidak bisa tracking drivernya,3,neutral,gojek,com.gojek.app,google_play
2026-03-30 18:32:31,Johan Joe,sejauh ini ok,sejauh ini ok,3,neutral,gojek,com.gojek.app,google_play
2026-03-30 18:24:26,Nadaa Fauziyya,"drivernya sering mogok kerja ga mau ambil orderan, cari driver susah bgt pdhl genting gada transportasi",drivernya sering mogok kerja ga mau ambil orderan cari driver susah bgt pdhl genting gada transportasi,3,neutral,gojek,com.gojek.app,google_play
2026-03-30 18:18:04,Nur Lathifah,susah dapat driver skrng,susah dapat driver skrng,3,neutral,gojek,com.gojek.app,google_play
2026-03-30 18:15:25,chaca,seringgg susah dapet driver & kenapaa goride hematnyaa dihilangkan,seringgg susah dapet driver kenapaa goride hematnyaa dihilangkan,3,neutral,gojek,com.gojek.app,google_play
2026-03-30 18:10:42,Rohim aminnulloh,"LAMAAA BGTTTT LELEETTTT, YAAMPUN GUA GOPUD NUNGGU HAMPIR 2 JAM",lamaaa bgtttt leleetttt yaampun gua gopud nunggu hampir 2 jam,3,neutral,gojek,com.gojek.app,google_play
2026-03-30 18:08:01,Kaka,susah nyari driver padahal masi sore,susah nyari driver padahal masi sore,3,neutral,gojek,com.gojek.app,google_play
2026-03-30 18:06:43,Indarti Arti,Pelayanan aman dan ramah,pelayanan aman dan ramah,3,neutral,gojek,com.gojek.app,google_play
2026-03-30 18:02:48,Tazkiyyah azzahro,tarifnya tambah mahal,tarifnya tambah mahal,3,neutral,gojek,com.gojek.app,google_play
2026-03-30 18:02:46,Ijang Fajar,gojek apk pembohong masa iya jarak dekat cuman muter2 gax jelas,gojek apk pembohong masa iya jarak dekat cuman muter2 gax jelas,3,neutral,gojek,com.gojek.app,google_play
2026-03-30 18:01:46,Eksa Fatorina,makin lemot. berkali kali order berkali kali pula GK dapat kendaraan.,makin lemot berkali kali order berkali kali pula gk dapat kendaraan,3,neutral,gojek,com.gojek.app,google_play
2026-03-30 17:46:19,Ratna Sari,sangat membantu apa lagi kalau lagi buru - buru .,sangat membantu apa lagi kalau lagi buru buru,3,neutral,gojek,com.gojek.app,google_play
2026-03-30 17:45:18,Widiyanti Utami,"gojek kenapa dah sekarang lelet banget, gofood bisa lama banget berasa pake yang hemat padahal pake express dengan alasan antri dll. nyatanya sampe rumah makanan dah dingin 😭",gojek kenapa dah sekarang lelet banget gofood bisa lama banget berasa pake yang hemat padahal pake express dengan alasan antri dll nyatanya sampe rumah makanan dah dingin,3,neutral,gojek,com.gojek.app,google_play
2026-03-30 17:43:42,Dimas Ferian,"Ribet nyari driver pake ada ""pencarian prioritas"" harus bayar lebih, kalau gak pake ini gak dapat-dapat driver.",ribet nyari driver pake ada pencarian prioritas harus bayar lebih kalau gak pake ini gak dapat dapat driver,3,neutral,gojek,com.gojek.app,google_play
2026-03-30 17:43:04,Ida Hindayah Sihombing,"Thank youuuu Gojek, dimana ada saya disitu ada gojek selalu standby Sukses selamanya.",thank youuuu gojek dimana ada saya disitu ada gojek selalu standby sukses selamanya,3,neutral,gojek,com.gojek.app,google_play
2026-03-30 17:42:45,Ivana Christinasari,"entah kenapa akhir2 ini susah dapat driver, go ride go food gak dapat driver males banget",entah kenapa akhir2 ini susah dapat driver go ride go food gak dapat driver males banget,3,neutral,gojek,com.gojek.app,google_play
2026-03-30 17:41:58,Adinda Haysa,saya percaya gojek,saya percaya gojek,3,neutral,gojek,com.gojek.app,google_play
2026-03-30 17:31:07,ARBOW,"tidak membantu, tidak membuat lebih cepat jg, sistem gojek emang sangat sangat buruk, terburuk !!",tidak membantu tidak membuat lebih cepat jg sistem gojek emang sangat sangat buruk terburuk,3,neutral,gojek,com.gojek.app,google_play
2026-03-30 17:27:10,Wisnu Z,"gak jelas, sinyal msih full tp pas mau pesen eror mulu tulisannya gak ada sinyal², padahal kuota masih banyak bisa buat sosmed lancar",gak jelas sinyal msih full tp pas mau pesen eror mulu tulisannya gak ada sinyal padahal kuota masih banyak bisa buat sosmed lancar,3,neutral,gojek,com.gojek.app,google_play
2026-03-30 17:21:16,elmira rahma,mantap belum pernah kecewa pake app ojek online ini,mantap belum pernah kecewa pake app ojek online ini,3,neutral,gojek,com.gojek.app,google_play
2026-03-30 17:15:55,Rahma Ulia,"lelet, mahall di aplikasi pdahal udah tertera harganya sekian tapi ngeyel minta tambah mana minta tambah e GK kira"" lagi KLO engga kepaksa mana mau saya pesen di gojek ini",lelet mahall di aplikasi pdahal udah tertera harganya sekian tapi ngeyel minta tambah mana minta tambah e gk kira lagi klo engga kepaksa mana mau saya pesen di gojek ini,3,neutral,gojek,com.gojek.app,google_play
2026-03-30 17:13:01,Akun ff sg reaper,"gw bingung kasih bintangnya. setiap hujan pada pemalas, kalau misal hujan 2 harian full berarti libur dadakan ya ojeknya? nolak rezeki banget ya?",gw bingung kasih bintangnya setiap hujan pada pemalas kalau misal hujan 2 harian full berarti libur dadakan ya ojeknya nolak rezeki banget ya,3,neutral,gojek,com.gojek.app,google_play
2026-03-30 17:05:57,Ardiansya Solechan,layan go green sm saya tidak muncul kenapa?,layan go green sm saya tidak muncul kenapa,3,neutral,gojek,com.gojek.app,google_play
2026-03-30 17:05:44,cmlnsyh,tolong kecepatan untuk memperoleh driver diperluas karena saya sering kesulitan order goofood tapi kelamaan nunggu dapat driver dan akhirnya saya cancel percuma driver banyak tapi stay di 1 tempat yang rame saja outlet lain kesulitan dapat driver,tolong kecepatan untuk memperoleh driver diperluas karena saya sering kesulitan order goofood tapi kelamaan nunggu dapat driver dan akhirnya saya cancel percuma driver banyak tapi stay di 1 tempat yang rame saja outlet lain kesulitan dapat driver,3,neutral,gojek,com.gojek.app,google_play
2026-03-30 16:56:39,Nining Yuniarti,semoga semakin jaya dan drivernya baik tidak boong in orang,semoga semakin jaya dan drivernya baik tidak boong in orang,3,neutral,gojek,com.gojek.app,google_play
2026-03-30 16:54:31,rahayu prabandari,lebih praktis kalau ada gojek,lebih praktis kalau ada gojek,3,neutral,gojek,com.gojek.app,google_play
2026-03-30 16:53:01,Reva Skena,ini aku gak tau ya permasalahannya dari mana entah dari drivernya apa app nya ini drivernya dari tadi cuma stay di tempat gk ada pergerakan sama sekali tolong dong ditegaskan lagi ini nunggu drivernya sudah cukup lama ya driver dari tadi gk gerak sama sekali!!!,ini aku gak tau ya permasalahannya dari mana entah dari drivernya apa app nya ini drivernya dari tadi cuma stay di tempat gk ada pergerakan sama sekali tolong dong ditegaskan lagi ini nunggu drivernya sudah cukup lama ya driver dari tadi gk gerak sama sekali,3,neutral,gojek,com.gojek.app,google_play
2026-03-30 16:50:58,19 - Frishella aulia Joren,"jujur sebenarnya aplikasinya bagus, tapi kalo lagi hujan atau sehabis hujan ituh susah banget buat cari driver saya ga paham antara emang ga mau atau mereka matikan aplikasi namun sebanyak driver gojek yang ada tidak ada satu pun yang ambil, saya sudah mau rela keluarin uang yang aga cukup besar untuk pulang dengan jarak yang aga emang jauh sih, cuman biasanya saya akan kasih lebih untuk drive nya, sama saya sering kali dapat perlakuan yang tidak enak, dan gunakan kenalpot yang sni",jujur sebenarnya aplikasinya bagus tapi kalo lagi hujan atau sehabis hujan ituh susah banget buat cari driver saya ga paham antara emang ga mau atau mereka matikan aplikasi namun sebanyak driver gojek yang ada tidak ada satu pun yang ambil saya sudah mau rela keluarin uang yang aga cukup besar untuk pulang dengan jarak yang aga emang jauh sih cuman biasanya saya akan kasih lebih untuk drive nya sama saya sering kali dapat perlakuan yang tidak enak dan gunakan kenalpot yang sni,3,neutral,gojek,com.gojek.app,google_play
2026-03-30 16:30:04,Suguru,"drivernya sombong bgt main cancel cancel mlu, udh lama nunggu eh di cancel jembot",drivernya sombong bgt main cancel cancel mlu udh lama nunggu eh di cancel jembot,3,neutral,gojek,com.gojek.app,google_play
2026-03-30 16:28:46,Rafael,"susah banget cari driver pas lagi hujan, dan mahal banget ongkos nya udah kayak berkali kali lipat",susah banget cari driver pas lagi hujan dan mahal banget ongkos nya udah kayak berkali kali lipat,3,neutral,gojek,com.gojek.app,google_play
2026-03-30 16:28:09,Muhammad Gian Aditantra _Peserta,gajelas sekarang nyari driver lama dateng juga lama,gajelas sekarang nyari driver lama dateng juga lama,3,neutral,gojek,com.gojek.app,google_play
2026-03-30 16:19:30,Dian Eka Safitri,seneng banget bisa membantu ketika sedang mencari apa yang di butuhkan ada semua,seneng banget bisa membantu ketika sedang mencari apa yang di butuhkan ada semua,3,neutral,gojek,com.gojek.app,google_play
2026-04-06 15:06:14,Jisung gf,"akun saya sering di tangguhkan tanpa alasan, saya biasanya ingin pesan namun biasa tiba-tiba tertangguhkan sendiri padahal saya tidak pernah membatalkan pesanan atau apapun itu.",akun saya sering di tangguhkan tanpa alasan saya biasanya ingin pesan namun biasa tiba tiba tertangguhkan sendiri padahal saya tidak pernah membatalkan pesanan atau apapun itu,3,neutral,grab,com.grabtaxi.passenger,google_play
2026-04-06 14:57:37,Ahmd Hnfi,terkadang driver banyak yang papipu,terkadang driver banyak yang papipu,3,neutral,grab,com.grabtaxi.passenger,google_play
2026-04-06 14:51:08,Haikal Munadi,"Tolong dong min, saya pesen makanan pakai pengataran prioritas tapi kok makananya lama diproses sama restoranya. Saya pesen jam 2 an eh datengnya udah jam 5.40 an, saya niat beli makanan biar kenyang eh inimalah jadi kesel",tolong dong min saya pesen makanan pakai pengataran prioritas tapi kok makananya lama diproses sama restoranya saya pesen jam 2 an eh datengnya udah jam 5 40 an saya niat beli makanan biar kenyang eh inimalah jadi kesel,3,neutral,grab,com.grabtaxi.passenger,google_play
2026-04-06 14:30:40,Akbar Zulkarnain (Akbar),Istri My Mommy,istri my mommy,3,neutral,grab,com.grabtaxi.passenger,google_play
2026-04-06 13:35:00,semprot 187,"pelayanan ampas , pesan instant sama sameday kok gada bedanya, sama sama lelet.",pelayanan ampas pesan instant sama sameday kok gada bedanya sama sama lelet,3,neutral,grab,com.grabtaxi.passenger,google_play
2026-04-06 13:25:10,BOY 199 HAIK,fast respon ini,fast respon ini,3,neutral,grab,com.grabtaxi.passenger,google_play
2026-04-06 12:47:58,Sopandi Pandi,ramah sopan dan perjalanan nya menyenang kan terimakasih,ramah sopan dan perjalanan nya menyenang kan terimakasih,3,neutral,grab,com.grabtaxi.passenger,google_play
2026-04-06 12:14:25,Nurul Chumairoh,layanan yg bagus,layanan yg bagus,3,neutral,grab,com.grabtaxi.passenger,google_play
2026-04-06 12:12:33,Bolang tampan,selamat jalan lagih moga selamat di perjalanana,selamat jalan lagih moga selamat di perjalanana,3,neutral,grab,com.grabtaxi.passenger,google_play
2026-04-06 12:00:52,megaa j,"lapor! setiap menerima telpon dari pengemudi pasti ngelag, sampai pernah diprotes pengemudi kenapa telp gk dijawab? gimana mau jawab tombol jawabnya gk bisa dipencet",lapor setiap menerima telpon dari pengemudi pasti ngelag sampai pernah diprotes pengemudi kenapa telp gk dijawab gimana mau jawab tombol jawabnya gk bisa dipencet,3,neutral,grab,com.grabtaxi.passenger,google_play
2026-04-06 12:00:09,Alice Amalia,"makin mahal dan gajelas, masa yg jaraknya 1km ongkir 5rb, 2km 6rb, 4km 4rb 😭 ini sistemnya makin jauh makin murah?🤔",makin mahal dan gajelas masa yg jaraknya 1km ongkir 5rb 2km 6rb 4km 4rb ini sistemnya makin jauh makin murah,3,neutral,grab,com.grabtaxi.passenger,google_play
2026-04-06 11:44:57,Yuli Yulyani,pelayanan sangat baik,pelayanan sangat baik,3,neutral,grab,com.grabtaxi.passenger,google_play
2026-04-06 11:31:12,Jesko Sianturi,grab baigus dan bisa di percaya,grab baigus dan bisa di percaya,3,neutral,grab,com.grabtaxi.passenger,google_play
2026-04-06 10:46:23,Maakh Nofita,grab nh seenaknya saja yaa.. masa iya rute dekat bayarannya mahal baget,grab nh seenaknya saja yaa masa iya rute dekat bayarannya mahal baget,3,neutral,grab,com.grabtaxi.passenger,google_play
2026-04-06 10:45:30,Rifky Aldi,"kocak jir posisi driver ada yang dekat, tapi malah di dapetin yang jaraknya jauh bukan sekali dua kali",kocak jir posisi driver ada yang dekat tapi malah di dapetin yang jaraknya jauh bukan sekali dua kali,3,neutral,grab,com.grabtaxi.passenger,google_play
2026-04-06 10:36:18,Owen,"pesan grab car sampainya lama,sama harga tidak sesuai dengan yang ada di app,tapi konsisten dalam melayani penumpang walaupun banyak komplain soal waktu.",pesan grab car sampainya lama sama harga tidak sesuai dengan yang ada di app tapi konsisten dalam melayani penumpang walaupun banyak komplain soal waktu,3,neutral,grab,com.grabtaxi.passenger,google_play
2026-04-06 10:26:07,Azwezaa,saya suka karena dapat driver yang dekat teruss,saya suka karena dapat driver yang dekat teruss,3,neutral,grab,com.grabtaxi.passenger,google_play
2026-04-06 10:25:20,Putra Ajay,"aplikasi yang sangat membatu untuk memudahkan kita dalam waktu yang cepat dan aman,ketika berbelanja makan atau keperluan lainnya, trimakasih sukses selalu",aplikasi yang sangat membatu untuk memudahkan kita dalam waktu yang cepat dan aman ketika berbelanja makan atau keperluan lainnya trimakasih sukses selalu,3,neutral,grab,com.grabtaxi.passenger,google_play
2026-04-06 09:34:56,Topan Gigi,ramah dan baik,ramah dan baik,3,neutral,grab,com.grabtaxi.passenger,google_play
2026-04-06 09:32:08,Pandawa Lantai 2,Bajuz...tingkatkan lagi Min,bajuz tingkatkan lagi min,3,neutral,grab,com.grabtaxi.passenger,google_play
2026-04-06 08:33:29,Jasoft Art,dpt driverY susah...sekaliY dpt jauh posisi driverY...jdi buang waktu,dpt drivery susah sekaliy dpt jauh posisi drivery jdi buang waktu,3,neutral,grab,com.grabtaxi.passenger,google_play
2026-04-06 08:22:17,Udin apipudin Udin,pokonya asik naik grab,pokonya asik naik grab,3,neutral,grab,com.grabtaxi.passenger,google_play
2026-04-06 07:53:42,dherwita 28,tolong dong pihak grab yang terhormat untuk membaca ulasan ini. sering kali orang berangkat kerja itu macet untuk mengantisipasi ya berangkat lebih awal tapi jangan di kasih driver yang double pelanggan terus dong . waktu kebuang banyak 4x order melakukan pemberhentian semua . tolong perhatiannya . banyak driver yang mengeluh tidak dapat orderan tapi dari pihak konsumennya malah dapet yg double customer trus . sangat amat kecewa. jika terjadi kecelakaan yang di rugikan siapa driver dan customer,tolong dong pihak grab yang terhormat untuk membaca ulasan ini sering kali orang berangkat kerja itu macet untuk mengantisipasi ya berangkat lebih awal tapi jangan di kasih driver yang double pelanggan terus dong waktu kebuang banyak 4x order melakukan pemberhentian semua tolong perhatiannya banyak driver yang mengeluh tidak dapat orderan tapi dari pihak konsumennya malah dapet yg double customer trus sangat amat kecewa jika terjadi kecelakaan yang di rugikan siapa driver dan customer,3,neutral,grab,com.grabtaxi.passenger,google_play
2026-04-06 07:36:49,Rio A정해인,bisa QRIS ya,bisa qris ya,3,neutral,grab,com.grabtaxi.passenger,google_play
2026-04-06 06:46:03,Salsabila Meyga Danella,sekarang ga jelas aplikasi grab ini... PAYAH.,sekarang ga jelas aplikasi grab ini payah,3,neutral,grab,com.grabtaxi.passenger,google_play
2026-04-06 06:43:07,Melianawati Soesanto,"knp ya akhir2 ini susah bgt dpt drivernya... ada yg mendekat tp ga terkonek, malah tiba2 hilang... bs telat2 terus ini",knp ya akhir2 ini susah bgt dpt drivernya ada yg mendekat tp ga terkonek malah tiba2 hilang bs telat2 terus ini,3,neutral,grab,com.grabtaxi.passenger,google_play
2026-04-06 06:18:03,Arif Tamtomo,Driver Sopan dan baik,driver sopan dan baik,3,neutral,grab,com.grabtaxi.passenger,google_play
2026-04-06 04:35:16,Farhann Elvano,pesan dari jam 1 MLM jam 5 dpt driver Krn udh MLS kluar ngantuk aku TF ke driver nya tnp konfirmasi tanpa aba aba di batalin restooo biasanya aku g prnh pke ini masih percobaan pertama buat kapokkk bgtt smoga dinperbaiki dan gak lagi² pke grab cukup kecewa,pesan dari jam 1 mlm jam 5 dpt driver krn udh mls kluar ngantuk aku tf ke driver nya tnp konfirmasi tanpa aba aba di batalin restooo biasanya aku g prnh pke ini masih percobaan pertama buat kapokkk bgtt smoga dinperbaiki dan gak lagi pke grab cukup kecewa,3,neutral,grab,com.grabtaxi.passenger,google_play
2026-04-06 03:31:31,29 Stephen Delon OS,"udah berkali kali pesen makanan hasilnya g memuaskan, terakhir pembayaran langsung bayar pake ovo org yg nganterin cman chat doank g nelpon sehingga saya g ngeh, dianya main pengiriman selesai aja barang blm sampe, saldo saya berkurang",udah berkali kali pesen makanan hasilnya g memuaskan terakhir pembayaran langsung bayar pake ovo org yg nganterin cman chat doank g nelpon sehingga saya g ngeh dianya main pengiriman selesai aja barang blm sampe saldo saya berkurang,3,neutral,grab,com.grabtaxi.passenger,google_play
2026-04-06 02:52:38,Salma Alma,cepat dan ramah,cepat dan ramah,3,neutral,grab,com.grabtaxi.passenger,google_play
2026-04-06 00:55:11,Adraka 0036,langganan sudah dibatalkan tapi tetap terpotong saldo,langganan sudah dibatalkan tapi tetap terpotong saldo,3,neutral,grab,com.grabtaxi.passenger,google_play
2026-04-06 00:14:28,Safira,sangat berguna untuk kita yang mager keluar,sangat berguna untuk kita yang mager keluar,3,neutral,grab,com.grabtaxi.passenger,google_play
2026-04-05 23:51:01,marchshell jaya,mantap Drivernya Tepat Waktu Dalam Mengantar Pesanan,mantap drivernya tepat waktu dalam mengantar pesanan,3,neutral,grab,com.grabtaxi.passenger,google_play
2026-04-05 23:19:16,Linda Evans,"saran aja ya,jangan kasih promo hemat pengiriman,klo estimasi pengiriman bakal lama sampai ke konsumen nya... saya sdh 2X pesan d resto yg berbeda,2 dua ny d batal kn,krn pertama estimasi terlambat dan wktu estimasi nya sampe 1 -2 jam.n saya nunggu",saran aja ya jangan kasih promo hemat pengiriman klo estimasi pengiriman bakal lama sampai ke konsumen nya saya sdh 2x pesan d resto yg berbeda 2 dua ny d batal kn krn pertama estimasi terlambat dan wktu estimasi nya sampe 1 2 jam n saya nunggu,3,neutral,grab,com.grabtaxi.passenger,google_play
2026-04-05 22:26:06,renika evadiasti,"kecewa dg aplikasi grab jastip harusnya ada sosialisasi lebih sih shg driver2 udh paham kalo aplikasi grab jastib itu beda dg grab delivery krn kebanyakan driver taunya grab jastip itu sma dg grab delivery tinggal ambil barang pdhal beda. karna udh 2x ini zonk pakai grab jastip, kalo bkn krn urgen beli susu ndk bakal pakai grab jastip lg, kalo harganya puluhan ribu mngkn msh bisa dimaklumi tp ini ratusan ribu padahal udh dilebihin utk feenya malah gak dikembalikan kembaliannya .",kecewa dg aplikasi grab jastip harusnya ada sosialisasi lebih sih shg driver2 udh paham kalo aplikasi grab jastib itu beda dg grab delivery krn kebanyakan driver taunya grab jastip itu sma dg grab delivery tinggal ambil barang pdhal beda karna udh 2x ini zonk pakai grab jastip kalo bkn krn urgen beli susu ndk bakal pakai grab jastip lg kalo harganya puluhan ribu mngkn msh bisa dimaklumi tp ini ratusan ribu padahal udh dilebihin utk feenya malah gak dikembalikan kembaliannya,3,neutral,grab,com.grabtaxi.passenger,google_play
2026-04-05 22:17:43,Rifan Syaripudin,"APLIKASI SAMPAH, ORDER GRABFOOD SAMPAI 3 JAM LEBIH DAN TOLOLNYA GAK BISA DI CANCEL. JANGAN PERNAH ORDER MAKANAN DI GRAB. BIKIN DONGKOL",aplikasi sampah order grabfood sampai 3 jam lebih dan tololnya gak bisa di cancel jangan pernah order makanan di grab bikin dongkol,3,neutral,grab,com.grabtaxi.passenger,google_play
2026-04-05 22:14:57,Chandra Christian,"Saya pengguna grab cukup lama, beberapa waktu ini respon dan layanan grab terutama di food Sangat mengecewakan, biasa pesan makan butuh waktu 40 menit, ini bisa 1jam lebih. Dan hari ini saya pesan food di akun istri saya, pesan jam 21.00 sampai saat ini 22.13 belum dapat driver . Tolong perbaiki jika tidak ingin kehilangan pengguna setia.",saya pengguna grab cukup lama beberapa waktu ini respon dan layanan grab terutama di food sangat mengecewakan biasa pesan makan butuh waktu 40 menit ini bisa 1jam lebih dan hari ini saya pesan food di akun istri saya pesan jam 21 00 sampai saat ini 22 13 belum dapat driver tolong perbaiki jika tidak ingin kehilangan pengguna setia,3,neutral,grab,com.grabtaxi.passenger,google_play
2026-04-05 21:54:47,Agus Yasin,Pelayanan Grab baik,pelayanan grab baik,3,neutral,grab,com.grabtaxi.passenger,google_play
2026-04-05 21:54:06,Siti Almira,pengiriman tepat waktu,pengiriman tepat waktu,3,neutral,grab,com.grabtaxi.passenger,google_play
2026-04-05 21:36:26,Rahmad Saputra,mau cancel makan aja ribet,mau cancel makan aja ribet,3,neutral,grab,com.grabtaxi.passenger,google_play
2026-04-05 21:27:40,Siti Lailatul Fuadah,grab car lamaaaa ... grabfood lamaaaa gak sesuai estimasiiiiii,grab car lamaaaa grabfood lamaaaa gak sesuai estimasiiiiii,3,neutral,grab,com.grabtaxi.passenger,google_play
2026-04-05 21:21:56,gina gina,susah mendapatkan driver pada akhirnya pesanan makanan saya di batalkan berkali kali,susah mendapatkan driver pada akhirnya pesanan makanan saya di batalkan berkali kali,3,neutral,grab,com.grabtaxi.passenger,google_play
2026-04-05 21:21:34,gayatri cahya,"ini kenapaa yaa, aku yang eror apa gimana.. dari jam set 9 sampe skrg jm set 10 sama sekali blm dapet driver, muak bgttt nunggu lama",ini kenapaa yaa aku yang eror apa gimana dari jam set 9 sampe skrg jm set 10 sama sekali blm dapet driver muak bgttt nunggu lama,3,neutral,grab,com.grabtaxi.passenger,google_play
2026-04-05 21:13:43,priscilla putri maharani,"skrg cari driver ssh bgt, hrs nggu 1 jam bru dpt gilaa",skrg cari driver ssh bgt hrs nggu 1 jam bru dpt gilaa,3,neutral,grab,com.grabtaxi.passenger,google_play
2026-04-05 21:11:44,R.S,"kalau bapak grab nya nlp ga masuk ke aplikasi cust tdk ada panggilan, dulu ada notif jika masih dlm transakai skrg ga ada.. tlg diperbaiki dong aplikasinya pdhal sdh upgrade di playstore.",kalau bapak grab nya nlp ga masuk ke aplikasi cust tdk ada panggilan dulu ada notif jika masih dlm transakai skrg ga ada tlg diperbaiki dong aplikasinya pdhal sdh upgrade di playstore,3,neutral,grab,com.grabtaxi.passenger,google_play
2026-04-05 20:59:29,Burhan Udin,mantap respon nya cepat,mantap respon nya cepat,3,neutral,grab,com.grabtaxi.passenger,google_play
2026-04-05 20:58:22,Jandri Yasa,"MITRA PENGEMUDI TIDAK ADA YANG MAU AMBIL SETIAP MESAN, DAN TIDAK BISA DI BATAL KAN.",mitra pengemudi tidak ada yang mau ambil setiap mesan dan tidak bisa di batal kan,3,neutral,grab,com.grabtaxi.passenger,google_play
2026-04-05 20:49:26,El Zhafirahh Afsheera,tolong d tingkatkan lg,tolong d tingkatkan lg,3,neutral,grab,com.grabtaxi.passenger,google_play
2026-04-05 20:48:44,Achmad Andy Wijaya,banyak yg cancel drivernya,banyak yg cancel drivernya,3,neutral,grab,com.grabtaxi.passenger,google_play
2026-04-05 20:31:09,Rita -,sangat disayangkan ga ada fitur grabnow untuk grabcar sprti di 'taksi biru' yg memudahkan pemesanan klo on the spot dan klo pngn lebih cepet 😥,sangat disayangkan ga ada fitur grabnow untuk grabcar sprti di taksi biru yg memudahkan pemesanan klo on the spot dan klo pngn lebih cepet,3,neutral,grab,com.grabtaxi.passenger,google_play
2026-04-05 20:07:52,Fitri S,"aku pengguna baru, mau pesan makanan di minta verifikasi wajah, sudah ikut perintah tapi sulit sekali verifikasi nya. jadi ngga mood lagi buat pesan",aku pengguna baru mau pesan makanan di minta verifikasi wajah sudah ikut perintah tapi sulit sekali verifikasi nya jadi ngga mood lagi buat pesan,3,neutral,grab,com.grabtaxi.passenger,google_play
2026-04-05 19:58:02,Natalia Pradana,"semua metode pembayaran saya ditolak,mohon solusinya",semua metode pembayaran saya ditolak mohon solusinya,3,neutral,grab,com.grabtaxi.passenger,google_play
2026-04-05 19:33:21,Rizky Surya,tlol susah bngt dpt driver,tlol susah bngt dpt driver,3,neutral,grab,com.grabtaxi.passenger,google_play
2026-04-05 19:26:40,blue ocean,setelah di update malah lemot,setelah di update malah lemot,3,neutral,grab,com.grabtaxi.passenger,google_play
2026-04-05 19:21:41,Ahza Maulana Prakarsa,nyaman dan bersih dan perjalanan nya pun asik,nyaman dan bersih dan perjalanan nya pun asik,3,neutral,grab,com.grabtaxi.passenger,google_play
2026-04-05 19:01:38,Sarnawati 123,"baik,sopan, mobil rapih dan bersih",baik sopan mobil rapih dan bersih,3,neutral,grab,com.grabtaxi.passenger,google_play
2026-04-05 18:33:21,Intan Rahayu,"agak lama mungkin antri, tp mz nya ramah",agak lama mungkin antri tp mz nya ramah,3,neutral,grab,com.grabtaxi.passenger,google_play
2026-04-05 18:29:41,AHMAD ARIEL,Sistem Nya Ke Makanan Tolong Di Perbaiki Lagi,sistem nya ke makanan tolong di perbaiki lagi,3,neutral,grab,com.grabtaxi.passenger,google_play
2026-04-05 18:21:36,Putri Lina,"grabfood ini tolong Di perbaiki lg lh.. buat mau makan aja nunggu berjam"" pengenmudi nya.. di batalin gk bisa kelen suruh tunggu org udh kelaparan kelen suruh nunggu di mana otak kelen.. 2 smpe 3 jam nunggu gak dapat"" ... seharusnya kelen buat batalkan pesan mandiri capek x lihat nya asik gitu"" aja.. tlong lh agak kelen perbaiki.. udh gk dapat 1 jam an aja seharusnya kelen buat batal mandiri nya.. gk harus kelen suru org nunggu berjam""",grabfood ini tolong di perbaiki lg lh buat mau makan aja nunggu berjam pengenmudi nya di batalin gk bisa kelen suruh tunggu org udh kelaparan kelen suruh nunggu di mana otak kelen 2 smpe 3 jam nunggu gak dapat seharusnya kelen buat batalkan pesan mandiri capek x lihat nya asik gitu aja tlong lh agak kelen perbaiki udh gk dapat 1 jam an aja seharusnya kelen buat batal mandiri nya gk harus kelen suru org nunggu berjam,3,neutral,grab,com.grabtaxi.passenger,google_play
2026-04-05 17:58:53,Ali Akbar,mode hemat tapi susah cari driver,mode hemat tapi susah cari driver,3,neutral,grab,com.grabtaxi.passenger,google_play
2026-04-05 16:49:14,Andini Novita Ramandani,"driver ngga paham sama fitur grab mart, bukannya diambil dulu malah langsung ke tempat pengantaran tpi barang belum diambil😭😭",driver ngga paham sama fitur grab mart bukannya diambil dulu malah langsung ke tempat pengantaran tpi barang belum diambil,3,neutral,grab,com.grabtaxi.passenger,google_play
2026-04-05 16:26:59,Vebri,GRAB SCAM PENYELESAIAN TIDAK OBJEKTIF saya beli dari grabmart SunCo tapi alfamart ganti Filma tanpa konfirmasi dan struk masih SunCo jadi binggung karena driver lampirkan struk itu jadi coba hubungi alfamart gak ada balasan laporan dihalaman grab dibilang sesuai berdasarkan struk. biasanya kalo barang habis tanpa edit memang diganti dengan struk sesuai order tapi dengan konfirmasi ini tanpa konfirmasi diganti jadi kecewa dengan grabmart pelayanan kurang objektif kecewa banget sama grab pokoknya,grab scam penyelesaian tidak objektif saya beli dari grabmart sunco tapi alfamart ganti filma tanpa konfirmasi dan struk masih sunco jadi binggung karena driver lampirkan struk itu jadi coba hubungi alfamart gak ada balasan laporan dihalaman grab dibilang sesuai berdasarkan struk biasanya kalo barang habis tanpa edit memang diganti dengan struk sesuai order tapi dengan konfirmasi ini tanpa konfirmasi diganti jadi kecewa dengan grabmart pelayanan kurang objektif kecewa banget sama grab pokoknya,3,neutral,grab,com.grabtaxi.passenger,google_play
2026-04-05 16:01:35,Rani Astuti,senang dpt pengemudi yg Cewek.. 🫠👍,senang dpt pengemudi yg cewek,3,neutral,grab,com.grabtaxi.passenger,google_play
2026-04-05 15:28:22,dafa ulhaq,grabfood terlambat 1 jam,grabfood terlambat 1 jam,3,neutral,grab,com.grabtaxi.passenger,google_play
2026-04-05 15:09:46,Suryo Super,"Janganlah serakah. kau mark up harga makanan, kau ambil jg dr seller, dr buyer & dr driver. Ingatlah ojol2 lokal mulai bermunculan, mrk cm bayar driver aja.",janganlah serakah kau mark up harga makanan kau ambil jg dr seller dr buyer dr driver ingatlah ojol2 lokal mulai bermunculan mrk cm bayar driver aja,3,neutral,grab,com.grabtaxi.passenger,google_play
2026-04-05 14:45:22,XANDER Ilham,"bagus, cuma pas pakai bayar prioritas pas nunggu lama waktu yang di tetapkan tiba tiba di ubah aplikasi dari yang target jam 2-3 tiba tiba di ubah jadi 3-4, sama aja dong kayak yang ngga prioritas, percuma ngarepin voucher dari terlambat kalau pas waktu lama tiba tiba di ubah target estimasi waktu sesukanya",bagus cuma pas pakai bayar prioritas pas nunggu lama waktu yang di tetapkan tiba tiba di ubah aplikasi dari yang target jam 2 3 tiba tiba di ubah jadi 3 4 sama aja dong kayak yang ngga prioritas percuma ngarepin voucher dari terlambat kalau pas waktu lama tiba tiba di ubah target estimasi waktu sesukanya,3,neutral,grab,com.grabtaxi.passenger,google_play
2026-04-05 14:40:45,Anita Rambu Magdalena,pelayanan nya bagus,pelayanan nya bagus,3,neutral,grab,com.grabtaxi.passenger,google_play
2026-04-05 14:35:44,TERRA MAHARDHIKA Kartika Putra,"masalahnya sama terus dari kapan hari, jika pesanan dibatalkan maka refund tanpa jeda waktu lah, kenapa harus menunggu 60 menit???, aneh",masalahnya sama terus dari kapan hari jika pesanan dibatalkan maka refund tanpa jeda waktu lah kenapa harus menunggu 60 menit aneh,3,neutral,grab,com.grabtaxi.passenger,google_play
2026-04-05 14:33:29,Pipit Arifin,"tepat waktu, ramah",tepat waktu ramah,3,neutral,grab,com.grabtaxi.passenger,google_play
2026-04-05 14:32:13,Tarlam Khan,"Grab Bike harus lebih saftey lg, biar nyaman penumpang.., sama pencarian kendaraan juga lama sampe di cancel2...",grab bike harus lebih saftey lg biar nyaman penumpang sama pencarian kendaraan juga lama sampe di cancel2,3,neutral,grab,com.grabtaxi.passenger,google_play
2026-04-05 14:22:56,reyhan syafitri7777,maps ga jelas 2x ga sesuai,maps ga jelas 2x ga sesuai,3,neutral,grab,com.grabtaxi.passenger,google_play
2026-04-05 14:16:42,Nirmala Nirmala,ramah dan baik,ramah dan baik,3,neutral,grab,com.grabtaxi.passenger,google_play
2026-04-05 13:53:13,B edi Sucipto,"josssss...., Top Markotop dan Lai. Sebagainya",josssss top markotop dan lai sebagainya,3,neutral,grab,com.grabtaxi.passenger,google_play
2026-04-05 13:13:51,Mukhtar Efendi,pengemudi ramah. cara mengemudi enak,pengemudi ramah cara mengemudi enak,3,neutral,grab,com.grabtaxi.passenger,google_play
2026-04-05 11:54:56,Anisa Bella,banyak pengemudi penipu...,banyak pengemudi penipu,3,neutral,grab,com.grabtaxi.passenger,google_play
2026-04-05 11:47:17,Nur Halimah,"tolong dong itu driver lu, emang iya sop nya driver boleh pake knalpot brong, iya sih emng saya pake promo diskon. dapet driver motornya berisikkkkkkk bngt bikin sakit telinga mana panas bikin pusing aja sepanjang jalan hadehhh.",tolong dong itu driver lu emang iya sop nya driver boleh pake knalpot brong iya sih emng saya pake promo diskon dapet driver motornya berisikkkkkkk bngt bikin sakit telinga mana panas bikin pusing aja sepanjang jalan hadehhh,3,neutral,grab,com.grabtaxi.passenger,google_play
2026-04-05 11:39:19,Nazhwa Rayhana,sesuai dan berguna,sesuai dan berguna,3,neutral,grab,com.grabtaxi.passenger,google_play
2026-04-05 11:21:01,Bagio Hartono,sering dalam tempat qqpenjemputan salah melulu,sering dalam tempat qqpenjemputan salah melulu,3,neutral,grab,com.grabtaxi.passenger,google_play
2026-04-05 11:12:16,Muhammad Ulil Albab,Minta Tolong ban akunnya Driver aneh masak saya yang disuruh cancel pesanan karena motornya mogok atas nama Agustinus Kasianto driver grab malang.,minta tolong ban akunnya driver aneh masak saya yang disuruh cancel pesanan karena motornya mogok atas nama agustinus kasianto driver grab malang,3,neutral,grab,com.grabtaxi.passenger,google_play
2026-04-05 11:00:14,Sefi Keysha,ok aq suka apk ny bagus 👍,ok aq suka apk ny bagus,3,neutral,grab,com.grabtaxi.passenger,google_play
2026-04-05 10:44:55,Herry Kacapiring,Tidak pernah mengecewakan selama order Grab. Tingkat pelayanan lebih mantabh dari pada sebelah,tidak pernah mengecewakan selama order grab tingkat pelayanan lebih mantabh dari pada sebelah,3,neutral,grab,com.grabtaxi.passenger,google_play
2026-04-05 10:34:47,Zulkarnain Zulkarnain,Driver sangat baik dan bersahabat,driver sangat baik dan bersahabat,3,neutral,grab,com.grabtaxi.passenger,google_play
2026-04-05 10:11:52,Tu Misah,cocok dengan makananya dan pengantaran tepat waktu serta ramah..terimakasih🙏,cocok dengan makananya dan pengantaran tepat waktu serta ramah terimakasih,3,neutral,grab,com.grabtaxi.passenger,google_play
2026-04-05 10:09:32,Diah Sundari 5386,"Sangat bagus aplikasinya , setelah diupdate",sangat bagus aplikasinya setelah diupdate,3,neutral,grab,com.grabtaxi.passenger,google_play
2026-04-05 10:06:45,Fely Cia,"udah entah keberapa kalinya di batalin terus sama pihak grabnya, padahal mau pesen makan karna sudah lapar posisi sudah malam",udah entah keberapa kalinya di batalin terus sama pihak grabnya padahal mau pesen makan karna sudah lapar posisi sudah malam,3,neutral,grab,com.grabtaxi.passenger,google_play
2026-04-05 10:01:13,Naufal Ferdi,"ui ux sampah, membingungkan customer",ui ux sampah membingungkan customer,3,neutral,grab,com.grabtaxi.passenger,google_play
2026-04-05 09:46:49,Warung Banghen,Drivernya ramah rapih dan sopan,drivernya ramah rapih dan sopan,3,neutral,grab,com.grabtaxi.passenger,google_play
2026-04-05 09:39:00,Muhamad Fadilah,yang grab bike hemat nya sedikit,yang grab bike hemat nya sedikit,3,neutral,grab,com.grabtaxi.passenger,google_play
2026-04-05 09:10:56,jelita ramadhani,SUSAH BANGET DAPET PENGANTAR NYA,susah banget dapet pengantar nya,3,neutral,grab,com.grabtaxi.passenger,google_play
2026-04-05 08:20:04,Nabila Septiningrum,aplikasi yang hmmmm apa ya.. tidak bisa mengajukan refund pembatalan langganan 🤣 lucuuuu,aplikasi yang hmmmm apa ya tidak bisa mengajukan refund pembatalan langganan lucuuuu,3,neutral,grab,com.grabtaxi.passenger,google_play
2026-04-05 08:08:33,Much Rosyidi,good job × God usopp ✓,good job god usopp,3,neutral,grab,com.grabtaxi.passenger,google_play
2026-04-05 08:03:22,Asih Suwarsih,driver nya sangat ramah sekali,driver nya sangat ramah sekali,3,neutral,grab,com.grabtaxi.passenger,google_play
2026-04-05 07:16:17,rahmawati .Diwirya,"udah 4 tahun menggunakan jasa driver grab. Alhamdulillah aman ngga ada keluhan apapun. disayangkan hampir 1 bulan ini (maret 2026) saya mengeluhkan sikap driver mobil yang mematok harga sendiri, tidak sesuai dengan aplikasi. Tanggal 22 maret saya pesan grab car dengan tujuan ke stasiun, di aplikasi itu harganya Rp36.000, driver menelepon saya dari aplikasi bilang ""ini mbak mau ke stasiun ya, bisa ngga bayar saya 80.000,- kalau mbak bersedia saya akan jalan. "" mohon kebijaksanaannya Bpk/ibu🙏",udah 4 tahun menggunakan jasa driver grab alhamdulillah aman ngga ada keluhan apapun disayangkan hampir 1 bulan ini maret 2026 saya mengeluhkan sikap driver mobil yang mematok harga sendiri tidak sesuai dengan aplikasi tanggal 22 maret saya pesan grab car dengan tujuan ke stasiun di aplikasi itu harganya rp36 000 driver menelepon saya dari aplikasi bilang ini mbak mau ke stasiun ya bisa ngga bayar saya 80 000 kalau mbak bersedia saya akan jalan mohon kebijaksanaannya bpk ibu,3,neutral,grab,com.grabtaxi.passenger,google_play
2026-04-05 06:08:20,Almahyra,bintang yg berbicara,bintang yg berbicara,3,neutral,grab,com.grabtaxi.passenger,google_play
2026-04-05 05:48:54,Hendra Djoehardi,Santun dan pengertian.👍👍,santun dan pengertian,3,neutral,grab,com.grabtaxi.passenger,google_play
2026-04-05 04:21:18,Mas Amah,driver nya ga ada yg Mau duit apa .suami saya mau berangkat kerja sampai lama menunggu drivernya..buruk sekali,driver nya ga ada yg mau duit apa suami saya mau berangkat kerja sampai lama menunggu drivernya buruk sekali,3,neutral,grab,com.grabtaxi.passenger,google_play
2026-04-04 22:39:16,Sanri pandiangan,"bagus baguslah kalian , udah lama nunggu drivernya, tiba tiba di cancel",bagus baguslah kalian udah lama nunggu drivernya tiba tiba di cancel,3,neutral,grab,com.grabtaxi.passenger,google_play
2026-04-04 22:05:29,Anggi Adesti,Kenapa ya nunggu driver sekarang tuh lama banget. Ga ada pergerakan. Terlambat.,kenapa ya nunggu driver sekarang tuh lama banget ga ada pergerakan terlambat,3,neutral,grab,com.grabtaxi.passenger,google_play
2026-04-04 21:54:26,Yosùa Meek,harga dibandingkan kompetitor lainnya lebih murah,harga dibandingkan kompetitor lainnya lebih murah,3,neutral,grab,com.grabtaxi.passenger,google_play
2026-04-04 21:53:52,Tiara Silvia,"pesen grabfood udah 2 jam lebih gaada yang ngambil, kelamaan",pesen grabfood udah 2 jam lebih gaada yang ngambil kelamaan,3,neutral,grab,com.grabtaxi.passenger,google_play
2026-04-04 21:11:30,Rinda,payah nunggu 2 jam cuman liatin mencari driver di batalin alasan nya sedang meningkatan pencarian driver ..,payah nunggu 2 jam cuman liatin mencari driver di batalin alasan nya sedang meningkatan pencarian driver,3,neutral,grab,com.grabtaxi.passenger,google_play
2026-04-04 21:01:22,Andika Tio,"aplikator sangat buruk pelayanannya. grab food, saya memesan grab food dan udah nunggu lama tapi gk dapat Drive sama sekali, saya mau ngajuin pembatalan gk bisa, setelah 50 menit baru saya bisa membatalkan. maksud saya tu, kalian masih waras kan?, 50 menit itu waktu yg sangat lama dan bisa membuat orang kehilangan selera makan. padahal biasanya 30 menit gk dapat Drive langsung bisa di batalin, kok sekarang jadi 50 menit, saya sangat kecewa, makin kedepan kebijakan ini aplikasi makin bobrok.",aplikator sangat buruk pelayanannya grab food saya memesan grab food dan udah nunggu lama tapi gk dapat drive sama sekali saya mau ngajuin pembatalan gk bisa setelah 50 menit baru saya bisa membatalkan maksud saya tu kalian masih waras kan 50 menit itu waktu yg sangat lama dan bisa membuat orang kehilangan selera makan padahal biasanya 30 menit gk dapat drive langsung bisa di batalin kok sekarang jadi 50 menit saya sangat kecewa makin kedepan kebijakan ini aplikasi makin bobrok,3,neutral,grab,com.grabtaxi.passenger,google_play
2026-04-04 20:58:18,Alan Peter,layanan grab foodnya lama sekali respon drivernya,layanan grab foodnya lama sekali respon drivernya,3,neutral,grab,com.grabtaxi.passenger,google_play
2026-04-04 20:54:36,Azhar123 Ganteng,mantap nyaman banget supirnya ju ga ramah,mantap nyaman banget supirnya ju ga ramah,3,neutral,grab,com.grabtaxi.passenger,google_play
2026-04-04 20:32:42,Rafael Arfirianto,Looding setahun lebih,looding setahun lebih,3,neutral,grab,com.grabtaxi.passenger,google_play
2026-04-04 20:32:01,Amalia Zainun,kenapa semakin lama semakin menjengkelkan lemotnya minta ampun di perbaiki lagi dong nyebelin banget,kenapa semakin lama semakin menjengkelkan lemotnya minta ampun di perbaiki lagi dong nyebelin banget,3,neutral,grab,com.grabtaxi.passenger,google_play
2026-04-04 20:26:51,Nasya Syaikhu,sangat terbantu sekali.,sangat terbantu sekali,3,neutral,grab,com.grabtaxi.passenger,google_play
2026-04-04 20:25:14,Surya Piyawito,ovo paylaternya berapa lama baru bisa dipakai udh 3 hari masih belum bisa,ovo paylaternya berapa lama baru bisa dipakai udh 3 hari masih belum bisa,3,neutral,grab,com.grabtaxi.passenger,google_play
2026-04-04 20:20:04,Leon pratama Kurniawan,"untuk pembayaran pakai QR susah, mending langsung tampil kode QR dicustomer saja 🙏",untuk pembayaran pakai qr susah mending langsung tampil kode qr dicustomer saja,3,neutral,grab,com.grabtaxi.passenger,google_play
2026-04-04 20:18:34,Insanul Qur'ani,adain fitur bayar pakai aplikasi dana,adain fitur bayar pakai aplikasi dana,3,neutral,grab,com.grabtaxi.passenger,google_play
2026-04-04 20:14:52,Gema anak mapia,ga niat bgt nganter orderan lama bat kayak siputt,ga niat bgt nganter orderan lama bat kayak siputt,3,neutral,grab,com.grabtaxi.passenger,google_play
2026-04-04 20:00:49,Tegar Al Aqbar,"Pesen grab food lama, alasan antwr banyak pesenan padahal pesen bukan yang ekonomi. makin kesini makin aneehh grab",pesen grab food lama alasan antwr banyak pesenan padahal pesen bukan yang ekonomi makin kesini makin aneehh grab,3,neutral,grab,com.grabtaxi.passenger,google_play
2026-04-04 19:52:58,Lathifah Second,"enak tapi akhir akhir ini ko para drivernnya suka cancel tiba tiba ya? jadi males, orng buru buru g ad motor malah dicancel",enak tapi akhir akhir ini ko para drivernnya suka cancel tiba tiba ya jadi males orng buru buru g ad motor malah dicancel,3,neutral,grab,com.grabtaxi.passenger,google_play
2026-04-04 19:44:38,Zaitun Sp Atun,trims sdh tepat,trims sdh tepat,3,neutral,grab,com.grabtaxi.passenger,google_play
2026-04-04 19:16:24,sulli mahal,"tampilan barunya merepotkan, sulit dipahami. pesan promosi ditampilkan seperti pesan biasa",tampilan barunya merepotkan sulit dipahami pesan promosi ditampilkan seperti pesan biasa,3,neutral,grab,com.grabtaxi.passenger,google_play
2026-04-04 19:11:03,Andre Siahaan,ramah dan baik',ramah dan baik,3,neutral,grab,com.grabtaxi.passenger,google_play
2026-04-04 19:08:04,Hanif Saputra,bagusss lebih murah dr pada gojek,bagusss lebih murah dr pada gojek,3,neutral,grab,com.grabtaxi.passenger,google_play
2026-04-04 19:07:13,Thomy zig'zag,kendaraan banyak gak mau ambil.. sngat d sayangkan pihak grab yah gk ada gerakan,kendaraan banyak gak mau ambil sngat d sayangkan pihak grab yah gk ada gerakan,3,neutral,grab,com.grabtaxi.passenger,google_play
2026-04-04 18:57:15,06 Dharma Ika,"kenapa ada promo gabisa dipakai padahal sudah sesuai ketentuan. Saya membeli mie kober, dalam pesanan ditampilkan promo diskon 40% minimal belanja 30 ribu. Namun kenapa promo tersebut tidak bisa dipakai, dari yang saya baca di aplikasi tidak ada kondisi yang membuat tak dapat digunakan. Total belanja 70 ribu, tidak membeli alkohol juga.",kenapa ada promo gabisa dipakai padahal sudah sesuai ketentuan saya membeli mie kober dalam pesanan ditampilkan promo diskon 40 minimal belanja 30 ribu namun kenapa promo tersebut tidak bisa dipakai dari yang saya baca di aplikasi tidak ada kondisi yang membuat tak dapat digunakan total belanja 70 ribu tidak membeli alkohol juga,3,neutral,grab,com.grabtaxi.passenger,google_play
2026-04-04 18:51:42,hery jwehos,"Aplikasi Koplak!! kalau lagi hujan harga nggak ngotak 6x lipat dari harga normal. KALAU NAIK 1X SIH, MASIH WAJAR. PERBAIKI LAYANAN MU, TERUTAMA HARGA SAAT HUJAN",aplikasi koplak kalau lagi hujan harga nggak ngotak 6x lipat dari harga normal kalau naik 1x sih masih wajar perbaiki layanan mu terutama harga saat hujan,3,neutral,grab,com.grabtaxi.passenger,google_play
2026-04-04 18:46:45,Asih Asih,kalo hujan kok susah dpat tolong perbarui lah mobil kok yo lama gak nyantol,kalo hujan kok susah dpat tolong perbarui lah mobil kok yo lama gak nyantol,3,neutral,grab,com.grabtaxi.passenger,google_play
2026-04-04 18:38:43,gunawan aji,proses nya kok lama ya,proses nya kok lama ya,3,neutral,grab,com.grabtaxi.passenger,google_play
2026-04-04 18:35:41,Taufik Hidayat Lubis,"lah dh dihapus diskon makanan 52% nya, jadinya apa fungsi aku berlangganan",lah dh dihapus diskon makanan 52 nya jadinya apa fungsi aku berlangganan,3,neutral,grab,com.grabtaxi.passenger,google_play
2026-04-04 17:37:18,Tri Sunoko,mantap pesanan cepat sampai,mantap pesanan cepat sampai,3,neutral,grab,com.grabtaxi.passenger,google_play
2026-04-04 17:29:32,tyaangelina,UDAH NUNGGU 2 JAM TAPI TTP GA DAPET DRIVER!!!!,udah nunggu 2 jam tapi ttp ga dapet driver,3,neutral,grab,com.grabtaxi.passenger,google_play
2026-04-04 17:29:00,Sakhi Muhammad,semoga berkah dan bermanfaat 🤲🏻🤲🏻🤲🏻,semoga berkah dan bermanfaat,3,neutral,grab,com.grabtaxi.passenger,google_play
2026-04-04 17:05:28,raras Putri,"banyak driver grab khususnya mobil banyak ngeluh krna potongan dr sistem nya yg gede, jadi bnyak driver nego negoan sblm jalan, kadang suka maksa kita yg membatalkan orderan krna kita ga mau pesen offline/kasih tambahan. pdhl gue ga pelit2 amat wkwk entah lah jadi kurang nyaman skrg,",banyak driver grab khususnya mobil banyak ngeluh krna potongan dr sistem nya yg gede jadi bnyak driver nego negoan sblm jalan kadang suka maksa kita yg membatalkan orderan krna kita ga mau pesen offline kasih tambahan pdhl gue ga pelit2 amat wkwk entah lah jadi kurang nyaman skrg,3,neutral,grab,com.grabtaxi.passenger,google_play
2026-04-04 17:04:08,Tioma,"driver jarang mengambil orderan, lama sekali dapat driver",driver jarang mengambil orderan lama sekali dapat driver,3,neutral,grab,com.grabtaxi.passenger,google_play
2026-04-04 17:00:24,Erlina Kecik,sekarang gak bisa membatalkan grabfood. dulu masih bisa. jadi saya tinggalkan grab beberapa bulan. tadi coba lagi pesan mau batalkan gak bisa langsung gak ada keluar pembatalan. dulu masih ada jeda bbrp detik kalau ada yg lupa bisa diulang pesan lagi. cukuplah ini. saya gak mau lagi pesan grab. mana harga lebih mahal gak bisa batalkan pdhal belum dibuat resto. waktu itu malah lebih satu jam baru dapat driver lewat tengah malam. biasanya otomatis batal oleh sistem ini gak. kasian diver dan pembel,sekarang gak bisa membatalkan grabfood dulu masih bisa jadi saya tinggalkan grab beberapa bulan tadi coba lagi pesan mau batalkan gak bisa langsung gak ada keluar pembatalan dulu masih ada jeda bbrp detik kalau ada yg lupa bisa diulang pesan lagi cukuplah ini saya gak mau lagi pesan grab mana harga lebih mahal gak bisa batalkan pdhal belum dibuat resto waktu itu malah lebih satu jam baru dapat driver lewat tengah malam biasanya otomatis batal oleh sistem ini gak kasian diver dan pembel,3,neutral,grab,com.grabtaxi.passenger,google_play
2026-04-04 16:48:53,Yulian Mandala,sopir minta batal tetapi saldo terpotong dan laporan terlalu ribet dgn alasan sedang dipantau,sopir minta batal tetapi saldo terpotong dan laporan terlalu ribet dgn alasan sedang dipantau,3,neutral,grab,com.grabtaxi.passenger,google_play
2026-04-04 16:34:28,Neko_ Chan,Semangkin lama semangkin tak logika. perjalanan 2km kena cas 24 Ringgit. Apa lah grab bodo sangat...,semangkin lama semangkin tak logika perjalanan 2km kena cas 24 ringgit apa lah grab bodo sangat,3,neutral,grab,com.grabtaxi.passenger,google_play
2026-04-04 15:50:50,Ananda Regita,susah dapet driver padahal bukan jam sibuk/hujan,susah dapet driver padahal bukan jam sibuk hujan,3,neutral,grab,com.grabtaxi.passenger,google_play
2026-04-04 15:31:21,Yayan hutani,gek jelassss.. lama2,gek jelassss lama2,3,neutral,grab,com.grabtaxi.passenger,google_play
2026-04-04 15:19:19,Vicky Chandra,"Sistem randomisasi nya suka dapat driver posisi jauh... Map dari grab juga suka tidak akurat, perjalanan suka keputar2 jauh jadinya, mohon diperbaiki",sistem randomisasi nya suka dapat driver posisi jauh map dari grab juga suka tidak akurat perjalanan suka keputar2 jauh jadinya mohon diperbaiki,3,neutral,grab,com.grabtaxi.passenger,google_play
2026-04-04 15:16:50,Budi Dores,terimakasih untuk pak supir,terimakasih untuk pak supir,3,neutral,grab,com.grabtaxi.passenger,google_play
2026-04-04 14:54:34,Dimas Rengga,"dapet driver nya lama saya dua kali telat kerja gara nunggu driver nga dapet""",dapet driver nya lama saya dua kali telat kerja gara nunggu driver nga dapet,3,neutral,grab,com.grabtaxi.passenger,google_play
2026-04-04 14:46:33,Azmi Fadhil,di saat ke Pepet ini aplikasi yang saya suka,di saat ke pepet ini aplikasi yang saya suka,3,neutral,grab,com.grabtaxi.passenger,google_play
2026-04-04 14:11:15,Burhanuddin Rabbani,"tidak transparan dalam ratting costumer, sedangkan driver dengan mudah mengetahui ratting nya. sangat tidak adil.",tidak transparan dalam ratting costumer sedangkan driver dengan mudah mengetahui ratting nya sangat tidak adil,3,neutral,grab,com.grabtaxi.passenger,google_play
2026-04-04 13:38:26,Iki Fadillah,"ditukarlh makanannya ,, terimakasih",ditukarlh makanannya terimakasih,3,neutral,grab,com.grabtaxi.passenger,google_play
2026-04-04 13:36:46,Wine Aisyah,bagus berguna banget dan membantu saya untuk kemana kemana,bagus berguna banget dan membantu saya untuk kemana kemana,3,neutral,grab,com.grabtaxi.passenger,google_play
2026-04-04 12:38:28,Dinda Ayunda,bisa untuk antar jemput dan nyaman saat berkendara,bisa untuk antar jemput dan nyaman saat berkendara,3,neutral,grab,com.grabtaxi.passenger,google_play
2026-04-04 12:11:10,strawberry 27,"driver grabfood bisa ya seenaknya cancel yg mau di antar, gak pakai beritau tau , parah bener",driver grabfood bisa ya seenaknya cancel yg mau di antar gak pakai beritau tau parah bener,3,neutral,grab,com.grabtaxi.passenger,google_play
2026-04-04 10:59:21,Deniiesta Federiicho,kenapa sekarang diaplikasi cust bisa terbatasi pilihan untuk pemberian tips kdriver,kenapa sekarang diaplikasi cust bisa terbatasi pilihan untuk pemberian tips kdriver,3,neutral,grab,com.grabtaxi.passenger,google_play
2026-04-04 10:46:12,Ayub Pencarituhan,terimakasih sudah banyak membantu,terimakasih sudah banyak membantu,3,neutral,grab,com.grabtaxi.passenger,google_play
2026-04-04 10:29:19,ade rudiman,mantaf supir nya,mantaf supir nya,3,neutral,grab,com.grabtaxi.passenger,google_play
2026-04-04 10:12:31,Leli Laily02,parah makin mahal gak dapat diskon sama sekali,parah makin mahal gak dapat diskon sama sekali,3,neutral,grab,com.grabtaxi.passenger,google_play
2026-04-04 10:07:49,Galen Nugraha,"notifikasiny bikin lag👎, otomatis ngambil ram 300mb",notifikasiny bikin lag otomatis ngambil ram 300mb,3,neutral,grab,com.grabtaxi.passenger,google_play
2026-04-04 09:37:25,serenity,"maps nya nggak jelas, sesat",maps nya nggak jelas sesat,3,neutral,grab,com.grabtaxi.passenger,google_play
2026-04-04 09:35:09,Kales widodo,trmksh sangat ramah n lancar,trmksh sangat ramah n lancar,3,neutral,grab,com.grabtaxi.passenger,google_play
2026-04-04 09:21:34,Shireen Irwan,minta banyak discon 😂,minta banyak discon,3,neutral,grab,com.grabtaxi.passenger,google_play
2026-04-04 09:09:38,Adalia Syifa Izzati,"suka, sangat membantu, tapi sering sering promo plissssz",suka sangat membantu tapi sering sering promo plissssz,3,neutral,grab,com.grabtaxi.passenger,google_play
2026-04-04 09:07:30,Jauhar Latipah,gbisa di bukaaaaaa,gbisa di bukaaaaaa,3,neutral,grab,com.grabtaxi.passenger,google_play
2026-04-04 08:23:38,Ilong Niaa,pesan grabfood ga bisa di batalin,pesan grabfood ga bisa di batalin,3,neutral,grab,com.grabtaxi.passenger,google_play
2026-04-04 08:15:26,Mochamad Syafril,aplikasi nya lancar dan bagus,aplikasi nya lancar dan bagus,3,neutral,grab,com.grabtaxi.passenger,google_play
2026-04-04 06:40:28,Shofiyah Rahmah,Saya merasa aplikasi ini sangat membantu dalam menyederhanakan tugas-tugas saya yang sebelumnya terasa sangat rumit. Sekarang semuanya bisa dilakukan hanya dalam satu genggaman saja. Benar-benar sebuah terobosan yang sangat cerdas dan sangat membantu.,saya merasa aplikasi ini sangat membantu dalam menyederhanakan tugas tugas saya yang sebelumnya terasa sangat rumit sekarang semuanya bisa dilakukan hanya dalam satu genggaman saja benar benar sebuah terobosan yang sangat cerdas dan sangat membantu,3,neutral,grab,com.grabtaxi.passenger,google_play
2026-04-04 04:56:23,Jessica Christina,sekarang susah banget dapet greb/ greb foot di saat genting kelaparan pas malam mau pesan gofood susah harus sampai pagi dulu baru ada driver yg bisa😭😭,sekarang susah banget dapet greb greb foot di saat genting kelaparan pas malam mau pesan gofood susah harus sampai pagi dulu baru ada driver yg bisa,3,neutral,grab,com.grabtaxi.passenger,google_play
2026-04-04 04:49:32,Sheline 555,"ini grap gimana sih saya pesen makanan dr jam 2sampe jam setengah lima gak dapat2 pengemudi giliran dibatalkan gak bisa, tolong batalkan saja pesanan saya , grap jadi ribet begini gak bisa dibatalin beda gak kayak Go-Jek, gojek kalo lebih dr 1jam langsung otomatis membatalkan sendiri jadi enak gak kayak grap gajelas",ini grap gimana sih saya pesen makanan dr jam 2sampe jam setengah lima gak dapat2 pengemudi giliran dibatalkan gak bisa tolong batalkan saja pesanan saya grap jadi ribet begini gak bisa dibatalin beda gak kayak go jek gojek kalo lebih dr 1jam langsung otomatis membatalkan sendiri jadi enak gak kayak grap gajelas,3,neutral,grab,com.grabtaxi.passenger,google_play
2026-04-04 04:34:08,krisna dinatha,"driver cepat, mantap.👍",driver cepat mantap,3,neutral,grab,com.grabtaxi.passenger,google_play
2026-04-04 01:39:12,Rosnah Sam,saat pesan makanan suka ga sesuai waktu tiba dan suka di ganti waktu tibanya,saat pesan makanan suka ga sesuai waktu tiba dan suka di ganti waktu tibanya,3,neutral,grab,com.grabtaxi.passenger,google_play
2026-04-04 01:13:36,Anwar Abubakar,"mitra food yang begitu buruk, tidak memiliki integritas. nunggu 90mnt malah dicantel! kapok saya pakai grab!!!",mitra food yang begitu buruk tidak memiliki integritas nunggu 90mnt malah dicantel kapok saya pakai grab,3,neutral,grab,com.grabtaxi.passenger,google_play
2026-04-04 00:54:22,Hamdan Hamdan,Baik dan Santun,baik dan santun,3,neutral,grab,com.grabtaxi.passenger,google_play
2026-04-04 00:40:13,Radit Raditya,"beberapa bulan ini sangat kesulitan mendapatkan driver di malam hari,bahkan tarif normalpun susah...",beberapa bulan ini sangat kesulitan mendapatkan driver di malam hari bahkan tarif normalpun susah,3,neutral,grab,com.grabtaxi.passenger,google_play
2026-04-04 00:31:19,Haykal Nicho,mudah banget untuk akses transportasi nya. murah banyak diskon,mudah banget untuk akses transportasi nya murah banyak diskon,3,neutral,grab,com.grabtaxi.passenger,google_play
2026-04-04 00:15:50,Rika SheRik,"layanan nya makin kesini makin jelek, promo doang, driver gak ada yg ngambil",layanan nya makin kesini makin jelek promo doang driver gak ada yg ngambil,3,neutral,grab,com.grabtaxi.passenger,google_play
2026-04-03 23:29:29,Oktoberto Simanjuntak,ehh grab mending perbaiki deh fitur grabfood luuu. masa dah satu jam lebih gak ada update pesanan sudah di dapur atau sedang di kirim apa gimana. udah gitu ga bisa di batalkan. di perbaiki lagi dah. masa iya orang nunggu sampai malam. trus kalau dah di pesan driver ngantar customer ketiduran gimana. kan kasian driver nya nyari nafkah makan malah nombok. malah di bilang pesanan guest 😏😏,ehh grab mending perbaiki deh fitur grabfood luuu masa dah satu jam lebih gak ada update pesanan sudah di dapur atau sedang di kirim apa gimana udah gitu ga bisa di batalkan di perbaiki lagi dah masa iya orang nunggu sampai malam trus kalau dah di pesan driver ngantar customer ketiduran gimana kan kasian driver nya nyari nafkah makan malah nombok malah di bilang pesanan guest,3,neutral,grab,com.grabtaxi.passenger,google_play
2026-04-03 23:25:22,wawa awaw,sangat puas dengan pelayanan,sangat puas dengan pelayanan,3,neutral,grab,com.grabtaxi.passenger,google_play
2026-04-03 23:21:01,Denis Saputra,sampai dengan tujuan,sampai dengan tujuan,3,neutral,grab,com.grabtaxi.passenger,google_play
2026-04-03 23:01:56,Hanivan Mauris,tolong kasih pelanggaran buat driver yg gk mau konfir mau jemput atau nggk nya. saya sudah nunggu lama bukannya lokasi dia makin deket adanya malah makin jauh,tolong kasih pelanggaran buat driver yg gk mau konfir mau jemput atau nggk nya saya sudah nunggu lama bukannya lokasi dia makin deket adanya malah makin jauh,3,neutral,grab,com.grabtaxi.passenger,google_play
2026-04-03 22:50:17,Edrick Fernandez Toknata,"PESANAN SAYA DI UNDUR TERUS,GABISA MAKAN,APLIKASI GA GUNA,CAPEK TAU GK",pesanan saya di undur terus gabisa makan aplikasi ga guna capek tau gk,3,neutral,grab,com.grabtaxi.passenger,google_play
2026-04-03 22:12:56,Wisnu Wijayanto,"grabfoodnya parah, pesan makanan tidak direspon driver hampir 2jam, mencari driver terus tanpa ada menu cancel, siapa yg tahan lapar sampai 2jam?terpaksa kami keluar makan ditempat lain, setelah selesai makan kami pulang sampai rumah baru di pickup, lah siapa yg mau makan? mohon ada otomatis cancel kalau 30 menit tidak ada driver respon.",grabfoodnya parah pesan makanan tidak direspon driver hampir 2jam mencari driver terus tanpa ada menu cancel siapa yg tahan lapar sampai 2jam terpaksa kami keluar makan ditempat lain setelah selesai makan kami pulang sampai rumah baru di pickup lah siapa yg mau makan mohon ada otomatis cancel kalau 30 menit tidak ada driver respon,3,neutral,grab,com.grabtaxi.passenger,google_play
2026-04-03 21:58:35,1318013-Alvin Chandra Hadiyanto,update review lah susah cari driver,update review lah susah cari driver,3,neutral,grab,com.grabtaxi.passenger,google_play
2026-04-03 21:55:22,Fina Afiana,"makin lama drivernya banyak tingkah, efek aplikator gak manusiawi sm drivernya.",makin lama drivernya banyak tingkah efek aplikator gak manusiawi sm drivernya,3,neutral,grab,com.grabtaxi.passenger,google_play
2026-04-03 21:22:19,Yuditi Arman,"aplikasi sampah udah lama nunggu 1 jam masih aja telat waktu di tambah terus, GILIRAN ORANG YG SALAH CEPAT KALIAN VIRALKAN GILIRAN SISTEM KALIAN SALAH DIEM BANYAK ALASAN GA ADA KOMPENSASI",aplikasi sampah udah lama nunggu 1 jam masih aja telat waktu di tambah terus giliran orang yg salah cepat kalian viralkan giliran sistem kalian salah diem banyak alasan ga ada kompensasi,3,neutral,grab,com.grabtaxi.passenger,google_play
2026-04-03 21:10:06,Suryati Sur,okee banget aplikasi nya,okee banget aplikasi nya,3,neutral,grab,com.grabtaxi.passenger,google_play
2026-04-03 20:56:45,Abduro hman,lek ws suwe maleh larang,lek ws suwe maleh larang,3,neutral,grab,com.grabtaxi.passenger,google_play
2026-04-03 20:23:02,Shafira Indah Felisha,"sorry to say, tapi pengambilan pesanan nya lambat tidak sesuai estimasi, justru di undur terus, mana gabisa di cancel!!! saya sampai komen kaya gini karna udh bukan sekali duakali, udh di sabarin terus tapi kok makin kek gini? 😅",sorry to say tapi pengambilan pesanan nya lambat tidak sesuai estimasi justru di undur terus mana gabisa di cancel saya sampai komen kaya gini karna udh bukan sekali duakali udh di sabarin terus tapi kok makin kek gini,3,neutral,grab,com.grabtaxi.passenger,google_play
2026-04-03 20:06:35,aditya ramdani,"pesen food sampe 5x ganti driver terlalu banyak di double order double order, 1 jam setengah nahan lapar, ini afk sengaja buat cs pindah afk atau gimana?",pesen food sampe 5x ganti driver terlalu banyak di double order double order 1 jam setengah nahan lapar ini afk sengaja buat cs pindah afk atau gimana,3,neutral,grab,com.grabtaxi.passenger,google_play
2026-04-03 19:47:27,Achmad Rayyan,"susah amat si mau pesen car disaat jam sibuk atau hujan, kami customer ga keberatan mahal yang penting mobil cepat sampai! dari pada nunggu buang' waktu mending saya ke gocar walaupun mahal ada drivernya",susah amat si mau pesen car disaat jam sibuk atau hujan kami customer ga keberatan mahal yang penting mobil cepat sampai dari pada nunggu buang waktu mending saya ke gocar walaupun mahal ada drivernya,3,neutral,grab,com.grabtaxi.passenger,google_play
2026-04-03 19:40:49,Syah Reza,order makanan nunggu hampir 2 jam blm dpt driver sangat burukkk,order makanan nunggu hampir 2 jam blm dpt driver sangat burukkk,3,neutral,grab,com.grabtaxi.passenger,google_play
2026-04-03 19:16:35,Inddry Novianty,Bintangnya saya kasih turun karena SUSAH BGT DAPET DRIVER padahal di sistem banyak driver yg lenggang tapi,bintangnya saya kasih turun karena susah bgt dapet driver padahal di sistem banyak driver yg lenggang tapi,3,neutral,grab,com.grabtaxi.passenger,google_play
2026-04-03 18:24:28,Junaedi,pelayanan grab sangat baik,pelayanan grab sangat baik,3,neutral,grab,com.grabtaxi.passenger,google_play
2026-04-03 18:21:46,Putri Kholifah,drever sy baik dan sopan,drever sy baik dan sopan,3,neutral,grab,com.grabtaxi.passenger,google_play
2026-04-03 18:16:51,Helda Azhari,"mitra kerjanya atas nama YOSEF IRFANDI tidak kerja sama dengan baik, costumer di ludahi gara gara bawa uang cash, mohon di perhatikan lagi min keluh kesah customernya salam damai dari saya🙏",mitra kerjanya atas nama yosef irfandi tidak kerja sama dengan baik costumer di ludahi gara gara bawa uang cash mohon di perhatikan lagi min keluh kesah customernya salam damai dari saya,3,neutral,grab,com.grabtaxi.passenger,google_play
2026-04-03 17:54:22,agnesi manangkot,pengemudinya tidak ada yang mau terima orderan,pengemudinya tidak ada yang mau terima orderan,3,neutral,grab,com.grabtaxi.passenger,google_play
2026-04-03 17:37:56,Tory Tan,ada abang ya tarik greb sayangan jelek sifatnya,ada abang ya tarik greb sayangan jelek sifatnya,3,neutral,grab,com.grabtaxi.passenger,google_play
2026-04-03 17:35:18,Ayu Sri Lestari,ntah karna akunya yang oon atau apalah susah banget daftar grab sekarang tuh pusing banyak verifikasi banget,ntah karna akunya yang oon atau apalah susah banget daftar grab sekarang tuh pusing banyak verifikasi banget,3,neutral,grab,com.grabtaxi.passenger,google_play
2026-04-03 17:31:45,Harun Aja,grab car udah pada sok kaya padahal mah Deket 1 km an tapi kok ya kacau,grab car udah pada sok kaya padahal mah deket 1 km an tapi kok ya kacau,3,neutral,grab,com.grabtaxi.passenger,google_play
2026-04-03 17:28:23,Munirah Nadia,"mantap,tepat waktu,kurir Ok",mantap tepat waktu kurir ok,3,neutral,grab,com.grabtaxi.passenger,google_play
2026-04-03 17:28:22,Queenie Bee,Biaya platform 6.000???,biaya platform 6 000,3,neutral,grab,com.grabtaxi.passenger,google_play
2026-04-03 17:25:57,Claire Gilmore,"nyari pengemudi susah dan menunggu pengemudi sangat lama. tidak menjawab pesan kita, kendaraan tidak bergerak sama sekali",nyari pengemudi susah dan menunggu pengemudi sangat lama tidak menjawab pesan kita kendaraan tidak bergerak sama sekali,3,neutral,grab,com.grabtaxi.passenger,google_play
2026-04-03 17:12:07,Julia Nita,"Saya pesan food delivery namun prosesnya sangat lama, pencarian driver yang sangat lama, mau di cancel pun sulit harus menunggu lagi, ujungnya saya cancel karena terlalu lama. Tolong penanganannya, tolong diperbaiki sistem pembatalan orderan food delivery nya.",saya pesan food delivery namun prosesnya sangat lama pencarian driver yang sangat lama mau di cancel pun sulit harus menunggu lagi ujungnya saya cancel karena terlalu lama tolong penanganannya tolong diperbaiki sistem pembatalan orderan food delivery nya,3,neutral,grab,com.grabtaxi.passenger,google_play
2026-04-03 16:57:10,Najwa Ulhaq Naul,aplikasi Grab ini sangat membantu,aplikasi grab ini sangat membantu,3,neutral,grab,com.grabtaxi.passenger,google_play
2026-04-03 16:13:44,ALEX JJ,cepat Dateng nya ini pertama kali ak pakai grap dan grap nya cepet bgt nganter nya malahan beberapa menit lebih awal di anter terimakasih grap,cepat dateng nya ini pertama kali ak pakai grap dan grap nya cepet bgt nganter nya malahan beberapa menit lebih awal di anter terimakasih grap,3,neutral,grab,com.grabtaxi.passenger,google_play
2026-04-03 16:04:10,Nafiza Dania,sangat membantu perjalanan,sangat membantu perjalanan,3,neutral,grab,com.grabtaxi.passenger,google_play
2026-04-03 15:45:27,BL2 Score,"sudah ga nyaman make grab kebanyakan oknum, gw pesen makanan tidak sampai² keterangan sudah sampai di alamat padahal blum",sudah ga nyaman make grab kebanyakan oknum gw pesen makanan tidak sampai keterangan sudah sampai di alamat padahal blum,3,neutral,grab,com.grabtaxi.passenger,google_play
2026-04-03 14:53:26,Dintje Menong,"gak di anter"" pesanannya",gak di anter pesanannya,3,neutral,grab,com.grabtaxi.passenger,google_play
2026-04-03 14:44:02,IRWAN AHMAD,NOTIF PROMOSI LO BERISIK!!!! TIAP BEBERAPA MENIT ADA AJA NGASIH NOTIF GANGGU!!!!!,notif promosi lo berisik tiap beberapa menit ada aja ngasih notif ganggu,3,neutral,grab,com.grabtaxi.passenger,google_play
2026-04-03 14:28:16,sa tino,ramah dan sabar bawa kendaraannya tidak ugal ugalan,ramah dan sabar bawa kendaraannya tidak ugal ugalan,3,neutral,grab,com.grabtaxi.passenger,google_play
2026-04-03 14:11:44,Surya Sudrazat,sangat bagus nyaman diperjalanan nyah👍👍👍,sangat bagus nyaman diperjalanan nyah,3,neutral,grab,com.grabtaxi.passenger,google_play
2026-04-03 14:09:40,Sakina Alkatiri,buka aplikasinya suka lama,buka aplikasinya suka lama,3,neutral,grab,com.grabtaxi.passenger,google_play
2026-04-03 13:42:01,Muna,kenapa di tempat ku aplikasinya gabisa terbuka???,kenapa di tempat ku aplikasinya gabisa terbuka,3,neutral,grab,com.grabtaxi.passenger,google_play
2026-04-03 13:31:26,Raditya Susanto,sopan dan ramah,sopan dan ramah,3,neutral,grab,com.grabtaxi.passenger,google_play
2026-04-03 13:30:55,Kurniawan Leo S,error loading lama,error loading lama,3,neutral,grab,com.grabtaxi.passenger,google_play
2026-04-03 13:12:54,Karmain Amir,tepat waktu ramah dan profesional,tepat waktu ramah dan profesional,3,neutral,grab,com.grabtaxi.passenger,google_play
2026-04-03 13:03:41,Safira Nuri,kenapa skrg pesan makanan/motor pake yg hemat lamaaaaa nya luar biasa. masa bisa 2jam lebih. padahal resto dekat. kalau emng ga mau kasih hrga murah mending hapus aja tu hemat. kasian jga masa driver yg jauh2 yg dpt orderannya.,kenapa skrg pesan makanan motor pake yg hemat lamaaaaa nya luar biasa masa bisa 2jam lebih padahal resto dekat kalau emng ga mau kasih hrga murah mending hapus aja tu hemat kasian jga masa driver yg jauh2 yg dpt orderannya,3,neutral,grab,com.grabtaxi.passenger,google_play
2026-04-03 12:53:19,sya rahayu,baik dan bagus pelayanannya maksih grab💜,baik dan bagus pelayanannya maksih grab,3,neutral,grab,com.grabtaxi.passenger,google_play
2026-04-03 12:12:54,gigih Ginaldi,apk ngelag bbabik,apk ngelag bbabik,3,neutral,grab,com.grabtaxi.passenger,google_play
2026-04-03 12:10:06,M Abdul sakur,mohon maaf pihak grab . tolong aplikasi nya di update lagi tolong di kasih pelaporan untuk tempat makan yang tidak sesuai.atau scam karena yang datang cuma nasi atau sesuatu yang tidak seharusnya ada pada makanan.dan saya tidak bisa mengajukan pengembalian uang itu Sangat merugikan pembeli sekian terima 🙏,mohon maaf pihak grab tolong aplikasi nya di update lagi tolong di kasih pelaporan untuk tempat makan yang tidak sesuai atau scam karena yang datang cuma nasi atau sesuatu yang tidak seharusnya ada pada makanan dan saya tidak bisa mengajukan pengembalian uang itu sangat merugikan pembeli sekian terima,3,neutral,grab,com.grabtaxi.passenger,google_play
2026-04-03 11:55:33,nia,"engga bisa batalin pesanan itu parah. order belanjaan, udah disiapin toko, tapi lama ga dapet driver. mau ga mau nahan ngantuk nungguin tanpa kejelasan. minimal ada batas waktu tunggu yang bisa auto-cancel kalau memang kebijakan ga bisa batalkan pesanan itu antisipasi supaya customer ga boleh batalin sepihak. itu bagus dalam hal perlindungan driver. tapi kalau ga dapet driver gini, customer pun butuh perlindungan. mau pesan di aplikasi lain ga bisa karena udah terlanjur nungguin di aplikasi ini.",engga bisa batalin pesanan itu parah order belanjaan udah disiapin toko tapi lama ga dapet driver mau ga mau nahan ngantuk nungguin tanpa kejelasan minimal ada batas waktu tunggu yang bisa auto cancel kalau memang kebijakan ga bisa batalkan pesanan itu antisipasi supaya customer ga boleh batalin sepihak itu bagus dalam hal perlindungan driver tapi kalau ga dapet driver gini customer pun butuh perlindungan mau pesan di aplikasi lain ga bisa karena udah terlanjur nungguin di aplikasi ini,3,neutral,grab,com.grabtaxi.passenger,google_play
2026-04-03 11:44:14,Alifia Suci Salsabila,tolong dong kasih informasi tuh yg jelas ke drivernya masa iya nanya terus ke penumpang masalah fee ya mana penumpang tau s&knya lah aneh bgt,tolong dong kasih informasi tuh yg jelas ke drivernya masa iya nanya terus ke penumpang masalah fee ya mana penumpang tau s knya lah aneh bgt,3,neutral,grab,com.grabtaxi.passenger,google_play
2026-04-03 11:43:36,Dea Regina Putri,"suka sama aplikasinya saya baru coba dari 2025 sampai sekarang masih saya pakai,tapi kadang suka tidak jalan jalan di map nya",suka sama aplikasinya saya baru coba dari 2025 sampai sekarang masih saya pakai tapi kadang suka tidak jalan jalan di map nya,3,neutral,grab,com.grabtaxi.passenger,google_play
2026-04-03 11:28:00,Kirey Fayyola,trimakasih...untuk abangnya semoga sehat selalu...,trimakasih untuk abangnya semoga sehat selalu,3,neutral,grab,com.grabtaxi.passenger,google_play
2026-04-03 11:17:36,Nabila,bantu aku saat sedang kelaparan 👍🫰,bantu aku saat sedang kelaparan,3,neutral,grab,com.grabtaxi.passenger,google_play
2026-04-03 10:42:47,Nadya Putri,dikit² upgrade males bgt njir,dikit upgrade males bgt njir,3,neutral,grab,com.grabtaxi.passenger,google_play
2026-04-03 10:37:11,fairuzaindana fahrezamustahdi,baik lah kadang dapet diskon voucher,baik lah kadang dapet diskon voucher,3,neutral,grab,com.grabtaxi.passenger,google_play
2026-04-03 09:40:21,Sandi Yudha,"Grab Support nya bagus, responnya juga baik. Keluhan saya di tangani👍.",grab support nya bagus responnya juga baik keluhan saya di tangani,3,neutral,grab,com.grabtaxi.passenger,google_play
2026-04-03 09:25:03,binbin Asatron,sangat membantu transportasi ketempat tujuan,sangat membantu transportasi ketempat tujuan,3,neutral,grab,com.grabtaxi.passenger,google_play
2026-04-03 08:02:56,Jumadi Ahir,sanggat membatu dalam segala keadaan,sanggat membatu dalam segala keadaan,3,neutral,grab,com.grabtaxi.passenger,google_play
2026-04-03 08:00:21,Lina Kansil,"sudah ribet setiap pesan makanan harus isi alamat lagi, tidak seperti dahulu hanya sekali isi alamat pesan berikut sudah tak perlu, mempersulit",sudah ribet setiap pesan makanan harus isi alamat lagi tidak seperti dahulu hanya sekali isi alamat pesan berikut sudah tak perlu mempersulit,3,neutral,grab,com.grabtaxi.passenger,google_play
2026-04-03 07:38:11,Meisy Meisy,ramah mas drever nya dan cepat sampai,ramah mas drever nya dan cepat sampai,3,neutral,grab,com.grabtaxi.passenger,google_play
2026-04-03 05:17:07,Anak Manusia,Baik sekali banyak promonya dan diskon nya besar-besaran:),baik sekali banyak promonya dan diskon nya besar besaran,3,neutral,grab,com.grabtaxi.passenger,google_play
2026-04-03 05:14:44,Yofita Densi,"kesel banget sama aplikasi satu ini ,saat saya mau pesan transportasi kendaraan bermotor yang keluar malah mobil gitu aja terus 😒😒😡😡",kesel banget sama aplikasi satu ini saat saya mau pesan transportasi kendaraan bermotor yang keluar malah mobil gitu aja terus,3,neutral,grab,com.grabtaxi.passenger,google_play
2026-04-03 03:30:03,Pengguna Google,"Grab Food di jam 3 pagi s/d subuh gak pernah ada yg pick up pesanan saya, Selalu di batalin karena DRIVERNYA gak ada 😩 Lgi laper²ny malah driverny gak pernah ada 😔",grab food di jam 3 pagi s d subuh gak pernah ada yg pick up pesanan saya selalu di batalin karena drivernya gak ada lgi laper ny malah driverny gak pernah ada,3,neutral,grab,com.grabtaxi.passenger,google_play
2026-04-03 02:41:36,Muh Irham R (RHM),"jelek mending shopee, driver sulit, nganter makanan aja lama",jelek mending shopee driver sulit nganter makanan aja lama,3,neutral,grab,com.grabtaxi.passenger,google_play
2026-04-03 00:50:46,Chriza lamtotalumbanraja,"aplikasi yang membantu, dan gampang digunakan",aplikasi yang membantu dan gampang digunakan,3,neutral,grab,com.grabtaxi.passenger,google_play
2026-04-03 00:27:21,Dino Priyono,"banyak driver mengeluh pendapatan kecil dan hidup ""begini-begini aja"" padahal kalian sendiri sering menolak rezeki, pilih-pilih orderan, gak sedikit pula yg datang dengan wajah judesnya tidak puas dengan peraturan dari aplikator? ya silakan berhenti dan coba ciptakan lapangan kerja sendiri bukan dengan menolak dan pilih-pilih orderan",banyak driver mengeluh pendapatan kecil dan hidup begini begini aja padahal kalian sendiri sering menolak rezeki pilih pilih orderan gak sedikit pula yg datang dengan wajah judesnya tidak puas dengan peraturan dari aplikator ya silakan berhenti dan coba ciptakan lapangan kerja sendiri bukan dengan menolak dan pilih pilih orderan,3,neutral,grab,com.grabtaxi.passenger,google_play
2026-04-03 00:18:29,Retno Eno,"Sangat kecewa dengan layanan Grab. Saya mendapat driver yang sejak awal sudah tidak sopan chat (capslock), lalu berkata kasar seperti “woi hemat” dan “niat order kagak”, padahal saya sudah menunggu di titik jemput. Jika fitur “mode hemat” justru membuat customer diperlakukan tidak baik, sebaiknya dievaluasi. Pelanggan berhak memilih layanan tanpa dimaki. Mohon Grab lebih selektif merekrut driver dan memberikan pelatihan etika. Sikap seperti ini mencoreng nama Grab dan merugikan pengguna.",sangat kecewa dengan layanan grab saya mendapat driver yang sejak awal sudah tidak sopan chat capslock lalu berkata kasar seperti woi hemat dan niat order kagak padahal saya sudah menunggu di titik jemput jika fitur mode hemat justru membuat customer diperlakukan tidak baik sebaiknya dievaluasi pelanggan berhak memilih layanan tanpa dimaki mohon grab lebih selektif merekrut driver dan memberikan pelatihan etika sikap seperti ini mencoreng nama grab dan merugikan pengguna,3,neutral,grab,com.grabtaxi.passenger,google_play
2026-04-03 00:14:52,jayanta ginting,"uda mesan grabfood lebih sejam tp gk ad fitur batalkan pesanan. smpk trtidur nungguin pesanan dri jam 11 malam smpk jam 1 malam. nti gk di angkat tlpn driver di blng akun bodong. gmn cara angkat ny klo orng uda tidur. tlong ini grab klo gk dpt driver 20 mnit, otomatis timbul fitur batalkan. jgn krn ad promo jdi lama dpt driver. klo krn itu sebab nya, hapus aja promo nya. untuk apa promo klo smua orng jdi kesal. padahal jarak ny dekat.",uda mesan grabfood lebih sejam tp gk ad fitur batalkan pesanan smpk trtidur nungguin pesanan dri jam 11 malam smpk jam 1 malam nti gk di angkat tlpn driver di blng akun bodong gmn cara angkat ny klo orng uda tidur tlong ini grab klo gk dpt driver 20 mnit otomatis timbul fitur batalkan jgn krn ad promo jdi lama dpt driver klo krn itu sebab nya hapus aja promo nya untuk apa promo klo smua orng jdi kesal padahal jarak ny dekat,3,neutral,grab,com.grabtaxi.passenger,google_play
2026-04-02 23:53:26,Andy Siau Sun Lie,Grab bukan cuma ada di 1 Daerah tapi Ada Di Mana Mana... 👍👍,grab bukan cuma ada di 1 daerah tapi ada di mana mana,3,neutral,grab,com.grabtaxi.passenger,google_play
2026-04-02 23:08:08,Arif Hakim,aplikasi ini sangat cocok untuk saya terimakasih,aplikasi ini sangat cocok untuk saya terimakasih,3,neutral,grab,com.grabtaxi.passenger,google_play
2026-04-02 22:53:42,Fany Arifin,"sangat membantu,dikala keadaan mendesak",sangat membantu dikala keadaan mendesak,3,neutral,grab,com.grabtaxi.passenger,google_play
2026-04-02 22:32:52,Sulaiman Bakir,sekarang maps nya Ndak akurat,sekarang maps nya ndak akurat,3,neutral,grab,com.grabtaxi.passenger,google_play
2026-04-02 22:27:25,Onong Anni,"kesel banget tiap order makanan di malam hari baru jam 8 juga susah banget dapet pengemudi, masa tunggu aja diperpanjang saya pesen makanan tuh karna lapar ini malah di permainkan nunggu berjam jam, kapok banget pertama pakai aplikasi ini alih alih kemakan iklan murah katanya tapi lambat..",kesel banget tiap order makanan di malam hari baru jam 8 juga susah banget dapet pengemudi masa tunggu aja diperpanjang saya pesen makanan tuh karna lapar ini malah di permainkan nunggu berjam jam kapok banget pertama pakai aplikasi ini alih alih kemakan iklan murah katanya tapi lambat,3,neutral,grab,com.grabtaxi.passenger,google_play
2026-04-02 22:27:00,Dionisius harken Damsari,aplikasinya ngelag parah padahal jaringan bagus,aplikasinya ngelag parah padahal jaringan bagus,3,neutral,grab,com.grabtaxi.passenger,google_play
2026-04-02 22:02:40,Iwan Lampunut,pengendara ok. aplikasi nya kurang bagus. selalau gagal kirim resi,pengendara ok aplikasi nya kurang bagus selalau gagal kirim resi,3,neutral,grab,com.grabtaxi.passenger,google_play
2026-04-02 21:55:53,Diyah Valisa,"Grab, kamu kenapa tiap aku abis order makan terus aku buka apk lain terus mau buka grab lagi tapi ngga bisa? sampai muncul notif aplikasi terhenti jadi harus install ulang.. udah gitu lama bangett.. ini aku harus gimana? jadinya orderanku dicancel driver-nya jadi harus nunggu lama lagii",grab kamu kenapa tiap aku abis order makan terus aku buka apk lain terus mau buka grab lagi tapi ngga bisa sampai muncul notif aplikasi terhenti jadi harus install ulang udah gitu lama bangett ini aku harus gimana jadinya orderanku dicancel driver nya jadi harus nunggu lama lagii,3,neutral,grab,com.grabtaxi.passenger,google_play
2026-04-02 21:47:33,F A,"Pesen makanan lama bener ga dapat driver, batal otomatis. 👎",pesen makanan lama bener ga dapat driver batal otomatis,3,neutral,grab,com.grabtaxi.passenger,google_play
2026-04-02 21:40:06,Hartoyo Setiawan,"emang dasarnya kek ampas , nunggu hampir 2 jam pesen grab food masih di resto aja .",emang dasarnya kek ampas nunggu hampir 2 jam pesen grab food masih di resto aja,3,neutral,grab,com.grabtaxi.passenger,google_play
2026-04-02 21:33:18,Rizky Ramadhan,"tolol Driver nya pada kebanyakan milih"" gua pesen makanan sejam lebih pas udh wktu nya gada yg mau ambil,tolol bat",tolol driver nya pada kebanyakan milih gua pesen makanan sejam lebih pas udh wktu nya gada yg mau ambil tolol bat,3,neutral,grab,com.grabtaxi.passenger,google_play
2026-04-02 21:32:03,Rahma Dani,"pake grabfood lama nyari drivernya, gua nunggu sejam lebih eh ujung ujungnya di cancel",pake grabfood lama nyari drivernya gua nunggu sejam lebih eh ujung ujungnya di cancel,3,neutral,grab,com.grabtaxi.passenger,google_play
2026-04-02 21:19:30,Sari Ono,sangat membantu dikala mengerjakan😁😁😁,sangat membantu dikala mengerjakan,3,neutral,grab,com.grabtaxi.passenger,google_play
2026-04-02 21:14:43,Grace Oktavia,"Akhir2 ini sulit mendapatkan driver Kalau pakai promo,tidak ada driver yg mau jemput.Tapi kalau saya pilih yang harga jauh lebih mahal baru driver mau ambil.Hari ini grab bike harganya 56 rb biasanya hanya 20 rb an,baru drivernya mau ambil. Seperti ada permainan antara driver dan aplikasi.Kalau harga mahal cepat dapat driver,kalau pilih promo ngga dapat2 drivernya.harganya pun tidak masuk akal",akhir2 ini sulit mendapatkan driver kalau pakai promo tidak ada driver yg mau jemput tapi kalau saya pilih yang harga jauh lebih mahal baru driver mau ambil hari ini grab bike harganya 56 rb biasanya hanya 20 rb an baru drivernya mau ambil seperti ada permainan antara driver dan aplikasi kalau harga mahal cepat dapat driver kalau pilih promo ngga dapat2 drivernya harganya pun tidak masuk akal,3,neutral,grab,com.grabtaxi.passenger,google_play
2026-04-02 20:59:03,Yati Yati,tepat waktu.. baik dan ramah..terima kasih,tepat waktu baik dan ramah terima kasih,3,neutral,grab,com.grabtaxi.passenger,google_play
2026-04-02 20:55:01,Robi'ah Al-Adawiyah _2062,makin ngawur sistemnya,makin ngawur sistemnya,3,neutral,grab,com.grabtaxi.passenger,google_play
2026-04-02 20:44:07,Dhesma Yana,nyari driver nya lama,nyari driver nya lama,3,neutral,grab,com.grabtaxi.passenger,google_play
2026-04-02 20:41:10,Nazril Rohman,"lama dapet diriver, ga jelas tentang waktunya, segala harus pake prioritas dan ga gratis, pilih kasih, ga bisa batalin pesanan yg lama",lama dapet diriver ga jelas tentang waktunya segala harus pake prioritas dan ga gratis pilih kasih ga bisa batalin pesanan yg lama,3,neutral,grab,com.grabtaxi.passenger,google_play
2026-04-02 20:29:23,ridwan ridwan,"pesan makan kadang susah dapet pengemudinya malah nunggu 50 mntan gak ada juga ujung""nya d batalin kecewa",pesan makan kadang susah dapet pengemudinya malah nunggu 50 mntan gak ada juga ujung nya d batalin kecewa,3,neutral,grab,com.grabtaxi.passenger,google_play
2026-04-02 20:25:51,Andy Saputra,pelayanan cepat. barang sesuai,pelayanan cepat barang sesuai,3,neutral,grab,com.grabtaxi.passenger,google_play
2026-04-02 20:23:53,Raida Rumaiza,sekarang susah driver,sekarang susah driver,3,neutral,grab,com.grabtaxi.passenger,google_play
2026-04-02 20:20:22,Happy Cahya,pesen makanan susah cari drivernya !!!!!!,pesen makanan susah cari drivernya,3,neutral,grab,com.grabtaxi.passenger,google_play
2026-04-02 20:13:31,Naga Budiman Hamdani,"Very Good Fast Respon, Tq Grab🙏",very good fast respon tq grab,3,neutral,grab,com.grabtaxi.passenger,google_play
2026-04-02 20:12:31,kamal ardabili,"pengalaman buruk setiap pesan makanan pasti selalu telat gagal dapat driver Berjam jam tidak seperti aplikasi sebelah padahal jarak restoran ga jauh"" amat, suka mls beli dsni tpi udah terlanjur di pesan pdhal driver bnyk kok susah bngt dpt.",pengalaman buruk setiap pesan makanan pasti selalu telat gagal dapat driver berjam jam tidak seperti aplikasi sebelah padahal jarak restoran ga jauh amat suka mls beli dsni tpi udah terlanjur di pesan pdhal driver bnyk kok susah bngt dpt,3,neutral,grab,com.grabtaxi.passenger,google_play
2026-04-02 19:58:01,Deni Kamaludin Jamil,Ini kalau sistemnya gak susah dapat driver pas hujan/sibuk bintang 5,ini kalau sistemnya gak susah dapat driver pas hujan sibuk bintang 5,3,neutral,grab,com.grabtaxi.passenger,google_play
2026-04-02 19:49:12,Fitri sridevi Hutabarat,aplikasi kalian ini sangat mengesalkan. pesan grabfood tidak bisa cancel.,aplikasi kalian ini sangat mengesalkan pesan grabfood tidak bisa cancel,3,neutral,grab,com.grabtaxi.passenger,google_play
2026-04-02 19:45:34,Arumanda Maru,cepat angkut aku hey,cepat angkut aku hey,3,neutral,grab,com.grabtaxi.passenger,google_play
2026-04-02 19:38:42,Nilawati,asli sumpah. beneran padahal ga pencet beli tiba tiba dikirimin. bahkan belum selese dibagian opsi pembayaran malah kekirim dan hal yg paling mengecewakan tidak ada opsi cara membatalkan pesanan padahal baru di pesan dan belum apa apa. aplikasi ini mengecewakan sekali,asli sumpah beneran padahal ga pencet beli tiba tiba dikirimin bahkan belum selese dibagian opsi pembayaran malah kekirim dan hal yg paling mengecewakan tidak ada opsi cara membatalkan pesanan padahal baru di pesan dan belum apa apa aplikasi ini mengecewakan sekali,3,neutral,grab,com.grabtaxi.passenger,google_play
2026-04-02 19:30:04,Regi Fauzi,"saya udah berapa Kali mesen makanan , gak pernah di anter .",saya udah berapa kali mesen makanan gak pernah di anter,3,neutral,grab,com.grabtaxi.passenger,google_play
2026-04-02 19:25:40,Gusti Aditya,cepet jemput ya,cepet jemput ya,3,neutral,grab,com.grabtaxi.passenger,google_play
2026-04-02 19:21:55,Najwa Syahirah,lama bngt dpt driver nya,lama bngt dpt driver nya,3,neutral,grab,com.grabtaxi.passenger,google_play
2026-04-02 19:19:44,Siti Ngaisah,susah dibuka aplikasinya..sering salah titik lok,susah dibuka aplikasinya sering salah titik lok,3,neutral,grab,com.grabtaxi.passenger,google_play
2026-04-02 19:11:56,adi setiawan,grabfood bikin muak...layanan terlalu lama .cari driver harus nunggu 1 jam..orang keburu lapar makanan ga datang2..mending beli offline..makin ke sini makin buruk layanannya...parahhh 👎👎👎👎👎👎👎👎👎,grabfood bikin muak layanan terlalu lama cari driver harus nunggu 1 jam orang keburu lapar makanan ga datang2 mending beli offline makin ke sini makin buruk layanannya parahhh,3,neutral,grab,com.grabtaxi.passenger,google_play
2026-04-02 19:11:34,Pradina Putri,"sumpah najis bgttt ga expect order pake pengiriman standar nunggunya bisa sampe 2jam, pdhl jarak toko ke kost deket bgt. parah si kataku mah meskipun standar kan ga sepenuhnya gratis juga kirain 11-12 sama shop** pengiriman standar mentok di 30 menit itupun jarang bgt terjadi. bahkan pernah saking Mepetnya duit order gacoan pke pengiriman hemat cuma nunggu ± 40menitan tau gini ga aku download hmm menguji kesabaran bgt",sumpah najis bgttt ga expect order pake pengiriman standar nunggunya bisa sampe 2jam pdhl jarak toko ke kost deket bgt parah si kataku mah meskipun standar kan ga sepenuhnya gratis juga kirain 11 12 sama shop pengiriman standar mentok di 30 menit itupun jarang bgt terjadi bahkan pernah saking mepetnya duit order gacoan pke pengiriman hemat cuma nunggu 40menitan tau gini ga aku download hmm menguji kesabaran bgt,3,neutral,grab,com.grabtaxi.passenger,google_play
2026-04-02 19:04:26,Sifa Nursifa,skrng KNPA jdi susah banget nyari driver grabfood. udh nunggu smpe 1jam blm Nemu aja gojek. seharus skrng ada sistem cancel nya,skrng knpa jdi susah banget nyari driver grabfood udh nunggu smpe 1jam blm nemu aja gojek seharus skrng ada sistem cancel nya,3,neutral,grab,com.grabtaxi.passenger,google_play
2026-04-02 19:00:27,nida ulmufida,alternatif kamu gojek mahal,alternatif kamu gojek mahal,3,neutral,grab,com.grabtaxi.passenger,google_play
2026-04-02 18:53:20,Alisang Cinta,"makin lama, makin mahal cibay",makin lama makin mahal cibay,3,neutral,grab,com.grabtaxi.passenger,google_play
2026-04-02 18:44:59,Amalia,gmna ni grab ...di update udh seminggu gak bisa di buka ...di uninstall mlh gak bisa juga,gmna ni grab di update udh seminggu gak bisa di buka di uninstall mlh gak bisa juga,3,neutral,grab,com.grabtaxi.passenger,google_play
2026-04-02 18:38:11,shintaefra nez,DRIVERNYA JUAL MAHAL SEMUA PADAHAL JUGA GAK HUJAN TAPI GAMAU JALAN!,drivernya jual mahal semua padahal juga gak hujan tapi gamau jalan,3,neutral,grab,com.grabtaxi.passenger,google_play
2026-04-02 18:34:54,Rifaj Yunant,"jangan pake grab guys, 1 jam lebih ga dapet2 driver",jangan pake grab guys 1 jam lebih ga dapet2 driver,3,neutral,grab,com.grabtaxi.passenger,google_play
2026-04-02 18:34:13,Nou Val,tapi kurang ya salah penempatan titik lokasi rumah,tapi kurang ya salah penempatan titik lokasi rumah,3,neutral,grab,com.grabtaxi.passenger,google_play
2026-04-02 18:30:29,Reni Pabriani,nah udah selesai juga akhirnya. nih ku kaaih bintang 5 lagi. next time sebelum ngebekuin akun. kasih tau dulu alasannya. jangan bekuin sebelah pihak. kami customer juga punya pembelaan.,nah udah selesai juga akhirnya nih ku kaaih bintang 5 lagi next time sebelum ngebekuin akun kasih tau dulu alasannya jangan bekuin sebelah pihak kami customer juga punya pembelaan,3,neutral,grab,com.grabtaxi.passenger,google_play
2026-04-02 17:54:57,nnta,so horny with this much promotion on grabfood ‼️🙏,so horny with this much promotion on grabfood,3,neutral,grab,com.grabtaxi.passenger,google_play
2026-04-02 17:50:07,Naswa Zein Qurrotul Ain,"Kalo ganiat ngasih promo gausah gagal mulu promonya, oiya yang pengen makan dapet banyak promo download aja GOJEK di GO FOOD dijamin 100 persen banyak promo nya asli sumpah gak kayak apk ini",kalo ganiat ngasih promo gausah gagal mulu promonya oiya yang pengen makan dapet banyak promo download aja gojek di go food dijamin 100 persen banyak promo nya asli sumpah gak kayak apk ini,3,neutral,grab,com.grabtaxi.passenger,google_play
2026-04-02 17:45:43,Dedi Rahman,Driver banyak yang gak bawa helm buat penumpang,driver banyak yang gak bawa helm buat penumpang,3,neutral,grab,com.grabtaxi.passenger,google_play
2026-04-02 17:44:24,Mimi Nurasmi,trimakasih pak sudah antar sy Sampay tujuan,trimakasih pak sudah antar sy sampay tujuan,3,neutral,grab,com.grabtaxi.passenger,google_play
2026-04-02 17:44:08,Muhammad Fakhri,ga pagi ga sore dapet driver lama banget,ga pagi ga sore dapet driver lama banget,3,neutral,grab,com.grabtaxi.passenger,google_play
2026-04-02 16:31:43,Dita Azahara,"drive nya pada malas, hujan dikit aja ga terima orderan, pada ga butuh duit kah? kalo musim hujan susah banget dapat drive, najis",drive nya pada malas hujan dikit aja ga terima orderan pada ga butuh duit kah kalo musim hujan susah banget dapat drive najis,3,neutral,grab,com.grabtaxi.passenger,google_play
2026-04-02 16:21:39,lailaa,"grab adalah solusi buat para pelajar seperti aku yang pakai ojol setiap pagi, disini bisa pakai grab hemat sesuai dgn kantong pelajar. sedangkan di aplikasi sebelah ga ada gersi hemat dan harganya yang mahal ga sesuai buat kantong pelajar. disaat aku mau pulang sekolah dan kehujanan pun grab tetap ada versi hemat nya dan waktu sampainya pun cukup cepat. terima kasih grab aku bakal pakai kamu terus ♡",grab adalah solusi buat para pelajar seperti aku yang pakai ojol setiap pagi disini bisa pakai grab hemat sesuai dgn kantong pelajar sedangkan di aplikasi sebelah ga ada gersi hemat dan harganya yang mahal ga sesuai buat kantong pelajar disaat aku mau pulang sekolah dan kehujanan pun grab tetap ada versi hemat nya dan waktu sampainya pun cukup cepat terima kasih grab aku bakal pakai kamu terus,3,neutral,grab,com.grabtaxi.passenger,google_play
2026-04-02 16:18:12,Amdi Lubis,"lain kali ngarah kan jalan jgn ke jalan yg macet dan bnyak lampu merahnya ya, ngotak sikit, kasian driver sama penumpangnya",lain kali ngarah kan jalan jgn ke jalan yg macet dan bnyak lampu merahnya ya ngotak sikit kasian driver sama penumpangnya,3,neutral,grab,com.grabtaxi.passenger,google_play
2026-04-02 16:12:53,esti pandijo,baik kondisi hujan ank sy dilengkapi dgn jas hujan dan helm alhamdulillah terima kasih om,baik kondisi hujan ank sy dilengkapi dgn jas hujan dan helm alhamdulillah terima kasih om,3,neutral,grab,com.grabtaxi.passenger,google_play
2026-04-02 15:43:44,Nanie Fitria13,order grab gesit dan cepqt dripda shpeefood,order grab gesit dan cepqt dripda shpeefood,3,neutral,grab,com.grabtaxi.passenger,google_play
2026-04-02 15:28:56,Astrid Lede,bgus deh pokoknya,bgus deh pokoknya,3,neutral,grab,com.grabtaxi.passenger,google_play
2026-04-02 15:24:38,No Waja,"bikin ribet aja, ngapain sih verifikasi selfie segala",bikin ribet aja ngapain sih verifikasi selfie segala,3,neutral,grab,com.grabtaxi.passenger,google_play
2026-04-02 15:06:01,Leonita Wahyu Aryana,tarifnya skrg mahal banget.. sptnya sy harus beralih.. tadinya udh nyaman banget pake grab tp sorry to say ada yg lbh affordable,tarifnya skrg mahal banget sptnya sy harus beralih tadinya udh nyaman banget pake grab tp sorry to say ada yg lbh affordable,3,neutral,grab,com.grabtaxi.passenger,google_play
2026-04-02 14:43:16,Widya Wati,"sangat membantu perjalanan saya... sehingga lebih mudah,ramah d kantong biayanya",sangat membantu perjalanan saya sehingga lebih mudah ramah d kantong biayanya,3,neutral,grab,com.grabtaxi.passenger,google_play
2026-04-02 14:42:03,Adi Ganz,"awalnya bagus lama"" bnyk yg cancel jarak jauh bnget ngk bisa buat buru"" nunggu driver nya juga lama berhenti 20mnit baru jalan ke penumpang Gilak sih sekarang malah ngk ada driver disekitar",awalnya bagus lama bnyk yg cancel jarak jauh bnget ngk bisa buat buru nunggu driver nya juga lama berhenti 20mnit baru jalan ke penumpang gilak sih sekarang malah ngk ada driver disekitar,3,neutral,grab,com.grabtaxi.passenger,google_play
2026-04-02 13:55:37,Leni Leny Lavenia,aplikasi yang bagus dan baik,aplikasi yang bagus dan baik,3,neutral,grab,com.grabtaxi.passenger,google_play
2026-04-02 13:36:27,Salman Fadhila,bagus dan keren,bagus dan keren,3,neutral,grab,com.grabtaxi.passenger,google_play
2026-04-02 13:33:04,Qania Mardiah,"sayang, murahin lagi ya sayang, aku senang dapet harga murah mulu walau jauh sayang",sayang murahin lagi ya sayang aku senang dapet harga murah mulu walau jauh sayang,3,neutral,grab,com.grabtaxi.passenger,google_play
2026-04-02 13:26:22,Initial E,"Lebih prefer pesan taxi buat order layanan car. Grab Car selain mahal, para drivernya pada malas, gak sopan, nyetir kasar dan kalo jalan sempit disuruh turun gak sampai titik turun. Bayar pake QRIS gak sabaran duit masuk, marah² kalo duit belum masuk, kan ya harusnya masalah sinyal juga kan. Sering gak mau batalin order kalo rute macet, pelanggan yang harus batalin, alhasil pelanggan yang kena suspend. Pake Grab cuman buat layanan food aja kalo lagi ada promo.",lebih prefer pesan taxi buat order layanan car grab car selain mahal para drivernya pada malas gak sopan nyetir kasar dan kalo jalan sempit disuruh turun gak sampai titik turun bayar pake qris gak sabaran duit masuk marah kalo duit belum masuk kan ya harusnya masalah sinyal juga kan sering gak mau batalin order kalo rute macet pelanggan yang harus batalin alhasil pelanggan yang kena suspend pake grab cuman buat layanan food aja kalo lagi ada promo,3,neutral,grab,com.grabtaxi.passenger,google_play
2026-04-02 12:37:38,Bangkit Kharisma Raja,saya ingin kembali pakai grab tapi terkendala oleh otp karena nomor lama sudah tidak aktif. tolong kedepannya buat opsi verifikasi melalui email,saya ingin kembali pakai grab tapi terkendala oleh otp karena nomor lama sudah tidak aktif tolong kedepannya buat opsi verifikasi melalui email,3,neutral,grab,com.grabtaxi.passenger,google_play
2026-04-02 12:12:45,Agil Ahsina Putra,pengguna sudah hampir 2 th tapi baru2 ini kenapa kalo pesan makanan lama semua?,pengguna sudah hampir 2 th tapi baru2 ini kenapa kalo pesan makanan lama semua,3,neutral,grab,com.grabtaxi.passenger,google_play
2026-04-02 12:03:22,Pikri hidayatulloh,"damnn jahat banget , sedikit cerita paman saya abis kontrol diigd gara gara punya riwayat penyakit stroke dan jalannya sedikit ² di gandeng ,lalu titik koordinat yang saya masukan terlalu jauh memang salah saya ,tapi dengan sopan saya nyuruh nunggu kepada pihak pengemudi 2 menit doang , malah di cancel dengan alasan jauh nyari yang lain aja , sejahat itu yaa padahal paman saya sudah berusaha jalan , sehat teruss deh buat orang orang :)",damnn jahat banget sedikit cerita paman saya abis kontrol diigd gara gara punya riwayat penyakit stroke dan jalannya sedikit di gandeng lalu titik koordinat yang saya masukan terlalu jauh memang salah saya tapi dengan sopan saya nyuruh nunggu kepada pihak pengemudi 2 menit doang malah di cancel dengan alasan jauh nyari yang lain aja sejahat itu yaa padahal paman saya sudah berusaha jalan sehat teruss deh buat orang orang,3,neutral,grab,com.grabtaxi.passenger,google_play
2026-04-02 11:53:52,Dwi Fitri Cahyani,"benar-benar kapok naik grab bike, padahal grab bikenya bukan yg hemat, bisa""nya drivernya gak tahu diri, udah motornya beat duduknya gak mau maju, naiknya kenceng banget, dikasih tahu jalan ngeyel, maunya lewat jalan besar gamau lewat gang dimana lewat gang itu jalan tercepat ya tahu sendiri dia naiknya sekencang apa, akhirnya mogok dah tuh motornya, dan penumpangnya juga yg rugi dan harus jalan kaki sekitar 300 meter",benar benar kapok naik grab bike padahal grab bikenya bukan yg hemat bisa nya drivernya gak tahu diri udah motornya beat duduknya gak mau maju naiknya kenceng banget dikasih tahu jalan ngeyel maunya lewat jalan besar gamau lewat gang dimana lewat gang itu jalan tercepat ya tahu sendiri dia naiknya sekencang apa akhirnya mogok dah tuh motornya dan penumpangnya juga yg rugi dan harus jalan kaki sekitar 300 meter,3,neutral,grab,com.grabtaxi.passenger,google_play
2026-04-02 11:13:26,Kikiayu Indah sari,pengantar sangt aman,pengantar sangt aman,3,neutral,grab,com.grabtaxi.passenger,google_play
2026-04-02 11:08:18,Dody Aviantoro,"pelayanan baik ,sampai tujuan",pelayanan baik sampai tujuan,3,neutral,grab,com.grabtaxi.passenger,google_play
2026-04-02 10:27:07,Khadijah Indriani,sangat membantu.tp di daerah daerah dan jam tertentu tidak ada driver.,sangat membantu tp di daerah daerah dan jam tertentu tidak ada driver,3,neutral,grab,com.grabtaxi.passenger,google_play
2026-04-02 10:21:58,Yazid Zaidan,enak poll cocok untuk pelajar,enak poll cocok untuk pelajar,3,neutral,grab,com.grabtaxi.passenger,google_play
2026-04-02 09:46:09,Achmad official,bagus apk nya dan lebih murah dripda gojek,bagus apk nya dan lebih murah dripda gojek,3,neutral,grab,com.grabtaxi.passenger,google_play
2026-04-02 09:30:16,Jaya Anggara,lumayan soalnya turunya jauh dari rumah/lokasi,lumayan soalnya turunya jauh dari rumah lokasi,3,neutral,grab,com.grabtaxi.passenger,google_play
2026-04-02 08:37:54,fajar fitra,"nunggu lama, ada driver di sekitar tapi harus nunggu yg jauh,padahal yg sebelah rumah juga lagi nunggu orderan,...",nunggu lama ada driver di sekitar tapi harus nunggu yg jauh padahal yg sebelah rumah juga lagi nunggu orderan,3,neutral,grab,com.grabtaxi.passenger,google_play
2026-04-02 08:37:00,Rizky Putranto,responnya cepat bagus,responnya cepat bagus,3,neutral,grab,com.grabtaxi.passenger,google_play
2026-04-02 08:21:58,A Haris,bagus sih. hanya saja saat langganan grab unlimited tidak sesuai dengan informasi produk yang diberikan.,bagus sih hanya saja saat langganan grab unlimited tidak sesuai dengan informasi produk yang diberikan,3,neutral,grab,com.grabtaxi.passenger,google_play
2026-04-02 07:52:12,Chandra,"dalam 4 hari,2x dicancel yg 1 waktu tunggu nya 7 menit. saya mah ga masalah nunggu,driver nya yg males ambil. yg ke 2 udah mau sampai,eh dicancel tiba². yg td nya udah mepet kerja,jd telat karna pesen ojol LG",dalam 4 hari 2x dicancel yg 1 waktu tunggu nya 7 menit saya mah ga masalah nunggu driver nya yg males ambil yg ke 2 udah mau sampai eh dicancel tiba yg td nya udah mepet kerja jd telat karna pesen ojol lg,3,neutral,grab,com.grabtaxi.passenger,google_play
2026-04-02 07:37:55,Kinasih314 Wulan,layanan baik dan cepat,layanan baik dan cepat,3,neutral,grab,com.grabtaxi.passenger,google_play
2026-04-02 07:37:51,Naila Naila,"apk nya sering lelet sehingga menyebabkan penumpang lama menunggu untuk membuat pesanan,dan memakan waktu yang lama.",apk nya sering lelet sehingga menyebabkan penumpang lama menunggu untuk membuat pesanan dan memakan waktu yang lama,3,neutral,grab,com.grabtaxi.passenger,google_play
2026-04-02 07:18:42,Muhammad Syahrul,Sangat memudahkan keperluan pergi kemana saja. Dengan fitur promo Yang Termurah cukup mulai dari 7500 🌟🌟,sangat memudahkan keperluan pergi kemana saja dengan fitur promo yang termurah cukup mulai dari 7500,3,neutral,grab,com.grabtaxi.passenger,google_play
2026-04-02 07:12:02,Dodol Podol,bagus tapi masalah nya leg mulu,bagus tapi masalah nya leg mulu,3,neutral,grab,com.grabtaxi.passenger,google_play
2026-04-02 06:19:40,Putri ayu Andira,harga nya tiba-tiba naik padahal pas mesen 12.500 saat sampai di lokasi berubah jadi 21.000 dan uda dua kali terjadi seperti ini pernah juga saya mesen saat mau makan gacoan jaraknya hanya 1.8km dari rumah saya pesen yang harga 10.000 tiba tiba pas nyampek jadi 20.000aneh banget. jujur kecewa banget kok bisa gitu,harga nya tiba tiba naik padahal pas mesen 12 500 saat sampai di lokasi berubah jadi 21 000 dan uda dua kali terjadi seperti ini pernah juga saya mesen saat mau makan gacoan jaraknya hanya 1 8km dari rumah saya pesen yang harga 10 000 tiba tiba pas nyampek jadi 20 000aneh banget jujur kecewa banget kok bisa gitu,3,neutral,grab,com.grabtaxi.passenger,google_play
2026-04-02 06:19:13,Nur Alam,"muda dipake,ok",muda dipake ok,3,neutral,grab,com.grabtaxi.passenger,google_play
2026-04-02 06:18:50,Utami Dewi,selalu memberikan layanan yg terbaik.... terimakasih babang2 Grab 🙏,selalu memberikan layanan yg terbaik terimakasih babang2 grab,3,neutral,grab,com.grabtaxi.passenger,google_play
2026-04-02 06:10:15,Geo Imut,"setiap mau pesan pagi kok disulitin gini si gatau jam udh mepet udh dipesen jauh jam sama aja blom dpt""",setiap mau pesan pagi kok disulitin gini si gatau jam udh mepet udh dipesen jauh jam sama aja blom dpt,3,neutral,grab,com.grabtaxi.passenger,google_play
2026-04-02 06:01:30,Modifikasi Bandung,"Tinggalkan GRAB, tiap pesan dikasih driver yg jauh dengan harapan dicancel dan kembali pesan, namun ketika kembali pesan harga menjadi naik/diarahkan ke harga yg tinggi agar waktu tunggu menjadi sebentar. Sungguh cara berbisnis yg buruk, kasihan driver yg mencari nafkah dengan aplikator seperti ini.",tinggalkan grab tiap pesan dikasih driver yg jauh dengan harapan dicancel dan kembali pesan namun ketika kembali pesan harga menjadi naik diarahkan ke harga yg tinggi agar waktu tunggu menjadi sebentar sungguh cara berbisnis yg buruk kasihan driver yg mencari nafkah dengan aplikator seperti ini,3,neutral,grab,com.grabtaxi.passenger,google_play
2026-04-02 05:31:21,Petrus Sugianto,"dengan perubahan map yg bergerak, membuat pusing dan bingung.. sebaiknya map dikembalikan ke fitur awal (tidak bergerak).",dengan perubahan map yg bergerak membuat pusing dan bingung sebaiknya map dikembalikan ke fitur awal tidak bergerak,3,neutral,grab,com.grabtaxi.passenger,google_play
2026-04-02 05:23:23,Real Nazo,maps nya kurang detail,maps nya kurang detail,3,neutral,grab,com.grabtaxi.passenger,google_play
2026-04-02 04:44:36,Pgs Saja,sulit mendapatkan makanan yang terdekat dan murah 🤧🤧🤧🤧 saya maunya motor kok munculnya mobil 🤯,sulit mendapatkan makanan yang terdekat dan murah saya maunya motor kok munculnya mobil,3,neutral,grab,com.grabtaxi.passenger,google_play
2026-04-02 03:12:40,Asti Widiari,"usul dong, grab bikin aplikasi versi lite nya biar ga terlalu berat di hp......🙏😁😁😁😁",usul dong grab bikin aplikasi versi lite nya biar ga terlalu berat di hp,3,neutral,grab,com.grabtaxi.passenger,google_play
2026-04-02 02:23:04,Nasirinmasruri Nasirinmasruri,GK ada kembalian,gk ada kembalian,3,neutral,grab,com.grabtaxi.passenger,google_play
2026-04-02 02:00:42,Islahadi Abidin,murah potongan besar konflik batin cs dan driver,murah potongan besar konflik batin cs dan driver,3,neutral,grab,com.grabtaxi.passenger,google_play
2026-04-02 00:06:22,Amran banen,biasa di luar.. luar bisa,biasa di luar luar bisa,3,neutral,grab,com.grabtaxi.passenger,google_play
2026-04-02 00:04:58,016_Pisi Anggriani,tiba tiba fitur pemesanan makanan saya hilang padahal baru 2 BLN saya gak gunakan saya mau gunakan kembali udh gak ada fitur pesan makan lagi tolong dong penjelasanya itu gimana padahal saya udh jdi memper prioritas sebelumnya,tiba tiba fitur pemesanan makanan saya hilang padahal baru 2 bln saya gak gunakan saya mau gunakan kembali udh gak ada fitur pesan makan lagi tolong dong penjelasanya itu gimana padahal saya udh jdi memper prioritas sebelumnya,3,neutral,grab,com.grabtaxi.passenger,google_play
2026-04-01 23:09:00,Galih Suhendra,"ape bnde lah, aps berlaku untuk daerah tertentu jer, macam pahang temerloh kuantan bahau dan masih banyak lgi yg tak boleh dapat order, klo nak ramai penumpang bagi la masuk pedalama",ape bnde lah aps berlaku untuk daerah tertentu jer macam pahang temerloh kuantan bahau dan masih banyak lgi yg tak boleh dapat order klo nak ramai penumpang bagi la masuk pedalama,3,neutral,grab,com.grabtaxi.passenger,google_play
2026-04-01 22:28:14,Eko SM,Semoga terus terupdate aplikasinya sehingga memudahkan para pelanggan dan driver,semoga terus terupdate aplikasinya sehingga memudahkan para pelanggan dan driver,3,neutral,grab,com.grabtaxi.passenger,google_play
2026-04-01 22:01:17,Astrllaa,"sampah, bikin tambah lama saja, tidak ada driver yang ambil, aplikasi sampah",sampah bikin tambah lama saja tidak ada driver yang ambil aplikasi sampah,3,neutral,grab,com.grabtaxi.passenger,google_play
2026-04-01 22:00:44,Kardo Adrianto,"kecepatan mengendarainya pas,gak kencang gak lambat",kecepatan mengendarainya pas gak kencang gak lambat,3,neutral,grab,com.grabtaxi.passenger,google_play
2026-04-01 21:31:47,Nofita bakar,hari ini saya kecewa sama grab karena saya melakukan 2 kali pembayara dan uangnya tidak kembali,hari ini saya kecewa sama grab karena saya melakukan 2 kali pembayara dan uangnya tidak kembali,3,neutral,grab,com.grabtaxi.passenger,google_play
2026-04-01 21:31:34,Cemput Pegadaian,"pesan makanan lamaaa smpai 2 jam, sya beralin ke applikasi lain aja, tks grab smoga lebih ok lgi!",pesan makanan lamaaa smpai 2 jam sya beralin ke applikasi lain aja tks grab smoga lebih ok lgi,3,neutral,grab,com.grabtaxi.passenger,google_play
2026-04-01 21:21:45,Jul Nelly,titik ny suka berubah sendiri anehhhh,titik ny suka berubah sendiri anehhhh,3,neutral,grab,com.grabtaxi.passenger,google_play
2026-04-01 20:59:22,Dewi,aplikasi jelek banget sering error. pesen food tapi gk ke detec history. giliran mau di lacak pesenan malah gk ada.,aplikasi jelek banget sering error pesen food tapi gk ke detec history giliran mau di lacak pesenan malah gk ada,3,neutral,grab,com.grabtaxi.passenger,google_play
2026-04-01 20:54:05,Hanny Putri,"pertama kali order grabfood bener bner ga worth it, sejam setengah nunggu cuma karena perkara bayarnya tunai, padahal jarak resto juga deket. ga lagi lagi make ni apk",pertama kali order grabfood bener bner ga worth it sejam setengah nunggu cuma karena perkara bayarnya tunai padahal jarak resto juga deket ga lagi lagi make ni apk,3,neutral,grab,com.grabtaxi.passenger,google_play
2026-04-01 20:39:55,Reinsan2,"gak ada driver saat hujan, padahal lagi butuh makanan. harga drive juga mahal. gak ada promo complete.",gak ada driver saat hujan padahal lagi butuh makanan harga drive juga mahal gak ada promo complete,3,neutral,grab,com.grabtaxi.passenger,google_play
2026-04-01 20:39:05,Iskandar Bin Bunito,"terima kasih, sdra abdul, sdh mengantar sy dengan baik dan sampai tujuan",terima kasih sdra abdul sdh mengantar sy dengan baik dan sampai tujuan,3,neutral,grab,com.grabtaxi.passenger,google_play
2026-04-01 20:32:27,Celak an,bagus. tp aring banyak penolakan dr driver,bagus tp aring banyak penolakan dr driver,3,neutral,grab,com.grabtaxi.passenger,google_play
2026-04-01 20:08:46,Rosihalwa Rosihalwamamamega,sesuai rekomendasi setiap hujan grabfood cocok deh..👍🏻,sesuai rekomendasi setiap hujan grabfood cocok deh,3,neutral,grab,com.grabtaxi.passenger,google_play
2026-04-01 20:00:22,Safirara Tiaa,"driverny rata"" bad atitude main cancel seenakny pdhl alamat udh bener",driverny rata bad atitude main cancel seenakny pdhl alamat udh bener,3,neutral,grab,com.grabtaxi.passenger,google_play
2026-04-01 19:41:03,Suhardi Iriandi,mantap pengemudi nya lucu awoakwoakaok,mantap pengemudi nya lucu awoakwoakaok,3,neutral,grab,com.grabtaxi.passenger,google_play
2026-04-01 19:32:43,rara Fahra,kecewa berat akhir akhir ini grabfood susah bgt dapet driver saya sudah nunggu sampe dua jam ga dapet dapet pdhl saya sudah pakai mode regular tetap saja ini karna driver nya males ambil pesanan atau emang gada driver soalnya sering bgt kejadian kayak gini susah dapet driver,kecewa berat akhir akhir ini grabfood susah bgt dapet driver saya sudah nunggu sampe dua jam ga dapet dapet pdhl saya sudah pakai mode regular tetap saja ini karna driver nya males ambil pesanan atau emang gada driver soalnya sering bgt kejadian kayak gini susah dapet driver,3,neutral,grab,com.grabtaxi.passenger,google_play
2026-04-01 19:12:48,Nike,"Upgrade your existing features. Why do so many merchants require customers to communicate their order status to their drivers? Isn't there a chat feature or direct contact between merchants and drivers? Seriously, customers have to be the middleman!? Rethink your business process. What if there's a problem or situation that needs to be resolved directly between the merchant and the driver? Don't go through the customer. it's very disruptive and impractical! Shipping costs too expensive!!",upgrade your existing features why do so many merchants require customers to communicate their order status to their drivers isn t there a chat feature or direct contact between merchants and drivers seriously customers have to be the middleman rethink your business process what if there s a problem or situation that needs to be resolved directly between the merchant and the driver don t go through the customer it s very disruptive and impractical shipping costs too expensive,3,neutral,grab,com.grabtaxi.passenger,google_play
2026-04-01 19:11:48,Sapeq,driver pada sombong udh gabutuh duit gak nemu driver dari 40 menit,driver pada sombong udh gabutuh duit gak nemu driver dari 40 menit,3,neutral,grab,com.grabtaxi.passenger,google_play
2026-04-01 18:59:05,Kusmayadi,sangat membantu sekali 👍👍👍,sangat membantu sekali,3,neutral,grab,com.grabtaxi.passenger,google_play
2026-04-01 18:54:14,petrusdumoli panjaitan,bisnis penjajah ala modern. dibalut aplikasi,bisnis penjajah ala modern dibalut aplikasi,3,neutral,grab,com.grabtaxi.passenger,google_play
2026-04-01 17:57:37,Eufrasia Sherien,"kasih lokasi tuh yg bener, sesuai titik, apalagi grab car. malah nyusahin customer, aneh.",kasih lokasi tuh yg bener sesuai titik apalagi grab car malah nyusahin customer aneh,3,neutral,grab,com.grabtaxi.passenger,google_play
2026-04-01 17:42:20,Yufan Yudi,thanks..driver ramah dan sopan serta kompeten,thanks driver ramah dan sopan serta kompeten,3,neutral,grab,com.grabtaxi.passenger,google_play
2026-04-01 17:37:27,Khodijah Dijah,pencarian mobil mudah membantu perjalanan,pencarian mobil mudah membantu perjalanan,3,neutral,grab,com.grabtaxi.passenger,google_play
2026-04-01 17:20:32,nikita aiko,"grab food skrng lama kali, saya sudah menunggu terlalu lama dan kelaparan. masa nunggu menyiapkan makanan hampir sejam lebih, tambahin fitur chat dgn penjual agar lebih mudah. sudah menunggu lama masa driver yang mengantar juga lama dan tidak ada yang mau mengambil karena bayar tunai, ada ada aja. kapok deh pake grab food",grab food skrng lama kali saya sudah menunggu terlalu lama dan kelaparan masa nunggu menyiapkan makanan hampir sejam lebih tambahin fitur chat dgn penjual agar lebih mudah sudah menunggu lama masa driver yang mengantar juga lama dan tidak ada yang mau mengambil karena bayar tunai ada ada aja kapok deh pake grab food,3,neutral,grab,com.grabtaxi.passenger,google_play
2026-04-01 17:15:24,Sun xx3,"untuk area jatim mohon jngan mahal"" minimal 8k sudah mempermudah masyarakat supaya pelanggan setia makin banyak dan driver juga sejahtera, hidup grab Indonesia.... setia bersama grab",untuk area jatim mohon jngan mahal minimal 8k sudah mempermudah masyarakat supaya pelanggan setia makin banyak dan driver juga sejahtera hidup grab indonesia setia bersama grab,3,neutral,grab,com.grabtaxi.passenger,google_play
2026-04-01 17:11:32,Tessy Mardi Tosika,"keren, Tksh untuk pelayanan nya yang sudah antarkan orang' tua saya sampai ke rumah",keren tksh untuk pelayanan nya yang sudah antarkan orang tua saya sampai ke rumah,3,neutral,grab,com.grabtaxi.passenger,google_play
2026-04-01 17:07:01,Robert Kowel,"saya bersama-sama teman melihat ketepatan waktu grab, terimakasih.",saya bersama sama teman melihat ketepatan waktu grab terimakasih,3,neutral,grab,com.grabtaxi.passenger,google_play
2026-04-01 16:48:09,noy ayiii,"bagus banget, murah murah, tpi kenapasi susah bnget di buka apk nya",bagus banget murah murah tpi kenapasi susah bnget di buka apk nya,3,neutral,grab,com.grabtaxi.passenger,google_play
2026-04-01 16:07:54,risa Alayubi,saya uninstall karna grab tidak memikirkan nasib drivernya,saya uninstall karna grab tidak memikirkan nasib drivernya,3,neutral,grab,com.grabtaxi.passenger,google_play
2026-04-01 16:05:53,D D,mempermudah tiap urusan jarak dekat dan jauh,mempermudah tiap urusan jarak dekat dan jauh,3,neutral,grab,com.grabtaxi.passenger,google_play
2026-04-01 15:17:23,Deddy Ariestian,sulit dapat driver.. padahal di sekitar ada beberapa,sulit dapat driver padahal di sekitar ada beberapa,3,neutral,grab,com.grabtaxi.passenger,google_play
2026-04-01 15:16:37,Piper Payne,"Grab is a convenient and reliable ride-hailing app that makes getting around the city a breeze, with affordable prices and friendly drivers",grab is a convenient and reliable ride hailing app that makes getting around the city a breeze with affordable prices and friendly drivers,3,neutral,grab,com.grabtaxi.passenger,google_play
2026-04-01 15:06:39,Kenji Granada,gile mantep hemat 7.000 doang,gile mantep hemat 7 000 doang,3,neutral,grab,com.grabtaxi.passenger,google_play
2026-04-01 14:49:58,The Most Incredible Strong,"Jika manajemen internal grab tidak berbenah, maka dipastikan tidak lama lagi bernasib gulung tikar sepi penggemar",jika manajemen internal grab tidak berbenah maka dipastikan tidak lama lagi bernasib gulung tikar sepi penggemar,3,neutral,grab,com.grabtaxi.passenger,google_play
2026-04-01 14:35:03,• FROZT •,"Saat memesan makanan tertulis ""Ada masalah dengan metode pembayaranmu"" saya sudah mencoba metode pembayaran lain seperti QRIS dan Tunai tetapi sama saja, tolong diperbaiki.",saat memesan makanan tertulis ada masalah dengan metode pembayaranmu saya sudah mencoba metode pembayaran lain seperti qris dan tunai tetapi sama saja tolong diperbaiki,3,neutral,grab,com.grabtaxi.passenger,google_play
2026-04-01 14:31:41,Herlina Wijaya,lama banget dapat driver nya,lama banget dapat driver nya,3,neutral,grab,com.grabtaxi.passenger,google_play
2026-04-01 13:32:27,Magdalena Kadi,mantap dan cepat,mantap dan cepat,3,neutral,grab,com.grabtaxi.passenger,google_play
2026-04-01 12:45:22,Agnezsy Brahmavamso,"kenapa tiba-tiba tiap pesan harus tunggu lama bgt,saya pas mau ke sekolah atau pas pulang sekolah selalu aja nunggak lama bgt,pas mw pergi jd telat,pas mw pulang,sekolah udh sepi,bru ad yg nyamber,ga salahin org gojekny,tp sistemny kenapa lag bgt,padahal internet saya bagus bagus aja",kenapa tiba tiba tiap pesan harus tunggu lama bgt saya pas mau ke sekolah atau pas pulang sekolah selalu aja nunggak lama bgt pas mw pergi jd telat pas mw pulang sekolah udh sepi bru ad yg nyamber ga salahin org gojekny tp sistemny kenapa lag bgt padahal internet saya bagus bagus aja,3,neutral,grab,com.grabtaxi.passenger,google_play
2026-04-01 12:37:22,Ratu Billqis,promo nya di jam jam tertentu ya ternyata. mantap,promo nya di jam jam tertentu ya ternyata mantap,3,neutral,grab,com.grabtaxi.passenger,google_play
2026-04-01 11:17:57,Ulfi Latifa,kok sekarang grab susah di bula ya aplikasi nya,kok sekarang grab susah di bula ya aplikasi nya,3,neutral,grab,com.grabtaxi.passenger,google_play
2026-04-01 11:08:33,ilham arizal,kenapa grab lemot sekarang?,kenapa grab lemot sekarang,3,neutral,grab,com.grabtaxi.passenger,google_play
2026-04-01 11:02:44,Hiskandar sh,Hiskandar sh Mutiars Bogor Raya (MBR) Masjid Almadinah samping Alkahfi. blok F7 no3 12. Rt.2/16 kel. katulampah. Kec. Bogor Timur. Bogor kota. Jabar. ind. Jemput alamat tsb di ats. tks,hiskandar sh mutiars bogor raya mbr masjid almadinah samping alkahfi blok f7 no3 12 rt 2 16 kel katulampah kec bogor timur bogor kota jabar ind jemput alamat tsb di ats tks,3,neutral,grab,com.grabtaxi.passenger,google_play
2026-04-01 10:54:23,karisma nuryanti,saya ingin bertanya driver grab banyak? saya pesen grab dari jam 5.40 sampai jam 6.30 susah dapetnya . begitu dapet driver yg jauh harus nunggu 20 menit. saya kedepan banyak driver grab deket rumah pada diem pada lagi nunggu orderan tapi kenapa harus dapet yang jauh sudah dapet driver lama. sampai 1 jam saya nyari driver.,saya ingin bertanya driver grab banyak saya pesen grab dari jam 5 40 sampai jam 6 30 susah dapetnya begitu dapet driver yg jauh harus nunggu 20 menit saya kedepan banyak driver grab deket rumah pada diem pada lagi nunggu orderan tapi kenapa harus dapet yang jauh sudah dapet driver lama sampai 1 jam saya nyari driver,3,neutral,grab,com.grabtaxi.passenger,google_play
2026-04-01 10:35:48,Jannawase Luke,sangat membantu dalam melakukan aktivitas perjalanan. terima kasih atas kehadirannya.,sangat membantu dalam melakukan aktivitas perjalanan terima kasih atas kehadirannya,3,neutral,grab,com.grabtaxi.passenger,google_play
2026-04-01 10:21:04,Yandi Tama,okey aja sih,okey aja sih,3,neutral,grab,com.grabtaxi.passenger,google_play
2026-04-01 10:17:50,Dwi Fortunan Tomo Popeye's,Grap Food banyak discount,grap food banyak discount,3,neutral,grab,com.grabtaxi.passenger,google_play
2026-04-01 10:06:40,Reyno Fradipta,driver nya sombong²,driver nya sombong,3,neutral,grab,com.grabtaxi.passenger,google_play
2026-04-01 09:17:14,Thamir thamirin,"Grab terbaik menurutku, aplikasi yang sangat mudah tuk bepergian",grab terbaik menurutku aplikasi yang sangat mudah tuk bepergian,3,neutral,grab,com.grabtaxi.passenger,google_play
2026-04-01 08:56:19,Sri Sugiarto,"ok,,mntaff..sgt mmbantu",ok mntaff sgt mmbantu,3,neutral,grab,com.grabtaxi.passenger,google_play
2026-04-01 08:53:14,Adi,"udah ga kaya dulu, dapet driver jauh2 terus padahal ga pake hemat. pake hemat apalagi",udah ga kaya dulu dapet driver jauh2 terus padahal ga pake hemat pake hemat apalagi,3,neutral,grab,com.grabtaxi.passenger,google_play
2026-04-01 08:06:56,Ayu Sugiarto,sangat membantu. menjadikan perjalanan kita menjadi lebih cepat dn nyaman .,sangat membantu menjadikan perjalanan kita menjadi lebih cepat dn nyaman,3,neutral,grab,com.grabtaxi.passenger,google_play
2026-04-01 07:49:13,Mamas aja Aja,suka aplikasi ini,suka aplikasi ini,3,neutral,grab,com.grabtaxi.passenger,google_play
2026-04-01 07:48:38,zaskyaanggraeni8,"lama banget mesen mknn jg, pesen jam 07.41 dikira sampe nya jam 09.10 edan keburu maag kambuh",lama banget mesen mknn jg pesen jam 07 41 dikira sampe nya jam 09 10 edan keburu maag kambuh,3,neutral,grab,com.grabtaxi.passenger,google_play
2026-04-01 07:25:21,Vincenso Kayot,"Sudah lebih dari sebulan, mengapa setiap pagi kalau order grab bike, drivernya selalu jauh dari titik jemput? Apakah algoritmanya berubah, sangat mengesalkan, krn harus tggu 7 - 9 menit drivernya.",sudah lebih dari sebulan mengapa setiap pagi kalau order grab bike drivernya selalu jauh dari titik jemput apakah algoritmanya berubah sangat mengesalkan krn harus tggu 7 9 menit drivernya,3,neutral,grab,com.grabtaxi.passenger,google_play
2026-04-01 07:14:01,Willy Varel,aplikasi gak berguna pas yang penting gak ada driver nya pas yang gak penting gampang kali dapat driver gak cocok untuk pigi ke mana mana,aplikasi gak berguna pas yang penting gak ada driver nya pas yang gak penting gampang kali dapat driver gak cocok untuk pigi ke mana mana,3,neutral,grab,com.grabtaxi.passenger,google_play
2026-04-01 07:09:23,ALFA BAROKAH,memudahkan segala keperluan,memudahkan segala keperluan,3,neutral,grab,com.grabtaxi.passenger,google_play
2026-04-01 07:03:08,064_Dwi Andita Esterlina Naiborhu,"males bngt pake grab paket hemat bike ga ada yg nerima, giliran yg 24rb baru pada nerima. hapus aja dah kalau gini",males bngt pake grab paket hemat bike ga ada yg nerima giliran yg 24rb baru pada nerima hapus aja dah kalau gini,3,neutral,grab,com.grabtaxi.passenger,google_play
2026-04-01 06:53:37,Rakanero Valderiz,"udh nunggu lama tau tau di batalin sama driver tanpa konfir, sampe telat gua buat pergi, kenapa ga langsung di batalin dari awal? atau ga ngecht dulu? tegasin dong drivernya",udh nunggu lama tau tau di batalin sama driver tanpa konfir sampe telat gua buat pergi kenapa ga langsung di batalin dari awal atau ga ngecht dulu tegasin dong drivernya,3,neutral,grab,com.grabtaxi.passenger,google_play
2026-04-01 06:51:27,Runabiya Channel,"Saya udah lamaaaaa banget pake grab di akun lama, kebetulan kepasangnya di HP anak, order di HP aku yg kebetulan akunnya baru. Nah yg nyebelin, order grab car udah dapet driver pertama. Eh drivernya bilang ""macet bu ke daerah sana, saya jauh posisinya"" bla bla bla akhirnya minta cancel. Order lagi kan tuh, dapet lagi driver kedua, yang juga minta cancel dgn alasan sama. Eh malah saya yg harus nanggung biaya cancel,klo berulang kondisinya gmn itu? masa mau gt terus grab?",saya udah lamaaaaa banget pake grab di akun lama kebetulan kepasangnya di hp anak order di hp aku yg kebetulan akunnya baru nah yg nyebelin order grab car udah dapet driver pertama eh drivernya bilang macet bu ke daerah sana saya jauh posisinya bla bla bla akhirnya minta cancel order lagi kan tuh dapet lagi driver kedua yang juga minta cancel dgn alasan sama eh malah saya yg harus nanggung biaya cancel klo berulang kondisinya gmn itu masa mau gt terus grab,3,neutral,grab,com.grabtaxi.passenger,google_play
2026-04-01 06:49:21,Maeda Nathania,"paling percaya dgn Grab, semua kebutuhan ada disana",paling percaya dgn grab semua kebutuhan ada disana,3,neutral,grab,com.grabtaxi.passenger,google_play
2026-04-01 06:47:02,Novan Imam Firmansyah,"yang bener aja udah seminggu dikasih driver yang jauh banget, padahal di sekitar banyak driver.",yang bener aja udah seminggu dikasih driver yang jauh banget padahal di sekitar banyak driver,3,neutral,grab,com.grabtaxi.passenger,google_play
2026-04-01 06:38:38,mala nadila,parah ya grab sekarang sudah dapat driver mau pagi atw sore sama saja,parah ya grab sekarang sudah dapat driver mau pagi atw sore sama saja,3,neutral,grab,com.grabtaxi.passenger,google_play
2026-04-01 06:31:24,Alb Yan,"woy ngasi driver jan jauh jauh ngapa bego, gua kesekolah jadinya telat bloon, yrs tolong lahhh grab ini bikin drivernya ini nyelesain orderan nya dlu",woy ngasi driver jan jauh jauh ngapa bego gua kesekolah jadinya telat bloon yrs tolong lahhh grab ini bikin drivernya ini nyelesain orderan nya dlu,3,neutral,grab,com.grabtaxi.passenger,google_play
2026-04-01 06:30:47,Pratama Eko,"BB vhi c. vvv u,,v,,v xxxd see x exra BB BB MBB Hb BB b BB b BB",bb vhi c vvv u v v xxxd see x exra bb bb mbb hb bb b bb b bb,3,neutral,grab,com.grabtaxi.passenger,google_play
2026-04-01 06:26:10,Anna nonny Lenting,"bikin promo tapi supir kalian pada ga mau ambil. sekalinya ada yang ambil nungguin lama bisa 15 menit lebih.. promo sama ga promo bedanya jauh bisa 15rb, makanya kami penumpang pasti ambil yang promo. mending apus aja tuh promo",bikin promo tapi supir kalian pada ga mau ambil sekalinya ada yang ambil nungguin lama bisa 15 menit lebih promo sama ga promo bedanya jauh bisa 15rb makanya kami penumpang pasti ambil yang promo mending apus aja tuh promo,3,neutral,grab,com.grabtaxi.passenger,google_play
2026-04-01 06:20:35,aura rahmadinaa,"kalo nyariin driver jangan yang jauh jauh dong min, saya telat mulu padahal bayar udah yang standar tapi tetep jauh juga",kalo nyariin driver jangan yang jauh jauh dong min saya telat mulu padahal bayar udah yang standar tapi tetep jauh juga,3,neutral,grab,com.grabtaxi.passenger,google_play
2026-04-01 06:19:41,Rizky R Putri,makin kesini makin payah.. udah tarifnya naik tapi drivernya kalau sdh dapat orderan pada gak bisa dihubungin.. sengaja biar pemesan membatalkan pesanan.. payah banget,makin kesini makin payah udah tarifnya naik tapi drivernya kalau sdh dapat orderan pada gak bisa dihubungin sengaja biar pemesan membatalkan pesanan payah banget,3,neutral,grab,com.grabtaxi.passenger,google_play
2026-04-01 06:19:18,Andri Saputro,"Sulit cari ojeknya, banyak pilih pilih customer, bubarin aja biar pada nganggur lagi itu tukang ojek",sulit cari ojeknya banyak pilih pilih customer bubarin aja biar pada nganggur lagi itu tukang ojek,3,neutral,grab,com.grabtaxi.passenger,google_play
2026-04-01 06:18:59,rina asriyah,dari hari Senin sampai hari Kamis ini susah mendapatkan driver grab motor,dari hari senin sampai hari kamis ini susah mendapatkan driver grab motor,3,neutral,grab,com.grabtaxi.passenger,google_play
2026-04-01 06:12:28,AzkaaZzz,"pelayanan nya lama banget, saya mau berangkat sekolah malah gada yg mau ngambil orderan saya",pelayanan nya lama banget saya mau berangkat sekolah malah gada yg mau ngambil orderan saya,3,neutral,grab,com.grabtaxi.passenger,google_play
2026-04-01 06:02:50,Tria Hardianti,"ulasan terbaru ku, per 2026 skrg susah dapet driver pdhl pesen sblm jam 6 pagi. klo lewat jam 6 pagi udah gabisa diharapkan bgt. driver pada jauh, dan gamau ambil orderan dan gamau cancel dari pihak driver. ada yang hemat, tapi bener² susah bgt cari driver. mending dihapus aja yg hematnya sekalian, driver gapada mau ambil. bahkan pesen bukan di jam sibukpun ttp susah. tambahkan juga lencana ibu hamil di apk. biar driver tau.",ulasan terbaru ku per 2026 skrg susah dapet driver pdhl pesen sblm jam 6 pagi klo lewat jam 6 pagi udah gabisa diharapkan bgt driver pada jauh dan gamau ambil orderan dan gamau cancel dari pihak driver ada yang hemat tapi bener susah bgt cari driver mending dihapus aja yg hematnya sekalian driver gapada mau ambil bahkan pesen bukan di jam sibukpun ttp susah tambahkan juga lencana ibu hamil di apk biar driver tau,3,neutral,grab,com.grabtaxi.passenger,google_play
2026-04-01 05:58:53,Aris Setyawan,selalu alamat tidak muncul saat menggunakan wifi... sangat buruk aplikasinya,selalu alamat tidak muncul saat menggunakan wifi sangat buruk aplikasinya,3,neutral,grab,com.grabtaxi.passenger,google_play
2026-04-01 05:53:03,Widi Priyatno,"pengemudi ramah, komunikatif dan mahir terima kasih pak Agus. 👍👍",pengemudi ramah komunikatif dan mahir terima kasih pak agus,3,neutral,grab,com.grabtaxi.passenger,google_play
2026-04-01 04:44:49,Warid Cube,haha membantu sekali,haha membantu sekali,3,neutral,grab,com.grabtaxi.passenger,google_play
2026-04-01 03:57:49,Dedi Gunawan,"bikin kecewa mau login masuk SDH puny akun,dgn satu nomor TDK ganti ganti,malah JD sulit login/ masuk,JD bolk balik verifikasi akun google atau nomor skli dicoba pke google jawabnya ini akun BKN milikmu,bikin emosi",bikin kecewa mau login masuk sdh puny akun dgn satu nomor tdk ganti ganti malah jd sulit login masuk jd bolk balik verifikasi akun google atau nomor skli dicoba pke google jawabnya ini akun bkn milikmu bikin emosi,3,neutral,grab,com.grabtaxi.passenger,google_play
2026-04-01 03:17:15,Nur Nayla Khoerotun Uyun,"bener bener krisis ojol banget, pesen makanan pake prioritas berasa pake hematttttttt",bener bener krisis ojol banget pesen makanan pake prioritas berasa pake hematttttttt,3,neutral,grab,com.grabtaxi.passenger,google_play
2026-04-01 01:50:54,Sigit purnomo Lasarika,saya puas dgn apk greb,saya puas dgn apk greb,3,neutral,grab,com.grabtaxi.passenger,google_play
2026-04-01 00:16:32,Faqih,driver nya siaga!,driver nya siaga,3,neutral,grab,com.grabtaxi.passenger,google_play
2026-03-31 23:43:06,Arya Thalia19,"PELAYANAN ANDA SANGAT BURUK SEKARANG, GRABFOOD DAPAT MAKANAN RASA SABUN CUCI PIRING... STOP PAKAI INI JASA",pelayanan anda sangat buruk sekarang grabfood dapat makanan rasa sabun cuci piring stop pakai ini jasa,3,neutral,grab,com.grabtaxi.passenger,google_play
2026-03-31 23:31:00,Ria Fashion,"enak,pedas nya pas,tepat waktu,pokok nya mantap,",enak pedas nya pas tepat waktu pokok nya mantap,3,neutral,grab,com.grabtaxi.passenger,google_play
2026-03-31 22:52:09,Muhammad Syindre,"Grab bangst 3jam kami nunggu kamk sudah kelaparan, ajg gw pesen lagi malah tambah lama kntl sia sia waktu gw, demi tuhan ga akan gw pake lagi ni grab, aku haram kan keluarga ku memakai grab, fk you",grab bangst 3jam kami nunggu kamk sudah kelaparan ajg gw pesen lagi malah tambah lama kntl sia sia waktu gw demi tuhan ga akan gw pake lagi ni grab aku haram kan keluarga ku memakai grab fk you,3,neutral,grab,com.grabtaxi.passenger,google_play
2026-03-31 22:19:27,Ikbal Rijaldi,mesen grabfood jadi lelet sama ga bisa cancel,mesen grabfood jadi lelet sama ga bisa cancel,3,neutral,grab,com.grabtaxi.passenger,google_play
2026-03-31 22:08:26,Aditya Nugraha,sulit menemukan driver,sulit menemukan driver,3,neutral,grab,com.grabtaxi.passenger,google_play
2026-03-31 22:04:52,Ahlan Wii,driver nya pada gjls sering banget tiba² di cancel padahal udh nunggu lama lama.,driver nya pada gjls sering banget tiba di cancel padahal udh nunggu lama lama,3,neutral,grab,com.grabtaxi.passenger,google_play
2026-03-31 21:52:10,Alissa Putri,"lama bgt sih dpt driver, berkali kali kek gini apalah",lama bgt sih dpt driver berkali kali kek gini apalah,3,neutral,grab,com.grabtaxi.passenger,google_play
2026-03-31 21:02:03,Fenny Permata,sebel banget setiap ngoder dan menggunakan pembayaran cash driver selalu bilang tidak ada kembalian terus 😡😡😡😡 kan gak semua orang punya ovo dll.,sebel banget setiap ngoder dan menggunakan pembayaran cash driver selalu bilang tidak ada kembalian terus kan gak semua orang punya ovo dll,3,neutral,grab,com.grabtaxi.passenger,google_play
2026-03-31 20:57:48,Rahma Wulele ugi,"grabfood slow respon sya sdh pesan yng expres tpi malah sma jam ny kaya yng bukan expres, cari bantuan juga tidak membantu percuma, di minta cancel jga ngak mau, sya sadah percaya sama grab tapi ter nyata malah kya bgtu bkin kecewa sdh bnyak teman saya yng ber pindah aplikasi karna grabfood ny slow",grabfood slow respon sya sdh pesan yng expres tpi malah sma jam ny kaya yng bukan expres cari bantuan juga tidak membantu percuma di minta cancel jga ngak mau sya sadah percaya sama grab tapi ter nyata malah kya bgtu bkin kecewa sdh bnyak teman saya yng ber pindah aplikasi karna grabfood ny slow,3,neutral,grab,com.grabtaxi.passenger,google_play
2026-03-31 20:46:27,feby margareta,aplikasinya susah banget dibuka bhkan sampai ga bisa di buka apalagi kalau urgent.. tolong di perbaiki donk pdahal udah di perbarui,aplikasinya susah banget dibuka bhkan sampai ga bisa di buka apalagi kalau urgent tolong di perbaiki donk pdahal udah di perbarui,3,neutral,grab,com.grabtaxi.passenger,google_play
2026-03-31 20:27:36,Syahril ismuzidan Maulana,"gk tau gw pokoknya males aja sama grab, gw udah terlalu sering di cancel sama pengemudi karena terlalu banyak zona merah ini gimn dari pihak terkait, kesian pengemudi nya kehilangan pendapatan karena terlalu banyak zona merah terutama di wilayah bandung dan jatinangor, dan lainya, ayolah perbaiki biar sama sama enak kalau gini terus sama sama di rugikan",gk tau gw pokoknya males aja sama grab gw udah terlalu sering di cancel sama pengemudi karena terlalu banyak zona merah ini gimn dari pihak terkait kesian pengemudi nya kehilangan pendapatan karena terlalu banyak zona merah terutama di wilayah bandung dan jatinangor dan lainya ayolah perbaiki biar sama sama enak kalau gini terus sama sama di rugikan,3,neutral,grab,com.grabtaxi.passenger,google_play
2026-03-31 20:23:36,Por Speed,pengedaranya rama baik,pengedaranya rama baik,3,neutral,grab,com.grabtaxi.passenger,google_play
2026-03-31 20:21:12,Bagoes Widjaja,keren drivernya ramah banget,keren drivernya ramah banget,3,neutral,grab,com.grabtaxi.passenger,google_play
2026-03-31 20:03:41,Adie Riyadi,"waktunya balik ke aplikasi sebelah,",waktunya balik ke aplikasi sebelah,3,neutral,grab,com.grabtaxi.passenger,google_play
2026-03-31 19:52:03,Fransiskus Aditya,Makin hari makin susah dapat driver,makin hari makin susah dapat driver,3,neutral,grab,com.grabtaxi.passenger,google_play
2026-03-31 19:27:11,Van Langen,murah dan baik,murah dan baik,3,neutral,grab,com.grabtaxi.passenger,google_play
2026-03-31 19:23:52,Yudha Pranata,pesan martabak terang bulan di Martabak Penataran 78 pasti enak gk nyesel . recommended min.,pesan martabak terang bulan di martabak penataran 78 pasti enak gk nyesel recommended min,3,neutral,grab,com.grabtaxi.passenger,google_play
2026-03-31 18:43:31,Noor Qomari,aplikasi yg bagus,aplikasi yg bagus,3,neutral,grab,com.grabtaxi.passenger,google_play
2026-03-31 18:29:00,rolin vina,"Hari ini benar-benar kesal. Saya pesan grab mahal dan menunggunya 10 menit karena mau antar penumpang dulu. Pas udah diantar penumpang yg satu ini tiba2 pesanan saya dibatalkan padahal alamat dekat sama penumpang yang diantar. saya pesan lagi grab, dapat yang mahal + lama kaliii. Udah itu motornya jupiter dan pijakannya pun gak ada dibelakang. SEBAL BANGET. Mau MURAH sama MAHAL semuanya sama-sama LAMA. Gak ada KEISTIMEWAAN yang MAHAL",hari ini benar benar kesal saya pesan grab mahal dan menunggunya 10 menit karena mau antar penumpang dulu pas udah diantar penumpang yg satu ini tiba2 pesanan saya dibatalkan padahal alamat dekat sama penumpang yang diantar saya pesan lagi grab dapat yang mahal lama kaliii udah itu motornya jupiter dan pijakannya pun gak ada dibelakang sebal banget mau murah sama mahal semuanya sama sama lama gak ada keistimewaan yang mahal,3,neutral,grab,com.grabtaxi.passenger,google_play
2026-03-31 18:18:12,User Samiasih,mobilnya nyaman dan sopir ramah,mobilnya nyaman dan sopir ramah,3,neutral,grab,com.grabtaxi.passenger,google_play
2026-03-31 18:11:09,umar yasin,hari ini mesen gerb mau cek up ke rs. mesen greb ad 1 jm kurng baru dpt dri jm 16:00 baru dpt jm 16:57 tolng di perbaruii lg kendala y. sekali dpt buat plg ad pertanyaan. mau nunggu pak jemput y jauh. tp saya solat dlu. jwb y. y gpp di tggu. simpel 😁,hari ini mesen gerb mau cek up ke rs mesen greb ad 1 jm kurng baru dpt dri jm 16 00 baru dpt jm 16 57 tolng di perbaruii lg kendala y sekali dpt buat plg ad pertanyaan mau nunggu pak jemput y jauh tp saya solat dlu jwb y y gpp di tggu simpel,3,neutral,grab,com.grabtaxi.passenger,google_play
2026-03-31 18:08:22,airlangga avryansyah,"verifikasinya tolong dibenahi, saat selfie terlalu cepat namun tidak mempermudah malah gagal terus",verifikasinya tolong dibenahi saat selfie terlalu cepat namun tidak mempermudah malah gagal terus,3,neutral,grab,com.grabtaxi.passenger,google_play
2026-03-31 17:43:23,rudy hartanto,cepat & tepat waktu,cepat tepat waktu,3,neutral,grab,com.grabtaxi.passenger,google_play
2026-03-31 17:42:29,Alif Alvian,terlalu lama dan ongkir yg terlalu banyak hingga lebih dari pesanan,terlalu lama dan ongkir yg terlalu banyak hingga lebih dari pesanan,3,neutral,grab,com.grabtaxi.passenger,google_play
2026-03-31 17:34:58,Richard Tuelang,"senang sih pakai grab, cuma sebaiknya grab mulai bisa menertibkan outfit para mitranya, jgnlah driver pake celana pendek, kaos lusuh, usahakanlah penampilan driver lebih profesional sandal jepit, kumel, kaya org baru bangun tidur. bersin seenaknya.",senang sih pakai grab cuma sebaiknya grab mulai bisa menertibkan outfit para mitranya jgnlah driver pake celana pendek kaos lusuh usahakanlah penampilan driver lebih profesional sandal jepit kumel kaya org baru bangun tidur bersin seenaknya,3,neutral,grab,com.grabtaxi.passenger,google_play
2026-03-31 17:30:42,iDIN'tknow,"sampah. gada gunanya donwload ni apk. grab bike, car, food mahal semua. selalu nunggu grab bike ampe setengah jam dan gada yg nerima.",sampah gada gunanya donwload ni apk grab bike car food mahal semua selalu nunggu grab bike ampe setengah jam dan gada yg nerima,3,neutral,grab,com.grabtaxi.passenger,google_play
2026-03-31 17:29:23,EDI UMAR,aplikasinya bagus banget saya sangat suka mempermudah saya melakukan perjalanan jauh ataupun dekat grab terbaik...🥰🥰🥰🥰🙏🙏🙏🙏🙏.,aplikasinya bagus banget saya sangat suka mempermudah saya melakukan perjalanan jauh ataupun dekat grab terbaik,3,neutral,grab,com.grabtaxi.passenger,google_play
2026-03-31 16:32:05,Haidr Bakso,grab murah bagi orang yang jarang make grab klo yang sering gatau ya,grab murah bagi orang yang jarang make grab klo yang sering gatau ya,3,neutral,grab,com.grabtaxi.passenger,google_play
2026-03-31 16:22:31,Dont Know,"semuanya sebenarnya udah oke, hanya saja mungkin bisalah kembalikan fitur batalkan pesanan untuk yang grab food, bukan untuk scam driver atau apa cuman ini bikin malas nungguin untuk dapat drivernya, masalahnya kalau memang tidak ada yg terima ya kita sebagai konsumen gampang kasih batalin pesanan, hanya saja ini aduh..harus tunggu beberapa menit sampai satu jam agar pesanannya terbatal, mau pesan makanan lain karna udah nggak mood jadi takut kalau pesanan yg sebelumnya tiba tiba dapat driver.",semuanya sebenarnya udah oke hanya saja mungkin bisalah kembalikan fitur batalkan pesanan untuk yang grab food bukan untuk scam driver atau apa cuman ini bikin malas nungguin untuk dapat drivernya masalahnya kalau memang tidak ada yg terima ya kita sebagai konsumen gampang kasih batalin pesanan hanya saja ini aduh harus tunggu beberapa menit sampai satu jam agar pesanannya terbatal mau pesan makanan lain karna udah nggak mood jadi takut kalau pesanan yg sebelumnya tiba tiba dapat driver,3,neutral,grab,com.grabtaxi.passenger,google_play
2026-03-31 16:21:56,Nanjar Hazard,pemesanan cepat 👍 drivernya gk pilih pilih 👍,pemesanan cepat drivernya gk pilih pilih,3,neutral,grab,com.grabtaxi.passenger,google_play
2026-03-31 16:09:21,Arindra Yudha Oktoberry,"The absolute ultimate ""super-app"" for life in SE Asia. Whether I’m hailing a ride during rush hour or sending a last-minute gift to a friend, Grab always delivers. The drivers are consistently professional and the app interface is incredibly slick. I especially love the rewards system; those points actually add up to some pretty sweet discounts on my future rides and meals. It’s fast, secure, and makes city living so much more manageable. Highly recommend for the convenience!",the absolute ultimate super app for life in se asia whether i m hailing a ride during rush hour or sending a last minute gift to a friend grab always delivers the drivers are consistently professional and the app interface is incredibly slick i especially love the rewards system those points actually add up to some pretty sweet discounts on my future rides and meals it s fast secure and makes city living so much more manageable highly recommend for the convenience,3,neutral,grab,com.grabtaxi.passenger,google_play
2026-03-31 15:22:18,Rika Amelia,Maaf saya Uninstall aplikasi setelah bertahun-tahun pake sering dapat pengemudi disini gk sopan sudah menunggu lama tiba tiba di batalkan tanpa konfirmasi jadi buang buang waktu kita nunggu setidaknya konfirmasi terlebih dahulu kalo memang tidak bisa jemput bkn saat pengemudi sudah jalan baru di batalkan sepihak,maaf saya uninstall aplikasi setelah bertahun tahun pake sering dapat pengemudi disini gk sopan sudah menunggu lama tiba tiba di batalkan tanpa konfirmasi jadi buang buang waktu kita nunggu setidaknya konfirmasi terlebih dahulu kalo memang tidak bisa jemput bkn saat pengemudi sudah jalan baru di batalkan sepihak,3,neutral,grab,com.grabtaxi.passenger,google_play
2026-03-31 15:18:39,Tiara Rasya,"apk lemot, pesen grabcar karena hujan sore sore malah cuma loading doang, nemu kagak, makin kesini kok malah melakukan kemunduran, gojek yg dulunya kaya lo sekarang drivernya fast respons",apk lemot pesen grabcar karena hujan sore sore malah cuma loading doang nemu kagak makin kesini kok malah melakukan kemunduran gojek yg dulunya kaya lo sekarang drivernya fast respons,3,neutral,grab,com.grabtaxi.passenger,google_play
2026-03-31 15:11:07,Dedy Himawan,"hari gini susah sekali dapat grab, para driver udah pada kaya atau memang lagi malas",hari gini susah sekali dapat grab para driver udah pada kaya atau memang lagi malas,3,neutral,grab,com.grabtaxi.passenger,google_play
2026-03-31 14:56:42,Kesar Siringoringo,kenapa sih sekarang harus verifikasi wajah Mulu ? mana lemot bgt lagi,kenapa sih sekarang harus verifikasi wajah mulu mana lemot bgt lagi,3,neutral,grab,com.grabtaxi.passenger,google_play
2026-03-31 14:53:52,firman abdul,aplikasi tolol lintah darat pelayanan buruk,aplikasi tolol lintah darat pelayanan buruk,3,neutral,grab,com.grabtaxi.passenger,google_play
2026-03-31 14:40:08,Surya Surya,lancar sampai tujuan,lancar sampai tujuan,3,neutral,grab,com.grabtaxi.passenger,google_play
2026-03-31 14:29:17,Yoka Prasetyo,tolong jangan gunakan AI dalam periklanan,tolong jangan gunakan ai dalam periklanan,3,neutral,grab,com.grabtaxi.passenger,google_play
2026-03-31 14:04:02,Jepara Phone,alamat nya gak ketemu ketemu,alamat nya gak ketemu ketemu,3,neutral,grab,com.grabtaxi.passenger,google_play
2026-03-31 13:40:15,Ade Sundari,buat grab dan gojek MAPS LO BENERIIIIIN LOL!!!.,buat grab dan gojek maps lo beneriiiiin lol,3,neutral,grab,com.grabtaxi.passenger,google_play
2026-03-31 13:24:31,Robby S,"saya sering pakai yg ride. aplikasi yang buruk. saat pencarian driver banyak driver terdekat, tapi pasti dapat driver yg terjauh.. dan drivernya pada tolol2. bilang mau jalan malah di cancel, banyak driver yang cari customer langsung. cek driver kalian",saya sering pakai yg ride aplikasi yang buruk saat pencarian driver banyak driver terdekat tapi pasti dapat driver yg terjauh dan drivernya pada tolol2 bilang mau jalan malah di cancel banyak driver yang cari customer langsung cek driver kalian,3,neutral,grab,com.grabtaxi.passenger,google_play
2026-03-31 12:51:52,Shaqila Putri Nurmarhali,"kasian driver sekarang jemput orderan ya jauh jauh, tolong perbaiki lagi sistem ya",kasian driver sekarang jemput orderan ya jauh jauh tolong perbaiki lagi sistem ya,3,neutral,grab,com.grabtaxi.passenger,google_play
2026-03-31 12:35:07,nyoman sidayana,driver greb terlalu milih milih orderan tidak bersyukur berapapun dia dapat kalo malas jangan kerja,driver greb terlalu milih milih orderan tidak bersyukur berapapun dia dapat kalo malas jangan kerja,3,neutral,grab,com.grabtaxi.passenger,google_play
2026-03-31 12:30:21,iBOY,"woy bodoh,,kenapa dengan grab wallet kau,kenapa gak boleh di gunakan baik bayar food atau pun cars..aku sudah top up tapi nda boleh di guna. kau balekan duit ku lagi",woy bodoh kenapa dengan grab wallet kau kenapa gak boleh di gunakan baik bayar food atau pun cars aku sudah top up tapi nda boleh di guna kau balekan duit ku lagi,3,neutral,grab,com.grabtaxi.passenger,google_play
2026-03-31 11:29:11,Anita Interista,punya grab gift gak tau cara pakainya,punya grab gift gak tau cara pakainya,3,neutral,grab,com.grabtaxi.passenger,google_play
2026-03-31 10:40:40,Desi Rena,"ramah,n bgus",ramah n bgus,3,neutral,grab,com.grabtaxi.passenger,google_play
2026-03-31 10:16:23,yayan heryana,"mantap , tingkat kan terus layanan nya",mantap tingkat kan terus layanan nya,3,neutral,grab,com.grabtaxi.passenger,google_play
2026-03-31 09:45:28,Made Warmada,sangat baik pelayanan,sangat baik pelayanan,3,neutral,grab,com.grabtaxi.passenger,google_play
2026-03-31 09:11:31,ferdinand zulkarnain,"kenapa sekarang dapat drivernya jauh"",,, tlg pelayanannya di tingkatkan biar cs mudah dapat driver yg dekat",kenapa sekarang dapat drivernya jauh tlg pelayanannya di tingkatkan biar cs mudah dapat driver yg dekat,3,neutral,grab,com.grabtaxi.passenger,google_play
2026-03-31 08:39:01,P Syahono02,sangat membantu perjalanan dan mempercepat aktivitas,sangat membantu perjalanan dan mempercepat aktivitas,3,neutral,grab,com.grabtaxi.passenger,google_play
2026-03-31 07:43:00,Bes ti,ini pihak grab ga mau benerin sistem driver kah? sekarang jadi Lama Lama banget udah ga rekomendasi. mending aplikasi sebelah cepet banget dapat driver nya,ini pihak grab ga mau benerin sistem driver kah sekarang jadi lama lama banget udah ga rekomendasi mending aplikasi sebelah cepet banget dapat driver nya,3,neutral,grab,com.grabtaxi.passenger,google_play
2026-03-31 07:06:37,Yozura Ky,"susah amat cari driver, ga jelas",susah amat cari driver ga jelas,3,neutral,grab,com.grabtaxi.passenger,google_play
2026-03-31 07:03:46,Andri Saragih,"parah ,grab bike udh berhari2 ga ada yg nyangkut,dan klo nyangkut udh mau dkt rmh tetiba d cancel pdhl udh mempet dan udh bnyk yg nolak mentang2 dana pelajar,butuh duit tp maunya gede,grabcar jg sama pake XL plus tp kursi belakang d lipat ,alasanya macetlah,ada barang lah....mending ga usah XL plus....parah skrg driver2 udh ga mau jarak Deket, nanti klo udh sepi penumpang ngeluh lg....",parah grab bike udh berhari2 ga ada yg nyangkut dan klo nyangkut udh mau dkt rmh tetiba d cancel pdhl udh mempet dan udh bnyk yg nolak mentang2 dana pelajar butuh duit tp maunya gede grabcar jg sama pake xl plus tp kursi belakang d lipat alasanya macetlah ada barang lah mending ga usah xl plus parah skrg driver2 udh ga mau jarak deket nanti klo udh sepi penumpang ngeluh lg,3,neutral,grab,com.grabtaxi.passenger,google_play
2026-03-31 06:59:21,Soviani Lach,"saya beralih ke grab karena dari segi ongkosnya murah dan terjangkau apalagi untuk seorang pelajar,, saya selalu menggunakan grab bike untuk ke sekolah dan penumpangnya anak saya yang seorang pelajar,,jadi tolong ya grab jgn mengecewakan.dan pencarian pelaksananya juga jgn trlu lama ya,pdhl saya pesan,y ga mepet loh.😌dan tolong di tindak pengemudi yg udh deal tapi mlh membatalkan tiba-tiba.tolong di tindak.",saya beralih ke grab karena dari segi ongkosnya murah dan terjangkau apalagi untuk seorang pelajar saya selalu menggunakan grab bike untuk ke sekolah dan penumpangnya anak saya yang seorang pelajar jadi tolong ya grab jgn mengecewakan dan pencarian pelaksananya juga jgn trlu lama ya pdhl saya pesan y ga mepet loh dan tolong di tindak pengemudi yg udh deal tapi mlh membatalkan tiba tiba tolong di tindak,3,neutral,grab,com.grabtaxi.passenger,google_play
2026-03-31 06:49:46,Bambam akun pribadi,kenapa harus login ke akun yg lama,kenapa harus login ke akun yg lama,3,neutral,grab,com.grabtaxi.passenger,google_play
2026-03-31 06:26:47,Neng Ani nuraeni,2 hari ini susah bgt nyari driver. knp ya? mana gak kira2 tarifnya sampe naik 4x lipat.,2 hari ini susah bgt nyari driver knp ya mana gak kira2 tarifnya sampe naik 4x lipat,3,neutral,grab,com.grabtaxi.passenger,google_play
2026-03-31 06:18:37,Halim Sajah,"nice,cepat dan terjangkau",nice cepat dan terjangkau,3,neutral,grab,com.grabtaxi.passenger,google_play
2026-03-31 06:16:06,Fatma Aisy,ga dpt' grab nya,ga dpt grab nya,3,neutral,grab,com.grabtaxi.passenger,google_play
2026-03-31 06:12:12,fifi prasiliya,lama dapat Driver nya skrg,lama dapat driver nya skrg,3,neutral,grab,com.grabtaxi.passenger,google_play
2026-03-31 06:09:17,Leona Haruka,"sering lama saat mendapatkan kendaraan, lelet, dan juga sering membatalkan pesanan",sering lama saat mendapatkan kendaraan lelet dan juga sering membatalkan pesanan,3,neutral,grab,com.grabtaxi.passenger,google_play
2026-03-31 05:57:33,BruhCat,pengemudinya pemalas semua. yang harusnya nunggu cuma 5 menit bisa jadi 10 menit karena mereka diam dulu ditempat.,pengemudinya pemalas semua yang harusnya nunggu cuma 5 menit bisa jadi 10 menit karena mereka diam dulu ditempat,3,neutral,grab,com.grabtaxi.passenger,google_play
2026-03-31 05:31:31,Akhtar Daud,"makin susah dapet driver nya dan sekalinya dapet jauh², makin banyak driver yg susah di hubungi pada belagu driver nya wowkwokwo udah dapet dia jalan eh di cancel malah jangan pesen di grab lagi guys😹😹😹",makin susah dapet driver nya dan sekalinya dapet jauh makin banyak driver yg susah di hubungi pada belagu driver nya wowkwokwo udah dapet dia jalan eh di cancel malah jangan pesen di grab lagi guys,3,neutral,grab,com.grabtaxi.passenger,google_play
2026-03-31 00:59:28,Ahsanil Fitriana Ramdani,"sering pakek grab trus tiba² aplikasinya lemot bangt,padahal jaringan aman² aja.",sering pakek grab trus tiba aplikasinya lemot bangt padahal jaringan aman aja,3,neutral,grab,com.grabtaxi.passenger,google_play
2026-03-31 00:07:22,Yanuri,"kecewa order kendaraan g dapet, malah ngiklan kok nyepam..",kecewa order kendaraan g dapet malah ngiklan kok nyepam,3,neutral,grab,com.grabtaxi.passenger,google_play
2026-03-31 00:01:51,Dina Fillan,malam ini ditemani DRIVER YANG BAIK HATI DAN SANGAT SABAR.... JADI SANGAT NYAMAN KETIKA DILAYANI TERIMA KASIH MAS SUPRIYANTO 👍👍👍👍👍,malam ini ditemani driver yang baik hati dan sangat sabar jadi sangat nyaman ketika dilayani terima kasih mas supriyanto,3,neutral,grab,com.grabtaxi.passenger,google_play
2026-03-30 23:15:35,Linda Diana Zaoldyeck,"kalo ada driver nyuruh cancel tp tetep antrin & bayar sesuai aplikasi, jangan mau. ngebikin kitanya yg jd susah dpt driver di kemudian hari. jd skrg uninstall aja lah.",kalo ada driver nyuruh cancel tp tetep antrin bayar sesuai aplikasi jangan mau ngebikin kitanya yg jd susah dpt driver di kemudian hari jd skrg uninstall aja lah,3,neutral,grab,com.grabtaxi.passenger,google_play
2026-03-30 22:51:50,Nurfa Dilla,"Super app paling handal di Asia Tenggara. Driver-nya sopan, aplikasinya sangat responsif, dan layanan GrabPay-nya memudahkan segala transaksi. Pilihan layanannya mulai dari transportasi hingga pengantaran dokumen sangat lengkap.",super app paling handal di asia tenggara driver nya sopan aplikasinya sangat responsif dan layanan grabpay nya memudahkan segala transaksi pilihan layanannya mulai dari transportasi hingga pengantaran dokumen sangat lengkap,3,neutral,grab,com.grabtaxi.passenger,google_play
2026-03-30 22:44:53,Widy Widy,tidak bisa di instal,tidak bisa di instal,3,neutral,grab,com.grabtaxi.passenger,google_play
2026-03-30 22:29:25,Boin Kabira,ga jelas sudah di cancel malah Dateng ..giliran di tungguin grab food malah cancel udah lapar hadeuh,ga jelas sudah di cancel malah dateng giliran di tungguin grab food malah cancel udah lapar hadeuh,3,neutral,grab,com.grabtaxi.passenger,google_play
2026-03-30 21:51:52,Epoel Doank,ok sangat bagus dan nyaman,ok sangat bagus dan nyaman,3,neutral,grab,com.grabtaxi.passenger,google_play
2026-03-30 21:50:02,Dhiya Al Mishkah Aziz,makin lama makin jelek ni sistem,makin lama makin jelek ni sistem,3,neutral,grab,com.grabtaxi.passenger,google_play
2026-03-30 21:41:47,SKA BAN Pekanbaru,"kalau promo gk berlaku gk usah di adakan, di hapus aja, kita udah tunggu 2 jam pesanan makanan kita gk sampai sampai... terbaikk aplikasi nya josss",kalau promo gk berlaku gk usah di adakan di hapus aja kita udah tunggu 2 jam pesanan makanan kita gk sampai sampai terbaikk aplikasi nya josss,3,neutral,grab,com.grabtaxi.passenger,google_play
2026-03-30 21:26:09,Ma Hani,kecewa ada gocar yg nipu saya PD tanggal 29bmaret 2026 pukul 19.00 wib udh saya byr pake gopay sebesar 242.000 alasannya GK punya gopay .udh ada bukti TF minta uang tunai sebesar 242.000 juga.tolong balikin gopay saya atas nama mahani driver bernama mardius A-95ET8NEGWSPVAV,kecewa ada gocar yg nipu saya pd tanggal 29bmaret 2026 pukul 19 00 wib udh saya byr pake gopay sebesar 242 000 alasannya gk punya gopay udh ada bukti tf minta uang tunai sebesar 242 000 juga tolong balikin gopay saya atas nama mahani driver bernama mardius a 95et8negwspvav,3,neutral,grab,com.grabtaxi.passenger,google_play
2026-03-30 21:20:12,Permata alya,"sekarang makin lama dapet driver, kacauu tolong dong solusinya",sekarang makin lama dapet driver kacauu tolong dong solusinya,3,neutral,grab,com.grabtaxi.passenger,google_play
2026-03-30 21:18:54,Satria Januar Firdaus,"hama, dikira semua orang lagi punya saldo untuk grabfood apa? aneh bgt, so so an nerapin secara general untuk non-tunai",hama dikira semua orang lagi punya saldo untuk grabfood apa aneh bgt so so an nerapin secara general untuk non tunai,3,neutral,grab,com.grabtaxi.passenger,google_play
2026-03-30 20:30:08,Trisoer,"Order lama di proses, tdk ada opsi pembatalan",order lama di proses tdk ada opsi pembatalan,3,neutral,grab,com.grabtaxi.passenger,google_play
2026-03-30 20:22:40,Muhammad Naufal Farizky,sumpah lama banget dapet drivernya dari jam 18.20 tadi smpe 20.22 skrg blm dapet driver grabfood,sumpah lama banget dapet drivernya dari jam 18 20 tadi smpe 20 22 skrg blm dapet driver grabfood,3,neutral,grab,com.grabtaxi.passenger,google_play
2026-03-30 20:22:17,vina novianti,"stress, nunggu udah hampir 2 jam, status ga berubah tetap preparinf, dan GABISA DIBATALIN, haduh buang buang waktu bgt ya tolong diubah kebijakanya agar tidak merugikan pihak manapun!!!",stress nunggu udah hampir 2 jam status ga berubah tetap preparinf dan gabisa dibatalin haduh buang buang waktu bgt ya tolong diubah kebijakanya agar tidak merugikan pihak manapun,3,neutral,grab,com.grabtaxi.passenger,google_play
2026-03-30 20:19:06,Randi Ardiansyah,"sangat tidak bermutu argo sampe 42rb ga di ambil padahal jarak cuma 4km , nunggu hampir 1 jam lebih",sangat tidak bermutu argo sampe 42rb ga di ambil padahal jarak cuma 4km nunggu hampir 1 jam lebih,3,neutral,grab,com.grabtaxi.passenger,google_play
2026-03-30 20:15:58,Chrisy Miku,"Proses lama, kalau udah ga ada driver ya udah cancel aja. jangan paksa cari sampai 2 jam.. giliran Bayar Pakai Ovo cepatnya minta ampun pick up makanan. bahkan ga ada Konfirmasi makanan di letakin sembarang di depan pintu. giliran bayar cash ga ada yang mau pick up, Di cancel juga ga bisa udah 3 jam nunggu makanan",proses lama kalau udah ga ada driver ya udah cancel aja jangan paksa cari sampai 2 jam giliran bayar pakai ovo cepatnya minta ampun pick up makanan bahkan ga ada konfirmasi makanan di letakin sembarang di depan pintu giliran bayar cash ga ada yang mau pick up di cancel juga ga bisa udah 3 jam nunggu makanan,3,neutral,grab,com.grabtaxi.passenger,google_play
2026-03-30 20:15:32,Azkia Putri 24,enak dan lembut martabak nya,enak dan lembut martabak nya,3,neutral,grab,com.grabtaxi.passenger,google_play
2026-03-30 20:12:52,Ucok 4545,"Kenapa si tiap pesen grabfood susah banget cari pengemudi, smpe 2jam kelaperan nungguin grab nge stuck mencari pengemudi, di cancel pun gabisa, tolong diperbaiki LG.",kenapa si tiap pesen grabfood susah banget cari pengemudi smpe 2jam kelaperan nungguin grab nge stuck mencari pengemudi di cancel pun gabisa tolong diperbaiki lg,3,neutral,grab,com.grabtaxi.passenger,google_play
2026-03-30 20:10:43,husnudaroin 78,Pesen Grab Xpress dr jam 4 sore sampe jam 8 malam gak ada yg ngambil...Pengalaman buruk 🤬,pesen grab xpress dr jam 4 sore sampe jam 8 malam gak ada yg ngambil pengalaman buruk,3,neutral,grab,com.grabtaxi.passenger,google_play
2026-03-30 20:10:25,Privasi Mus,"pembacaan MAP banyak salah. susah cari sopir, BURUK !",pembacaan map banyak salah susah cari sopir buruk,3,neutral,grab,com.grabtaxi.passenger,google_play
2026-03-30 20:10:03,vidi churanna,"sekarang nunggu lama bgt, ganti driver berkali kali",sekarang nunggu lama bgt ganti driver berkali kali,3,neutral,grab,com.grabtaxi.passenger,google_play
2026-03-30 20:02:45,F12_Adelia Dwi Handayani,sekarang susah bgt mau dpt driver yang nerima orderan makanan,sekarang susah bgt mau dpt driver yang nerima orderan makanan,3,neutral,grab,com.grabtaxi.passenger,google_play
2026-03-30 19:59:19,Ratih Cullen,pesen lamaaaaa bgt dptnya,pesen lamaaaaa bgt dptnya,3,neutral,grab,com.grabtaxi.passenger,google_play
2026-03-30 19:42:09,Ika Roswati,cari driver buat kirim barang LAMA GA DAPET²,cari driver buat kirim barang lama ga dapet,3,neutral,grab,com.grabtaxi.passenger,google_play
2026-03-30 19:39:49,Sri Wahyuni0406,setiap pesen grab sering di batalin udah 7 kali lebih pdhal posisi mau kmna² dket engga jauh jauh amat jadi ngabisin waktu nungguin nya ksell bngt,setiap pesen grab sering di batalin udah 7 kali lebih pdhal posisi mau kmna dket engga jauh jauh amat jadi ngabisin waktu nungguin nya ksell bngt,3,neutral,grab,com.grabtaxi.passenger,google_play
2026-03-30 19:25:48,Feri Wahyudi,pesan jam 17:40 jam 19:30 belum nyampe jugaa,pesan jam 17 40 jam 19 30 belum nyampe jugaa,3,neutral,grab,com.grabtaxi.passenger,google_play
2026-03-30 19:11:20,Panji0421 jarwo,"pesen grab bike,grab car,grabfood lama semua nunggu hampir 1 jam nggak ada yang ngambil pilih"" mau nya cuma yg lebih mahal baru di ambil percumah ada paket hemat kalo susah dapt driver nya",pesen grab bike grab car grabfood lama semua nunggu hampir 1 jam nggak ada yang ngambil pilih mau nya cuma yg lebih mahal baru di ambil percumah ada paket hemat kalo susah dapt driver nya,3,neutral,grab,com.grabtaxi.passenger,google_play
2026-03-30 19:09:58,22_PANNYA DHARMA CAHYANI,grab suka update terus kenapa ya? padahal ga ada fitur yang keliatan loh setelah update. justru bikin hp saya lemot dan memori saya terkuras abis,grab suka update terus kenapa ya padahal ga ada fitur yang keliatan loh setelah update justru bikin hp saya lemot dan memori saya terkuras abis,3,neutral,grab,com.grabtaxi.passenger,google_play
2026-03-30 18:53:30,Yordant Ad'ha Alhakim,aishh dicancel mulu sama drivernya,aishh dicancel mulu sama drivernya,3,neutral,grab,com.grabtaxi.passenger,google_play
2026-03-30 18:50:41,Dewi Dama,alhamdulillah driver nya ramah bngt sopan,alhamdulillah driver nya ramah bngt sopan,3,neutral,grab,com.grabtaxi.passenger,google_play
2026-03-30 18:50:06,naufal sadan,susah cari driver nya,susah cari driver nya,3,neutral,grab,com.grabtaxi.passenger,google_play
2026-03-30 18:48:48,Fajar Bahariii,"min tolong dong ke driver""nya jangan pilih pilih kalo ambil orderan saya udah nunggu 1 jam masa gadapet"" drivernnya padahal cuma jemput 1 orang doang huh",min tolong dong ke driver nya jangan pilih pilih kalo ambil orderan saya udah nunggu 1 jam masa gadapet drivernnya padahal cuma jemput 1 orang doang huh,3,neutral,grab,com.grabtaxi.passenger,google_play
2026-03-30 18:48:43,Gwen Madeleine MH,driver banyak gak mau pick up di sore hari / maghrib,driver banyak gak mau pick up di sore hari maghrib,3,neutral,grab,com.grabtaxi.passenger,google_play
2026-03-30 18:38:56,Dewi Kalinda Indu Kartika,Suka sekali sama aplikasi ini. Terima kasih banyak.,suka sekali sama aplikasi ini terima kasih banyak,3,neutral,grab,com.grabtaxi.passenger,google_play
2026-03-30 18:35:37,Hanzel Hussaini,"belakangan ini sangat sulit untuk menemukan driver grab food, mungkin karena agro-nya kurang menarik di mata para driver, namun bukannya merubah sistem agar driver lebih untung supaya mereka mau ambil malah menambahkan estimasi waktu pesanan berharap bakal ada driver yg ambil sehingga customer harus menunggu untuk waktu yg sangat lama tanpa kepastian dan gabisa cancel kalau belum melewati estimasi",belakangan ini sangat sulit untuk menemukan driver grab food mungkin karena agro nya kurang menarik di mata para driver namun bukannya merubah sistem agar driver lebih untung supaya mereka mau ambil malah menambahkan estimasi waktu pesanan berharap bakal ada driver yg ambil sehingga customer harus menunggu untuk waktu yg sangat lama tanpa kepastian dan gabisa cancel kalau belum melewati estimasi,3,neutral,grab,com.grabtaxi.passenger,google_play
2026-03-30 18:30:47,Nini Pelet,biar bintang yg bicara,biar bintang yg bicara,3,neutral,grab,com.grabtaxi.passenger,google_play
2026-03-30 18:23:58,Ponkil Old,"Aplikasi jelek! Gua udah mesan lama, gak dapat drivernya, malah gak bisa dibatalin. Sekarang ongkir tambah mahal lagi. Gak worth it pake aplikasi ginian",aplikasi jelek gua udah mesan lama gak dapat drivernya malah gak bisa dibatalin sekarang ongkir tambah mahal lagi gak worth it pake aplikasi ginian,3,neutral,grab,com.grabtaxi.passenger,google_play
2026-03-30 18:23:37,Nadaa Fauziyya,"makin lama makin banyak yg mogok kerja drivernya, parah.. ga ada yg mau narik ambil orderan pdhl genting bgt gada transportasi.. tolong pihak aplikasi kasih upah yg layak buat para mitranya biar pada semangat kerjanya. banyak org yg butuh!",makin lama makin banyak yg mogok kerja drivernya parah ga ada yg mau narik ambil orderan pdhl genting bgt gada transportasi tolong pihak aplikasi kasih upah yg layak buat para mitranya biar pada semangat kerjanya banyak org yg butuh,3,neutral,grab,com.grabtaxi.passenger,google_play
2026-03-30 18:18:37,XxAurel malfoy_SlytherinxX,kalo pesen grabfood g bisa dicancel,kalo pesen grabfood g bisa dicancel,3,neutral,grab,com.grabtaxi.passenger,google_play
2026-03-30 18:11:01,Rahayu Septianingsih,saya pesen makan dari jam 16:30 tetiba di cancel karna gaada driver di jam 17:30 bayangin udah nungguin sejamm tokk lagi laper lapernya tiba tiba di cancell,saya pesen makan dari jam 16 30 tetiba di cancel karna gaada driver di jam 17 30 bayangin udah nungguin sejamm tokk lagi laper lapernya tiba tiba di cancell,3,neutral,grab,com.grabtaxi.passenger,google_play
2026-03-30 18:09:42,Tifanny Septiana,drivernya sombong dapetnya lama ga suka udh 4 jm nunggu masih aja ga dpet driver nya,drivernya sombong dapetnya lama ga suka udh 4 jm nunggu masih aja ga dpet driver nya,3,neutral,grab,com.grabtaxi.passenger,google_play
2026-03-30 18:07:09,Iwan Iwan,"kurang memuaskan, menurut saya pas di grabfood, kasih 5 menit buat ngebatalin, soalnya orang tuh kadang kadang kepencet sendiri, jadi mohon untuk Adain batalkan pesanan 5 menit atau 2 menit aja buat kita bisa batalin ketika salah klik atau salah pesanan",kurang memuaskan menurut saya pas di grabfood kasih 5 menit buat ngebatalin soalnya orang tuh kadang kadang kepencet sendiri jadi mohon untuk adain batalkan pesanan 5 menit atau 2 menit aja buat kita bisa batalin ketika salah klik atau salah pesanan,3,neutral,grab,com.grabtaxi.passenger,google_play
2026-03-30 18:05:37,Aku aja Aku aja,"apa""an si ini tolong dong perbaiki driver grab di area Beji Pasuruan kenapa tidak ada yang aktif kalau gak niat kerja gak usa jdi ojol pesan dari sore sampai malam belum satu pun ojol yang nyantol payah ini grab",apa an si ini tolong dong perbaiki driver grab di area beji pasuruan kenapa tidak ada yang aktif kalau gak niat kerja gak usa jdi ojol pesan dari sore sampai malam belum satu pun ojol yang nyantol payah ini grab,3,neutral,grab,com.grabtaxi.passenger,google_play
2026-03-30 18:05:23,Suyoto Suyoto,maap ordernya jauh,maap ordernya jauh,3,neutral,grab,com.grabtaxi.passenger,google_play
2026-03-30 17:56:21,Y. HANDRY Jhonsen,"Not yet good application..... ☠️. Karena maps grab semakin berBeda daripada maps google, jadinya maps pesan food semakin tanpa bisa tulis sesuai alamat sesungguh'nya+masih semakin sering enggak bisa tulis alamat untuk ojol jemput ke alamat sesungguh'nya+masih sering tanpa bisa atur alamat tujuan sesungguh'nya..... 👿. Tapi untung'nya jejak html signal nomor kartu seluler & jejak html ketikan di aplikasi tanpa bisa menipu internasional+jejak html seluler tanpa bisa menipu internasional..... 😈",not yet good application karena maps grab semakin berbeda daripada maps google jadinya maps pesan food semakin tanpa bisa tulis sesuai alamat sesungguh nya masih semakin sering enggak bisa tulis alamat untuk ojol jemput ke alamat sesungguh nya masih sering tanpa bisa atur alamat tujuan sesungguh nya tapi untung nya jejak html signal nomor kartu seluler jejak html ketikan di aplikasi tanpa bisa menipu internasional jejak html seluler tanpa bisa menipu internasional,3,neutral,grab,com.grabtaxi.passenger,google_play
2026-03-30 17:48:26,vatimah azzahra,"pokoknya baik layanannya, ramah pula pengemudinya",pokoknya baik layanannya ramah pula pengemudinya,3,neutral,grab,com.grabtaxi.passenger,google_play
2026-03-30 17:46:25,Dee atma Putri,"sangat menyulitkan bila memesan grabfood dengan opsi transaksi tunai, dipersulit mendapatkan driver, dan pusat bantuan merespon dengan kurang tanggap cenderung mengalihkan dari pokok masalah yang dikeluhkan customer",sangat menyulitkan bila memesan grabfood dengan opsi transaksi tunai dipersulit mendapatkan driver dan pusat bantuan merespon dengan kurang tanggap cenderung mengalihkan dari pokok masalah yang dikeluhkan customer,3,neutral,grab,com.grabtaxi.passenger,google_play
2026-03-30 17:38:21,angga d,tolong dong fitur mapsnya ada pilihan satelit biar lebih mudah buat nambahin alamat,tolong dong fitur mapsnya ada pilihan satelit biar lebih mudah buat nambahin alamat,3,neutral,grab,com.grabtaxi.passenger,google_play
2026-03-30 17:02:39,Kang Sanu,Sangat membantu perjalanan disaat tidak memungkinkan untuk membawa kendaraan sendiri.,sangat membantu perjalanan disaat tidak memungkinkan untuk membawa kendaraan sendiri,3,neutral,grab,com.grabtaxi.passenger,google_play
2026-03-30 17:01:11,aprilliya salsha,daftar pertama lemot gajelas mau beli makan lama gajelas,daftar pertama lemot gajelas mau beli makan lama gajelas,3,neutral,grab,com.grabtaxi.passenger,google_play
2026-03-30 16:52:36,Maya Amelia,susah dpt pengemudi pada songong2 semua,susah dpt pengemudi pada songong2 semua,3,neutral,grab,com.grabtaxi.passenger,google_play
2026-03-30 16:20:21,Irfan Ribut,mengutamakan kenyamanan pelanggan,mengutamakan kenyamanan pelanggan,3,neutral,grab,com.grabtaxi.passenger,google_play
2026-03-30 16:19:10,Nadhif Fr,walau udh unlimited dan berlangganan tetap saja mahal seperti harga customer lainnya,walau udh unlimited dan berlangganan tetap saja mahal seperti harga customer lainnya,3,neutral,grab,com.grabtaxi.passenger,google_play
2026-03-30 15:54:23,Muhammad Arifin,kebantu bngt yang gapunya motor,kebantu bngt yang gapunya motor,3,neutral,grab,com.grabtaxi.passenger,google_play
2026-03-30 15:44:34,Khairuddin Heru,semoga grab lebih baik dari tahun ke tahun👍,semoga grab lebih baik dari tahun ke tahun,3,neutral,grab,com.grabtaxi.passenger,google_play
2026-03-30 15:33:19,Muhamad faris,ketek bau kencur,ketek bau kencur,3,neutral,grab,com.grabtaxi.passenger,google_play
2026-03-30 15:22:27,Rifqy Anugerah,Pengemudi rata² pada culas/curang suka matiin aplikasi dan nembak harga,pengemudi rata pada culas curang suka matiin aplikasi dan nembak harga,3,neutral,grab,com.grabtaxi.passenger,google_play
2026-03-30 15:08:23,Lutfiana Andien Yoshifa,jarang saya kasih ulasan di aplikasi tapi kali ini keren banget!!selama saya menggunakan jasa grab ini....driver nyaa ramah semua!!banyak promo jugaa😚,jarang saya kasih ulasan di aplikasi tapi kali ini keren banget selama saya menggunakan jasa grab ini driver nyaa ramah semua banyak promo jugaa,3,neutral,grab,com.grabtaxi.passenger,google_play
2026-03-30 14:59:50,angela margareta,"mau login tapi gajadi, tertulis aktivitas diluar kewajaran, aneh banget pdhl aku gak ngapa ngapain",mau login tapi gajadi tertulis aktivitas diluar kewajaran aneh banget pdhl aku gak ngapa ngapain,3,neutral,grab,com.grabtaxi.passenger,google_play
2026-03-30 14:59:46,Arafi Pratama,"apk nya sangat bagus.. dan bisa digunakan untuk kendaraan, dan tolong untuk apk grab ini diaktifkan kembali biar bisa mendownload lagi. Terima Kasih🙏🏻",apk nya sangat bagus dan bisa digunakan untuk kendaraan dan tolong untuk apk grab ini diaktifkan kembali biar bisa mendownload lagi terima kasih,3,neutral,grab,com.grabtaxi.passenger,google_play
2026-03-30 14:52:24,Irmawaty Pattilima Pattilima,mantap diskonnya banyak pokoknya bagus lah apk grab ini,mantap diskonnya banyak pokoknya bagus lah apk grab ini,3,neutral,grab,com.grabtaxi.passenger,google_play
2026-03-30 14:27:28,Diah Nova Rianti,sering banget dapet driver yg ga prepare jas ujan buat customer!!!!!!,sering banget dapet driver yg ga prepare jas ujan buat customer,3,neutral,grab,com.grabtaxi.passenger,google_play
2026-03-30 14:06:53,loveniaputri mandalika,"pengemudi mobil mintak di batalkan pesanan, tetapi diantar tidak sesuai titik, sikap pengemudi kasar, pengemudi mobil selalu mintak offline, tolong di tindak lanjuti pengemudi mobil yang nakal. saya sangat kecewa atas pelayanan pengemudi mobil, bayar sesuai aplikasi.",pengemudi mobil mintak di batalkan pesanan tetapi diantar tidak sesuai titik sikap pengemudi kasar pengemudi mobil selalu mintak offline tolong di tindak lanjuti pengemudi mobil yang nakal saya sangat kecewa atas pelayanan pengemudi mobil bayar sesuai aplikasi,3,neutral,grab,com.grabtaxi.passenger,google_play
2026-03-30 14:00:28,Arba Suryan,susah dapet driver ampas bgt,susah dapet driver ampas bgt,3,neutral,grab,com.grabtaxi.passenger,google_play
2026-03-30 13:56:32,ayuu setiffanii,sangat bagus membantu sekali,sangat bagus membantu sekali,3,neutral,grab,com.grabtaxi.passenger,google_play
2026-03-30 13:55:42,mita ginting,"kenapa sih ribet sekali grabfoodnya???? kenapa tidak bisa ganti alamat kalau pakai tunai????, trus kenapa gak bisa ganti metode pembayarannnn kalau emang gegara tunai nih gak bisa ganti alamat????? perasaan di aplikasi kompetitor lain bisa... ribettttttt",kenapa sih ribet sekali grabfoodnya kenapa tidak bisa ganti alamat kalau pakai tunai trus kenapa gak bisa ganti metode pembayarannnn kalau emang gegara tunai nih gak bisa ganti alamat perasaan di aplikasi kompetitor lain bisa ribettttttt,3,neutral,grab,com.grabtaxi.passenger,google_play
2026-03-30 13:48:39,feilanna wijoyo,lama cari drivernya,lama cari drivernya,3,neutral,grab,com.grabtaxi.passenger,google_play
2026-03-30 13:35:18,Vincent N.,Enak ya bs batalin pesenan kapan aja pas nunggu lama,enak ya bs batalin pesenan kapan aja pas nunggu lama,3,neutral,grab,com.grabtaxi.passenger,google_play
2026-03-30 13:13:41,Fahmi Skw,grab gimana ngasih harga mahal lalu,grab gimana ngasih harga mahal lalu,3,neutral,grab,com.grabtaxi.passenger,google_play
2026-03-30 13:03:45,Andi Prasetiyo,aplikasi ga beres. gede ukurannya aja bikin lemotnya minta ampun. drivernya rewel-rewel klo agak jauh sedikit jemputnya. sedangkan yg mencari driver aplikasi,aplikasi ga beres gede ukurannya aja bikin lemotnya minta ampun drivernya rewel rewel klo agak jauh sedikit jemputnya sedangkan yg mencari driver aplikasi,3,neutral,grab,com.grabtaxi.passenger,google_play
2026-03-30 12:54:37,Yusriadi Priasalato,"nyaman & akurat ,sopirnya ramah tamah mkch Grab",nyaman akurat sopirnya ramah tamah mkch grab,3,neutral,grab,com.grabtaxi.passenger,google_play
2026-03-30 12:49:09,Mell N T,"platform fee naik mulu, tp driver2 makin makin sembrono(cancel tnpa alasan, ngomong seenaknya), terutama bulan puasa ini orderan makan delayed mulu, dikira semua orang puasa, platform fee makin naik, tapi servicenya turun",platform fee naik mulu tp driver2 makin makin sembrono cancel tnpa alasan ngomong seenaknya terutama bulan puasa ini orderan makan delayed mulu dikira semua orang puasa platform fee makin naik tapi servicenya turun,3,neutral,grab,com.grabtaxi.passenger,google_play
2026-03-30 12:37:25,Putra grantung Grantung,sangat ramah sopirnya,sangat ramah sopirnya,3,neutral,grab,com.grabtaxi.passenger,google_play
2026-03-30 12:10:01,rully lipiyandi,mantapp perjalanan sy mudah dan santai,mantapp perjalanan sy mudah dan santai,3,neutral,grab,com.grabtaxi.passenger,google_play
2026-03-30 11:52:35,Zulkan Shop,memudahkan dan semoga drivernya makin banyak lagi,memudahkan dan semoga drivernya makin banyak lagi,3,neutral,grab,com.grabtaxi.passenger,google_play
2026-03-30 11:37:23,Syarah Fitriani,LAMA DAPAT DRIVER!!,lama dapat driver,3,neutral,grab,com.grabtaxi.passenger,google_play
2026-03-30 11:29:24,Adianoor Al-Farisi,"mantap, banyakin voucher nanti saya sering belanja",mantap banyakin voucher nanti saya sering belanja,3,neutral,grab,com.grabtaxi.passenger,google_play
2026-03-30 10:54:35,Mei Yusnita,tepat waktu orgnya ramah,tepat waktu orgnya ramah,3,neutral,grab,com.grabtaxi.passenger,google_play
2026-03-30 10:36:25,Radit,bagus banget ini aplikasi,bagus banget ini aplikasi,3,neutral,grab,com.grabtaxi.passenger,google_play
2026-03-30 10:35:24,Aris Faisal,sangat bagus dan membantu perjalanan,sangat bagus dan membantu perjalanan,3,neutral,grab,com.grabtaxi.passenger,google_play
2026-03-30 08:28:24,Stiyani Azz,bagus banget bantu di setiap keadaan,bagus banget bantu di setiap keadaan,3,neutral,grab,com.grabtaxi.passenger,google_play
2026-03-30 07:54:58,CARENENA,"saya penumpang setia grab dari dulu. Tapi sekarang performa grab memburuk, Sekarang cari pengemudinya susah, di aplikasi di kasih yg drivernya jauh-jauh. sangat buang waktu, saya bisa menunggu driver sampai 18 menit. sudah menunggu lama namun driver juga mengeluh tidak mau ambil karna harga nya tidak sesuai. tolong di tinjau kembali yah grab biar penumpang dan driver sama-sama nyaman",saya penumpang setia grab dari dulu tapi sekarang performa grab memburuk sekarang cari pengemudinya susah di aplikasi di kasih yg drivernya jauh jauh sangat buang waktu saya bisa menunggu driver sampai 18 menit sudah menunggu lama namun driver juga mengeluh tidak mau ambil karna harga nya tidak sesuai tolong di tinjau kembali yah grab biar penumpang dan driver sama sama nyaman,3,neutral,grab,com.grabtaxi.passenger,google_play
2026-03-30 07:40:47,Lydia Haydee,harga naik biasanya grabcar 18k jadi 28k wow 👏🏻,harga naik biasanya grabcar 18k jadi 28k wow,3,neutral,grab,com.grabtaxi.passenger,google_play
2026-03-30 07:39:46,Nur Jaman,apk ini bisa diandalkan bagus,apk ini bisa diandalkan bagus,3,neutral,grab,com.grabtaxi.passenger,google_play
2026-03-30 07:39:35,Arif Romadhon,"bagus, membantu sekali",bagus membantu sekali,3,neutral,grab,com.grabtaxi.passenger,google_play
2026-03-30 07:20:20,ahmad sodikin,driver'a ramah...,driver a ramah,3,neutral,grab,com.grabtaxi.passenger,google_play
2026-03-30 07:17:00,gdra 12,kok mantap kali grab ini ?,kok mantap kali grab ini,3,neutral,grab,com.grabtaxi.passenger,google_play
2026-03-30 07:10:05,Ani Naibaho,"giliran ngorder yg dekat"" aja pada jauh"" driver nya aneh!! gak bisa digunain saat buru"" nih. Tolong berpaikin kualitasnya yah. Makasih. Tetap saya kasih bintang 5",giliran ngorder yg dekat aja pada jauh driver nya aneh gak bisa digunain saat buru nih tolong berpaikin kualitasnya yah makasih tetap saya kasih bintang 5,3,neutral,grab,com.grabtaxi.passenger,google_play
2026-03-30 07:01:28,Inal Furqani,"TOLONG YA BUAT YG KERJA DI GRAP, MAU MOBIL, MAU KERETA, TOLONG BANGET YA TOLONGGGGGGHG BANGET YA KALO ADA PENUMPANG ITU DI AMBIL YA JGN BUAT ORANG NUNGGU LAMA YA MANUSIA",tolong ya buat yg kerja di grap mau mobil mau kereta tolong banget ya tolongggggghg banget ya kalo ada penumpang itu di ambil ya jgn buat orang nunggu lama ya manusia,3,neutral,grab,com.grabtaxi.passenger,google_play
2026-03-30 06:53:13,Muhammad Adriansyah,jelek lambat pengendara sering membatalkan orderan dan selalu beralasan lain,jelek lambat pengendara sering membatalkan orderan dan selalu beralasan lain,3,neutral,grab,com.grabtaxi.passenger,google_play
2026-03-30 06:51:34,Ansori Ansori,susah cari pengemudi,susah cari pengemudi,3,neutral,grab,com.grabtaxi.passenger,google_play
2026-03-30 06:48:08,Rahma Ningrum,"jelek banget aplikasinya, driver banyakan gabisa baca maps, waktu tunggu hampir tidak pernah sesuai .tulisan 2 menit bisa sampe 20 menit realita nunggunya, nyari driver susah padahal harga tinggi dan sekitaran banyak driver. apalagi kalo hujan bisa ber jam jam mana harga naiknya ga ngotak jarak 2.3 km bisa tembus 100rb an. satu lagi mapsnya ga update ampas bngt banyak banget lokasi yg ga kedetect di grab",jelek banget aplikasinya driver banyakan gabisa baca maps waktu tunggu hampir tidak pernah sesuai tulisan 2 menit bisa sampe 20 menit realita nunggunya nyari driver susah padahal harga tinggi dan sekitaran banyak driver apalagi kalo hujan bisa ber jam jam mana harga naiknya ga ngotak jarak 2 3 km bisa tembus 100rb an satu lagi mapsnya ga update ampas bngt banyak banget lokasi yg ga kedetect di grab,3,neutral,grab,com.grabtaxi.passenger,google_play
2026-03-30 06:46:37,Anugrah Ramadhan,Grab Good Aplikasi,grab good aplikasi,3,neutral,grab,com.grabtaxi.passenger,google_play
2026-03-30 06:42:57,armand muhdy,drivernya banyak yang cancel seenaknya dan ada juga yang parah tidak mau jrmput ke titik lokasi penjemputan penumpang,drivernya banyak yang cancel seenaknya dan ada juga yang parah tidak mau jrmput ke titik lokasi penjemputan penumpang,3,neutral,grab,com.grabtaxi.passenger,google_play
2026-03-30 06:34:12,dafiya ms,Murah sih harga grab nya.. TAPI YANG BIKIN KESEL ITU DRIVER PADA GAMAU AMBIL PENUMPANG!! PADAHAL DI DEKAT LOKASI ADA DRIVER YANG DEKAT TAPI GA DI AMBIL-AMBIL SAMA DRIVER. WAKTU ITU PERNAH KEJADIAN DAPET DRIVER UDAH MANA JAUH TIBA-TIBA DIA BERHENTI SELAMA 5 MENIT SEDANGKAN POSISI SAYA SUDAH SANGAT TELAT MALAH DI TAMBAH TELAT. KONDISI JUGA LAGI HUJAN JUGA. JADI NYA TERPAKSA CANCEL.,murah sih harga grab nya tapi yang bikin kesel itu driver pada gamau ambil penumpang padahal di dekat lokasi ada driver yang dekat tapi ga di ambil ambil sama driver waktu itu pernah kejadian dapet driver udah mana jauh tiba tiba dia berhenti selama 5 menit sedangkan posisi saya sudah sangat telat malah di tambah telat kondisi juga lagi hujan juga jadi nya terpaksa cancel,3,neutral,grab,com.grabtaxi.passenger,google_play
2026-03-30 06:31:34,Oktavia Vanesa,drivernya dikit banget selalu nunggu 1 jam lebih gak 2 jam lebih buat dapet driver padahal rumahku juga di kota,drivernya dikit banget selalu nunggu 1 jam lebih gak 2 jam lebih buat dapet driver padahal rumahku juga di kota,3,neutral,grab,com.grabtaxi.passenger,google_play
2026-03-30 06:25:59,Rayyan Muhamad Zidane,"nyari driver jauh"" banget sih",nyari driver jauh banget sih,3,neutral,grab,com.grabtaxi.passenger,google_play
2026-03-30 06:25:31,wh Yuni,"aneh banget sumpah, tiba² akun di tinjau pdahal ga ngelakuin apa²",aneh banget sumpah tiba akun di tinjau pdahal ga ngelakuin apa,3,neutral,grab,com.grabtaxi.passenger,google_play
2026-03-30 06:11:08,Shilla Maulia,susah bangt carinya pdhl butuh bangt pls pls bangt ini,susah bangt carinya pdhl butuh bangt pls pls bangt ini,3,neutral,grab,com.grabtaxi.passenger,google_play
2026-03-30 06:02:35,Anisa Rohmah,"grab nya suka cancel order habis itu mencari pengemudi lain , nunggu berjam2 kaya org gila , jgn KY GT kerja mas ,",grab nya suka cancel order habis itu mencari pengemudi lain nunggu berjam2 kaya org gila jgn ky gt kerja mas,3,neutral,grab,com.grabtaxi.passenger,google_play
2026-03-30 05:52:50,Abe,pemesanan terlalu lama dan driver jauh jauh,pemesanan terlalu lama dan driver jauh jauh,3,neutral,grab,com.grabtaxi.passenger,google_play
2026-03-30 05:22:15,Kate Jhes,saya kasih Bintang 5,saya kasih bintang 5,3,neutral,grab,com.grabtaxi.passenger,google_play
2026-03-30 03:35:50,Victor McManus,"kecewa lah, udah pesen berkali kali ngechat driver ngga ada yang bales liat di lokasi jalan tapi makin jauh, keterima orderan tapi yang jemput malah ngga ada respon di maps jga gitu gitu aja, kacaw",kecewa lah udah pesen berkali kali ngechat driver ngga ada yang bales liat di lokasi jalan tapi makin jauh keterima orderan tapi yang jemput malah ngga ada respon di maps jga gitu gitu aja kacaw,3,neutral,grab,com.grabtaxi.passenger,google_play
2026-03-30 01:46:33,Edward Farhan,"tolong ini ko nyari pengemudinya lama ya.? trus kalo dapet selalu pengemudinya yg jauh, jadi ngk bisa jemput",tolong ini ko nyari pengemudinya lama ya trus kalo dapet selalu pengemudinya yg jauh jadi ngk bisa jemput,3,neutral,grab,com.grabtaxi.passenger,google_play
2026-03-30 01:39:31,Dewi “Anjani” Lestaluhu,pelayanan cepat diversifikasi ramah,pelayanan cepat diversifikasi ramah,3,neutral,grab,com.grabtaxi.passenger,google_play
2026-03-30 01:28:22,dimas angga,kecewa bener² kecewa,kecewa bener kecewa,3,neutral,grab,com.grabtaxi.passenger,google_play
2026-03-29 23:20:47,Risty Taqwatul islami,"bisa gk si masukin fitur laporkan penjual, atau ada kompensasi gitu kalo penjual gk ngasih info? 2 jam gw nunggu gk ada kabar apapun, cuma makanan sedang di siapkan, gw gk bisa batalin trus apa? pihak penjual juga gk ngebatalin.",bisa gk si masukin fitur laporkan penjual atau ada kompensasi gitu kalo penjual gk ngasih info 2 jam gw nunggu gk ada kabar apapun cuma makanan sedang di siapkan gw gk bisa batalin trus apa pihak penjual juga gk ngebatalin,3,neutral,grab,com.grabtaxi.passenger,google_play
2026-03-29 22:46:52,Crezy Store,Kalo Emng Gak bisa ngambil Ga usah Di Nyalain Apk Nya Hadehh gatau lagi ama grab,kalo emng gak bisa ngambil ga usah di nyalain apk nya hadehh gatau lagi ama grab,3,neutral,grab,com.grabtaxi.passenger,google_play
2026-03-29 22:42:25,M ibna Frasetya,buat apa fitur hemat klo driver nyaa gak mau ambil orderan,buat apa fitur hemat klo driver nyaa gak mau ambil orderan,3,neutral,grab,com.grabtaxi.passenger,google_play
2026-03-29 22:40:45,Qurotuzzahra S.,"baru pertama kali order langsung cocok, rasanya pas, sambal nya pedas enak banget approve pkoknya bakalan order lagi, pertahanin cita rasa nya yaa, thank you i like it",baru pertama kali order langsung cocok rasanya pas sambal nya pedas enak banget approve pkoknya bakalan order lagi pertahanin cita rasa nya yaa thank you i like it,3,neutral,grab,com.grabtaxi.passenger,google_play
2026-03-29 22:31:13,arin,"pesan grabfood kenapa si lama bgt dpt pengemudi udah laper aku loh nunggu sampe 2jam setengah parah bgt,, mana gak bisa dicancel chat resto juga gak bisa",pesan grabfood kenapa si lama bgt dpt pengemudi udah laper aku loh nunggu sampe 2jam setengah parah bgt mana gak bisa dicancel chat resto juga gak bisa,3,neutral,grab,com.grabtaxi.passenger,google_play
2026-03-29 22:21:25,Nita Widiya,"gimana sihh orang nunggu udah sejam gak bisa dibatalin aneh, orang order biar instan malah makin lama mau dibatalkan gak bisa perbaiki lagi dong gak memuaskan customer banget sih",gimana sihh orang nunggu udah sejam gak bisa dibatalin aneh orang order biar instan malah makin lama mau dibatalkan gak bisa perbaiki lagi dong gak memuaskan customer banget sih,3,neutral,grab,com.grabtaxi.passenger,google_play
2026-03-29 22:13:05,Elkezia Datu,"hah? gimana-gimana??? cuma 1km loh, kudu bayar 30rb, ojek pula itu... padahal harga normalnya 10-14rb kok gitu sih??!! tolong ini tarifnya yang logis dikit yah!",hah gimana gimana cuma 1km loh kudu bayar 30rb ojek pula itu padahal harga normalnya 10 14rb kok gitu sih tolong ini tarifnya yang logis dikit yah,3,neutral,grab,com.grabtaxi.passenger,google_play
2026-03-29 22:06:21,C- hope,"maaf ya, aku hapus apknya. udah order makan dari jam 9 kurang sampe jam 10 belum ada driver yg ambil karena aku bayar pake cash. kalau gitu engga usah sediain pilihan cash. selama ini masih pake karena banyak promo grabbikenya. maaf kecewa banget",maaf ya aku hapus apknya udah order makan dari jam 9 kurang sampe jam 10 belum ada driver yg ambil karena aku bayar pake cash kalau gitu engga usah sediain pilihan cash selama ini masih pake karena banyak promo grabbikenya maaf kecewa banget,3,neutral,grab,com.grabtaxi.passenger,google_play
2026-03-29 21:54:15,Alifia Azzahra,"aplikasi bgst, udah nunggu makanan lama lama tiba tiba dibatalin tanpa persetujuan pembeli, kalau bisa kasi bintang 0 gua kasi ini bintang 0",aplikasi bgst udah nunggu makanan lama lama tiba tiba dibatalin tanpa persetujuan pembeli kalau bisa kasi bintang 0 gua kasi ini bintang 0,3,neutral,grab,com.grabtaxi.passenger,google_play
2026-03-29 21:47:48,Sonny Ariady,"pemesanan terjadwal ga bisa dicancel sama sekali, menunya muter2. cust care lama bnr tersambungnya, buruan wooy pulsa jalan terus neh",pemesanan terjadwal ga bisa dicancel sama sekali menunya muter2 cust care lama bnr tersambungnya buruan wooy pulsa jalan terus neh,3,neutral,grab,com.grabtaxi.passenger,google_play
2026-03-29 21:47:23,Yunita Purba,udh nunggu pesenan makan sampe 2 jam malah dibatalin.. ga bisa kirim ulasan ke mcd atau pun ke grab lewat apk harus selesai dlu pesanan nya,udh nunggu pesenan makan sampe 2 jam malah dibatalin ga bisa kirim ulasan ke mcd atau pun ke grab lewat apk harus selesai dlu pesanan nya,3,neutral,grab,com.grabtaxi.passenger,google_play
2026-03-29 21:41:36,Rinrin Dewi,"BURUK BANGET, KECEWA 100% TIDAK BISA BATALKAN PESANAN MALAH DISURUH SABAR, WOY GA WAJAR NUNGGU MAKANAN SAMPE 2JAM LEBIH, PENGADUAN TIDAK BERGUNA. CHATBOT TIDAK MEMBANTU SAMA SEKALI. UNTUK APA ADA FITUR PENGADUAN KALO TIDAK MEMBERIKAN SOLUSI, JIKA SEPERTI ITU PENGEMUDI SEENAKNYA MENGIRIMKAN SEBISANYA DIA. UNTUK APA ADA ESTIMASI WAKTU ANTAR KALO HABIS WAKTU BERTAMBAH TERUS WAKTU TUNGGUNYA. MENDING 5 MENIT 30 MENIT LEBIH.. LAH YANG LAPER KEBURU MAGH DONK. GOOD BYE GRAB SAYA PELANGGAN ANDA DULU",buruk banget kecewa 100 tidak bisa batalkan pesanan malah disuruh sabar woy ga wajar nunggu makanan sampe 2jam lebih pengaduan tidak berguna chatbot tidak membantu sama sekali untuk apa ada fitur pengaduan kalo tidak memberikan solusi jika seperti itu pengemudi seenaknya mengirimkan sebisanya dia untuk apa ada estimasi waktu antar kalo habis waktu bertambah terus waktu tunggunya mending 5 menit 30 menit lebih lah yang laper keburu magh donk good bye grab saya pelanggan anda dulu,3,neutral,grab,com.grabtaxi.passenger,google_play
2026-03-29 21:39:27,Gilang Ramadhan,"Payah, cancel orderan grabfood sepihak padahal udh nunggu 1 jam",payah cancel orderan grabfood sepihak padahal udh nunggu 1 jam,3,neutral,grab,com.grabtaxi.passenger,google_play
2026-03-29 21:38:55,Ajeng Putri,"susah banget dapat driver, padahal banyak driver disekitar tempat kita pesan, kadang sudah dapat driver malah di cancel padahal pakai grabcar biasa bukan pake yang hemat dan ga pake promo juga. minta tolong banget di edukasi lagi deh drivernya, jangan sampai banyak pelanggan pada pindah ke aplikasi sebelah.",susah banget dapat driver padahal banyak driver disekitar tempat kita pesan kadang sudah dapat driver malah di cancel padahal pakai grabcar biasa bukan pake yang hemat dan ga pake promo juga minta tolong banget di edukasi lagi deh drivernya jangan sampai banyak pelanggan pada pindah ke aplikasi sebelah,3,neutral,grab,com.grabtaxi.passenger,google_play
2026-03-29 21:28:58,Adam Pratama putra,"grabfood sering di cancle pengemudi dan jam estimasi mundur, makanan sampai sudah dingin",grabfood sering di cancle pengemudi dan jam estimasi mundur makanan sampai sudah dingin,3,neutral,grab,com.grabtaxi.passenger,google_play
2026-03-29 21:26:04,Gani,sekarang driver nya pemilih banget sering gak di response,sekarang driver nya pemilih banget sering gak di response,3,neutral,grab,com.grabtaxi.passenger,google_play
2026-03-29 21:14:34,Rivan Iman Valendri,"Drivernya pada gak mau ngambil orderanya, masa saya pesan makanan, sudah 1 jam lebih, belum nemu drivernya",drivernya pada gak mau ngambil orderanya masa saya pesan makanan sudah 1 jam lebih belum nemu drivernya,3,neutral,grab,com.grabtaxi.passenger,google_play
2026-03-29 21:09:08,Taufiq Hardika,"aplikasi. sampah, harga makin naik tapi dapat driver makin jauh, udah gitu ga bisa report driver yang suruh kita nunggu terut tiba-tiha di cancel lagi, biat ga kebiasaan drivernya.",aplikasi sampah harga makin naik tapi dapat driver makin jauh udah gitu ga bisa report driver yang suruh kita nunggu terut tiba tiha di cancel lagi biat ga kebiasaan drivernya,3,neutral,grab,com.grabtaxi.passenger,google_play
2026-03-29 20:54:03,Putra Gucci,untuk grabfood susah banget buat nyari driver nya pada so sibuk,untuk grabfood susah banget buat nyari driver nya pada so sibuk,3,neutral,grab,com.grabtaxi.passenger,google_play
2026-03-29 20:44:53,Filio Hara,apaan ini nunggu 1 jam pesan makanan driver ga dapat2 tapi ga bisa dicancel??????????,apaan ini nunggu 1 jam pesan makanan driver ga dapat2 tapi ga bisa dicancel,3,neutral,grab,com.grabtaxi.passenger,google_play
2026-03-29 20:39:55,Rudi Hut,semakin buruk buruk buruk,semakin buruk buruk buruk,3,neutral,grab,com.grabtaxi.passenger,google_play
2026-03-29 20:37:13,Dewa Armenia,pengiriman food 2 jam tolol,pengiriman food 2 jam tolol,3,neutral,grab,com.grabtaxi.passenger,google_play
2026-03-29 20:25:38,Achmad,grap food pler nyari driver susah bgt ajg padahal udh pilih layanan yg paling cepat nyampe nya 1 jam lebih,grap food pler nyari driver susah bgt ajg padahal udh pilih layanan yg paling cepat nyampe nya 1 jam lebih,3,neutral,grab,com.grabtaxi.passenger,google_play
2026-03-29 20:16:20,Oma Zea,pesan grabfood kelamaan terus tidak bisa dibatalkan,pesan grabfood kelamaan terus tidak bisa dibatalkan,3,neutral,grab,com.grabtaxi.passenger,google_play
2026-03-29 20:13:02,Fahreza Nqs,"KACAUUUUU SELALU PASS PESEN GRAB FOOD DIBATALIN SEPIHAK, MAKSUDNYA KALO EMANG NIAT BATALIN BATALIN DARI AWAL KOCAK ! INI UDAH NUNGGU 2-3 JAM BARU DI BATALIN MAKSUDNYA APA COBA.",kacauuuuu selalu pass pesen grab food dibatalin sepihak maksudnya kalo emang niat batalin batalin dari awal kocak ini udah nunggu 2 3 jam baru di batalin maksudnya apa coba,3,neutral,grab,com.grabtaxi.passenger,google_play
2026-03-29 20:12:12,Mohammad Rafinoor Munggaran,Selalu terlalu lama mencari driver saat membeli lewat grab food saya disuruh menunggu lama hanya untuk di cancel sangat membuang-buang waktu saya. saya paham jika memang driver sedang sibuk tapi tolong berikan informasi terkait hal tersebut lebih cepat dan parahnya saya tidak bisa cancel makanan dan saya dipaksa menunggu pencarian driver yg tidak pasti. kejadiannya tidak sekali atau dua kali sudah beberapa kali padahal saya tinggal di daerah yang ramai.,selalu terlalu lama mencari driver saat membeli lewat grab food saya disuruh menunggu lama hanya untuk di cancel sangat membuang buang waktu saya saya paham jika memang driver sedang sibuk tapi tolong berikan informasi terkait hal tersebut lebih cepat dan parahnya saya tidak bisa cancel makanan dan saya dipaksa menunggu pencarian driver yg tidak pasti kejadiannya tidak sekali atau dua kali sudah beberapa kali padahal saya tinggal di daerah yang ramai,3,neutral,grab,com.grabtaxi.passenger,google_play
2026-03-29 20:12:01,Dendo Se,"jarak 800 m apakah habis bensin mobil 100 liter min ??? ongkos ny gak worth it bnget masa 52 ribu ,,, ngotak dikit lah 20 - 25 masih wajar ,, kalian ini",jarak 800 m apakah habis bensin mobil 100 liter min ongkos ny gak worth it bnget masa 52 ribu ngotak dikit lah 20 25 masih wajar kalian ini,3,neutral,grab,com.grabtaxi.passenger,google_play
2026-03-29 20:06:52,Rea Reo,semakin lama semakin buruk sistem dalam internal. apa pegawai nya tidak digaji ya 🤣🤣🤣🤣🤣,semakin lama semakin buruk sistem dalam internal apa pegawai nya tidak digaji ya,3,neutral,grab,com.grabtaxi.passenger,google_play
2026-03-29 19:51:56,EndeR D,l ga guna kalo lagi butuh pada ilang grab nya,l ga guna kalo lagi butuh pada ilang grab nya,3,neutral,grab,com.grabtaxi.passenger,google_play
2026-03-29 19:49:54,Ayman Hafiz,"ini aplikasi hari hari ongkir makin mahal, order juga lama banget bisa 1 setengah jam. kocak!!!",ini aplikasi hari hari ongkir makin mahal order juga lama banget bisa 1 setengah jam kocak,3,neutral,grab,com.grabtaxi.passenger,google_play
2026-03-29 19:47:34,Hafidh Hasan,"kecewa, pesen grab food yang nganter drivernya naik mobil udah tau jl. perkampungan susah dilewati mobil, kok bisa2nya sistemnya ngasih driver grab food yang pake mobil",kecewa pesen grab food yang nganter drivernya naik mobil udah tau jl perkampungan susah dilewati mobil kok bisa2nya sistemnya ngasih driver grab food yang pake mobil,3,neutral,grab,com.grabtaxi.passenger,google_play
2026-03-29 19:45:02,Astri Admadeva,"pengemudi driver banyak di sekitar tapi gk mau ambil pesanan,pesanan ulang harga makin di naikkan sekarang grab sudah tidak layak buat konsumen.mending gk usah pake promo2 tapi pelayanan di tingkatkan",pengemudi driver banyak di sekitar tapi gk mau ambil pesanan pesanan ulang harga makin di naikkan sekarang grab sudah tidak layak buat konsumen mending gk usah pake promo2 tapi pelayanan di tingkatkan,3,neutral,grab,com.grabtaxi.passenger,google_play
2026-03-29 19:44:37,Ryo Aqsha,"bagus, cepat nganter nya, diskonnya banyak bangettt❤👍👍",bagus cepat nganter nya diskonnya banyak bangettt,3,neutral,grab,com.grabtaxi.passenger,google_play
2026-03-29 19:40:45,Darlingga Aurora (DAP),"apk jahat, berkali2 order Grab Car sangat lama ga dapet2 Nunggu sampe 1 jam Lebih di Kota tegal Jawa Tengah sangat Jelek",apk jahat berkali2 order grab car sangat lama ga dapet2 nunggu sampe 1 jam lebih di kota tegal jawa tengah sangat jelek,3,neutral,grab,com.grabtaxi.passenger,google_play
2026-03-29 19:29:12,call_mee 1syaa,gasuka klo pesen grabfood dpt pengemudinya lama dn hrus nunggu lama hbs tu dicancel pula tlg diperbaiki!,gasuka klo pesen grabfood dpt pengemudinya lama dn hrus nunggu lama hbs tu dicancel pula tlg diperbaiki,3,neutral,grab,com.grabtaxi.passenger,google_play
2026-03-29 19:20:33,FrancDarmy Jr,"dalam sebulan terakhir payah sekali, bantuan grab chat nya mana ?",dalam sebulan terakhir payah sekali bantuan grab chat nya mana,3,neutral,grab,com.grabtaxi.passenger,google_play
2026-03-29 19:14:31,siti urmila,"lama kali dpt driver, apa dah kaya driver",lama kali dpt driver apa dah kaya driver,3,neutral,grab,com.grabtaxi.passenger,google_play
2026-03-29 19:07:40,Massava Saiful,"Grabfood kalau pakai pengantaran hemat sama standar gak ada driver yang mau pickup. Potongannya gede, padahal saat pesan udah di potong 2500, driver juga masih di potong, restoran juga masih di potong jadi harga makanan silisih jauh, lebih mahal, pakai promo juga gak berguna kalau gak ada driver yang ambil. Koreksi ulang kebijakan potongan untuk driver dan restoran nya, masak user udah dipotong 2500, driver sama restoran masih aja dikasih potongan gede.",grabfood kalau pakai pengantaran hemat sama standar gak ada driver yang mau pickup potongannya gede padahal saat pesan udah di potong 2500 driver juga masih di potong restoran juga masih di potong jadi harga makanan silisih jauh lebih mahal pakai promo juga gak berguna kalau gak ada driver yang ambil koreksi ulang kebijakan potongan untuk driver dan restoran nya masak user udah dipotong 2500 driver sama restoran masih aja dikasih potongan gede,3,neutral,grab,com.grabtaxi.passenger,google_play
2026-03-29 19:00:48,Abdurizal_sufi 48,ini gimna nih udh satu hari uang returnya ngak masuk ke M banking saya sebanyak 163.000 !!!,ini gimna nih udh satu hari uang returnya ngak masuk ke m banking saya sebanyak 163 000,3,neutral,grab,com.grabtaxi.passenger,google_play
2026-03-29 18:51:53,diana dolores,"klo ngasih driver yg jauh2 mending gausah adain lokasi terdekat deh kocak, sekalian aja jemput dari jepang",klo ngasih driver yg jauh2 mending gausah adain lokasi terdekat deh kocak sekalian aja jemput dari jepang,3,neutral,grab,com.grabtaxi.passenger,google_play
2026-03-29 18:50:56,Ade yunus dwi Saputra,pelayanan nya jelek,pelayanan nya jelek,3,neutral,grab,com.grabtaxi.passenger,google_play
2026-03-29 18:50:13,Sherlin Angrhaini,"sekarang pesen makan di grab super lama, jadi males. bolak balik pengemudi membatalkan untuk mengantarkan pesanan. entah apa sebabnya jadi makin malas order di grab",sekarang pesen makan di grab super lama jadi males bolak balik pengemudi membatalkan untuk mengantarkan pesanan entah apa sebabnya jadi makin malas order di grab,3,neutral,grab,com.grabtaxi.passenger,google_play
2026-03-29 17:54:14,Winardi Winardi,bagus berguna bermanfaat,bagus berguna bermanfaat,3,neutral,grab,com.grabtaxi.passenger,google_play
2026-03-29 17:53:49,Raysan Naufal,"Woiiiu harga makin mahall driver gak ada 1 pun yg nyangkut, gimana sih?",woiiiu harga makin mahall driver gak ada 1 pun yg nyangkut gimana sih,3,neutral,grab,com.grabtaxi.passenger,google_play
2026-03-29 17:41:26,Nur Asia,drivernya pada galak2,drivernya pada galak2,3,neutral,grab,com.grabtaxi.passenger,google_play
2026-03-29 17:35:14,Trisnasari Trisnasari,"ga suka karena kebanyakan alasan apapun , padahal aku sama Kaka aku udah nungguin malah di batalin atau banyak alasan yang lain lah",ga suka karena kebanyakan alasan apapun padahal aku sama kaka aku udah nungguin malah di batalin atau banyak alasan yang lain lah,3,neutral,grab,com.grabtaxi.passenger,google_play
2026-03-29 17:33:26,Niken Riani,kebayakan alasan ini itu,kebayakan alasan ini itu,3,neutral,grab,com.grabtaxi.passenger,google_play
2026-03-29 16:38:41,Edy Supra,"Grab kmu baik bgt dan harganya murah bgt,klo pergi jauh kamu harganya tetep murah, banyak voucher diskon",grab kmu baik bgt dan harganya murah bgt klo pergi jauh kamu harganya tetep murah banyak voucher diskon,3,neutral,grab,com.grabtaxi.passenger,google_play
2026-03-29 16:31:30,Jess Ss,min sumpah aku rela relain daftar ovo biar bisa dapat vocher katanya 3 hari.. pas dapat gk ku beliin mau beliin sore malah hilang vouchernya gimana nih solusinya,min sumpah aku rela relain daftar ovo biar bisa dapat vocher katanya 3 hari pas dapat gk ku beliin mau beliin sore malah hilang vouchernya gimana nih solusinya,3,neutral,grab,com.grabtaxi.passenger,google_play
2026-03-29 16:07:03,Yt Rell Store,masa nyari driver mobil lebih setengah jam ngga dapet dapet?????,masa nyari driver mobil lebih setengah jam ngga dapet dapet,3,neutral,grab,com.grabtaxi.passenger,google_play
2026-03-29 16:06:30,salihah,pengantaran tepat waktu,pengantaran tepat waktu,3,neutral,grab,com.grabtaxi.passenger,google_play
2026-03-29 16:04:11,Tina Sitepu,"Pelayanannya kurang banget, responnya lama, kurang responsif. Tolong pelayanannya di tingkatkan.",pelayanannya kurang banget responnya lama kurang responsif tolong pelayanannya di tingkatkan,3,neutral,grab,com.grabtaxi.passenger,google_play
2026-03-29 15:57:02,Helma Sherlyna,bagus sngt membantu,bagus sngt membantu,3,neutral,grab,com.grabtaxi.passenger,google_play
2026-03-29 15:54:17,Farah Adelia,"lama nyari pengemudi,udh nunggu 2 jam lebih,malah di cancel trs",lama nyari pengemudi udh nunggu 2 jam lebih malah di cancel trs,3,neutral,grab,com.grabtaxi.passenger,google_play
2026-03-29 15:35:49,Sarko Ako,pesanan langsung direspon cepat,pesanan langsung direspon cepat,3,neutral,grab,com.grabtaxi.passenger,google_play
2026-03-29 15:33:56,Nauval Nauval purnama,sangan bagus dan ramah,sangan bagus dan ramah,3,neutral,grab,com.grabtaxi.passenger,google_play
2026-03-29 15:18:28,Tolabudin Tolabudin,trimakasih ya bg driver baik bgt,trimakasih ya bg driver baik bgt,3,neutral,grab,com.grabtaxi.passenger,google_play
2026-03-29 15:17:52,metafa tafa,"akhir akhir ini sepertinya ada upaya grab menggelembungkan keuntungan dengan membuat perbedaan ongkos antara driver dengan pengguna grab di aplikasi ini..ini dugaan saya taktik kotor grab untuk mencari keuntungan dengan cara yang tidak wajar , saya sudah mengalaminya baru baru ini bahkan hampir terjadi keributan dengan supir grab akibat pembatalan karena harga tidak sesuai di aplikasi pengguna dengan aplikasi driver",akhir akhir ini sepertinya ada upaya grab menggelembungkan keuntungan dengan membuat perbedaan ongkos antara driver dengan pengguna grab di aplikasi ini ini dugaan saya taktik kotor grab untuk mencari keuntungan dengan cara yang tidak wajar saya sudah mengalaminya baru baru ini bahkan hampir terjadi keributan dengan supir grab akibat pembatalan karena harga tidak sesuai di aplikasi pengguna dengan aplikasi driver,3,neutral,grab,com.grabtaxi.passenger,google_play
2026-03-29 15:04:49,Sugandha Dharma,"Jujur ya dulu sering pakai aplikasi ini tapi sekarang udah malas lama kelamaan karena setiap kali pesan selalu terlambat, tidak dapat driver bahkan sampai 2 jam aja belum dapat hanya saat menghubungi cs baru dapat",jujur ya dulu sering pakai aplikasi ini tapi sekarang udah malas lama kelamaan karena setiap kali pesan selalu terlambat tidak dapat driver bahkan sampai 2 jam aja belum dapat hanya saat menghubungi cs baru dapat,3,neutral,grab,com.grabtaxi.passenger,google_play
2026-03-29 14:56:41,Nabilah Ramadhani,"pengantaran makanan selalu lama, awalnya masih saya maklumi tapi sudah berkali"" pesan selalu +2 jam makanan masih di proses, padahal dulu selalu tepat waktu, makin kesini selalu lambat dan membuang waktu saya. mana tiba"" di cancel, sudah nunggu hampir 3 jam... mohon segera diperbaiki, membuat pengguna malas menggunakan aplikasi ini lagi.",pengantaran makanan selalu lama awalnya masih saya maklumi tapi sudah berkali pesan selalu 2 jam makanan masih di proses padahal dulu selalu tepat waktu makin kesini selalu lambat dan membuang waktu saya mana tiba di cancel sudah nunggu hampir 3 jam mohon segera diperbaiki membuat pengguna malas menggunakan aplikasi ini lagi,3,neutral,grab,com.grabtaxi.passenger,google_play
2026-03-29 14:33:20,Xiao Yan,lemot amat mesen makanan,lemot amat mesen makanan,3,neutral,grab,com.grabtaxi.passenger,google_play
2026-03-29 14:30:19,Wiliam TekLiong,"akhir"" ini susah kali dapat driver. mau pergi kemanapun sama mau pesan makanan pun susah kali dpt driver. bisa mati kelaparan kalau tungguin dpt driver. berjam"".parah skrg",akhir ini susah kali dapat driver mau pergi kemanapun sama mau pesan makanan pun susah kali dpt driver bisa mati kelaparan kalau tungguin dpt driver berjam parah skrg,3,neutral,grab,com.grabtaxi.passenger,google_play
2026-03-29 14:23:00,Merry,makin kesini mkin payah saja nih apk,makin kesini mkin payah saja nih apk,3,neutral,grab,com.grabtaxi.passenger,google_play
2026-03-29 13:54:40,Pengguna Google,Ini seriusan mesen pakai GrabFood trus Draiver yang ambil jaraknya 5 Km?????Mana waktu selesainya lama satu jaman lebih. Mending ke warungnya sendiri deh besok2 ini mah,ini seriusan mesen pakai grabfood trus draiver yang ambil jaraknya 5 km mana waktu selesainya lama satu jaman lebih mending ke warungnya sendiri deh besok2 ini mah,3,neutral,grab,com.grabtaxi.passenger,google_play
2026-03-29 13:38:59,Wak Waw,"aplikasi GOBLOG Masa ngasih driver jaraknya jauh2 banget, ya lama jadinya nunggunya",aplikasi goblog masa ngasih driver jaraknya jauh2 banget ya lama jadinya nunggunya,3,neutral,grab,com.grabtaxi.passenger,google_play
2026-03-29 13:35:59,Fitri Ramadhani irwan,"Makin hari grab makin lama menemukan pengemudinya, Sudah beberapa kali bgitu, Minta di batalkan susah, Sudah menunggu lama, orang sudah kelaparan saat pesan makanan, slalu suka lama dapat driver, tolong dong grab, bagaimana itu soal drivernya",makin hari grab makin lama menemukan pengemudinya sudah beberapa kali bgitu minta di batalkan susah sudah menunggu lama orang sudah kelaparan saat pesan makanan slalu suka lama dapat driver tolong dong grab bagaimana itu soal drivernya,3,neutral,grab,com.grabtaxi.passenger,google_play
2026-03-29 13:31:33,William Zone,very easy to use and the best service,very easy to use and the best service,3,neutral,grab,com.grabtaxi.passenger,google_play
2026-03-29 12:56:55,Angga Aipin,skrg makin susah dpt driver,skrg makin susah dpt driver,3,neutral,grab,com.grabtaxi.passenger,google_play
2026-03-29 12:49:39,Manganju Samosir,cepat dan tepat,cepat dan tepat,3,neutral,grab,com.grabtaxi.passenger,google_play
2026-03-29 12:36:46,JEY,susah nyari driver bikin emosi aja,susah nyari driver bikin emosi aja,3,neutral,grab,com.grabtaxi.passenger,google_play
2026-03-29 12:34:30,Rere Harits Ariyanti,Ketentuan grab food baru bisa dicancel setelah 1 jam sangat menyulitkan. Saya rasa 30 menit tidak ada driver yg available artinya pesanan bisa dibatalkan. Menunggu 1 jam itu kebalikan dari definisi dapat kemudahan dengan menggunakan app. Ga kaget kalo user pindah pakai app lain.,ketentuan grab food baru bisa dicancel setelah 1 jam sangat menyulitkan saya rasa 30 menit tidak ada driver yg available artinya pesanan bisa dibatalkan menunggu 1 jam itu kebalikan dari definisi dapat kemudahan dengan menggunakan app ga kaget kalo user pindah pakai app lain,3,neutral,grab,com.grabtaxi.passenger,google_play
2026-03-29 12:20:52,Carl Xavier,kadang pesan makanan ndk ada kurirnya. ada kurirnya yang kadang sudah di kasih catatan tambahan alamat malah salah baca. Banyak kejadian yang melelahkan,kadang pesan makanan ndk ada kurirnya ada kurirnya yang kadang sudah di kasih catatan tambahan alamat malah salah baca banyak kejadian yang melelahkan,3,neutral,grab,com.grabtaxi.passenger,google_play
2026-03-29 12:00:08,Bulan Purnama,AKHIR² INI SUSAH BANGET DAPET DRIVER NYA,akhir ini susah banget dapet driver nya,3,neutral,grab,com.grabtaxi.passenger,google_play
2026-03-29 11:45:30,widi Adiyalisa,"sekarang kalau pakai tunai susah banget dapet driver .kasian orang kalau hanya punya cash , menyusahkan bukan memudahkan. krana smua mau pakai non tunai. kalau sprt itu lebih baik TUNAI nya di hapuskan!!!!",sekarang kalau pakai tunai susah banget dapet driver kasian orang kalau hanya punya cash menyusahkan bukan memudahkan krana smua mau pakai non tunai kalau sprt itu lebih baik tunai nya di hapuskan,3,neutral,grab,com.grabtaxi.passenger,google_play
2026-03-29 11:16:25,mauro morz,aplikasi kaga jelas ngebab Mulu kalo dkt orderan stress,aplikasi kaga jelas ngebab mulu kalo dkt orderan stress,3,neutral,grab,com.grabtaxi.passenger,google_play
2026-03-29 11:11:13,Reno Reno,grab car sangat membantu sekali,grab car sangat membantu sekali,3,neutral,grab,com.grabtaxi.passenger,google_play
2026-03-29 11:05:00,Ghnesia alif w,"akun ditangguhkan tanpa alasan yg jelas,sudah menghubungi CS tapi blm ada balasan yg jelas mengapa akun saya di tangguhkan",akun ditangguhkan tanpa alasan yg jelas sudah menghubungi cs tapi blm ada balasan yg jelas mengapa akun saya di tangguhkan,3,neutral,grab,com.grabtaxi.passenger,google_play
2026-03-29 10:13:58,Serangraya Raya,makasih sgt baik pelayanannya,makasih sgt baik pelayanannya,3,neutral,grab,com.grabtaxi.passenger,google_play
2026-03-29 09:42:05,Yoyon Tudiharto,selalu hadir siaga dalam perjalanan,selalu hadir siaga dalam perjalanan,3,neutral,grab,com.grabtaxi.passenger,google_play
2026-03-29 09:07:25,Virna Salma,"Jujur si, setelah pake aplikasi Grab benar-benar memudahkan aku BANGET! Udah gitu ada Bike hemat gitu, jadi lebih murah, pas banget buat aku yang lagi irit-irit ini, huhu. Ditambah lagi ada fitur GrabMart Kilat, kalo lagi mager kemana-mana bisa langsung sat set order. TOP MARKOTOP, GRAB! Semoga selalu memuaskan dan banyak membantu, ya!",jujur si setelah pake aplikasi grab benar benar memudahkan aku banget udah gitu ada bike hemat gitu jadi lebih murah pas banget buat aku yang lagi irit irit ini huhu ditambah lagi ada fitur grabmart kilat kalo lagi mager kemana mana bisa langsung sat set order top markotop grab semoga selalu memuaskan dan banyak membantu ya,3,neutral,grab,com.grabtaxi.passenger,google_play
2026-03-29 08:20:22,Murtado Khoirul,Sangat tidak rekomendasi. susah untuk cari lokasi dengan akurat sebelum pemesanan.,sangat tidak rekomendasi susah untuk cari lokasi dengan akurat sebelum pemesanan,3,neutral,grab,com.grabtaxi.passenger,google_play
2026-03-29 08:12:49,Ikbal Maulana,ga sesuai aja layanan lama driver pun lama,ga sesuai aja layanan lama driver pun lama,3,neutral,grab,com.grabtaxi.passenger,google_play
2026-03-29 07:44:03,Kita Bina,lumayan klo saya pesen gercep,lumayan klo saya pesen gercep,3,neutral,grab,com.grabtaxi.passenger,google_play
2026-03-29 07:00:39,Mlzz,"cukup kecewa, tolong kalau driver nya ga bisa ambil orderan di cancel saja, saya jadi harus bayar lebih mahal cuma membatalkan pesanan karna driver ga bisa jemput, tpi malah di ambil orderan nya kan aneh",cukup kecewa tolong kalau driver nya ga bisa ambil orderan di cancel saja saya jadi harus bayar lebih mahal cuma membatalkan pesanan karna driver ga bisa jemput tpi malah di ambil orderan nya kan aneh,3,neutral,grab,com.grabtaxi.passenger,google_play
2026-03-29 06:26:24,Bagus Haryanto,mudah dan cepat,mudah dan cepat,3,neutral,grab,com.grabtaxi.passenger,google_play
2026-03-29 05:31:05,prada Butarbutar,tolong perbaiki sistem pemesanan grab food nya,tolong perbaiki sistem pemesanan grab food nya,3,neutral,grab,com.grabtaxi.passenger,google_play
2026-03-29 03:32:57,Muhammad Shidiq,"monyet, estimasi mesen makan makin diundur, app gajelas",monyet estimasi mesen makan makin diundur app gajelas,3,neutral,grab,com.grabtaxi.passenger,google_play
2026-03-29 02:44:52,Awan Evandra,"tolong tindak lanjuti kasus pelecehan, saya memberi bintanb 1 agar dilihat",tolong tindak lanjuti kasus pelecehan saya memberi bintanb 1 agar dilihat,3,neutral,grab,com.grabtaxi.passenger,google_play
2026-03-29 01:21:52,Xima Privasi,"grab pelit promo, mnding order makanan di shopeefood, jauh lbih murah",grab pelit promo mnding order makanan di shopeefood jauh lbih murah,3,neutral,grab,com.grabtaxi.passenger,google_play
2026-03-29 01:07:50,Rehin Aprianto,platform besar tapi bikin malu.. pengemudi banyak yang aktif tapi gak mau ngambil penumpang diatas jam 12 malam,platform besar tapi bikin malu pengemudi banyak yang aktif tapi gak mau ngambil penumpang diatas jam 12 malam,3,neutral,grab,com.grabtaxi.passenger,google_play
2026-03-28 23:46:32,Rattle Snake1,apaan ini mau order grab bike masa harus verifikasi muka 😂 fitur gak guna + seenak jidat ngambil data orang sampe muka orang juga lo ambil datanya.,apaan ini mau order grab bike masa harus verifikasi muka fitur gak guna seenak jidat ngambil data orang sampe muka orang juga lo ambil datanya,3,neutral,grab,com.grabtaxi.passenger,google_play
2026-03-28 23:13:12,roromendut original,"terbaik disaat apk lain susah dpt driver, grab gercep amat dapet drivernya. the besttttt pokoknya 🤗",terbaik disaat apk lain susah dpt driver grab gercep amat dapet drivernya the besttttt pokoknya,3,neutral,grab,com.grabtaxi.passenger,google_play
2026-03-28 23:04:28,Zennot Idn,sory kecewa pesen makan 2 jam gk kunjung di proses berakhir d batalkan dan rumit. ga biasanha grab kaya gini...auto uninstal y babay,sory kecewa pesen makan 2 jam gk kunjung di proses berakhir d batalkan dan rumit ga biasanha grab kaya gini auto uninstal y babay,3,neutral,grab,com.grabtaxi.passenger,google_play
2026-03-28 23:03:32,YOGI PRATAMA,"kecewa nunggu 2 jam sama driver di cancel, sudah saya sakit demam tapi tidak ada pengganti driver, viralkan baru tau ni grap😭",kecewa nunggu 2 jam sama driver di cancel sudah saya sakit demam tapi tidak ada pengganti driver viralkan baru tau ni grap,3,neutral,grab,com.grabtaxi.passenger,google_play
2026-03-28 22:58:13,mangea,"hadew masa ga ada fitur cancle untuk grab food, mana nyari diver 1 jam sendiri. keburu kenyang ndeng",hadew masa ga ada fitur cancle untuk grab food mana nyari diver 1 jam sendiri keburu kenyang ndeng,3,neutral,grab,com.grabtaxi.passenger,google_play
2026-03-28 22:46:52,rakha riansyah,terimksih atas pelayanannya,terimksih atas pelayanannya,3,neutral,grab,com.grabtaxi.passenger,google_play
2026-03-28 22:41:24,Sri agustini Soepardi,supirnya ramah dan diantar sesuai dan cepat,supirnya ramah dan diantar sesuai dan cepat,3,neutral,grab,com.grabtaxi.passenger,google_play
2026-03-28 22:34:17,Raden guntur setyo Wibowo,login aplikasi suka lama banget login nya,login aplikasi suka lama banget login nya,3,neutral,grab,com.grabtaxi.passenger,google_play
2026-03-28 22:19:43,vistr0 wo,"pesanan grab food order dr jam 6 sore lama ga dapat driver. ga otomatis batal. akhirnya jam 10 malam di kirimnya, ke buru sudah ga lapar. keburu pingsan iya",pesanan grab food order dr jam 6 sore lama ga dapat driver ga otomatis batal akhirnya jam 10 malam di kirimnya ke buru sudah ga lapar keburu pingsan iya,3,neutral,grab,com.grabtaxi.passenger,google_play
2026-03-28 22:10:27,Rangga Ahmad,"parah,,, padahal resto lumayan deket tapi driver gak ada yng ambil,, GrabFood dari jam 9 sampai jam 11 baru ada yng ambil,, itu pun resto sudah tutup,, kecewa..",parah padahal resto lumayan deket tapi driver gak ada yng ambil grabfood dari jam 9 sampai jam 11 baru ada yng ambil itu pun resto sudah tutup kecewa,3,neutral,grab,com.grabtaxi.passenger,google_play
2026-03-28 22:08:04,Rio Jogja,"kecewa bgt, nunggu dapat driver, sampe hampir 2 jam, kecewa asli",kecewa bgt nunggu dapat driver sampe hampir 2 jam kecewa asli,3,neutral,grab,com.grabtaxi.passenger,google_play
2026-03-28 22:04:12,K. Alwi,5 jam nunggu dan gonta ganti pesanan krn dibatalin mulu dan ga ada satupun driver yng nerima!,5 jam nunggu dan gonta ganti pesanan krn dibatalin mulu dan ga ada satupun driver yng nerima,3,neutral,grab,com.grabtaxi.passenger,google_play
2026-03-28 22:02:41,Syrx Crazy,pengantaran nya cepatttt bangetttt kurirnya baikkk skliii area Kendari pokoknya yang antar makanan ke BTN Khalifah,pengantaran nya cepatttt bangetttt kurirnya baikkk skliii area kendari pokoknya yang antar makanan ke btn khalifah,3,neutral,grab,com.grabtaxi.passenger,google_play
2026-03-28 22:01:06,Mhd Hidayat,pengalaman saya ok boos ku,pengalaman saya ok boos ku,3,neutral,grab,com.grabtaxi.passenger,google_play
2026-03-28 21:56:31,IKHSAN ABDUR,"bagus,sangat membantu",bagus sangat membantu,3,neutral,grab,com.grabtaxi.passenger,google_play
2026-03-28 21:54:41,Juwita Mayangsari,"saya pernah mengalami kejadian pesan makanan menunggu hingga 2jam baru dapat driver, apk nya tidak memuaskan!!!",saya pernah mengalami kejadian pesan makanan menunggu hingga 2jam baru dapat driver apk nya tidak memuaskan,3,neutral,grab,com.grabtaxi.passenger,google_play
2026-03-28 21:36:04,Irfan Muzakki,"aplikasi gajelas, dapet driver ae susah banget",aplikasi gajelas dapet driver ae susah banget,3,neutral,grab,com.grabtaxi.passenger,google_play
2026-03-28 21:33:12,Ahmad31,terlalu mahal ah,terlalu mahal ah,3,neutral,grab,com.grabtaxi.passenger,google_play
2026-03-28 21:26:32,IMAM MALIK ALROSYIDIN,FITUR GRAB FOODNYA JELEK BANGET.PENJUAL DAN DRIVERNYA TIDAK SINKRON.MINUSSS BANGET APLIKASINYA,fitur grab foodnya jelek banget penjual dan drivernya tidak sinkron minusss banget aplikasinya,3,neutral,grab,com.grabtaxi.passenger,google_play
2026-03-28 21:25:32,Kikuk Kukik,pengemudi ramah sangat nyaman,pengemudi ramah sangat nyaman,3,neutral,grab,com.grabtaxi.passenger,google_play
2026-03-28 21:24:58,Tha tha,payah makanan ku ga dikirim sampe 2jam aplikasinya bikin sangat kecewa,payah makanan ku ga dikirim sampe 2jam aplikasinya bikin sangat kecewa,3,neutral,grab,com.grabtaxi.passenger,google_play
2026-03-28 21:22:27,Razka Syauqi Mubaarak,grabfoodnya lama gada kepastian ditunda terus lalu dibatalkan,grabfoodnya lama gada kepastian ditunda terus lalu dibatalkan,3,neutral,grab,com.grabtaxi.passenger,google_play
2026-03-28 21:17:13,Dinny Pratiwi,mantapp driver nya ramah,mantapp driver nya ramah,3,neutral,grab,com.grabtaxi.passenger,google_play
2026-03-28 21:01:16,Sabila,"aku udah pake yang prioritas tapi kok lama banget ya, udah gitu lebih cepet pake nontunai padahal uangku cash semua😭",aku udah pake yang prioritas tapi kok lama banget ya udah gitu lebih cepet pake nontunai padahal uangku cash semua,3,neutral,grab,com.grabtaxi.passenger,google_play
2026-03-28 20:55:21,Lidya Rante bua,Sangat mempermudah perjalanan dengan biaya yang terjangkau,sangat mempermudah perjalanan dengan biaya yang terjangkau,3,neutral,grab,com.grabtaxi.passenger,google_play
2026-03-28 20:54:09,El Zio,"mengecewakan order di tunda2 dpt driver,order dri jm7 jm 10 bru dpt driver tau gitu pake shopee food langsung dpt driver",mengecewakan order di tunda2 dpt driver order dri jm7 jm 10 bru dpt driver tau gitu pake shopee food langsung dpt driver,3,neutral,grab,com.grabtaxi.passenger,google_play
2026-03-28 20:53:18,S pindi Arlando,banyakin promonya dong....,banyakin promonya dong,3,neutral,grab,com.grabtaxi.passenger,google_play
2026-03-28 20:38:06,nay bal,"beli grab Food udh 3 jam ga dapet driver, ini gimana sih aplikasinya",beli grab food udh 3 jam ga dapet driver ini gimana sih aplikasinya,3,neutral,grab,com.grabtaxi.passenger,google_play
2026-03-28 20:31:46,putri bilqistt,kadang kalo pesen makanan ga ada map tukang ojeknya dmn,kadang kalo pesen makanan ga ada map tukang ojeknya dmn,3,neutral,grab,com.grabtaxi.passenger,google_play
2026-03-28 20:31:25,Riska Puspita,serius sekarang harus pakai ovo ??,serius sekarang harus pakai ovo,3,neutral,grab,com.grabtaxi.passenger,google_play
2026-03-28 20:31:20,Alif Italiano,"masa alamatnya gabisa diubah, gabisa dibatalin, orang nungguin lama ga dateng""",masa alamatnya gabisa diubah gabisa dibatalin orang nungguin lama ga dateng,3,neutral,grab,com.grabtaxi.passenger,google_play
2026-03-28 20:29:21,Bel's Diary,"baru kali ini ngalami kekecewaan paling parah poollllllll, order lama sampai tamu keluarga pulang. sudah gitu waktu estimasi makin tambah lagi. udah lama ditambah estimasinya bertambah lama paling bagus bercandanya sekarang",baru kali ini ngalami kekecewaan paling parah poollllllll order lama sampai tamu keluarga pulang sudah gitu waktu estimasi makin tambah lagi udah lama ditambah estimasinya bertambah lama paling bagus bercandanya sekarang,3,neutral,grab,com.grabtaxi.passenger,google_play
2026-03-28 20:16:58,Yesa mustika,sulit mendapatkan driver terutama pada fitur grabfood apalagi ketika membayar tunai tidak ada sama sekali driver yg mau ambil tapi ketika membayar non tunai dan pakai promo sama saja sulit juga mendapatkan driver untuk mengambil makanan sungguh mengecewakan,sulit mendapatkan driver terutama pada fitur grabfood apalagi ketika membayar tunai tidak ada sama sekali driver yg mau ambil tapi ketika membayar non tunai dan pakai promo sama saja sulit juga mendapatkan driver untuk mengambil makanan sungguh mengecewakan,3,neutral,grab,com.grabtaxi.passenger,google_play
2026-03-28 20:05:28,duo lingo,lama bgt pea laper gua kaga dateng dateng bmgsat,lama bgt pea laper gua kaga dateng dateng bmgsat,3,neutral,grab,com.grabtaxi.passenger,google_play
2026-03-28 20:03:55,Redmi i,grab pelayanan nya mantap,grab pelayanan nya mantap,3,neutral,grab,com.grabtaxi.passenger,google_play
2026-03-28 20:01:59,Riani Aqila,"sangat suka pke grab aplgi bepergian ,lbih simpel. tp skrng pesen harus pke vrifiksi wjah dan coba berulang kali selalu gagal trs apalagi kalo lagi buru2 mmakan waktu juga....",sangat suka pke grab aplgi bepergian lbih simpel tp skrng pesen harus pke vrifiksi wjah dan coba berulang kali selalu gagal trs apalagi kalo lagi buru2 mmakan waktu juga,3,neutral,grab,com.grabtaxi.passenger,google_play
2026-03-28 19:52:31,Nafa Naysilla,"tambahan biayanya besar banget bisa sampe 5-6k gatau itu buat pajak apa gimana dah. sebelumnya gaada buat toko yang promonya udah abis, atau emang dari awal gaada, jangan dimasukin ke kumpulan yang ada promonya dong, bikin bingung aja dah kenapa promo unlimited cuma simbolis dah. gausah ditulis anjir kalo gabisa dipake mah ngaco anjir nulis 50% tapi gabisa dipake",tambahan biayanya besar banget bisa sampe 5 6k gatau itu buat pajak apa gimana dah sebelumnya gaada buat toko yang promonya udah abis atau emang dari awal gaada jangan dimasukin ke kumpulan yang ada promonya dong bikin bingung aja dah kenapa promo unlimited cuma simbolis dah gausah ditulis anjir kalo gabisa dipake mah ngaco anjir nulis 50 tapi gabisa dipake,3,neutral,grab,com.grabtaxi.passenger,google_play
2026-03-28 19:43:10,arif afandi,susah amat pake grab ini g dapat dapat udah berapa2 kali cari,susah amat pake grab ini g dapat dapat udah berapa2 kali cari,3,neutral,grab,com.grabtaxi.passenger,google_play
2026-03-28 19:33:45,Yusna Spt,"aplikasi sangat membantu, kurir nya ramah""",aplikasi sangat membantu kurir nya ramah,3,neutral,grab,com.grabtaxi.passenger,google_play
2026-03-28 19:30:14,Almer Rakan,"aku pesan grab express dan telah mendapat pengemudi, tapi dia sangat lama dan malah makin menjauh, ditelfon dichat tidak dijawab, dan yang paling menyebalkan, dia tidak bisa dicancel karena tertulis ""pengemudi dalam perjalanan tidak dapat membatalkan"" SUNGGUH INI SANGAT MEMBUANG WAKTUKU, sangat sangat mengecewakan",aku pesan grab express dan telah mendapat pengemudi tapi dia sangat lama dan malah makin menjauh ditelfon dichat tidak dijawab dan yang paling menyebalkan dia tidak bisa dicancel karena tertulis pengemudi dalam perjalanan tidak dapat membatalkan sungguh ini sangat membuang waktuku sangat sangat mengecewakan,3,neutral,grab,com.grabtaxi.passenger,google_play
2026-03-28 19:23:57,Cantiknya Umma,"pelayanan baik, pengemudi ramah, akses cpt",pelayanan baik pengemudi ramah akses cpt,3,neutral,grab,com.grabtaxi.passenger,google_play
2026-03-28 19:17:41,intan restianti,nunggu sampe 2 jam dibaltak ga bisa,nunggu sampe 2 jam dibaltak ga bisa,3,neutral,grab,com.grabtaxi.passenger,google_play
2026-03-28 19:08:51,ririi Leee,JELEEKKKKKKK SUSAAHH CARII PENGEMUDIIII UDAA NUNGUUU SATUU JAMMM BELUMM JUGAA ADA PENGEMUDI NYAAA POKOKKNYA PIKIR PIKIRR DEHH KALO MAU DOWNLOAD ABISS ABISINNN MEMORIII SUMPAHHH,jeleekkkkkkk susaahh carii pengemudiiii udaa nunguuu satuu jammm belumm jugaa ada pengemudi nyaaa pokokknya pikir pikirr dehh kalo mau download abiss abisinnn memoriii sumpahhh,3,neutral,grab,com.grabtaxi.passenger,google_play
2026-03-28 19:02:06,Barreta Widh,"saya pesen kfc tapi ga dianter² sejaman trus ada opsi suruh ganti restoran yaudah saya pilih ganti trus muncul tulisan ""kalau ganti restoran yg kfc bakal dibatalin"" tapi pas ganti restoran malah yg kfc tetep ada dan lagi mau dianter itu gmna ya",saya pesen kfc tapi ga dianter sejaman trus ada opsi suruh ganti restoran yaudah saya pilih ganti trus muncul tulisan kalau ganti restoran yg kfc bakal dibatalin tapi pas ganti restoran malah yg kfc tetep ada dan lagi mau dianter itu gmna ya,3,neutral,grab,com.grabtaxi.passenger,google_play
2026-03-28 18:51:03,Justin Tanner,"sulit dapat driver, driver yang minim",sulit dapat driver driver yang minim,3,neutral,grab,com.grabtaxi.passenger,google_play
2026-03-28 18:49:37,Rizky Arnold Maulana,sangat susah mendapatkan driver,sangat susah mendapatkan driver,3,neutral,grab,com.grabtaxi.passenger,google_play
2026-03-28 18:45:12,Devi Sylvia Herman,kudu pirooooooo reganeeeeee mem 1 km ae mosok.kudu 20 ewuuuuu ndk emtok2 driver,kudu pirooooooo reganeeeeee mem 1 km ae mosok kudu 20 ewuuuuu ndk emtok2 driver,3,neutral,grab,com.grabtaxi.passenger,google_play
2026-03-28 18:34:18,Vera Febrianti,"gajelas, grab sekrang driver pada gajelas, saran kedepannya untuk seleksi driver harusnya lebih diperhatikan, makasih",gajelas grab sekrang driver pada gajelas saran kedepannya untuk seleksi driver harusnya lebih diperhatikan makasih,3,neutral,grab,com.grabtaxi.passenger,google_play
2026-03-28 18:32:40,Mulyadi Adisaputra,sudah bnyak keluhan tidak dpat driver,sudah bnyak keluhan tidak dpat driver,3,neutral,grab,com.grabtaxi.passenger,google_play
2026-03-28 18:25:02,Hanindya Digna,GAK DAPET DRIVER GRABFOOD,gak dapet driver grabfood,3,neutral,grab,com.grabtaxi.passenger,google_play
2026-03-28 18:15:13,Fatimah Ayunin,"gampaang dipakee, murah banyak diskon lagi",gampaang dipakee murah banyak diskon lagi,3,neutral,grab,com.grabtaxi.passenger,google_play
2026-03-28 17:57:32,Briantoro Kukuh,driver nya banyak yang nolak,driver nya banyak yang nolak,3,neutral,grab,com.grabtaxi.passenger,google_play
2026-03-28 17:34:19,Siti Sarah,enak sopir ramah,enak sopir ramah,3,neutral,grab,com.grabtaxi.passenger,google_play
2026-03-28 17:28:18,Arsyakha Gibran Vania,aduhhhh tolong yaaa min maps yaa gajelas ngaco malahh padahal saya suda bilang ke abangnya tapi malah marah-marah tolong ya maps yaa jangan ngaco murah si murah tapi tolong maps ya jangan ngaco 🙏🙏,aduhhhh tolong yaaa min maps yaa gajelas ngaco malahh padahal saya suda bilang ke abangnya tapi malah marah marah tolong ya maps yaa jangan ngaco murah si murah tapi tolong maps ya jangan ngaco,3,neutral,grab,com.grabtaxi.passenger,google_play
2026-03-28 17:25:16,Cat With Boba,susah bgt dpt driver😭😭😭,susah bgt dpt driver,3,neutral,grab,com.grabtaxi.passenger,google_play
2026-03-28 17:22:03,P.O.B Prentah Ojek Bae,"nyoba pesan makanan dengan pengantaran hemat, buset... sudah setengah jam lebih pesanan masih berjalan aja blum masuk resto,, prosesnya lama bgt tolong dipercepat lgi biar pun pengantaran hemat pelanggan juga bayar, ini sdah 35 menit pesanan blum masuk ke resto, nanti setalah masuk resto mencari driver setelah dapet driver pun blum tentu langsung di antar, kadang juga masih antri di resto atau restonya gak sedia aplikasi.jdi pesan makanan dengan pengantaran hemat butuh waktu paling cepat 1 jam",nyoba pesan makanan dengan pengantaran hemat buset sudah setengah jam lebih pesanan masih berjalan aja blum masuk resto prosesnya lama bgt tolong dipercepat lgi biar pun pengantaran hemat pelanggan juga bayar ini sdah 35 menit pesanan blum masuk ke resto nanti setalah masuk resto mencari driver setelah dapet driver pun blum tentu langsung di antar kadang juga masih antri di resto atau restonya gak sedia aplikasi jdi pesan makanan dengan pengantaran hemat butuh waktu paling cepat 1 jam,3,neutral,grab,com.grabtaxi.passenger,google_play
2026-03-28 17:08:40,Siti Robiati,"ada yg bisa bantu gak y, pesanan saya lewat grab knp tidak sampai sampai di restoran nya y",ada yg bisa bantu gak y pesanan saya lewat grab knp tidak sampai sampai di restoran nya y,3,neutral,grab,com.grabtaxi.passenger,google_play
2026-03-28 17:07:09,Nat,"kembalikan pengaturan nominal tip kepada driver dapat diatur sesuai keinginan customer. karena pelanggan tidak bisa memberikan nominal 3rb, 4rb, 9rb dst jika cuma dikasih pilihan 2ribu, 5ribu, dst.",kembalikan pengaturan nominal tip kepada driver dapat diatur sesuai keinginan customer karena pelanggan tidak bisa memberikan nominal 3rb 4rb 9rb dst jika cuma dikasih pilihan 2ribu 5ribu dst,3,neutral,grab,com.grabtaxi.passenger,google_play
2026-03-28 17:03:03,Putry Layla,"ni aplikasi sering banget bug, masa buka grab unlimited ga bisa, mana drivernya ga ramah, pilih pilih, satu lagi kalau g dapat driver pick up grab food nya dalam 15 menit opsi batalin nya di buat masa harus nunggu berjam jam baru ada opsi di batalin buang buang waktu nungguin itu aja harus banget ngechatin help center baru bisa batalin jangan buang buang waktu orang deh g layak pakai sumpah kesel bgt",ni aplikasi sering banget bug masa buka grab unlimited ga bisa mana drivernya ga ramah pilih pilih satu lagi kalau g dapat driver pick up grab food nya dalam 15 menit opsi batalin nya di buat masa harus nunggu berjam jam baru ada opsi di batalin buang buang waktu nungguin itu aja harus banget ngechatin help center baru bisa batalin jangan buang buang waktu orang deh g layak pakai sumpah kesel bgt,3,neutral,grab,com.grabtaxi.passenger,google_play
2026-03-28 17:02:48,eza rahayu,"mohon ada perbaikan untuk pesanan food, untuk bisa searching by jarak pada saat pilih restoran terdekat. karna banyak pelanggan yg terburu-buru untuk klik yang otomatis muncul berdasarkan reting. Padahal ada restoran yg terdekat. karna hal ni menyangkut kualitas makanan",mohon ada perbaikan untuk pesanan food untuk bisa searching by jarak pada saat pilih restoran terdekat karna banyak pelanggan yg terburu buru untuk klik yang otomatis muncul berdasarkan reting padahal ada restoran yg terdekat karna hal ni menyangkut kualitas makanan,3,neutral,grab,com.grabtaxi.passenger,google_play
2026-03-28 16:31:23,Robby Sugara,Ok Banget Pelayanannya,ok banget pelayanannya,3,neutral,grab,com.grabtaxi.passenger,google_play
2026-03-28 15:54:34,Luthfi Agung Amrullah,pembatalan pesanan food tidak bisa dilakukan,pembatalan pesanan food tidak bisa dilakukan,3,neutral,grab,com.grabtaxi.passenger,google_play
2026-03-28 15:41:17,Riswan Nasution,Supir nya ramah enak di ajak ngobrol dan pelayanannya pun bagus,supir nya ramah enak di ajak ngobrol dan pelayanannya pun bagus,3,neutral,grab,com.grabtaxi.passenger,google_play
2026-03-28 15:29:30,arlitzy Thetzy,susah cari driver aplikasi tidak memberi kebebasan untuk membatalkan orderan dengan alasan kerugian toko padahal pesanan belum di buat?,susah cari driver aplikasi tidak memberi kebebasan untuk membatalkan orderan dengan alasan kerugian toko padahal pesanan belum di buat,3,neutral,grab,com.grabtaxi.passenger,google_play
2026-03-28 15:09:53,Syaiful A,"mau jaringan lu 100gbps pun keknya gabakal kebuka tuh menu nya, udah berapa hari ini woi grab, duit gua lu telen woii",mau jaringan lu 100gbps pun keknya gabakal kebuka tuh menu nya udah berapa hari ini woi grab duit gua lu telen woii,3,neutral,grab,com.grabtaxi.passenger,google_play
2026-03-28 14:38:47,hayyan,grab gajelas gabisa batalkan pesanan,grab gajelas gabisa batalkan pesanan,3,neutral,grab,com.grabtaxi.passenger,google_play
2026-03-28 14:25:11,Muhammad Rohmatur rozaqi,grab sangat membantu saya ketika belum di jemput,grab sangat membantu saya ketika belum di jemput,3,neutral,grab,com.grabtaxi.passenger,google_play
2026-03-28 14:21:49,Muhammad Wildan,"saat saya ingin aktifkan ovo di akun grab saya, layar nya menjadi putih saat ingin link wallet ke ovo",saat saya ingin aktifkan ovo di akun grab saya layar nya menjadi putih saat ingin link wallet ke ovo,3,neutral,grab,com.grabtaxi.passenger,google_play
2026-03-28 14:17:21,Onno Kers,Grab oke tetap andalan,grab oke tetap andalan,3,neutral,grab,com.grabtaxi.passenger,google_play
2026-03-28 13:53:51,Punya Kevin,kenapa tidak kompatibel,kenapa tidak kompatibel,3,neutral,grab,com.grabtaxi.passenger,google_play
2026-03-28 13:48:22,Ro J,grab jelek sekarang. gak motor gak food lama banget dapetin drivernya sampe berjam2. bahkan kalo food sampe terbatalkan sistem gara2 gak dapet driver. kocak. jelek banget!!,grab jelek sekarang gak motor gak food lama banget dapetin drivernya sampe berjam2 bahkan kalo food sampe terbatalkan sistem gara2 gak dapet driver kocak jelek banget,3,neutral,grab,com.grabtaxi.passenger,google_play
2026-03-28 13:15:31,Aan Bima,"lama udh mesen harga dengan waktu tertentu, pas jdi pesanan malah nambah waktu, sama aja kaya bayar harga hemat",lama udh mesen harga dengan waktu tertentu pas jdi pesanan malah nambah waktu sama aja kaya bayar harga hemat,3,neutral,grab,com.grabtaxi.passenger,google_play
2026-03-28 13:09:12,ra ara,"mohon di perbaiki lagi ya, soalnya banyak ojeg yng memalsukan identitas nya yg ngebuat saya kurang nyaman, di aplikasi tertera motor nya beat yang dateng motor jupiter dengan plat nomot beda dengan yang tertera di aplikasi, saya sangat kecewa selain karna di palsuin identitas nya tapi kesalahan ini juga ngebuat saya susah menemukan ojeg trsebut mohon di perbaiki🙏🙏",mohon di perbaiki lagi ya soalnya banyak ojeg yng memalsukan identitas nya yg ngebuat saya kurang nyaman di aplikasi tertera motor nya beat yang dateng motor jupiter dengan plat nomot beda dengan yang tertera di aplikasi saya sangat kecewa selain karna di palsuin identitas nya tapi kesalahan ini juga ngebuat saya susah menemukan ojeg trsebut mohon di perbaiki,3,neutral,grab,com.grabtaxi.passenger,google_play
2026-03-28 12:59:56,bella bella,"nyebelin banget sekarang drivirnya padabmalesan udah nunggu sampe satu jam ga pernah dapat driver, mana ada driver yang lancang banget kirim pesan minta tambahan biaya 10.000 di luar harga aplikasi 😡",nyebelin banget sekarang drivirnya padabmalesan udah nunggu sampe satu jam ga pernah dapat driver mana ada driver yang lancang banget kirim pesan minta tambahan biaya 10 000 di luar harga aplikasi,3,neutral,grab,com.grabtaxi.passenger,google_play
2026-03-28 12:44:24,Una Putri,pertahankan pelayanan x SDH bagus,pertahankan pelayanan x sdh bagus,3,neutral,grab,com.grabtaxi.passenger,google_play
2026-03-28 12:44:19,GAK SEMPET NONTON,"masa ngga pesen makanan ke pesen sendiri aneh,minta kompensasi nih dari pihak grab",masa ngga pesen makanan ke pesen sendiri aneh minta kompensasi nih dari pihak grab,3,neutral,grab,com.grabtaxi.passenger,google_play
2026-03-28 12:35:59,Anna Fatahunah,grab itu membantu kaum mager...,grab itu membantu kaum mager,3,neutral,grab,com.grabtaxi.passenger,google_play
2026-03-28 12:33:37,ncepyo yo,pengalaman grabcar itu orangnya malas malas mentang mentang tujuan dekat dan harga murah. kalo lagi urgent ga rekomendasi,pengalaman grabcar itu orangnya malas malas mentang mentang tujuan dekat dan harga murah kalo lagi urgent ga rekomendasi,3,neutral,grab,com.grabtaxi.passenger,google_play
2026-03-28 12:16:50,Dzaka Khairan,"tolong lah kalau ada yang mesen jangan asal batalin mana nunggunya lama,dikira orang nganggur minimal dari awal langsung batalin",tolong lah kalau ada yang mesen jangan asal batalin mana nunggunya lama dikira orang nganggur minimal dari awal langsung batalin,3,neutral,grab,com.grabtaxi.passenger,google_play
2026-03-28 12:00:22,Azzahra Aprilia,bisa pesan makanan tanpa harus keluar rumah,bisa pesan makanan tanpa harus keluar rumah,3,neutral,grab,com.grabtaxi.passenger,google_play
2026-03-28 11:54:31,Angga Nugraha,sangat nyaman dan supir nya baik hati,sangat nyaman dan supir nya baik hati,3,neutral,grab,com.grabtaxi.passenger,google_play
2026-03-28 11:44:15,Pangarantoan Lumbantoruan,aq senang dan suka makanan enak pengantaran tepat waktu,aq senang dan suka makanan enak pengantaran tepat waktu,3,neutral,grab,com.grabtaxi.passenger,google_play
2026-03-28 11:14:50,Bii Hanston,"saya merasa tidak nyaman dengan kebijakan penahanan dana. saya sudah membayar melalu non tunai via OVO dan setelah makanan Dateng ternyata masih diperlakukan tunai padahal di dana OVO saya sudah terpotong, ingin mengajukan komplain atau laporan di apk pun sulit sekali tidak ada efisiensi yang di kasih terhadap customer.",saya merasa tidak nyaman dengan kebijakan penahanan dana saya sudah membayar melalu non tunai via ovo dan setelah makanan dateng ternyata masih diperlakukan tunai padahal di dana ovo saya sudah terpotong ingin mengajukan komplain atau laporan di apk pun sulit sekali tidak ada efisiensi yang di kasih terhadap customer,3,neutral,grab,com.grabtaxi.passenger,google_play
2026-03-28 11:00:39,Ahmad Ridwan,"baru instal aplikasi, 2 kali pesan grab mobil,dua-duanya pengemudi mobil seseudah sampai di titik penjemutan minta di batalkan,trs minta tambahan ongkos atau harga,mau gak mau saya turuti karna saya bawa anak-anak",baru instal aplikasi 2 kali pesan grab mobil dua duanya pengemudi mobil seseudah sampai di titik penjemutan minta di batalkan trs minta tambahan ongkos atau harga mau gak mau saya turuti karna saya bawa anak anak,3,neutral,grab,com.grabtaxi.passenger,google_play
2026-03-28 10:20:51,Komala Sari,alhamdulillah adanya grab,alhamdulillah adanya grab,3,neutral,grab,com.grabtaxi.passenger,google_play
2026-03-28 10:14:32,Yana Suryana,gaak usah repot.naik grab aja semua jdi happy,gaak usah repot naik grab aja semua jdi happy,3,neutral,grab,com.grabtaxi.passenger,google_play
2026-03-28 09:57:36,renatha bitung,"abngnya baik,sabar ,",abngnya baik sabar,3,neutral,grab,com.grabtaxi.passenger,google_play
2026-03-28 09:56:49,Jaya Adi Suma,"kok tiba2 limit paylater saya dibekukan oleh OVO Grab ? padahal saya selalu ontime dan gak pernah telat bayar, kecewa saya dgn grab karena secara sepihak bgtu. So far gapapa, mungkin jika tidak ada perubahan, mulai hari ini saya akan stop menggunakan aplikasi GRAB. Bad Aplication. Perhari ini saya uninstall aplikasi grab.",kok tiba2 limit paylater saya dibekukan oleh ovo grab padahal saya selalu ontime dan gak pernah telat bayar kecewa saya dgn grab karena secara sepihak bgtu so far gapapa mungkin jika tidak ada perubahan mulai hari ini saya akan stop menggunakan aplikasi grab bad aplication perhari ini saya uninstall aplikasi grab,3,neutral,grab,com.grabtaxi.passenger,google_play
2026-03-28 09:31:45,Hamidah Nur Wahdaniah,susah cari driver,susah cari driver,3,neutral,grab,com.grabtaxi.passenger,google_play
2026-03-28 09:30:59,inata amalinaa,"heran bgt, akhir2 ini titik lokasi sm alamat kok beda, bedanya jauuh banget. bikin kurir jd salah lokasi pengantaran, bikin emosi. kurirnya marah2, padahal customer juga udh ngasih arahan tambahan. edannnn",heran bgt akhir2 ini titik lokasi sm alamat kok beda bedanya jauuh banget bikin kurir jd salah lokasi pengantaran bikin emosi kurirnya marah2 padahal customer juga udh ngasih arahan tambahan edannnn,3,neutral,grab,com.grabtaxi.passenger,google_play
2026-03-28 09:14:30,Mifta Khuddin,pelayanan lambat sekali. banyak iklan pama menunggu driver.,pelayanan lambat sekali banyak iklan pama menunggu driver,3,neutral,grab,com.grabtaxi.passenger,google_play
2026-03-28 09:10:11,Rahayu vian,makin eror udah pesen ga bisa di buka aplikasinya,makin eror udah pesen ga bisa di buka aplikasinya,3,neutral,grab,com.grabtaxi.passenger,google_play
2026-03-28 08:45:27,Neelofa Elfazura,puas dengan apk grab tapi,puas dengan apk grab tapi,3,neutral,grab,com.grabtaxi.passenger,google_play
2026-03-28 08:43:26,Niki Karnika,susah cari driver,susah cari driver,3,neutral,grab,com.grabtaxi.passenger,google_play
2026-03-28 08:18:23,Bim Salabim,"dulu bisa edit metode pembayaran, sekarang ga bisa. enak dulu, selama bayar mau cara apapun harusnya sah sah aja. sekarang kalo buru2, harus bener2 kerja buat teliti. kalo cs nya bayar, driver senang dibayar tunai/ovo/qris. problemnya dimana ya ?",dulu bisa edit metode pembayaran sekarang ga bisa enak dulu selama bayar mau cara apapun harusnya sah sah aja sekarang kalo buru2 harus bener2 kerja buat teliti kalo cs nya bayar driver senang dibayar tunai ovo qris problemnya dimana ya,3,neutral,grab,com.grabtaxi.passenger,google_play
2026-03-28 08:15:42,Maulidiana,bagus banyak promo,bagus banyak promo,3,neutral,grab,com.grabtaxi.passenger,google_play
2026-03-28 07:31:06,Syifyah,"aneh,udah beberapa kali coba download masih GK bisa.stelannya langsung berubah ke awal lagi yg harus install lagi padahal udah hampir dikit lagi selesai ngeinstall,GK habis pikir aja",aneh udah beberapa kali coba download masih gk bisa stelannya langsung berubah ke awal lagi yg harus install lagi padahal udah hampir dikit lagi selesai ngeinstall gk habis pikir aja,3,neutral,grab,com.grabtaxi.passenger,google_play
2026-03-28 07:15:52,FEBRI PURNOMO,kadang ngelag dijalan padahal pakai wifi portable,kadang ngelag dijalan padahal pakai wifi portable,3,neutral,grab,com.grabtaxi.passenger,google_play
2026-03-28 06:54:03,Jantje Baroleh,Menunggu agak lama namun sang driver mengkonfirmasinya karena sedang menurunkan tamu yg difabel,menunggu agak lama namun sang driver mengkonfirmasinya karena sedang menurunkan tamu yg difabel,3,neutral,grab,com.grabtaxi.passenger,google_play
2026-03-28 06:00:39,Susanti Susanti,driver tepat waktu dan semoga dapat diskon slalu,driver tepat waktu dan semoga dapat diskon slalu,3,neutral,grab,com.grabtaxi.passenger,google_play
2026-03-28 05:38:37,Fairul Ronas,"pesan makanan di bofet aneka, udah 2 jam nunggu dan pesanan juga nggak diantar antar, alasan belum mendapatkan driver grabb nggak fair, pelanggan dirugikan apa konvensasinya",pesan makanan di bofet aneka udah 2 jam nunggu dan pesanan juga nggak diantar antar alasan belum mendapatkan driver grabb nggak fair pelanggan dirugikan apa konvensasinya,3,neutral,grab,com.grabtaxi.passenger,google_play
2026-03-28 03:36:44,Melsen Nahak,Maaf Tolong tingkatkan lagi aplikasi grab nya supaya kita bisa beli di supermarket juga 👍. TOP 1. sukses terus.💪💪,maaf tolong tingkatkan lagi aplikasi grab nya supaya kita bisa beli di supermarket juga top 1 sukses terus,3,neutral,grab,com.grabtaxi.passenger,google_play
2026-03-28 03:06:00,Danang Afrizon Pribadi Saragih,"selalu percaya pake grab EMG,soalnya mudah dan ga ribet",selalu percaya pake grab emg soalnya mudah dan ga ribet,3,neutral,grab,com.grabtaxi.passenger,google_play
2026-03-28 02:58:52,veronica manuel,Tolong Banget Kepada Owner Aplikasi Grab Saya Pesen Grab Food 3 Jam Setengah Blm Dateng.,tolong banget kepada owner aplikasi grab saya pesen grab food 3 jam setengah blm dateng,3,neutral,grab,com.grabtaxi.passenger,google_play
2026-03-27 23:12:03,Rahayu chanel,masih dalam pantauan,masih dalam pantauan,3,neutral,grab,com.grabtaxi.passenger,google_play
2026-03-27 20:39:05,Merli Ani,orderan prioritas dapat driver lebih lama dari ekonomis. ga usah deh pilih pengantaran prioritas,orderan prioritas dapat driver lebih lama dari ekonomis ga usah deh pilih pengantaran prioritas,3,neutral,grab,com.grabtaxi.passenger,google_play
2026-03-27 20:15:28,Rina Anggraini,bagus banget aplikasi nya sangat membantu,bagus banget aplikasi nya sangat membantu,3,neutral,grab,com.grabtaxi.passenger,google_play
2026-03-27 20:00:35,Andrella Pramesti,"Ngelag mulu padahal jaringan stabil, langganan grab unlimited jg percuma gaada promo untuk grab car",ngelag mulu padahal jaringan stabil langganan grab unlimited jg percuma gaada promo untuk grab car,3,neutral,grab,com.grabtaxi.passenger,google_play
2026-03-27 19:50:21,Armasuri Riri,baik baik baik,baik baik baik,3,neutral,grab,com.grabtaxi.passenger,google_play
2026-03-27 15:49:38,Ismail Riyanda,payahh harus update terus,payahh harus update terus,3,neutral,grab,com.grabtaxi.passenger,google_play
2026-03-27 10:21:22,Marsel Datulangi,"jika dalam setengah jam tidak ada pengemudi, mohon ditampilkan opsi pembatalan pemesanan",jika dalam setengah jam tidak ada pengemudi mohon ditampilkan opsi pembatalan pemesanan,3,neutral,grab,com.grabtaxi.passenger,google_play
2026-03-27 10:13:58,Hanabi Sun,"ribet,,pengaktifan kembali akun yg sudah lama gk di gunakan, seperti daftar pertama dan harus bawa semua dokumen asli ke kantor,kn bikin males di bikin ribet. kn nma nya jg daftar online ya online aja gk usah dtang ke kantor segala bwa dokumen nya,,,hadeuh",ribet pengaktifan kembali akun yg sudah lama gk di gunakan seperti daftar pertama dan harus bawa semua dokumen asli ke kantor kn bikin males di bikin ribet kn nma nya jg daftar online ya online aja gk usah dtang ke kantor segala bwa dokumen nya hadeuh,3,neutral,grab,com.grabtaxi.passenger,google_play
2026-03-27 10:12:16,Fajar Nugroho,Aplikasi ini sangat membantu,aplikasi ini sangat membantu,3,neutral,grab,com.grabtaxi.passenger,google_play
2026-03-27 10:01:33,riko manik,driver nya bau,driver nya bau,3,neutral,grab,com.grabtaxi.passenger,google_play
2026-03-27 09:53:59,Iim Iim,abang nya baik sopan,abang nya baik sopan,3,neutral,grab,com.grabtaxi.passenger,google_play
2026-03-27 08:49:50,Jogja Kulon,"penjemputan cepat, draiverny ramah pokokny oke",penjemputan cepat draiverny ramah pokokny oke,3,neutral,grab,com.grabtaxi.passenger,google_play
2026-03-27 08:46:59,Budiman Thiodono,Bagus dan banyak promonya.,bagus dan banyak promonya,3,neutral,grab,com.grabtaxi.passenger,google_play
2026-03-27 08:04:46,Lisa Maiyuli7,"aplikasi sampah customer dilecehin gitu tapi ngga Ada tanggapan diem aja pdhl video nya udh di up di TikTok, hahaha jangan pakai aplikasi ini khusus perempuan kalau Ada apa2 ngga bakal Ada perlindungan",aplikasi sampah customer dilecehin gitu tapi ngga ada tanggapan diem aja pdhl video nya udh di up di tiktok hahaha jangan pakai aplikasi ini khusus perempuan kalau ada apa2 ngga bakal ada perlindungan,3,neutral,grab,com.grabtaxi.passenger,google_play
2026-03-27 07:58:18,Tyra zata,"ada kasus pelecehan yg di suarakan di tiktok oleh seorang perempuan, tapi ga ada respon nich dari pihak grab HAHA. kayanya pengemudi di grab ini komplotan pelecehan juga ya? atau adminnya juga nih? 😝",ada kasus pelecehan yg di suarakan di tiktok oleh seorang perempuan tapi ga ada respon nich dari pihak grab haha kayanya pengemudi di grab ini komplotan pelecehan juga ya atau adminnya juga nih,3,neutral,grab,com.grabtaxi.passenger,google_play
2026-03-27 07:54:52,0503 etasiburian,"PENGIRIMAN PAKET INSTAN MAHAL BANGET, UDAH GITU NYAMPE NYA JUGA LAMA. MENDING GAK USAH SOK BUAT PENGIRIMAN INSTAN NYATANYA PAKET LAMA TIBA. BUAT CUSTOMER RUGI",pengiriman paket instan mahal banget udah gitu nyampe nya juga lama mending gak usah sok buat pengiriman instan nyatanya paket lama tiba buat customer rugi,3,neutral,grab,com.grabtaxi.passenger,google_play
2026-03-27 07:52:26,kholipaah 1808,suka milih milih cust,suka milih milih cust,3,neutral,grab,com.grabtaxi.passenger,google_play
2026-03-27 06:27:40,Siti Rosidah,pengemudi handal membuat perjalanan menjadi nyaman,pengemudi handal membuat perjalanan menjadi nyaman,3,neutral,grab,com.grabtaxi.passenger,google_play
2026-03-27 05:43:32,Muslikah,terlalu lama terlalu mahal dan orangnya judes,terlalu lama terlalu mahal dan orangnya judes,3,neutral,grab,com.grabtaxi.passenger,google_play
2026-03-27 05:40:46,Fitri Fitry,"sekarang kemana mana tinggal pesan grab, order makan juga lebih gampang,dan lebih murah",sekarang kemana mana tinggal pesan grab order makan juga lebih gampang dan lebih murah,3,neutral,grab,com.grabtaxi.passenger,google_play
2026-03-27 05:11:20,Muhammad Gilang,lagi order iklan lagi jalan iklan kurang duit lo?,lagi order iklan lagi jalan iklan kurang duit lo,3,neutral,grab,com.grabtaxi.passenger,google_play
2026-03-27 05:05:45,irfan rodrigues,"makin hari makin kusut, harga makin murah tapi pelayanan driver jadi turun drastis, tidak lagi ada driver yang ramah sepertinya mereka kerja terpaksa bukan karena iklas mohon di sesuaikan lagi tarifnya agar pelayanan driver seperti sedia kala",makin hari makin kusut harga makin murah tapi pelayanan driver jadi turun drastis tidak lagi ada driver yang ramah sepertinya mereka kerja terpaksa bukan karena iklas mohon di sesuaikan lagi tarifnya agar pelayanan driver seperti sedia kala,3,neutral,grab,com.grabtaxi.passenger,google_play
2026-03-26 23:50:46,RENO AULIA,gk ada pelayanan saat memesan makanan,gk ada pelayanan saat memesan makanan,3,neutral,grab,com.grabtaxi.passenger,google_play
2026-03-26 21:12:37,fifi erawati,sangat2 membantu sekali disaat sdg mager mo beli makan di luar dan byk promo jg😍,sangat2 membantu sekali disaat sdg mager mo beli makan di luar dan byk promo jg,3,neutral,grab,com.grabtaxi.passenger,google_play
2026-03-26 20:41:57,Capung 1011,tidak ada solusi dari permasalahan dan keterlambatan 45 menit setelah itu di cancel dari pihak grab itu sendiri. sudah menunggu 1.45 menit,tidak ada solusi dari permasalahan dan keterlambatan 45 menit setelah itu di cancel dari pihak grab itu sendiri sudah menunggu 1 45 menit,3,neutral,grab,com.grabtaxi.passenger,google_play
2026-03-26 19:09:57,Syamsul Bahri,aplikasi Lama order grabfood nunggu lama akhirnya disuruh pindah metode pembayaran dari tunai ke non tunai... kalo memang mesti non tunai kenapa fitur tunai diaktifin.? bikin nunggu lama,aplikasi lama order grabfood nunggu lama akhirnya disuruh pindah metode pembayaran dari tunai ke non tunai kalo memang mesti non tunai kenapa fitur tunai diaktifin bikin nunggu lama,3,neutral,grab,com.grabtaxi.passenger,google_play
2026-03-26 18:25:02,Remiiko Yuji,"sebelum memesan di aplikasi ini bandingkan tarif atau harga dengan gojek. kadang ongkos terlihat murah tapi estimasi pengiriman 90 menit (kek gini mending masak sendiri) kadang harga makanan dinaikan jika rajin beli menu yg sama. (taunya darimana? dari aplikasi sebelah yg harganya ga naik) contoh cuanky dari 28rb jadi 45rb. inalillahi keselnya lagi, buat batalin pesenan yg udh jelas2 belum dibuat kaga bisa. padahal udh lewat waktu estimasi (disebelah kalo salah tinggal klik pembatalan). PARAH",sebelum memesan di aplikasi ini bandingkan tarif atau harga dengan gojek kadang ongkos terlihat murah tapi estimasi pengiriman 90 menit kek gini mending masak sendiri kadang harga makanan dinaikan jika rajin beli menu yg sama taunya darimana dari aplikasi sebelah yg harganya ga naik contoh cuanky dari 28rb jadi 45rb inalillahi keselnya lagi buat batalin pesenan yg udh jelas2 belum dibuat kaga bisa padahal udh lewat waktu estimasi disebelah kalo salah tinggal klik pembatalan parah,3,neutral,grab,com.grabtaxi.passenger,google_play
2026-03-26 16:35:52,m reyy cbr,coba tolong untuk driver jangan seenak nya meng cancel pesanan kita sebagai pemesan kadang terlalu lama menunggu hanya karena di cancel terus menerus,coba tolong untuk driver jangan seenak nya meng cancel pesanan kita sebagai pemesan kadang terlalu lama menunggu hanya karena di cancel terus menerus,3,neutral,grab,com.grabtaxi.passenger,google_play
2026-03-26 11:57:47,Infinixhot,terimakasih atas kesopanan nya,terimakasih atas kesopanan nya,3,neutral,grab,com.grabtaxi.passenger,google_play
2026-03-26 11:52:29,engene enhypen,"ku kasih bintang 1 soalnya bikin emosi, kita udah kelaparan ga ada kendaraan buat pergi beli sendiri tpi driver nya malah respon lama ditambah lagi ga bisa langsung di cancel. maksud saya tuh klo ga ada driver ya udah bilang dari awal jangan malah bikin orang nunggu bayangin aja kita udah kelaparan tapi malah disuruh nunggu tolong dong fitur cancel di perbarui jangan nunggu sejam dulu baru bisa di cancel",ku kasih bintang 1 soalnya bikin emosi kita udah kelaparan ga ada kendaraan buat pergi beli sendiri tpi driver nya malah respon lama ditambah lagi ga bisa langsung di cancel maksud saya tuh klo ga ada driver ya udah bilang dari awal jangan malah bikin orang nunggu bayangin aja kita udah kelaparan tapi malah disuruh nunggu tolong dong fitur cancel di perbarui jangan nunggu sejam dulu baru bisa di cancel,3,neutral,grab,com.grabtaxi.passenger,google_play
2026-03-26 08:51:52,Obaja Triyadi,"sangat baik, cepat nyambung.",sangat baik cepat nyambung,3,neutral,grab,com.grabtaxi.passenger,google_play
2026-03-26 08:26:02,Cindy Siagian,pengemudi nya pada gak jelas udh di tunggu 10 menit malah di batalin,pengemudi nya pada gak jelas udh di tunggu 10 menit malah di batalin,3,neutral,grab,com.grabtaxi.passenger,google_play
2026-03-26 08:17:26,Elga Fajar Trilaksana,"habis di update malah muter"" doang ga bisa di pakai mana lagi buru"" . padahal jaringan baguus buat buka aplikasi laen juga normal",habis di update malah muter doang ga bisa di pakai mana lagi buru padahal jaringan baguus buat buka aplikasi laen juga normal,3,neutral,grab,com.grabtaxi.passenger,google_play
2026-03-26 06:35:20,Teguh Iman,gak bisa di pakek pesen makanan kok nggak bisa di klik pesan padahal sudah dimasukkan ke keranjang 😮‍💨😮‍💨😮‍💨,gak bisa di pakek pesen makanan kok nggak bisa di klik pesan padahal sudah dimasukkan ke keranjang,3,neutral,grab,com.grabtaxi.passenger,google_play
2026-03-26 06:33:11,Penyu Darat,"plis jangan nk tiba-tiba minta update, orang nk cepat tiba-tiba apps minta update",plis jangan nk tiba tiba minta update orang nk cepat tiba tiba apps minta update,3,neutral,grab,com.grabtaxi.passenger,google_play
2026-03-26 06:28:40,Sury Windia,"pindah pakai aplikasi grab, pelayanan cepat gk kayak gojek dah mulai jelek pelayanan nya,saya kasih bintang 5 untuk grab",pindah pakai aplikasi grab pelayanan cepat gk kayak gojek dah mulai jelek pelayanan nya saya kasih bintang 5 untuk grab,3,neutral,grab,com.grabtaxi.passenger,google_play
2026-03-26 05:27:57,Ilham Fajar Maulana,"sekarang pengemudi banyak alesan, engga mau ambil orderan",sekarang pengemudi banyak alesan engga mau ambil orderan,3,neutral,grab,com.grabtaxi.passenger,google_play
2026-03-26 03:18:01,Marten Tualaka11,"Layanan transportasi GrabCar sangat membantu dalam mobilitas sehari-hari dengan proses pemesanan yang cepat, driver yang responsif, serta perjalanan yang relatif aman dan nyaman. Sedangkan GrabFood memudahkan saya dalam memesan makanan tanpa harus keluar rumah. Pilihan restoran beragam, proses pemesanan praktis, dan pengantaran umumnya tepat waktu. Secara keseluruhan, aplikasi ini sangat mendukung kebutuhan masyarakat modern yang menginginkan layanan cepat, efisien, dan mudah diakses. Sukses🙏",layanan transportasi grabcar sangat membantu dalam mobilitas sehari hari dengan proses pemesanan yang cepat driver yang responsif serta perjalanan yang relatif aman dan nyaman sedangkan grabfood memudahkan saya dalam memesan makanan tanpa harus keluar rumah pilihan restoran beragam proses pemesanan praktis dan pengantaran umumnya tepat waktu secara keseluruhan aplikasi ini sangat mendukung kebutuhan masyarakat modern yang menginginkan layanan cepat efisien dan mudah diakses sukses,3,neutral,grab,com.grabtaxi.passenger,google_play
2026-03-26 02:18:36,Alvano Ryandratama,"kenapa sih gabisa ngechat tokonya, padahal dulu bisa loh, malah dihapus tu gimana, jadi susah kalau mau apa-apa.",kenapa sih gabisa ngechat tokonya padahal dulu bisa loh malah dihapus tu gimana jadi susah kalau mau apa apa,3,neutral,grab,com.grabtaxi.passenger,google_play
2026-03-26 01:37:41,hadi Imam,"sangat disayangkan, pesan mobil dari kabupaten bogor menuju tasikmalaya...tak satupun ada yg mau menerimanya. entah belum tersedia atau drivermya engga mau orderan... apakah grab tidak melayani antar kota dan antar provinsi...?",sangat disayangkan pesan mobil dari kabupaten bogor menuju tasikmalaya tak satupun ada yg mau menerimanya entah belum tersedia atau drivermya engga mau orderan apakah grab tidak melayani antar kota dan antar provinsi,3,neutral,grab,com.grabtaxi.passenger,google_play
2026-03-26 01:15:19,Siti Zaenuroh,semangat trus grab untuk melayani konsumen,semangat trus grab untuk melayani konsumen,3,neutral,grab,com.grabtaxi.passenger,google_play
2026-03-26 00:21:22,niha zaskia dewi03,tidak bisa membatalkan pesanan aplikasi aneh ini sistem ndak jelas banget,tidak bisa membatalkan pesanan aplikasi aneh ini sistem ndak jelas banget,3,neutral,grab,com.grabtaxi.passenger,google_play
2026-03-26 00:19:49,Lita Khoerunisa,sumpah ya lama banget ambil nya driver nya padahal banyak plis deh apa lagi jam jam rawan kaya gini pasti pengen banget beli makanan tapi driver nya lama banget konfir nya,sumpah ya lama banget ambil nya driver nya padahal banyak plis deh apa lagi jam jam rawan kaya gini pasti pengen banget beli makanan tapi driver nya lama banget konfir nya,3,neutral,grab,com.grabtaxi.passenger,google_play
2026-03-26 00:17:09,Farhatun Nidail Iftitah,perbaiki deh aplikasi nya udh nunggu 2 jam pesanan grab food tp gak bisa di cancel,perbaiki deh aplikasi nya udh nunggu 2 jam pesanan grab food tp gak bisa di cancel,3,neutral,grab,com.grabtaxi.passenger,google_play
2026-03-26 00:12:20,Nasifa Khoirun nisak,"drivernya kurang cepat..masa udah nunggu stngh/sejam an blum dapet juga,ga cocok buat yang keburu'",drivernya kurang cepat masa udah nunggu stngh sejam an blum dapet juga ga cocok buat yang keburu,3,neutral,grab,com.grabtaxi.passenger,google_play
2026-03-25 23:44:34,Talita Hasna Hanania,susah dapat driiver di grabfood nya.,susah dapat driiver di grabfood nya,3,neutral,grab,com.grabtaxi.passenger,google_play
2026-03-25 23:30:35,nassanasjalpa,"driver lo noh kaga profesional, kl ga niat ngambil gosa d ambil kocak",driver lo noh kaga profesional kl ga niat ngambil gosa d ambil kocak,3,neutral,grab,com.grabtaxi.passenger,google_play
2026-03-25 23:18:09,Alan Gameplays,SAYA PELANGGAN SETIA GRAB...TERIMA KASIH GRAB.....AYO BURUAN DI DOWNLOAD APLIKASI GRAB INI DI JAMIN GAK MENYESAL...SEKIAN DULU DARI SAYA👍👍🙏🙏🙏,saya pelanggan setia grab terima kasih grab ayo buruan di download aplikasi grab ini di jamin gak menyesal sekian dulu dari saya,3,neutral,grab,com.grabtaxi.passenger,google_play
2026-03-25 22:58:45,Peni Aristyani,masalah navigasi tolong diperbaiki,masalah navigasi tolong diperbaiki,3,neutral,grab,com.grabtaxi.passenger,google_play
2026-03-25 22:50:56,Dion52,driver makin sombong gaada yg mau ambil grabfood lagi yaa sekarang,driver makin sombong gaada yg mau ambil grabfood lagi yaa sekarang,3,neutral,grab,com.grabtaxi.passenger,google_play
2026-03-25 22:47:21,Aidil Alvino,"halo grab , saya mau menyampaikan sedikit kekesalan saya ketika memesan itu kenapa waktu pembatalannya sangat lama dan itu sangat membuang waktu saya , saran saya lebih dipercepat waktu pembatalan pemesanannya karena orang yang mesan juga punya waktu sekian terima kasih",halo grab saya mau menyampaikan sedikit kekesalan saya ketika memesan itu kenapa waktu pembatalannya sangat lama dan itu sangat membuang waktu saya saran saya lebih dipercepat waktu pembatalan pemesanannya karena orang yang mesan juga punya waktu sekian terima kasih,3,neutral,grab,com.grabtaxi.passenger,google_play
2026-03-25 22:40:33,Nina Firyani,Kasih bintang ⭐⭐⭐⭐⭐ untuk grab nya,kasih bintang untuk grab nya,3,neutral,grab,com.grabtaxi.passenger,google_play
2026-03-25 22:09:25,Trishna,"kecewa dengan oknum driver nya hanya karena bawa tas koper di minta in tambahan biaya di luar total yang ada di aplikasi, mending pindah aplikasi sebelah",kecewa dengan oknum driver nya hanya karena bawa tas koper di minta in tambahan biaya di luar total yang ada di aplikasi mending pindah aplikasi sebelah,3,neutral,grab,com.grabtaxi.passenger,google_play
2026-03-25 21:21:09,Abi Abdillah,"ASLIII SUPERRR DUPERRRRR BUAT APK YANG SATU INI ⭐⭐⭐⭐⭐ jujur aplikasi ini sangat membantu dan sangat fleksibel, buat pelajar, pekerja kantoran, acara mendadak, intinya solutif!!",asliii superrr duperrrrr buat apk yang satu ini jujur aplikasi ini sangat membantu dan sangat fleksibel buat pelajar pekerja kantoran acara mendadak intinya solutif,3,neutral,grab,com.grabtaxi.passenger,google_play
2026-03-25 21:15:02,Naia Khairunisa,"mempermudah kita kalo males masak, tinggal grav aj",mempermudah kita kalo males masak tinggal grav aj,3,neutral,grab,com.grabtaxi.passenger,google_play
2026-03-25 21:10:59,Achie,sekarang aplikasi ini tidak empati kpd pengguna,sekarang aplikasi ini tidak empati kpd pengguna,3,neutral,grab,com.grabtaxi.passenger,google_play
2026-03-25 21:05:16,deviandriani37,sekarang kenapa klo pesen makan lama banget waktunya;(,sekarang kenapa klo pesen makan lama banget waktunya,3,neutral,grab,com.grabtaxi.passenger,google_play
2026-03-25 21:02:55,Muhammad Yunus,gak bisa batalkan pesanan meskipun salah pesan,gak bisa batalkan pesanan meskipun salah pesan,3,neutral,grab,com.grabtaxi.passenger,google_play
2026-03-25 20:52:55,Rull Ziuoo,pengemudi/driver banyak di sekitar. tapi tidak mau ambil pesanan. pilih². dinaikan ke harga tertinggi baru di pick up. kalo pake promo diabaikan..standart kan saja ga usah promo2 ato ada selisih harga yang penting driver gercep. dan tolong kasih plat skarangdiarea yg dekat biar bisa direport yang tidak mau ambil pesanan. ketinggalan kereta aku cuman gara2 ga ada yang ambil. sudah dipercayakan pake grab kemana2 tapi disaat urgent ada aja kendala nya dari human error.,pengemudi driver banyak di sekitar tapi tidak mau ambil pesanan pilih dinaikan ke harga tertinggi baru di pick up kalo pake promo diabaikan standart kan saja ga usah promo2 ato ada selisih harga yang penting driver gercep dan tolong kasih plat skarangdiarea yg dekat biar bisa direport yang tidak mau ambil pesanan ketinggalan kereta aku cuman gara2 ga ada yang ambil sudah dipercayakan pake grab kemana2 tapi disaat urgent ada aja kendala nya dari human error,3,neutral,grab,com.grabtaxi.passenger,google_play
2026-03-25 20:47:55,Tatik Herawati,"jelek bgt apk ny, driverny suka cancel tbtb pdhl sy SDH lama bgt nungguin grabfood sy.",jelek bgt apk ny driverny suka cancel tbtb pdhl sy sdh lama bgt nungguin grabfood sy,3,neutral,grab,com.grabtaxi.passenger,google_play
2026-03-25 20:19:40,husen riziq,"Pesen ke resto yg namanya Kedai RDR Food & Drink - Blimbing (jombang) pesanan udah masuk satu jam setengah lalu pihak resto tiba tiba ngebatalin, bayangin SATU JAM SETENGAH BROO, komplain ke aplikasi ke grab ya gaada gunanya yg bales robot, emang sialan YAA, yaudahlah komplain disini kita kasih rating aplikasinya, Baru kali ini dibikin begitu kecewa sama ini aplikasi, gapake lama saldo di Ovo lgsg sy tarik, dan uninstal GRAB, Thanks grab atas pengalamannya !!!",pesen ke resto yg namanya kedai rdr food drink blimbing jombang pesanan udah masuk satu jam setengah lalu pihak resto tiba tiba ngebatalin bayangin satu jam setengah broo komplain ke aplikasi ke grab ya gaada gunanya yg bales robot emang sialan yaa yaudahlah komplain disini kita kasih rating aplikasinya baru kali ini dibikin begitu kecewa sama ini aplikasi gapake lama saldo di ovo lgsg sy tarik dan uninstal grab thanks grab atas pengalamannya,3,neutral,grab,com.grabtaxi.passenger,google_play
2026-03-25 20:11:38,Satrio Pangestu,2 jam gak dapet mitra grabfood. gak bisa di cancel. parah parah,2 jam gak dapet mitra grabfood gak bisa di cancel parah parah,3,neutral,grab,com.grabtaxi.passenger,google_play
2026-03-25 20:04:13,Habibah Hisaniii,"opsi pembatalan di grab food lama banget munculnya, ditungguin berpuluh-puluh menit sampe sejam baru dibatalin sistem, sekiranya udah 10 menit ga dapet driver langsung munculin dong, mau pesen di app lain jadinya takut yg disini juga nyantol driver dan berujung double order. Tiap detik itu berharga!",opsi pembatalan di grab food lama banget munculnya ditungguin berpuluh puluh menit sampe sejam baru dibatalin sistem sekiranya udah 10 menit ga dapet driver langsung munculin dong mau pesen di app lain jadinya takut yg disini juga nyantol driver dan berujung double order tiap detik itu berharga,3,neutral,grab,com.grabtaxi.passenger,google_play
2026-03-25 19:56:35,Aku ini Siapa,"drivernya banyak yg se enak jidat, tambah nunggu sering lama, najissss banget kebanyak pilih pilih Ama cancel",drivernya banyak yg se enak jidat tambah nunggu sering lama najissss banget kebanyak pilih pilih ama cancel,3,neutral,grab,com.grabtaxi.passenger,google_play
2026-03-25 19:54:49,Yohanes Arry,"saat ini saya kasih bintang satu, kalau boleh malah gak ada bintangnya, saya pesan makan dr jam 17.45 sampe jam 19.20 di batalkan karena gak dapat pengemudi, yg saya sesalkan saya di sini yg di rugikan kenapa gak dapat konpensasi dr grab malah setelah pesan lagi ongkos semakin mahal. kecewa sama pelayamannya..",saat ini saya kasih bintang satu kalau boleh malah gak ada bintangnya saya pesan makan dr jam 17 45 sampe jam 19 20 di batalkan karena gak dapat pengemudi yg saya sesalkan saya di sini yg di rugikan kenapa gak dapat konpensasi dr grab malah setelah pesan lagi ongkos semakin mahal kecewa sama pelayamannya,3,neutral,grab,com.grabtaxi.passenger,google_play
2026-03-25 19:46:47,Ayla Afirin,"yaampun aplikasi tolong yaa di upgrade lagi, saya pesen gofood dari jam 4 sampai jam 8 ga dapet"" driver saya paham di masa ini sulit mendapat driver atau sedang Krisis driver tapi apa salah nya jika di kasih tombol pembatalan mandiri? jika gaada tombol itu buang"" waktu customer dong yaa, harus nunggu agar di batalkan dari pihak resto nya. saya kira dengan saya ga bisa membatalkan pesenan saya makanan nya sudah terlanjur jadi, ternyata begitu mendapat driver harus nunggu pula makanan nyabelum jdi",yaampun aplikasi tolong yaa di upgrade lagi saya pesen gofood dari jam 4 sampai jam 8 ga dapet driver saya paham di masa ini sulit mendapat driver atau sedang krisis driver tapi apa salah nya jika di kasih tombol pembatalan mandiri jika gaada tombol itu buang waktu customer dong yaa harus nunggu agar di batalkan dari pihak resto nya saya kira dengan saya ga bisa membatalkan pesenan saya makanan nya sudah terlanjur jadi ternyata begitu mendapat driver harus nunggu pula makanan nyabelum jdi,3,neutral,grab,com.grabtaxi.passenger,google_play
2026-03-25 19:45:04,Anisa Putri Oktavia,pesanan sampai bermenit2 ga ada yang ambil,pesanan sampai bermenit2 ga ada yang ambil,3,neutral,grab,com.grabtaxi.passenger,google_play
2026-03-25 19:44:43,Besti Besti,"performa grab makin jelek. Susan dapat driver (bike, car, ataupun food) bener bener sesusah itu padahal di Jakarta. gws deh grab",performa grab makin jelek susan dapat driver bike car ataupun food bener bener sesusah itu padahal di jakarta gws deh grab,3,neutral,grab,com.grabtaxi.passenger,google_play
2026-03-25 19:35:18,muhamad ramadhan,susah cari drivernya jelek appsnya,susah cari drivernya jelek appsnya,3,neutral,grab,com.grabtaxi.passenger,google_play
2026-03-25 19:29:14,Renggalang0306,klo emang gk bisa ngasih yg hemat gk ush di kasih sekalian. saya ambil yg hemat karna ada pilihannya klo emang gk mau nyediain gk ush di padang sekalian. respon mitra kalian gk ada sopan santunnya sama sekali minta di jemput di mana malah nyuruh tempat lain yg jauh kadang kok gk ngotak. mana bikin laporan ke grabnya juga susah kan kek apaan bgt gk mitranya gk apknya sama aja,klo emang gk bisa ngasih yg hemat gk ush di kasih sekalian saya ambil yg hemat karna ada pilihannya klo emang gk mau nyediain gk ush di padang sekalian respon mitra kalian gk ada sopan santunnya sama sekali minta di jemput di mana malah nyuruh tempat lain yg jauh kadang kok gk ngotak mana bikin laporan ke grabnya juga susah kan kek apaan bgt gk mitranya gk apknya sama aja,3,neutral,grab,com.grabtaxi.passenger,google_play
2026-03-25 19:28:52,snow miracles,kalau pesen grab food sering bermasalah. pengantaran prioritas tapi luama buangettt. nggak ada fitur ngechat toko atau batalin pesenan. bikin susah customer.,kalau pesen grab food sering bermasalah pengantaran prioritas tapi luama buangettt nggak ada fitur ngechat toko atau batalin pesenan bikin susah customer,3,neutral,grab,com.grabtaxi.passenger,google_play
2026-03-25 19:28:32,helen nor,"pesan driver udah dapet, driver bilang otw dan di map udah otw juga, tapi ujung²nya cancel tengah jalan maksudnya apa ya?? saya ngga tau ini salah mitra atau sistemnya, mohon segera diperbaiki karena sangat merugikan",pesan driver udah dapet driver bilang otw dan di map udah otw juga tapi ujung nya cancel tengah jalan maksudnya apa ya saya ngga tau ini salah mitra atau sistemnya mohon segera diperbaiki karena sangat merugikan,3,neutral,grab,com.grabtaxi.passenger,google_play
2026-03-25 19:22:27,Arin Nuraeni,"sama aja kayak gojek, banyak driver di sekitar tapi gada yang nyantol.",sama aja kayak gojek banyak driver di sekitar tapi gada yang nyantol,3,neutral,grab,com.grabtaxi.passenger,google_play
2026-03-25 19:01:34,Terapi Kretek Kertosono,"aplikasi jelek, orderan lama nyampe tapi gabisa dicancel, nyiksa driver dan customer",aplikasi jelek orderan lama nyampe tapi gabisa dicancel nyiksa driver dan customer,3,neutral,grab,com.grabtaxi.passenger,google_play
2026-03-25 18:41:00,zerox official,grab emang kemaren lah waktu sma kelas 1 kelas 2 udah berasa iya kita misa sama grab kesayangan aku mana itu grab kesayangan aku ternyata problem di sekolah belom selesai,grab emang kemaren lah waktu sma kelas 1 kelas 2 udah berasa iya kita misa sama grab kesayangan aku mana itu grab kesayangan aku ternyata problem di sekolah belom selesai,3,neutral,grab,com.grabtaxi.passenger,google_play
2026-03-25 18:35:49,Ahmad Khan,puas banget dengan layanannya,puas banget dengan layanannya,3,neutral,grab,com.grabtaxi.passenger,google_play
2026-03-25 18:17:44,Syahra Varaz,"apk sampah,pesen prioritas malah di lamain,buat temen2 kalau ada kendala bkn dari resto dan driver nya ya tapi dari aplikasi nya,pesen instant malah di bikin sameday,korupsi bgt bayar harga instant pelayanan sameday,pantes driver nya pada males ambil",apk sampah pesen prioritas malah di lamain buat temen2 kalau ada kendala bkn dari resto dan driver nya ya tapi dari aplikasi nya pesen instant malah di bikin sameday korupsi bgt bayar harga instant pelayanan sameday pantes driver nya pada males ambil,3,neutral,grab,com.grabtaxi.passenger,google_play
2026-03-25 18:04:30,Hera Utami,grab siap siaga,grab siap siaga,3,neutral,grab,com.grabtaxi.passenger,google_play
2026-03-25 18:04:02,Wahyu anggara,antar makanan kayak mau ke Bagdad datang nya lama banget,antar makanan kayak mau ke bagdad datang nya lama banget,3,neutral,grab,com.grabtaxi.passenger,google_play
2026-03-25 18:00:54,Tila Wati,sangat membantu sekali,sangat membantu sekali,3,neutral,grab,com.grabtaxi.passenger,google_play
2026-03-25 17:35:27,Soni Pramuja,sangat menyenangkan dan lebih nyaman,sangat menyenangkan dan lebih nyaman,3,neutral,grab,com.grabtaxi.passenger,google_play
2026-03-25 16:50:44,suani laia,orang nya baik,orang nya baik,3,neutral,grab,com.grabtaxi.passenger,google_play
2026-03-25 16:21:17,Wahyu Pratama,terima kasih.sangat membantu sekali,terima kasih sangat membantu sekali,3,neutral,grab,com.grabtaxi.passenger,google_play
2026-03-25 16:03:23,Eri Nugraha,alhamdulilah dpt oengenudi yg komunikatif shg rsa capek sedikit terobati.biartdk bosan,alhamdulilah dpt oengenudi yg komunikatif shg rsa capek sedikit terobati biartdk bosan,3,neutral,grab,com.grabtaxi.passenger,google_play
2026-03-25 15:57:04,Tegar Agustin,"kenapa grabfood gabisa batalin pesanan sii,tolong dong ada fitur pembatalan .",kenapa grabfood gabisa batalin pesanan sii tolong dong ada fitur pembatalan,3,neutral,grab,com.grabtaxi.passenger,google_play
2026-03-25 15:54:09,Deri Iskandar,"grab sekarang pada mahal"" di akhir bulan gini bukan nya membantu tp bikin nyekik. emang praktis tp harga nya duh kusus grab food ya.",grab sekarang pada mahal di akhir bulan gini bukan nya membantu tp bikin nyekik emang praktis tp harga nya duh kusus grab food ya,3,neutral,grab,com.grabtaxi.passenger,google_play
2026-03-25 15:51:09,HAIDAR,"This is a very helpful app when you're too lazy to buy food or drinks 😁 and it makes it very easy to travel anywhere. Thank you Grab for making my daily life easier, BEST ONLINE APP DELIVERY IN SOUTHEAST ASIA👌From INDONESIA🇮🇩",this is a very helpful app when you re too lazy to buy food or drinks and it makes it very easy to travel anywhere thank you grab for making my daily life easier best online app delivery in southeast asia from indonesia,3,neutral,grab,com.grabtaxi.passenger,google_play
2026-03-25 15:47:49,Septi Nuraeni,"aduh gimana nih grab ga ada tanggung jawabnya, orang udh nungguin dari setengah jam. ga dateng² trs tiba tiba di batalin",aduh gimana nih grab ga ada tanggung jawabnya orang udh nungguin dari setengah jam ga dateng trs tiba tiba di batalin,3,neutral,grab,com.grabtaxi.passenger,google_play
2026-03-25 15:34:51,gnciaa nauraa,langganan banget kalo kemana-mana naik grab😍🫰🏻,langganan banget kalo kemana mana naik grab,3,neutral,grab,com.grabtaxi.passenger,google_play
2026-03-25 15:01:48,Jajang Kusnadi,sesuai harapan saya,sesuai harapan saya,3,neutral,grab,com.grabtaxi.passenger,google_play
2026-03-25 14:45:23,Ali Gobang,sekarang payah grab driver nya pada ga doyan duit,sekarang payah grab driver nya pada ga doyan duit,3,neutral,grab,com.grabtaxi.passenger,google_play
2026-03-25 14:44:06,Ila Susilawati,"Abang ny ramah,bayarnya sesuai aplikasinya dan tepat wkt juga nyaman diperjalanny.",abang ny ramah bayarnya sesuai aplikasinya dan tepat wkt juga nyaman diperjalanny,3,neutral,grab,com.grabtaxi.passenger,google_play
2026-03-25 14:21:54,Riweuh Tea,Aplikasi paling banyak dan sering ngirim notifikasi...😂,aplikasi paling banyak dan sering ngirim notifikasi,3,neutral,grab,com.grabtaxi.passenger,google_play
2026-03-25 14:19:05,Norma Diani,"lama mencari driver, sudah menunggu sejam. Tapi kenapa mau dibatalkan malah tidak bisa. malah menunggu ga jelas lama. minimal sediakan tombol batal kalau ga ada driver.",lama mencari driver sudah menunggu sejam tapi kenapa mau dibatalkan malah tidak bisa malah menunggu ga jelas lama minimal sediakan tombol batal kalau ga ada driver,3,neutral,grab,com.grabtaxi.passenger,google_play
2026-03-25 14:15:31,Lili,kdg prioritas sma aja kaya standar drivernya lama,kdg prioritas sma aja kaya standar drivernya lama,3,neutral,grab,com.grabtaxi.passenger,google_play
2026-03-25 14:02:26,Opa Opa,"pesanan gagal terus dari jam 11 sampai jam 1,coba beberapa kali sama aja, padahal g ada angin g ada hujan, akhirnya jadi beli mie instan..orang lapar di kasi cobaan,app T+@!",pesanan gagal terus dari jam 11 sampai jam 1 coba beberapa kali sama aja padahal g ada angin g ada hujan akhirnya jadi beli mie instan orang lapar di kasi cobaan app t,3,neutral,grab,com.grabtaxi.passenger,google_play
2026-03-25 13:53:48,M.sultan rizky hamdan,apk ga jelas mau verifikasi selfie gabisa bisa,apk ga jelas mau verifikasi selfie gabisa bisa,3,neutral,grab,com.grabtaxi.passenger,google_play
2026-03-25 13:11:05,Talita Zalfa Lasyena,"apaan bgt dah, ni penahanan dana nya LAMAA. gbsa langsung dibalikin aja? orang mah dh pasti mau pesen yg lain juga kl satunya gabisa, benci bgt dah padahal sebelumnya gapernah selama ini penahanan dana nya. apalagi kalo org lagi beli makan, dh pasti org lagi laper malah mesti nungguin penahanan dana dulu",apaan bgt dah ni penahanan dana nya lamaa gbsa langsung dibalikin aja orang mah dh pasti mau pesen yg lain juga kl satunya gabisa benci bgt dah padahal sebelumnya gapernah selama ini penahanan dana nya apalagi kalo org lagi beli makan dh pasti org lagi laper malah mesti nungguin penahanan dana dulu,3,neutral,grab,com.grabtaxi.passenger,google_play
2026-03-25 13:07:23,M Araaf Beddu,grab sekarang tidak seperti grab dlu yg cepat tanpa menunggu terlalu lama sekarang bukan driver nya yg lama datang tapi apliaksi nya terlalu lama mencari pemgudi karna mencari orderan gabungan baru diberikan driver lebih baik hilangkan saja itu hemat di apliaksi pembayaran dari pada terlalu lama dapat pemgemudi. ingat semakin banyak saingan bos,grab sekarang tidak seperti grab dlu yg cepat tanpa menunggu terlalu lama sekarang bukan driver nya yg lama datang tapi apliaksi nya terlalu lama mencari pemgudi karna mencari orderan gabungan baru diberikan driver lebih baik hilangkan saja itu hemat di apliaksi pembayaran dari pada terlalu lama dapat pemgemudi ingat semakin banyak saingan bos,3,neutral,grab,com.grabtaxi.passenger,google_play
2026-03-25 13:00:52,Bima Nendra,"gjls, setiap mesen grabcar driver g ramah, GrabFood ny jgak hrganya ga ngotak, kebanyakan driver terlalu menyepelekan, masak dri dulu gada perubahan",gjls setiap mesen grabcar driver g ramah grabfood ny jgak hrganya ga ngotak kebanyakan driver terlalu menyepelekan masak dri dulu gada perubahan,3,neutral,grab,com.grabtaxi.passenger,google_play
2026-03-25 12:57:06,Alves DanielVeus,"aplikasi nyaa baguss sihh cuman tolong dong min,saya pernah ribut sama driver ojol nya gegara masalah pindah transfer dari gopay ke ovo,and minimal tambahin kek qris ke semua e wallet apaa,Gedeg banget udah mah ya gaptek ojolnya ga ngerti lagi hadehh ya baguss ih driver nya pada ramah+gercep,and semoga aja via pembayaran nya tuh di perluas lagii Jan ovo doang min thanks...semoga di notice",aplikasi nyaa baguss sihh cuman tolong dong min saya pernah ribut sama driver ojol nya gegara masalah pindah transfer dari gopay ke ovo and minimal tambahin kek qris ke semua e wallet apaa gedeg banget udah mah ya gaptek ojolnya ga ngerti lagi hadehh ya baguss ih driver nya pada ramah gercep and semoga aja via pembayaran nya tuh di perluas lagii jan ovo doang min thanks semoga di notice,3,neutral,grab,com.grabtaxi.passenger,google_play
2026-03-25 12:14:47,Grunge Chield,BAGUS Buat pergi ke mana²,bagus buat pergi ke mana,3,neutral,grab,com.grabtaxi.passenger,google_play
2026-03-25 11:28:35,Pra Yo,"mantap Cepet Dapet Ojol, Temen disamping aku udah mesen lama Di gojek ga dapet dapet ojol, aku baru mencet pesen ojol langsung Dapet😆manteplah",mantap cepet dapet ojol temen disamping aku udah mesen lama di gojek ga dapet dapet ojol aku baru mencet pesen ojol langsung dapet manteplah,3,neutral,grab,com.grabtaxi.passenger,google_play
2026-03-25 10:48:18,Bapa Agus,sangat nyaman dan baik pengemudi ny sabar,sangat nyaman dan baik pengemudi ny sabar,3,neutral,grab,com.grabtaxi.passenger,google_play
2026-03-25 10:26:27,ros dianti,"perbaiki penanganan keluhan dan permintaan tolong konsumen dengan segera itu guna live agent atau costume servis manusia kami kami konsumen manusia bukan robot, jika dari tim aplikasi saja sudah makin kacau gimana para driver tidak mau bertindak seenaknya terhadap kenyamanan konsumen, semakin brutal , merugikan n mencemarkan nama baik konsumen",perbaiki penanganan keluhan dan permintaan tolong konsumen dengan segera itu guna live agent atau costume servis manusia kami kami konsumen manusia bukan robot jika dari tim aplikasi saja sudah makin kacau gimana para driver tidak mau bertindak seenaknya terhadap kenyamanan konsumen semakin brutal merugikan n mencemarkan nama baik konsumen,3,neutral,grab,com.grabtaxi.passenger,google_play
2026-03-25 09:49:36,Irwangazali Irwan,pelayanan nya bagus,pelayanan nya bagus,3,neutral,grab,com.grabtaxi.passenger,google_play
2026-03-25 09:47:25,Nina Prianti,driver suka ngomel2 kalau lagi bawa kaka yang pakai kursi roda. driver tidak ramah,driver suka ngomel2 kalau lagi bawa kaka yang pakai kursi roda driver tidak ramah,3,neutral,grab,com.grabtaxi.passenger,google_play
2026-03-25 09:46:17,rosyita ysw,sopan sekali....trimakasih,sopan sekali trimakasih,3,neutral,grab,com.grabtaxi.passenger,google_play
2026-03-25 09:44:11,bila jeno,driver minta cancel terus ..padahal bukan hemat,driver minta cancel terus padahal bukan hemat,3,neutral,grab,com.grabtaxi.passenger,google_play
2026-03-25 09:38:36,Nuri Achmad,"sangat terbantu dengan adanya grab, hadir dengan nuansa berbeda.. Terimakasih untuk selalu membersamai kami di setiap momen 🥰🙏❤️",sangat terbantu dengan adanya grab hadir dengan nuansa berbeda terimakasih untuk selalu membersamai kami di setiap momen,3,neutral,grab,com.grabtaxi.passenger,google_play
2026-03-25 09:21:37,Angel Mayor,kebanyakan resto tutup di aplikasi buka,kebanyakan resto tutup di aplikasi buka,3,neutral,grab,com.grabtaxi.passenger,google_play
2026-03-25 08:55:04,Meli Herowati,"pelayanan cepat bagus, semakin diperbanyak promo2 nya",pelayanan cepat bagus semakin diperbanyak promo2 nya,3,neutral,grab,com.grabtaxi.passenger,google_play
2026-03-25 08:50:56,Gintoki Cloud,jadi makin mudah,jadi makin mudah,3,neutral,grab,com.grabtaxi.passenger,google_play
2026-03-25 06:44:56,Irwan Subrata,saya setiap mau pakai harus di instal ulang. ???,saya setiap mau pakai harus di instal ulang,3,neutral,grab,com.grabtaxi.passenger,google_play
2026-03-25 06:34:04,Gabemarsaulina Sihombing,tolong di percepat pencarian kurir nya soalnya saya mau pergi krja jadi telat,tolong di percepat pencarian kurir nya soalnya saya mau pergi krja jadi telat,3,neutral,grab,com.grabtaxi.passenger,google_play
2026-03-25 06:25:00,bem by,"capat sih, untuk pengalaman pertama pesan lewat grab, biasanya pake yg di toko sebelah, tapi 20 menit gak sampai sampai, eh download grab, ahirnya 3 menit datang ojolnya, tq grab.",capat sih untuk pengalaman pertama pesan lewat grab biasanya pake yg di toko sebelah tapi 20 menit gak sampai sampai eh download grab ahirnya 3 menit datang ojolnya tq grab,3,neutral,grab,com.grabtaxi.passenger,google_play
2026-03-25 04:55:19,Hanun Bassamah,terima kasih banyak bang🙏🏻🙏🏻,terima kasih banyak bang,3,neutral,grab,com.grabtaxi.passenger,google_play
2026-03-25 04:26:11,Laila Khanza,aplikasi unfaedah memasukkan alamat secara otomatis gak bisa sudah laporan ke customer service gak ada tanggapan apa perlu laporan ke Yang Maha Kuasa dulu,aplikasi unfaedah memasukkan alamat secara otomatis gak bisa sudah laporan ke customer service gak ada tanggapan apa perlu laporan ke yang maha kuasa dulu,3,neutral,grab,com.grabtaxi.passenger,google_play
2026-03-25 04:20:33,Mustopa,driver sopan dan jarak yang di tempuh sangat cepat,driver sopan dan jarak yang di tempuh sangat cepat,3,neutral,grab,com.grabtaxi.passenger,google_play
2026-03-25 01:32:53,DIVA NABILAH,"pesem grabfood lama bgt ga dapet driver sampai 2 jam, mau dibatalin juga ngga bisa. berikan opsi batalkan pesanan dong kan jadi rugi waktu.",pesem grabfood lama bgt ga dapet driver sampai 2 jam mau dibatalin juga ngga bisa berikan opsi batalkan pesanan dong kan jadi rugi waktu,3,neutral,grab,com.grabtaxi.passenger,google_play
2026-03-25 01:26:32,Muhamad Ilyas,Semoga kedepanya Grab dapat lebih maju dan dapan mensejahtrakan para draver nya 👍👍,semoga kedepanya grab dapat lebih maju dan dapan mensejahtrakan para draver nya,3,neutral,grab,com.grabtaxi.passenger,google_play
2026-03-25 01:19:21,Siapa Yo,apalah apk ppk udh lama nunggu ga bisa cancel,apalah apk ppk udh lama nunggu ga bisa cancel,3,neutral,grab,com.grabtaxi.passenger,google_play
2026-03-25 00:47:13,nopi putri,"pdhal pakai grab udh dr lama bngt, tp skrng2 aplikasi nya sering nge bug, stay di logo mau masuk harus bbrpa kali dulu sampe dipaksa baru bisa aneh. tolong perbaiki",pdhal pakai grab udh dr lama bngt tp skrng2 aplikasi nya sering nge bug stay di logo mau masuk harus bbrpa kali dulu sampe dipaksa baru bisa aneh tolong perbaiki,3,neutral,grab,com.grabtaxi.passenger,google_play
2026-03-24 23:12:30,Meicca Aurel,GRAB KENAPA SIH GAK ADA NOTIFIKASI PADAHAL GAK DI SILENT LOHHH KAN JADI MISKOM PAS PESEN GRAB IHHHHHHH,grab kenapa sih gak ada notifikasi padahal gak di silent lohhh kan jadi miskom pas pesen grab ihhhhhhh,3,neutral,grab,com.grabtaxi.passenger,google_play
2026-03-24 22:54:54,babymetal bmth,"gabisa di cancel klo kurir ga dpt dpt, keburu kaga makan gua",gabisa di cancel klo kurir ga dpt dpt keburu kaga makan gua,3,neutral,grab,com.grabtaxi.passenger,google_play
2026-03-24 22:36:37,Andriyudha Purba,"Akhir"" ini waktu pengantaran Grab Food selalu mundur namun tetap status pengantaran ""Tepat Waktu"". Saya akan coba untuk 1 minggu lagi, tingkatkan pelayanan atau uninstall",akhir ini waktu pengantaran grab food selalu mundur namun tetap status pengantaran tepat waktu saya akan coba untuk 1 minggu lagi tingkatkan pelayanan atau uninstall,3,neutral,grab,com.grabtaxi.passenger,google_play
2026-03-24 22:36:23,Den achid Nursery,perjalanan lebih mudah juga aman,perjalanan lebih mudah juga aman,3,neutral,grab,com.grabtaxi.passenger,google_play
2026-03-24 22:08:41,Akun Marvel snap,"pesanan bisa di cancel kalau toko tutup, padahak sudah ada tulisan batas pemesanan jam sekian. fingsi batas pemesanan untuk apa? minimal di kasi diskon atau promo kalau pesanan kita dibatalkan",pesanan bisa di cancel kalau toko tutup padahak sudah ada tulisan batas pemesanan jam sekian fingsi batas pemesanan untuk apa minimal di kasi diskon atau promo kalau pesanan kita dibatalkan,3,neutral,grab,com.grabtaxi.passenger,google_play
2026-03-24 21:59:04,Regina Octovi,respon cepat dan sangat baik ketika ada kendala sangat amat dihargai 👍,respon cepat dan sangat baik ketika ada kendala sangat amat dihargai,3,neutral,grab,com.grabtaxi.passenger,google_play
2026-03-24 21:44:43,Virania Putri,kalo grabfood pake promo lama banget dapet drivernya,kalo grabfood pake promo lama banget dapet drivernya,3,neutral,grab,com.grabtaxi.passenger,google_play
2026-03-24 21:44:07,Ayu Saraswati,"apl ini kek penipu, selalu dtg makanan yg slh, chat drive nya yg disalahin malah restonya, nama ku sama yg dikasi aja berbeda, bisa mintol buat adain evaluaso buat grab²nya disana, kalo mau ambil cust yg bnyk minimal liat nama dan tanya nama, ga iklas sampai saat ini BAYAR MAHAL SOALNYA ga ada kata MAAFFFF",apl ini kek penipu selalu dtg makanan yg slh chat drive nya yg disalahin malah restonya nama ku sama yg dikasi aja berbeda bisa mintol buat adain evaluaso buat grab nya disana kalo mau ambil cust yg bnyk minimal liat nama dan tanya nama ga iklas sampai saat ini bayar mahal soalnya ga ada kata maaffff,3,neutral,grab,com.grabtaxi.passenger,google_play
2026-03-24 21:42:14,Al Nassr,"kalo beli grab food pake promo susah banget dpt drivernya, dan selalu mundur waktunya. gak jelas.. apa karena saya pakai promo!",kalo beli grab food pake promo susah banget dpt drivernya dan selalu mundur waktunya gak jelas apa karena saya pakai promo,3,neutral,grab,com.grabtaxi.passenger,google_play
2026-03-24 21:37:58,Balqis Khairunisa dhesta putri,"kesel nunggu 1 jam udh mau 2 jam gak dapet driver, mau di cancel juga gak bisa, aneh",kesel nunggu 1 jam udh mau 2 jam gak dapet driver mau di cancel juga gak bisa aneh,3,neutral,grab,com.grabtaxi.passenger,google_play
2026-03-24 21:33:42,Hana KART,"5 tahun berlangganan dibikin kecewa kalau lagi grabfood. masa harus nunggu sejam lebih itu pun dapurnya yg cancel otomatis karena gak dapat driver. harusnya perbaiki fitur! kalau misal gak ada driver, maksimal 10 menit lah bisa dicancel. ini nunggu 1 jam lebih loh. duh kecewa polll. padahal dah pakai jasa grab 5 tahun lebih.",5 tahun berlangganan dibikin kecewa kalau lagi grabfood masa harus nunggu sejam lebih itu pun dapurnya yg cancel otomatis karena gak dapat driver harusnya perbaiki fitur kalau misal gak ada driver maksimal 10 menit lah bisa dicancel ini nunggu 1 jam lebih loh duh kecewa polll padahal dah pakai jasa grab 5 tahun lebih,3,neutral,grab,com.grabtaxi.passenger,google_play
2026-03-24 20:31:47,Bandori Myuujikku,"aplikasi tolol, login make nomor hp sendiri aja dipersulit 😂",aplikasi tolol login make nomor hp sendiri aja dipersulit,3,neutral,grab,com.grabtaxi.passenger,google_play
2026-03-24 20:17:16,Syafa Putry,"bagus sih, tapi sering ga dapat pengemudi lama banget nunggunya 2 setengah jam baru dapat pengemudi buat antar pesanan tapi gpp lah 🫰🏻",bagus sih tapi sering ga dapat pengemudi lama banget nunggunya 2 setengah jam baru dapat pengemudi buat antar pesanan tapi gpp lah,3,neutral,grab,com.grabtaxi.passenger,google_play
2026-03-24 20:03:24,Vinn Algi,aplikasi t0lol daftar ga bisa cari driver susah aplikasi suka eror tolong diperbaiki dong ini ga becus amat bikin aplikasi,aplikasi t0lol daftar ga bisa cari driver susah aplikasi suka eror tolong diperbaiki dong ini ga becus amat bikin aplikasi,3,neutral,grab,com.grabtaxi.passenger,google_play
2026-03-24 19:39:38,Ita Purnama,bagus tetap waktu,bagus tetap waktu,3,neutral,grab,com.grabtaxi.passenger,google_play
2026-03-24 19:28:25,didin aidin,untuk saat ini ok,untuk saat ini ok,3,neutral,grab,com.grabtaxi.passenger,google_play
2026-03-24 19:16:52,Ahmad Basuki,tolong blaklist dari daftar diplastore saya untuk aplikasi grab maupun sejenis sangat kurang baik,tolong blaklist dari daftar diplastore saya untuk aplikasi grab maupun sejenis sangat kurang baik,3,neutral,grab,com.grabtaxi.passenger,google_play
2026-03-24 18:50:00,Anello Javas,mahal dan lemot,mahal dan lemot,3,neutral,grab,com.grabtaxi.passenger,google_play
2026-03-24 18:41:51,Holong M,"mohon maaf diturunin bintangnya, soalnya driver grabfood seenaknya cancel order makanan. khususnya daerah kota Lubuklinggau. perbaiki sistemnya biar driver ngx seenaknya. sampai kelaperan nunggu makanan Dateng.",mohon maaf diturunin bintangnya soalnya driver grabfood seenaknya cancel order makanan khususnya daerah kota lubuklinggau perbaiki sistemnya biar driver ngx seenaknya sampai kelaperan nunggu makanan dateng,3,neutral,grab,com.grabtaxi.passenger,google_play
2026-03-24 18:39:22,rika rohmah,kenapa update terus ya,kenapa update terus ya,3,neutral,grab,com.grabtaxi.passenger,google_play
2026-03-24 18:28:20,Muhammad Zainal Arifin,aplikasi terkadang lemot loading lama tolong diperbaiki,aplikasi terkadang lemot loading lama tolong diperbaiki,3,neutral,grab,com.grabtaxi.passenger,google_play
2026-03-24 17:52:39,abidin_ ma,Mantap 👍 sangat membantu,mantap sangat membantu,3,neutral,grab,com.grabtaxi.passenger,google_play
2026-03-24 17:22:02,Eny Astuty,good job..driver super2 baik,good job driver super2 baik,3,neutral,grab,com.grabtaxi.passenger,google_play
2026-03-24 17:07:57,Irfan,"PARAH , PENGGUNA BARU TAPI PROMO GABISA DI PAKE YG 15.000 MINIMAL BELI 30.000",parah pengguna baru tapi promo gabisa di pake yg 15 000 minimal beli 30 000,3,neutral,grab,com.grabtaxi.passenger,google_play
2026-03-24 16:59:48,Jaenudin Cahya Saputra,"diajarin lah driver mobil kalo berhenti pas di titik lokasi tujuan, jalan lagi mana 1km lagi",diajarin lah driver mobil kalo berhenti pas di titik lokasi tujuan jalan lagi mana 1km lagi,3,neutral,grab,com.grabtaxi.passenger,google_play
2026-03-24 16:57:32,Atasmbun,ramah dan baik,ramah dan baik,3,neutral,grab,com.grabtaxi.passenger,google_play
2026-03-24 16:50:15,Candraa Hermawan12,titik nya sering eror.,titik nya sering eror,3,neutral,grab,com.grabtaxi.passenger,google_play
2026-03-24 16:40:04,Farkhan Zen17,Saya ini jd pelanggan grab udh lama bgt tp kok lama-lama skrg makin mahal bgt ya pdhal tujuannya dekat tp tarifnya gak sesuai,saya ini jd pelanggan grab udh lama bgt tp kok lama lama skrg makin mahal bgt ya pdhal tujuannya dekat tp tarifnya gak sesuai,3,neutral,grab,com.grabtaxi.passenger,google_play
2026-03-24 16:30:05,Tania Citra,sangat bagus dan terpercaya,sangat bagus dan terpercaya,3,neutral,grab,com.grabtaxi.passenger,google_play
2026-03-24 16:27:55,Sri ayu Astuti,sangat nyaman dan ramah,sangat nyaman dan ramah,3,neutral,grab,com.grabtaxi.passenger,google_play
2026-03-24 15:51:44,Sutikno Sutikno,pas di update ngelag bangettttttttttt!!!!!!!!!,pas di update ngelag bangettttttttttt,3,neutral,grab,com.grabtaxi.passenger,google_play
2026-03-24 15:51:17,Yerina Yuliska,susah banget nyari driver mentang mentang jalan rumah saya nggak aspal,susah banget nyari driver mentang mentang jalan rumah saya nggak aspal,3,neutral,grab,com.grabtaxi.passenger,google_play
2026-03-24 15:36:26,Hermanto Hermanto,"Ngelag, aplikasi tolol, ngubah nomor hp aja ribet bener",ngelag aplikasi tolol ngubah nomor hp aja ribet bener,3,neutral,grab,com.grabtaxi.passenger,google_play
2026-03-24 15:27:18,Candra Saputra,suka dapat promo 👍,suka dapat promo,3,neutral,grab,com.grabtaxi.passenger,google_play
2026-03-24 14:45:07,Eki Desta,Memudahkan kami buat transfortasi dan bikin nyaman untuk semua kalangan good job 👍,memudahkan kami buat transfortasi dan bikin nyaman untuk semua kalangan good job,3,neutral,grab,com.grabtaxi.passenger,google_play
2026-03-24 14:37:08,tri hariyanto,FAST respon s,fast respon s,3,neutral,grab,com.grabtaxi.passenger,google_play
2026-03-24 14:18:31,Hýɲns,apaan gbs ngirim makanan ke tempat jauh pdhl cuma 4 kilo aja,apaan gbs ngirim makanan ke tempat jauh pdhl cuma 4 kilo aja,3,neutral,grab,com.grabtaxi.passenger,google_play
2026-03-24 14:07:08,Mas agus Santoso,pelayanan yang bagus,pelayanan yang bagus,3,neutral,grab,com.grabtaxi.passenger,google_play
2026-03-24 13:58:49,Xavier Felix,"gila benar aplikasi grab ini pesanan makanan bisa 1,5 jam maka cuma Arizona FC aja kalau gojek cuma 30 menit sudah sampai rumah kapok saya pake grab food nya",gila benar aplikasi grab ini pesanan makanan bisa 1 5 jam maka cuma arizona fc aja kalau gojek cuma 30 menit sudah sampai rumah kapok saya pake grab food nya,3,neutral,grab,com.grabtaxi.passenger,google_play
2026-03-24 13:46:46,Hafizh Alfarezi,terima kasih untuk greb dan dreverny pokoknya ok deh,terima kasih untuk greb dan dreverny pokoknya ok deh,3,neutral,grab,com.grabtaxi.passenger,google_play
2026-03-24 13:17:19,Imam Syaifudin,"tolong untuk jangkauan map diperluas lagi. hari ini saya naik Grab gara gara titik tujuan tidak tersedia, dan hanya berjarak tidak jauh dari titik yg tersedia, driver minta tambahan 14000, dari 26000 ke 40000. saya rasa tambahan segitu dengan jarak yg tidak jauh itu tidak sesuai, makanya tolong diperbaiki lagi jangkauan map nya, buruk banget playanan kyk gini. driver sebelumnya aja cuma minta tambah 2000, lha ini 14000, payah",tolong untuk jangkauan map diperluas lagi hari ini saya naik grab gara gara titik tujuan tidak tersedia dan hanya berjarak tidak jauh dari titik yg tersedia driver minta tambahan 14000 dari 26000 ke 40000 saya rasa tambahan segitu dengan jarak yg tidak jauh itu tidak sesuai makanya tolong diperbaiki lagi jangkauan map nya buruk banget playanan kyk gini driver sebelumnya aja cuma minta tambah 2000 lha ini 14000 payah,3,neutral,grab,com.grabtaxi.passenger,google_play
2026-03-24 13:16:38,ERWIN PROGRESIF OFFICIAL,"Dulu aplikasi sebelah, sekarang lebih banyak menggunakan layanan ini, pertahankan layanan ya?",dulu aplikasi sebelah sekarang lebih banyak menggunakan layanan ini pertahankan layanan ya,3,neutral,grab,com.grabtaxi.passenger,google_play
2026-03-24 12:58:22,Momon Lukman hakim,"berapa kali pesan tiba-tiba batal mulu, banyak yg pilih pilih tujuanya kalau murah dikit pada ga mau. mending di gojek langsung dapet.",berapa kali pesan tiba tiba batal mulu banyak yg pilih pilih tujuanya kalau murah dikit pada ga mau mending di gojek langsung dapet,3,neutral,grab,com.grabtaxi.passenger,google_play
2026-03-24 12:50:31,nuri,Rata rata pelayanan nya bagus.,rata rata pelayanan nya bagus,3,neutral,grab,com.grabtaxi.passenger,google_play
